{
"type": "FeatureCollection",
"name": "cities",
"crs": { "type": "name", "properties": { "name": "urn:ogc:def:crs:OGC:1.3:CRS84" } },
"features": [
{ "type": "Feature", "properties": { "display_name": "Barcelona, Barcelonès, Barcelona, Catalonia, Spain" }, "geometry": { "type": "MultiPolygon", "coordinates": [ [ [ [ 2.0524977, 41.4241586 ], [ 2.0525988, 41.423767 ], [ 2.0532286, 41.4235592 ], [ 2.0539385, 41.4228437 ], [ 2.0544203, 41.4227325 ], [ 2.0546833, 41.4224238 ], [ 2.0552605, 41.4223083 ], [ 2.0558482, 41.4220213 ], [ 2.0561954, 41.4217179 ], [ 2.0564178, 41.421348 ], [ 2.0564754, 41.4210123 ], [ 2.0563886, 41.4205119 ], [ 2.0568659, 41.4191134 ], [ 2.0572063, 41.4184141 ], [ 2.0568226, 41.4167114 ], [ 2.0568524, 41.4158638 ], [ 2.0566014, 41.4157128 ], [ 2.0562082, 41.4155771 ], [ 2.0561437, 41.4154605 ], [ 2.0559994, 41.4151991 ], [ 2.055623, 41.4149726 ], [ 2.0552726, 41.4144659 ], [ 2.0547371, 41.4140393 ], [ 2.0552181, 41.4120734 ], [ 2.0556818, 41.4114227 ], [ 2.0562401, 41.4107589 ], [ 2.056562, 41.4105916 ], [ 2.057024, 41.4105353 ], [ 2.0576234, 41.4105538 ], [ 2.0587752, 41.4109082 ], [ 2.059065, 41.4121739 ], [ 2.059006, 41.4123386 ], [ 2.0585081, 41.4128557 ], [ 2.0590816, 41.4128484 ], [ 2.0605245, 41.4126407 ], [ 2.0609928, 41.4126651 ], [ 2.0614618, 41.4128515 ], [ 2.0619762, 41.4136211 ], [ 2.0626226, 41.4136286 ], [ 2.0636182, 41.4135126 ], [ 2.0639861, 41.4140906 ], [ 2.0646392, 41.4154123 ], [ 2.0649601, 41.4163075 ], [ 2.0647883, 41.4167112 ], [ 2.0646226, 41.4173487 ], [ 2.0640601, 41.4181118 ], [ 2.064471, 41.4180127 ], [ 2.0648796, 41.4180165 ], [ 2.0657966, 41.4180644 ], [ 2.0675687, 41.418164 ], [ 2.0685243, 41.4184549 ], [ 2.0702891, 41.4183859 ], [ 2.0708402, 41.4185506 ], [ 2.0701431, 41.4194278 ], [ 2.0700525, 41.420107 ], [ 2.0701113, 41.4208607 ], [ 2.0698286, 41.4215304 ], [ 2.069757, 41.422605 ], [ 2.0692933, 41.4234088 ], [ 2.0695358, 41.4242174 ], [ 2.0695911, 41.4250792 ], [ 2.0679199, 41.4260444 ], [ 2.0673582, 41.4262043 ], [ 2.0668385, 41.4264433 ], [ 2.0667444, 41.4273838 ], [ 2.0667822, 41.4275622 ], [ 2.0677925, 41.4288591 ], [ 2.0675827, 41.4295436 ], [ 2.0664887, 41.429781 ], [ 2.0660973, 41.4299783 ], [ 2.0657691, 41.4300648 ], [ 2.0643757, 41.4299913 ], [ 2.0634763, 41.4311924 ], [ 2.0632657, 41.4323271 ], [ 2.0634305, 41.4324459 ], [ 2.0635271, 41.4330719 ], [ 2.0630572, 41.4330296 ], [ 2.0631181, 41.4335041 ], [ 2.0626777, 41.4333794 ], [ 2.0623411, 41.4333583 ], [ 2.0618916, 41.4334231 ], [ 2.0612694, 41.4337297 ], [ 2.0602636, 41.4340261 ], [ 2.0596049, 41.4346314 ], [ 2.0594434, 41.4351941 ], [ 2.0578575, 41.4358519 ], [ 2.057511, 41.4358582 ], [ 2.0573829, 41.4352876 ], [ 2.0574167, 41.4347999 ], [ 2.0577626, 41.4344786 ], [ 2.0578549, 41.433052 ], [ 2.0583875, 41.4319031 ], [ 2.058691, 41.4304221 ], [ 2.0586458, 41.4292267 ], [ 2.0584321, 41.4284798 ], [ 2.0578483, 41.4274342 ], [ 2.0578463, 41.4271011 ], [ 2.0579748, 41.4264472 ], [ 2.056572, 41.4254827 ], [ 2.0559333, 41.4251147 ], [ 2.054019, 41.4249559 ], [ 2.0532246, 41.4247388 ], [ 2.0524977, 41.4241586 ] ] ], [ [ [ 2.0699404, 41.4071652 ], [ 2.0706535, 41.4061883 ], [ 2.0717774, 41.4045001 ], [ 2.072182, 41.4037079 ], [ 2.0724435, 41.4035343 ], [ 2.0729763, 41.4034657 ], [ 2.0736338, 41.4036167 ], [ 2.0738686, 41.4035613 ], [ 2.0743874, 41.4033133 ], [ 2.074841, 41.4029961 ], [ 2.0759695, 41.4033603 ], [ 2.0775692, 41.4031725 ], [ 2.0778699, 41.4030421 ], [ 2.0784054, 41.4031625 ], [ 2.0785407, 41.4032836 ], [ 2.0789325, 41.4036343 ], [ 2.0794898, 41.4043389 ], [ 2.0797555, 41.4045253 ], [ 2.0801459, 41.4053903 ], [ 2.0802279, 41.4058278 ], [ 2.0804228, 41.4061793 ], [ 2.0815108, 41.4067884 ], [ 2.0817673, 41.4068581 ], [ 2.0832527, 41.4083596 ], [ 2.0835592, 41.4086694 ], [ 2.0839063, 41.4094373 ], [ 2.0858075, 41.4097402 ], [ 2.0862821, 41.4096921 ], [ 2.0879337, 41.4089436 ], [ 2.088988, 41.4086628 ], [ 2.0897697, 41.4085651 ], [ 2.0901343, 41.4086323 ], [ 2.0906271, 41.4084708 ], [ 2.0918594, 41.4083733 ], [ 2.0945905, 41.407973 ], [ 2.0956611, 41.4080515 ], [ 2.0961623, 41.4081913 ], [ 2.0966146, 41.4084683 ], [ 2.0968585, 41.4085295 ], [ 2.0972596, 41.4087638 ], [ 2.098565, 41.4089399 ], [ 2.0986341, 41.4089302 ], [ 2.0988489, 41.4089002 ], [ 2.1001029, 41.4084213 ], [ 2.1006805, 41.4080085 ], [ 2.1009881, 41.4076617 ], [ 2.1014324, 41.4069217 ], [ 2.1015378, 41.4055215 ], [ 2.1016982, 41.4052803 ], [ 2.1031666, 41.4046388 ], [ 2.1036102, 41.4041959 ], [ 2.1037384, 41.403848 ], [ 2.1037164, 41.4032638 ], [ 2.1029066, 41.4011406 ], [ 2.102467, 41.3999882 ], [ 2.1021865, 41.3996135 ], [ 2.1008649, 41.3987719 ], [ 2.100595, 41.3985318 ], [ 2.1000493, 41.3970615 ], [ 2.0985271, 41.3950314 ], [ 2.0978182, 41.3937665 ], [ 2.0981335, 41.3933653 ], [ 2.0983989, 41.3931507 ], [ 2.0993703, 41.392365 ], [ 2.0996239, 41.3920926 ], [ 2.100181, 41.3891328 ], [ 2.1002826, 41.3887501 ], [ 2.1007141, 41.3881547 ], [ 2.1011247, 41.3879024 ], [ 2.1016867, 41.3877514 ], [ 2.1022793, 41.3860556 ], [ 2.1027659, 41.3856408 ], [ 2.1027495, 41.3855755 ], [ 2.1028015, 41.3855213 ], [ 2.1028922, 41.3854931 ], [ 2.102938, 41.3853997 ], [ 2.1029824, 41.3853192 ], [ 2.1029899, 41.3853053 ], [ 2.1030845, 41.3851305 ], [ 2.1030987, 41.3851043 ], [ 2.103114, 41.3850759 ], [ 2.1031356, 41.3850362 ], [ 2.1031626, 41.3849862 ], [ 2.1031651, 41.3849816 ], [ 2.103178, 41.3849578 ], [ 2.1032657, 41.3847957 ], [ 2.1033089, 41.3847161 ], [ 2.1033375, 41.3846631 ], [ 2.1033829, 41.3845794 ], [ 2.1033773, 41.3845725 ], [ 2.1033294, 41.3845651 ], [ 2.1033975, 41.3844398 ], [ 2.1031353, 41.3841919 ], [ 2.1028352, 41.3839002 ], [ 2.1027577, 41.3838288 ], [ 2.1026813, 41.3837658 ], [ 2.1025977, 41.3837103 ], [ 2.1025166, 41.3836645 ], [ 2.1024548, 41.3836376 ], [ 2.1023815, 41.383613 ], [ 2.1024507, 41.3834949 ], [ 2.1024274, 41.3834201 ], [ 2.1023419, 41.3833744 ], [ 2.1022018, 41.3833129 ], [ 2.1021422, 41.3832733 ], [ 2.1019219, 41.3831789 ], [ 2.1016776, 41.3830793 ], [ 2.1012772, 41.3829386 ], [ 2.1016914, 41.3818732 ], [ 2.1017309, 41.3817732 ], [ 2.1022824, 41.381218 ], [ 2.1024791, 41.3810191 ], [ 2.102485, 41.3807546 ], [ 2.102532, 41.3806733 ], [ 2.1028258, 41.380279 ], [ 2.1030283, 41.3802905 ], [ 2.1031775, 41.3802909 ], [ 2.1033545, 41.3802627 ], [ 2.1035153, 41.3802219 ], [ 2.1036577, 41.3801761 ], [ 2.1037956, 41.3801133 ], [ 2.1039853, 41.3799955 ], [ 2.1043655, 41.3797197 ], [ 2.1047601, 41.3794305 ], [ 2.1050741, 41.3794477 ], [ 2.1055452, 41.3794543 ], [ 2.1056615, 41.3794463 ], [ 2.1057262, 41.3794188 ], [ 2.105792, 41.3793576 ], [ 2.1058513, 41.3792756 ], [ 2.1059941, 41.3791603 ], [ 2.1060431, 41.3791086 ], [ 2.106192, 41.379097 ], [ 2.1062739, 41.3789687 ], [ 2.1063859, 41.3788923 ], [ 2.106512, 41.3788352 ], [ 2.1066411, 41.3788793 ], [ 2.1068555, 41.3788154 ], [ 2.1069227, 41.3787637 ], [ 2.1071133, 41.3785443 ], [ 2.1074155, 41.3784368 ], [ 2.1075432, 41.3783924 ], [ 2.1077359, 41.3783252 ], [ 2.1077447, 41.3782004 ], [ 2.1077767, 41.3781581 ], [ 2.1078903, 41.3781183 ], [ 2.1081215, 41.3780644 ], [ 2.10943, 41.3768277 ], [ 2.1095536, 41.3759593 ], [ 2.1112778, 41.3759061 ], [ 2.1112954, 41.3759053 ], [ 2.1113268, 41.3759047 ], [ 2.1114883, 41.3759015 ], [ 2.1115871, 41.3758993 ], [ 2.1116741, 41.3758965 ], [ 2.1119796, 41.3758906 ], [ 2.1120188, 41.3758899 ], [ 2.1121748, 41.3758865 ], [ 2.112215, 41.3758856 ], [ 2.1122771, 41.3758842 ], [ 2.1123186, 41.3758833 ], [ 2.1124684, 41.3758802 ], [ 2.112674, 41.3758759 ], [ 2.1127046, 41.3758753 ], [ 2.1128021, 41.3758732 ], [ 2.1130807, 41.3758679 ], [ 2.1132645, 41.3758644 ], [ 2.1133174, 41.3758634 ], [ 2.1133522, 41.3758627 ], [ 2.1133925, 41.375862 ], [ 2.1135654, 41.3758599 ], [ 2.1136862, 41.3758577 ], [ 2.113781, 41.3758551 ], [ 2.1138935, 41.3758532 ], [ 2.114055, 41.3758523 ], [ 2.114126, 41.3758501 ], [ 2.1143048, 41.3758446 ], [ 2.1143324, 41.3758437 ], [ 2.1143739, 41.3758426 ], [ 2.114449, 41.3758406 ], [ 2.1145986, 41.3758367 ], [ 2.1146512, 41.3758353 ], [ 2.1149223, 41.3758283 ], [ 2.114956, 41.3758274 ], [ 2.1149907, 41.3758266 ], [ 2.1149993, 41.3758265 ], [ 2.1151967, 41.3758228 ], [ 2.1154121, 41.3758187 ], [ 2.1157146, 41.3758137 ], [ 2.1157672, 41.3758128 ], [ 2.1158135, 41.3758113 ], [ 2.1159172, 41.3758106 ], [ 2.1159983, 41.3758089 ], [ 2.1162212, 41.3758042 ], [ 2.1163378, 41.3758018 ], [ 2.1164342, 41.3757998 ], [ 2.1165662, 41.3757979 ], [ 2.1166071, 41.3757973 ], [ 2.1170953, 41.3757901 ], [ 2.1171245, 41.3757897 ], [ 2.1171522, 41.3757893 ], [ 2.1173406, 41.3757866 ], [ 2.1174512, 41.3757853 ], [ 2.1175008, 41.3757838 ], [ 2.1175638, 41.3757832 ], [ 2.1178199, 41.3758284 ], [ 2.1180097, 41.375882 ], [ 2.11803, 41.3758994 ], [ 2.1181217, 41.3759533 ], [ 2.1186794, 41.3762785 ], [ 2.1186963, 41.3762903 ], [ 2.1187306, 41.3763075 ], [ 2.1188741, 41.3763944 ], [ 2.1191394, 41.3765537 ], [ 2.1192563, 41.376624 ], [ 2.1195732, 41.3768148 ], [ 2.1196291, 41.3768484 ], [ 2.1197163, 41.3769008 ], [ 2.1198312, 41.3769655 ], [ 2.1198626, 41.3769832 ], [ 2.1199015, 41.3770052 ], [ 2.1202367, 41.3772043 ], [ 2.1205348, 41.3773845 ], [ 2.1211033, 41.3777127 ], [ 2.121127, 41.377726 ], [ 2.1211698, 41.3777549 ], [ 2.1213243, 41.3778967 ], [ 2.1213963, 41.3779436 ], [ 2.1215314, 41.3776695 ], [ 2.1216407, 41.3774005 ], [ 2.1216448, 41.3769746 ], [ 2.1216334, 41.3766536 ], [ 2.1216193, 41.3761026 ], [ 2.121743, 41.3757593 ], [ 2.1217539, 41.3757257 ], [ 2.1217654, 41.3756783 ], [ 2.1217821, 41.3755987 ], [ 2.1218031, 41.3755715 ], [ 2.1219067, 41.3755055 ], [ 2.1220181, 41.375431 ], [ 2.1220553, 41.3754084 ], [ 2.1222406, 41.375308 ], [ 2.1222889, 41.3752835 ], [ 2.1223595, 41.3752509 ], [ 2.1224236, 41.3752259 ], [ 2.1224702, 41.3752115 ], [ 2.1225266, 41.3751936 ], [ 2.1225732, 41.375176 ], [ 2.1226268, 41.37515 ], [ 2.1228118, 41.3750589 ], [ 2.1229237, 41.3750069 ], [ 2.1230373, 41.3749526 ], [ 2.1230737, 41.3749372 ], [ 2.1231552, 41.3748938 ], [ 2.1232299, 41.3748543 ], [ 2.1232589, 41.3748347 ], [ 2.1232973, 41.374801 ], [ 2.1234495, 41.3746599 ], [ 2.1235321, 41.3745842 ], [ 2.1235514, 41.3745666 ], [ 2.1235743, 41.3745419 ], [ 2.1236811, 41.3744303 ], [ 2.1237418, 41.3743637 ], [ 2.1237927, 41.3742982 ], [ 2.1238223, 41.3742582 ], [ 2.1238377, 41.3742373 ], [ 2.1238666, 41.3741959 ], [ 2.1238973, 41.3741418 ], [ 2.1239098, 41.3741205 ], [ 2.1239663, 41.3740236 ], [ 2.1242037, 41.373617 ], [ 2.1242498, 41.3735552 ], [ 2.1242839, 41.3735331 ], [ 2.1243596, 41.3734921 ], [ 2.1245139, 41.3734115 ], [ 2.1248394, 41.3732416 ], [ 2.1248672, 41.3732271 ], [ 2.124937, 41.373193 ], [ 2.1250794, 41.3731162 ], [ 2.1251898, 41.373053 ], [ 2.1252108, 41.3730401 ], [ 2.1254275, 41.3729073 ], [ 2.1256784, 41.3727355 ], [ 2.1257544, 41.372685 ], [ 2.1257907, 41.3726604 ], [ 2.1259216, 41.3725719 ], [ 2.125965, 41.3725425 ], [ 2.1261127, 41.3724456 ], [ 2.12615, 41.3724212 ], [ 2.1262527, 41.3723427 ], [ 2.1264335, 41.3722044 ], [ 2.126484, 41.3721659 ], [ 2.1265434, 41.372126 ], [ 2.1267356, 41.3720104 ], [ 2.1267967, 41.3719716 ], [ 2.1269163, 41.3718956 ], [ 2.1272692, 41.3716517 ], [ 2.127297, 41.3716325 ], [ 2.1273594, 41.3715914 ], [ 2.1274333, 41.3715485 ], [ 2.1274753, 41.3715262 ], [ 2.127789, 41.3713519 ], [ 2.1279465, 41.3712681 ], [ 2.1280109, 41.371238 ], [ 2.1281834, 41.3711785 ], [ 2.1284281, 41.3710941 ], [ 2.1284597, 41.3710832 ], [ 2.128537, 41.3710566 ], [ 2.1285819, 41.3710386 ], [ 2.1287186, 41.370966 ], [ 2.1288286, 41.3709082 ], [ 2.1292141, 41.3707066 ], [ 2.1292587, 41.3706779 ], [ 2.1293396, 41.3706099 ], [ 2.1293871, 41.3705717 ], [ 2.1294272, 41.3705355 ], [ 2.12992, 41.3701339 ], [ 2.1299554, 41.3701062 ], [ 2.1300027, 41.3700726 ], [ 2.1300664, 41.3700289 ], [ 2.1300793, 41.3700196 ], [ 2.1300922, 41.3700099 ], [ 2.1301408, 41.3699755 ], [ 2.1301747, 41.3699507 ], [ 2.1302105, 41.3699224 ], [ 2.1302483, 41.3698901 ], [ 2.13028, 41.3698635 ], [ 2.1303103, 41.369838 ], [ 2.1303374, 41.3698115 ], [ 2.1303486, 41.3698026 ], [ 2.1303611, 41.3697888 ], [ 2.1304477, 41.3696925 ], [ 2.1304665, 41.3696725 ], [ 2.1305695, 41.3695589 ], [ 2.1306248, 41.3694979 ], [ 2.1306834, 41.369419 ], [ 2.1307393, 41.3693459 ], [ 2.1307532, 41.3693272 ], [ 2.1308294, 41.369228 ], [ 2.1308754, 41.3691638 ], [ 2.1312053, 41.3686774 ], [ 2.1312686, 41.3685806 ], [ 2.1314045, 41.368363 ], [ 2.1314272, 41.3683267 ], [ 2.1314939, 41.3682106 ], [ 2.1315647, 41.368065 ], [ 2.1315765, 41.3680404 ], [ 2.1316488, 41.3678894 ], [ 2.1316979, 41.3677758 ], [ 2.1318672, 41.3672862 ], [ 2.1318853, 41.3672409 ], [ 2.1319684, 41.3669748 ], [ 2.1319749, 41.366954 ], [ 2.1319842, 41.3669243 ], [ 2.1320559, 41.3667529 ], [ 2.1321307, 41.3666447 ], [ 2.1321518, 41.3666141 ], [ 2.132195, 41.3665457 ], [ 2.1322135, 41.3665188 ], [ 2.1323204, 41.3663633 ], [ 2.1323529, 41.3663131 ], [ 2.1323639, 41.3662962 ], [ 2.1327722, 41.365714 ], [ 2.1327869, 41.3656929 ], [ 2.132896, 41.3655374 ], [ 2.1329784, 41.364365 ], [ 2.1336021, 41.363762 ], [ 2.1337999, 41.3635707 ], [ 2.1351242, 41.3625694 ], [ 2.1354267, 41.3622557 ], [ 2.1353262, 41.3620886 ], [ 2.1350947, 41.3616822 ], [ 2.1349514, 41.361448 ], [ 2.1348602, 41.3613334 ], [ 2.1347637, 41.3612246 ], [ 2.1345117, 41.3609771 ], [ 2.1339548, 41.3606045 ], [ 2.1335089, 41.3601335 ], [ 2.1335041, 41.3600408 ], [ 2.1333635, 41.3599482 ], [ 2.1332963, 41.3596768 ], [ 2.133201, 41.3586476 ], [ 2.1332156, 41.3578001 ], [ 2.1331473, 41.3572532 ], [ 2.1330177, 41.3563307 ], [ 2.1327317, 41.3558849 ], [ 2.1325486, 41.3557937 ], [ 2.1320003, 41.3555787 ], [ 2.1339658, 41.3532007 ], [ 2.1374024, 41.3488503 ], [ 2.1368394, 41.348325 ], [ 2.1389866, 41.3467726 ], [ 2.1307468, 41.344179 ], [ 2.1179226, 41.3406943 ], [ 2.1120499, 41.3385972 ], [ 2.1029193, 41.3353411 ], [ 2.1023932, 41.3351454 ], [ 2.1024791, 41.3351067 ], [ 2.1036884, 41.3346063 ], [ 2.1045132, 41.3340024 ], [ 2.1052391, 41.3333579 ], [ 2.107977, 41.3311023 ], [ 2.1084607, 41.3305677 ], [ 2.1091473, 41.3295738 ], [ 2.1100491, 41.3284148 ], [ 2.1114912, 41.3265615 ], [ 2.1119118, 41.3261376 ], [ 2.1125096, 41.3256879 ], [ 2.1144007, 41.3246159 ], [ 2.1148538, 41.324359 ], [ 2.1160431, 41.3238379 ], [ 2.1188194, 41.3228408 ], [ 2.1269719, 41.3212616 ], [ 2.1299505, 41.3208674 ], [ 2.1309859, 41.3208212 ], [ 2.1328285, 41.3208648 ], [ 2.138421, 41.3212088 ], [ 2.1392541, 41.3211715 ], [ 2.144551, 41.3204931 ], [ 2.1459256, 41.3202064 ], [ 2.1468454, 41.3200571 ], [ 2.1474264, 41.3200041 ], [ 2.1480012, 41.3200233 ], [ 2.1484514, 41.3201292 ], [ 2.148838, 41.3203369 ], [ 2.1504164, 41.3215715 ], [ 2.1508142, 41.3217698 ], [ 2.1514501, 41.3217336 ], [ 2.1520968, 41.3216877 ], [ 2.1520686, 41.321768 ], [ 2.1521754, 41.3218031 ], [ 2.1524041, 41.3218199 ], [ 2.1525963, 41.3220009 ], [ 2.1525949, 41.3221268 ], [ 2.1524698, 41.3222857 ], [ 2.1524315, 41.322398 ], [ 2.1525672, 41.3225436 ], [ 2.1526817, 41.3227699 ], [ 2.1526729, 41.3228701 ], [ 2.1526262, 41.3229481 ], [ 2.1525548, 41.3229819 ], [ 2.1524721, 41.3229802 ], [ 2.1524081, 41.3229349 ], [ 2.1523875, 41.3228849 ], [ 2.152451, 41.3227496 ], [ 2.1524354, 41.3226622 ], [ 2.1522144, 41.3225779 ], [ 2.1520765, 41.3226528 ], [ 2.1520146, 41.3227272 ], [ 2.1520542, 41.3227857 ], [ 2.1521613, 41.3228866 ], [ 2.1523008, 41.3230236 ], [ 2.1523693, 41.3231455 ], [ 2.1523921, 41.3232574 ], [ 2.1525494, 41.3235069 ], [ 2.1528875, 41.3243971 ], [ 2.1537745, 41.3271797 ], [ 2.1538861, 41.3275012 ], [ 2.1538251, 41.3275226 ], [ 2.1538708, 41.327594 ], [ 2.153922, 41.3275748 ], [ 2.1539693, 41.327683 ], [ 2.1541064, 41.3276488 ], [ 2.1541589, 41.3276177 ], [ 2.1541861, 41.3276006 ], [ 2.1542088, 41.327598 ], [ 2.1542331, 41.3275389 ], [ 2.1542385, 41.327485 ], [ 2.1541925, 41.3274266 ], [ 2.1540625, 41.3273087 ], [ 2.154053, 41.3272695 ], [ 2.154093, 41.3272465 ], [ 2.1541303, 41.3272566 ], [ 2.1541612, 41.3272429 ], [ 2.1541818, 41.3272163 ], [ 2.1542002, 41.3272148 ], [ 2.1542059, 41.3272196 ], [ 2.1542292, 41.3272183 ], [ 2.1542392, 41.3272116 ], [ 2.1543331, 41.3272509 ], [ 2.1543733, 41.3273251 ], [ 2.1544202, 41.3273488 ], [ 2.1544235, 41.3274062 ], [ 2.1544758, 41.3274579 ], [ 2.154488, 41.3275293 ], [ 2.1544649, 41.3275569 ], [ 2.1544504, 41.327648 ], [ 2.1544093, 41.3277175 ], [ 2.1543657, 41.3277338 ], [ 2.1542668, 41.3278198 ], [ 2.1542616, 41.3278448 ], [ 2.154324, 41.3278565 ], [ 2.1588679, 41.3278257 ], [ 2.1589644, 41.3277675 ], [ 2.1588811, 41.3275501 ], [ 2.1588225, 41.3275289 ], [ 2.1587317, 41.3273499 ], [ 2.1587726, 41.3271882 ], [ 2.1589076, 41.3271199 ], [ 2.159123, 41.3271493 ], [ 2.1592481, 41.3273031 ], [ 2.160519, 41.330136 ], [ 2.1639414, 41.3380183 ], [ 2.1648615, 41.3378699 ], [ 2.1648767, 41.3379122 ], [ 2.165099, 41.3378768 ], [ 2.1650229, 41.3376132 ], [ 2.1650369, 41.3376104 ], [ 2.1651785, 41.3375876 ], [ 2.1653892, 41.3383132 ], [ 2.1652502, 41.3383365 ], [ 2.1652353, 41.3383393 ], [ 2.1651538, 41.3380726 ], [ 2.1649245, 41.3381087 ], [ 2.1649149, 41.3381603 ], [ 2.1640708, 41.3383162 ], [ 2.164913, 41.3402558 ], [ 2.1650058, 41.3402978 ], [ 2.1651089, 41.3405642 ], [ 2.1653475, 41.3411915 ], [ 2.1661099, 41.3410625 ], [ 2.1661898, 41.3410797 ], [ 2.1662391, 41.3411711 ], [ 2.1662429, 41.3412812 ], [ 2.1661811, 41.3413321 ], [ 2.1659464, 41.3413583 ], [ 2.1658681, 41.3413191 ], [ 2.1650855, 41.3414322 ], [ 2.164969, 41.3414908 ], [ 2.1648227, 41.3415135 ], [ 2.1642424, 41.3415426 ], [ 2.163607, 41.3416703 ], [ 2.1636688, 41.3418775 ], [ 2.1638877, 41.3418426 ], [ 2.1639626, 41.3418775 ], [ 2.1640649, 41.3421284 ], [ 2.1642105, 41.3421052 ], [ 2.1642229, 41.3421516 ], [ 2.1642452, 41.3422354 ], [ 2.1625231, 41.3425087 ], [ 2.1624983, 41.3424055 ], [ 2.1624923, 41.3423803 ], [ 2.162644, 41.342358 ], [ 2.1625944, 41.3421199 ], [ 2.1625903, 41.3420768 ], [ 2.1626292, 41.3420391 ], [ 2.1627522, 41.3420145 ], [ 2.1628556, 41.341995 ], [ 2.162801, 41.3417935 ], [ 2.1620697, 41.3419391 ], [ 2.1618289, 41.3419552 ], [ 2.1614938, 41.342046 ], [ 2.1613801, 41.3420329 ], [ 2.1610265, 41.3420969 ], [ 2.1611628, 41.3424761 ], [ 2.1611896, 41.3425881 ], [ 2.1611152, 41.3426169 ], [ 2.159476, 41.3432511 ], [ 2.1594648, 41.3432285 ], [ 2.1593101, 41.343267 ], [ 2.159266, 41.3432631 ], [ 2.1591554, 41.3431946 ], [ 2.159141, 41.3432046 ], [ 2.158475, 41.3427797 ], [ 2.1584176, 41.34273 ], [ 2.1583179, 41.3425725 ], [ 2.1582485, 41.342563 ], [ 2.158063, 41.3425838 ], [ 2.1579154, 41.3425897 ], [ 2.1570975, 41.3422273 ], [ 2.1570542, 41.3422787 ], [ 2.1571577, 41.3423216 ], [ 2.1570935, 41.3424047 ], [ 2.1568435, 41.342293 ], [ 2.1569102, 41.3422135 ], [ 2.1569959, 41.3422528 ], [ 2.157034, 41.3421983 ], [ 2.1562926, 41.3418602 ], [ 2.1556394, 41.3408558 ], [ 2.1554954, 41.3409035 ], [ 2.1555188, 41.3409454 ], [ 2.1554457, 41.3409695 ], [ 2.1553945, 41.3409881 ], [ 2.155343, 41.3409025 ], [ 2.1553537, 41.340898 ], [ 2.1553406, 41.3408768 ], [ 2.1552895, 41.3407879 ], [ 2.1553267, 41.3407745 ], [ 2.1554021, 41.3407494 ], [ 2.1554525, 41.3408316 ], [ 2.1555942, 41.3407734 ], [ 2.1550616, 41.3398721 ], [ 2.1548283, 41.3395129 ], [ 2.1547497, 41.3395397 ], [ 2.1548163, 41.3396559 ], [ 2.1546283, 41.3397202 ], [ 2.1543738, 41.3392992 ], [ 2.1545599, 41.3392391 ], [ 2.1546282, 41.3393441 ], [ 2.1546948, 41.3393218 ], [ 2.1545032, 41.3390626 ], [ 2.1544258, 41.3390599 ], [ 2.1543675, 41.3390251 ], [ 2.1542378, 41.3390716 ], [ 2.1542699, 41.3391154 ], [ 2.1541616, 41.3391493 ], [ 2.1540723, 41.3390144 ], [ 2.1541145, 41.3389999 ], [ 2.1541842, 41.3389759 ], [ 2.1542092, 41.3390161 ], [ 2.1543401, 41.3389706 ], [ 2.1543377, 41.3389312 ], [ 2.1544139, 41.3388785 ], [ 2.1537687, 41.3378059 ], [ 2.1536915, 41.3378401 ], [ 2.1536577, 41.3378384 ], [ 2.1536332, 41.3378043 ], [ 2.1534841, 41.3378515 ], [ 2.1535085, 41.3378926 ], [ 2.153399, 41.3379294 ], [ 2.1533151, 41.3377877 ], [ 2.1534246, 41.3377535 ], [ 2.1534468, 41.3377877 ], [ 2.1535854, 41.337736 ], [ 2.1535808, 41.3377063 ], [ 2.1536858, 41.337652 ], [ 2.1529397, 41.3364445 ], [ 2.1528994, 41.3364266 ], [ 2.1527995, 41.3364321 ], [ 2.1527772, 41.3364179 ], [ 2.152633, 41.3364648 ], [ 2.1526531, 41.3365037 ], [ 2.1525482, 41.3365388 ], [ 2.1524603, 41.3363984 ], [ 2.1525789, 41.3363615 ], [ 2.1525983, 41.3363958 ], [ 2.1527363, 41.3363461 ], [ 2.1527284, 41.3363127 ], [ 2.1527968, 41.3362819 ], [ 2.1528276, 41.3362485 ], [ 2.1526624, 41.3359814 ], [ 2.1520728, 41.3350405 ], [ 2.1519808, 41.3350532 ], [ 2.1519328, 41.335028 ], [ 2.1517765, 41.3350783 ], [ 2.1517955, 41.3351152 ], [ 2.1516861, 41.3351537 ], [ 2.1516024, 41.3350138 ], [ 2.1517162, 41.3349786 ], [ 2.1517374, 41.3350171 ], [ 2.1518814, 41.3349702 ], [ 2.151877, 41.3349274 ], [ 2.1519651, 41.3349073 ], [ 2.1519708, 41.3348711 ], [ 2.1512568, 41.333732 ], [ 2.1511672, 41.333755 ], [ 2.151129, 41.3337271 ], [ 2.1509771, 41.3337771 ], [ 2.1510153, 41.3338403 ], [ 2.1509006, 41.333878 ], [ 2.1507782, 41.3336893 ], [ 2.150894, 41.3336516 ], [ 2.1509323, 41.3337098 ], [ 2.1510699, 41.3336647 ], [ 2.1510721, 41.3336262 ], [ 2.151165, 41.3335778 ], [ 2.1507738, 41.3329723 ], [ 2.1505276, 41.3325521 ], [ 2.1504897, 41.3325146 ], [ 2.1504035, 41.3324851 ], [ 2.1503521, 41.3324647 ], [ 2.1501978, 41.3325158 ], [ 2.1502258, 41.3325635 ], [ 2.150123, 41.3326021 ], [ 2.1500065, 41.3324204 ], [ 2.1501088, 41.332384 ], [ 2.1501595, 41.3324607 ], [ 2.1503086, 41.3324092 ], [ 2.1502931, 41.3323636 ], [ 2.1503691, 41.332285 ], [ 2.1500807, 41.3318091 ], [ 2.1500336, 41.3317978 ], [ 2.149745, 41.331325 ], [ 2.1496412, 41.3312864 ], [ 2.149471, 41.3313467 ], [ 2.1495027, 41.3313987 ], [ 2.1494002, 41.3314346 ], [ 2.1491768, 41.3310735 ], [ 2.1492806, 41.3310372 ], [ 2.1494286, 41.3312774 ], [ 2.1495578, 41.3312238 ], [ 2.1495032, 41.3311274 ], [ 2.1494872, 41.3310615 ], [ 2.1495274, 41.3309569 ], [ 2.1491955, 41.3304511 ], [ 2.1489213, 41.3305488 ], [ 2.1489759, 41.330642 ], [ 2.148916, 41.3306629 ], [ 2.1487909, 41.3304597 ], [ 2.1488529, 41.330438 ], [ 2.1489107, 41.3305304 ], [ 2.1491873, 41.3304336 ], [ 2.1489362, 41.3300004 ], [ 2.1488238, 41.3299727 ], [ 2.148672, 41.3300255 ], [ 2.1459118, 41.3309856 ], [ 2.1460872, 41.33129 ], [ 2.1458539, 41.3313722 ], [ 2.1472837, 41.3336998 ], [ 2.144278, 41.3347455 ], [ 2.144685, 41.3354128 ], [ 2.1453154, 41.3364273 ], [ 2.1456132, 41.336323 ], [ 2.1456274, 41.3363244 ], [ 2.1456111, 41.3365517 ], [ 2.1495568, 41.3366685 ], [ 2.1495681, 41.3366763 ], [ 2.14962, 41.3370498 ], [ 2.1499407, 41.3393576 ], [ 2.1507131, 41.3449165 ], [ 2.1509158, 41.3464852 ], [ 2.1512114, 41.3464582 ], [ 2.1518706, 41.3464088 ], [ 2.1518497, 41.3462582 ], [ 2.1518362, 41.3462583 ], [ 2.1518098, 41.3460692 ], [ 2.1518216, 41.3460683 ], [ 2.1518024, 41.3459114 ], [ 2.1517872, 41.3459125 ], [ 2.1517688, 41.345768 ], [ 2.1517787, 41.3457446 ], [ 2.1517881, 41.3457323 ], [ 2.1517986, 41.3457238 ], [ 2.1518116, 41.3457191 ], [ 2.1518257, 41.3457191 ], [ 2.1518383, 41.3457227 ], [ 2.1518478, 41.3457274 ], [ 2.1518624, 41.3457372 ], [ 2.1518722, 41.3457518 ], [ 2.1518815, 41.3457756 ], [ 2.151901, 41.3459028 ], [ 2.1518867, 41.3459041 ], [ 2.1519094, 41.3460607 ], [ 2.1519238, 41.3460601 ], [ 2.1519491, 41.3462482 ], [ 2.1519355, 41.3462495 ], [ 2.1519563, 41.3464019 ], [ 2.1527381, 41.3463372 ], [ 2.152641, 41.3456281 ], [ 2.1530084, 41.3456005 ], [ 2.1528559, 41.3444937 ], [ 2.153219, 41.3444628 ], [ 2.1530067, 41.3429432 ], [ 2.1531138, 41.3427347 ], [ 2.1533088, 41.3427025 ], [ 2.1576993, 41.3451858 ], [ 2.1576856, 41.3452035 ], [ 2.163239, 41.3483698 ], [ 2.1631425, 41.3484641 ], [ 2.1630611, 41.3484186 ], [ 2.1630328, 41.3484441 ], [ 2.1633454, 41.3486289 ], [ 2.1633808, 41.348635 ], [ 2.1637053, 41.3485162 ], [ 2.1636933, 41.3485014 ], [ 2.1636869, 41.3484851 ], [ 2.1636332, 41.3485037 ], [ 2.1635648, 41.3483951 ], [ 2.1669062, 41.347144 ], [ 2.166981, 41.3472579 ], [ 2.1724229, 41.3555389 ], [ 2.1730497, 41.3565 ], [ 2.1730549, 41.3565153 ], [ 2.1730504, 41.3565263 ], [ 2.1730395, 41.3565352 ], [ 2.1699011, 41.3586476 ], [ 2.1709307, 41.3602517 ], [ 2.1729093, 41.3595178 ], [ 2.17537, 41.3586084 ], [ 2.1754746, 41.3586415 ], [ 2.1767418, 41.3605565 ], [ 2.1761783, 41.3607654 ], [ 2.1761651, 41.3607441 ], [ 2.1737016, 41.3616529 ], [ 2.1738501, 41.3618847 ], [ 2.1734844, 41.3620391 ], [ 2.1737703, 41.3624155 ], [ 2.1759898, 41.3653257 ], [ 2.179276, 41.3641218 ], [ 2.1789923, 41.3636792 ], [ 2.1793213, 41.3635605 ], [ 2.1797706, 41.364267 ], [ 2.1803756, 41.3652184 ], [ 2.1804012, 41.3652593 ], [ 2.1804287, 41.365302 ], [ 2.1804387, 41.3653176 ], [ 2.1804469, 41.3653304 ], [ 2.1807766, 41.3658488 ], [ 2.1798436, 41.366228 ], [ 2.1796905, 41.3659648 ], [ 2.1765255, 41.3671374 ], [ 2.1766905, 41.3674001 ], [ 2.1763939, 41.3674243 ], [ 2.1766824, 41.3693796 ], [ 2.1770407, 41.3693537 ], [ 2.1770733, 41.3695666 ], [ 2.1771087, 41.3698209 ], [ 2.1767492, 41.3698518 ], [ 2.1770716, 41.3719975 ], [ 2.1770929, 41.3721396 ], [ 2.1773815, 41.3721176 ], [ 2.1774677, 41.372162 ], [ 2.1776078, 41.372354 ], [ 2.1777573, 41.3722865 ], [ 2.1820058, 41.3703683 ], [ 2.1820583, 41.3703682 ], [ 2.1821077, 41.3704 ], [ 2.1829288, 41.3714355 ], [ 2.1830472, 41.3715837 ], [ 2.1788929, 41.3734703 ], [ 2.178125, 41.3738194 ], [ 2.178194, 41.3739138 ], [ 2.1782691, 41.3740069 ], [ 2.1779767, 41.374139 ], [ 2.1785144, 41.3748048 ], [ 2.1786272, 41.3749449 ], [ 2.1786634, 41.3749899 ], [ 2.1787562, 41.3751053 ], [ 2.178775, 41.3751288 ], [ 2.178799, 41.3751197 ], [ 2.1790257, 41.3754071 ], [ 2.1790064, 41.3754177 ], [ 2.1790304, 41.3754489 ], [ 2.1791168, 41.375561 ], [ 2.1791694, 41.3756285 ], [ 2.1791933, 41.3756591 ], [ 2.1792657, 41.3757509 ], [ 2.179356, 41.3758653 ], [ 2.1795254, 41.376074 ], [ 2.1804278, 41.3771999 ], [ 2.1823048, 41.3795522 ], [ 2.1825116, 41.3794588 ], [ 2.1827776, 41.3787694 ], [ 2.1832514, 41.3775416 ], [ 2.1829425, 41.3771716 ], [ 2.1824811, 41.3765634 ], [ 2.1824196, 41.3764884 ], [ 2.1821224, 41.37612 ], [ 2.1821043, 41.3760979 ], [ 2.1817981, 41.3757209 ], [ 2.1817898, 41.3757108 ], [ 2.181773, 41.375716 ], [ 2.1817049, 41.3756328 ], [ 2.1816508, 41.3756572 ], [ 2.1815567, 41.3755409 ], [ 2.1816134, 41.3755126 ], [ 2.181491, 41.3753559 ], [ 2.1815827, 41.3750576 ], [ 2.1815977, 41.3750615 ], [ 2.1816066, 41.3750345 ], [ 2.1816534, 41.3748901 ], [ 2.1820909, 41.3746886 ], [ 2.182285, 41.3745988 ], [ 2.1825709, 41.37447 ], [ 2.1829213, 41.3743151 ], [ 2.1830563, 41.3743386 ], [ 2.1841222, 41.3756714 ], [ 2.1849699, 41.3767306 ], [ 2.1852192, 41.3767963 ], [ 2.1851716, 41.3769376 ], [ 2.1850331, 41.3769751 ], [ 2.1836686, 41.3804529 ], [ 2.1836524, 41.3804926 ], [ 2.184664, 41.3807064 ], [ 2.1858668, 41.3801379 ], [ 2.1863622, 41.37992 ], [ 2.186462, 41.3796466 ], [ 2.1866236, 41.3792021 ], [ 2.1872794, 41.3775567 ], [ 2.1864434, 41.3774115 ], [ 2.1864487, 41.377337 ], [ 2.1871975, 41.3772227 ], [ 2.1868954, 41.3760097 ], [ 2.186603, 41.3760497 ], [ 2.1868369, 41.3759065 ], [ 2.1868679, 41.375902 ], [ 2.1868651, 41.3758974 ], [ 2.1867832, 41.3759107 ], [ 2.1865516, 41.3760532 ], [ 2.1865153, 41.3759047 ], [ 2.1868417, 41.3758559 ], [ 2.1868008, 41.3756983 ], [ 2.1867579, 41.3757041 ], [ 2.1867169, 41.3755442 ], [ 2.1864364, 41.3755854 ], [ 2.1863926, 41.3754224 ], [ 2.1861167, 41.3754629 ], [ 2.1860752, 41.3753036 ], [ 2.1858524, 41.3753356 ], [ 2.1858167, 41.375204 ], [ 2.1856184, 41.3752329 ], [ 2.1855852, 41.3751069 ], [ 2.185307, 41.3751469 ], [ 2.1852878, 41.375072 ], [ 2.1850862, 41.3751018 ], [ 2.1850743, 41.3750583 ], [ 2.1850573, 41.3749962 ], [ 2.1853081, 41.3749761 ], [ 2.185285, 41.3749478 ], [ 2.1852724, 41.374921 ], [ 2.1852042, 41.3745016 ], [ 2.1851323, 41.374048 ], [ 2.1850584, 41.3736023 ], [ 2.1849894, 41.3731608 ], [ 2.1849186, 41.3726972 ], [ 2.1849137, 41.3726429 ], [ 2.1855477, 41.3725886 ], [ 2.1856084, 41.3726033 ], [ 2.1856452, 41.3726473 ], [ 2.1859351, 41.374533 ], [ 2.1866613, 41.3748155 ], [ 2.1874892, 41.374557 ], [ 2.1871194, 41.3738747 ], [ 2.1868024, 41.3735599 ], [ 2.1868416, 41.3735379 ], [ 2.1870938, 41.3737848 ], [ 2.1868229, 41.3732856 ], [ 2.1871279, 41.3731922 ], [ 2.1875429, 41.3731555 ], [ 2.1874039, 41.3722793 ], [ 2.1859223, 41.3724059 ], [ 2.185808, 41.3717407 ], [ 2.1847778, 41.3718367 ], [ 2.184705, 41.3714061 ], [ 2.1847415, 41.3713752 ], [ 2.1859995, 41.3712596 ], [ 2.1859675, 41.3710804 ], [ 2.1847126, 41.3711997 ], [ 2.1846658, 41.371174 ], [ 2.1845602, 41.3705333 ], [ 2.184563, 41.3705027 ], [ 2.1845796, 41.3704755 ], [ 2.184604, 41.3704562 ], [ 2.1846355, 41.3704453 ], [ 2.1849647, 41.3704165 ], [ 2.1846249, 41.3686044 ], [ 2.184636, 41.3685783 ], [ 2.1846577, 41.3685557 ], [ 2.1846847, 41.368541 ], [ 2.1847126, 41.3685333 ], [ 2.1851925, 41.3684818 ], [ 2.1851472, 41.3681228 ], [ 2.185244, 41.3681148 ], [ 2.1852482, 41.3681408 ], [ 2.185596, 41.3700744 ], [ 2.1860502, 41.3700263 ], [ 2.185689, 41.3681004 ], [ 2.1856795, 41.3680409 ], [ 2.1859598, 41.3680242 ], [ 2.1859924, 41.3684093 ], [ 2.1858735, 41.3684784 ], [ 2.1861771, 41.3701236 ], [ 2.1871992, 41.3700043 ], [ 2.1868765, 41.3682989 ], [ 2.186973, 41.3682908 ], [ 2.1869455, 41.368169 ], [ 2.186894, 41.3679304 ], [ 2.1868714, 41.3678274 ], [ 2.1867633, 41.3673328 ], [ 2.1866807, 41.3669119 ], [ 2.1854822, 41.365501 ], [ 2.185435, 41.365666 ], [ 2.1854541, 41.3656689 ], [ 2.18545, 41.3656857 ], [ 2.185405, 41.3656787 ], [ 2.1854629, 41.3654755 ], [ 2.1854157, 41.3654194 ], [ 2.1853719, 41.3654399 ], [ 2.1853086, 41.3656538 ], [ 2.1853166, 41.3656556 ], [ 2.1853154, 41.3656618 ], [ 2.185261, 41.3656527 ], [ 2.1852657, 41.3656349 ], [ 2.1852864, 41.3656378 ], [ 2.1853691, 41.3653608 ], [ 2.1853627, 41.36536 ], [ 2.1851363, 41.3656892 ], [ 2.1850925, 41.3657053 ], [ 2.1849766, 41.3656709 ], [ 2.1849342, 41.3656316 ], [ 2.1849304, 41.3655951 ], [ 2.1849339, 41.3652546 ], [ 2.1851391, 41.365294 ], [ 2.185362, 41.3646722 ], [ 2.1855048, 41.3646462 ], [ 2.1859648, 41.3642737 ], [ 2.1861526, 41.3641656 ], [ 2.1865439, 41.3640217 ], [ 2.1866543, 41.364029 ], [ 2.1867136, 41.3641436 ], [ 2.1867241, 41.3641639 ], [ 2.1862021, 41.3643661 ], [ 2.1867787, 41.3653206 ], [ 2.1872925, 41.3661711 ], [ 2.1876619, 41.3667826 ], [ 2.187951, 41.3672613 ], [ 2.1890022, 41.3668718 ], [ 2.1888942, 41.3667027 ], [ 2.1892317, 41.3665742 ], [ 2.1873394, 41.3635744 ], [ 2.1866503, 41.3633849 ], [ 2.1865227, 41.3630571 ], [ 2.1870632, 41.3629389 ], [ 2.1865957, 41.3616801 ], [ 2.1866224, 41.3616249 ], [ 2.1852818, 41.3581115 ], [ 2.185123, 41.3581446 ], [ 2.1850576, 41.3579806 ], [ 2.1850357, 41.3579774 ], [ 2.1846602, 41.3580588 ], [ 2.1845976, 41.3579036 ], [ 2.1853612, 41.3577346 ], [ 2.1868522, 41.3615806 ], [ 2.1870926, 41.3615364 ], [ 2.1877622, 41.3634078 ], [ 2.1918919, 41.369846 ], [ 2.1918626, 41.3699308 ], [ 2.1917647, 41.3699752 ], [ 2.1916517, 41.3700077 ], [ 2.1915263, 41.3699889 ], [ 2.1911299, 41.3693096 ], [ 2.1909334, 41.3693619 ], [ 2.1901772, 41.3695587 ], [ 2.1899154, 41.3697954 ], [ 2.1897254, 41.3700267 ], [ 2.1895921, 41.3702851 ], [ 2.1895045, 41.3704862 ], [ 2.1894634, 41.3706802 ], [ 2.1894285, 41.3711251 ], [ 2.1894804, 41.3715425 ], [ 2.189547, 41.371864 ], [ 2.1896177, 41.3721133 ], [ 2.1897399, 41.372588 ], [ 2.1898354, 41.3728558 ], [ 2.1899507, 41.3732104 ], [ 2.1901071, 41.3735233 ], [ 2.1902989, 41.373907 ], [ 2.1905181, 41.3745871 ], [ 2.1907294, 41.3749931 ], [ 2.1908914, 41.3752473 ], [ 2.1910829, 41.3755885 ], [ 2.1912693, 41.3758482 ], [ 2.1914644, 41.3761332 ], [ 2.1919087, 41.3765297 ], [ 2.1922043, 41.3767452 ], [ 2.1923816, 41.376847 ], [ 2.1924989, 41.3769062 ], [ 2.1925907, 41.3769525 ], [ 2.1928122, 41.3770535 ], [ 2.1929176, 41.3771347 ], [ 2.1929239, 41.3772077 ], [ 2.1928627, 41.3773392 ], [ 2.1928467, 41.3773735 ], [ 2.1927688, 41.377626 ], [ 2.1927507, 41.3779011 ], [ 2.1927732, 41.3782367 ], [ 2.1928639, 41.3786081 ], [ 2.1930306, 41.3790654 ], [ 2.1932509, 41.3794166 ], [ 2.1934219, 41.3796396 ], [ 2.1937411, 41.3800286 ], [ 2.1939829, 41.3802549 ], [ 2.1942241, 41.3804769 ], [ 2.1944635, 41.3806823 ], [ 2.1947008, 41.3808693 ], [ 2.1948974, 41.3809886 ], [ 2.1958569, 41.3806457 ], [ 2.1967387, 41.3803361 ], [ 2.1968167, 41.380458 ], [ 2.1954516, 41.3809742 ], [ 2.1953956, 41.3810432 ], [ 2.1954054, 41.3810701 ], [ 2.1954494, 41.381142 ], [ 2.1955238, 41.3812641 ], [ 2.195579, 41.3813548 ], [ 2.1956462, 41.3814601 ], [ 2.1963208, 41.3812898 ], [ 2.1969719, 41.3810649 ], [ 2.196944, 41.381034 ], [ 2.1969463, 41.3809915 ], [ 2.1970092, 41.3810015 ], [ 2.1970252, 41.3809576 ], [ 2.1971475, 41.3809625 ], [ 2.1972542, 41.3810266 ], [ 2.1973159, 41.3811181 ], [ 2.1972397, 41.3811777 ], [ 2.1972406, 41.3812123 ], [ 2.1971781, 41.3812359 ], [ 2.1970908, 41.3812236 ], [ 2.1969936, 41.381232 ], [ 2.1969777, 41.3812091 ], [ 2.1966516, 41.3813306 ], [ 2.1966037, 41.3813747 ], [ 2.1957375, 41.3816853 ], [ 2.1956919, 41.3816992 ], [ 2.1956462, 41.3817044 ], [ 2.1956048, 41.3816917 ], [ 2.1955659, 41.3816705 ], [ 2.1955491, 41.3816355 ], [ 2.195437, 41.381787 ], [ 2.1954413, 41.3819809 ], [ 2.1954426, 41.3820412 ], [ 2.1955097, 41.3822961 ], [ 2.1955936, 41.3826177 ], [ 2.1956859, 41.3828432 ], [ 2.1959158, 41.3831878 ], [ 2.1963099, 41.3835941 ], [ 2.1966713, 41.3838911 ], [ 2.1971673, 41.3841943 ], [ 2.1974898, 41.3843449 ], [ 2.1978884, 41.3844644 ], [ 2.1981708, 41.384518 ], [ 2.1982317, 41.3843651 ], [ 2.1982757, 41.3843297 ], [ 2.1983197, 41.3843509 ], [ 2.1982355, 41.3846627 ], [ 2.1984871, 41.3847899 ], [ 2.1986076, 41.3850022 ], [ 2.1990444, 41.384675 ], [ 2.1990391, 41.3846707 ], [ 2.1990833, 41.3846373 ], [ 2.1993079, 41.3847408 ], [ 2.1995081, 41.3848488 ], [ 2.1995754, 41.3848888 ], [ 2.199739, 41.3849977 ], [ 2.1999862, 41.3851923 ], [ 2.1999498, 41.3852394 ], [ 2.199914, 41.3852105 ], [ 2.1997622, 41.3853248 ], [ 2.19984, 41.3853807 ], [ 2.1995887, 41.3857001 ], [ 2.199423, 41.3855794 ], [ 2.1992868, 41.3856809 ], [ 2.1994898, 41.3858321 ], [ 2.1994988, 41.3858256 ], [ 2.1995183, 41.385839 ], [ 2.1983306, 41.3867334 ], [ 2.1984306, 41.3868073 ], [ 2.1983267, 41.3868849 ], [ 2.2002405, 41.3883172 ], [ 2.2003396, 41.388245 ], [ 2.2004383, 41.3883178 ], [ 2.2012194, 41.387723 ], [ 2.2019391, 41.3871842 ], [ 2.2017132, 41.3870143 ], [ 2.2016757, 41.3869861 ], [ 2.2014112, 41.386787 ], [ 2.2013874, 41.3867691 ], [ 2.2010563, 41.38652 ], [ 2.2010251, 41.3864965 ], [ 2.2006902, 41.3862446 ], [ 2.2006606, 41.3862223 ], [ 2.2003279, 41.385972 ], [ 2.2003008, 41.3859516 ], [ 2.2001989, 41.3858676 ], [ 2.2002202, 41.3858505 ], [ 2.2002299, 41.3858427 ], [ 2.200224, 41.3858377 ], [ 2.2007974, 41.3854052 ], [ 2.200803, 41.3854101 ], [ 2.2008375, 41.3853859 ], [ 2.2011249, 41.3855981 ], [ 2.2009848, 41.385704 ], [ 2.2010349, 41.3857416 ], [ 2.2011749, 41.3856373 ], [ 2.2014094, 41.3858154 ], [ 2.2012044, 41.3859725 ], [ 2.2020966, 41.3866446 ], [ 2.2021474, 41.3866061 ], [ 2.2021866, 41.3866379 ], [ 2.2021471, 41.3866668 ], [ 2.2023966, 41.3868553 ], [ 2.2026051, 41.3866987 ], [ 2.2027294, 41.3866053 ], [ 2.2026316, 41.3864772 ], [ 2.2025523, 41.3865095 ], [ 2.2025156, 41.386462 ], [ 2.2026012, 41.3864253 ], [ 2.2022866, 41.3860375 ], [ 2.2019503, 41.3856655 ], [ 2.2015486, 41.3852652 ], [ 2.2011466, 41.3849045 ], [ 2.2007783, 41.3846056 ], [ 2.2004015, 41.3843248 ], [ 2.2002205, 41.3842113 ], [ 2.2000315, 41.3841059 ], [ 2.1998968, 41.3841517 ], [ 2.1995158, 41.3839748 ], [ 2.1994529, 41.3840475 ], [ 2.1994199, 41.3840301 ], [ 2.1994828, 41.3839582 ], [ 2.1994189, 41.3839151 ], [ 2.1993489, 41.3838809 ], [ 2.1990995, 41.3837759 ], [ 2.1988498, 41.3836624 ], [ 2.1988698, 41.3835748 ], [ 2.1989924, 41.3835024 ], [ 2.1994663, 41.3833443 ], [ 2.1998791, 41.3833613 ], [ 2.2002003, 41.3835606 ], [ 2.200497, 41.3837337 ], [ 2.200686, 41.3838383 ], [ 2.2006405, 41.3839843 ], [ 2.2005471, 41.3841077 ], [ 2.2007229, 41.3842213 ], [ 2.2010284, 41.3844521 ], [ 2.2013204, 41.3846885 ], [ 2.2016199, 41.3849463 ], [ 2.2018453, 41.3851552 ], [ 2.202101, 41.3854053 ], [ 2.2023315, 41.3856474 ], [ 2.2026134, 41.3859733 ], [ 2.2028913, 41.3863044 ], [ 2.2031203, 41.3866171 ], [ 2.2032425, 41.3867947 ], [ 2.2033768, 41.386997 ], [ 2.2036206, 41.3874161 ], [ 2.2030738, 41.3878256 ], [ 2.2030639, 41.387833 ], [ 2.2029914, 41.3878873 ], [ 2.2029166, 41.3878321 ], [ 2.2029794, 41.3877752 ], [ 2.2029135, 41.3877199 ], [ 2.2028333, 41.3876526 ], [ 2.202443, 41.3879459 ], [ 2.2016977, 41.388506 ], [ 2.20157, 41.3885982 ], [ 2.2012993, 41.3887936 ], [ 2.2014594, 41.3890702 ], [ 2.201556, 41.3892712 ], [ 2.2016228, 41.3894101 ], [ 2.201838, 41.3897051 ], [ 2.2020543, 41.3899663 ], [ 2.2023243, 41.390201 ], [ 2.2026154, 41.3904219 ], [ 2.2029407, 41.3906009 ], [ 2.2031538, 41.3907363 ], [ 2.2035239, 41.3909178 ], [ 2.2036675, 41.390967 ], [ 2.2037453, 41.3909936 ], [ 2.2039644, 41.3910686 ], [ 2.2044339, 41.3911848 ], [ 2.204612, 41.3912422 ], [ 2.2056092, 41.3905005 ], [ 2.2057609, 41.3903861 ], [ 2.2058995, 41.390486 ], [ 2.2053743, 41.3908858 ], [ 2.2047826, 41.3913625 ], [ 2.2045091, 41.3914529 ], [ 2.2046595, 41.3915626 ], [ 2.204824, 41.3916826 ], [ 2.204886, 41.3916067 ], [ 2.2055658, 41.3910794 ], [ 2.2055918, 41.3910962 ], [ 2.2061479, 41.3906623 ], [ 2.2062714, 41.3907605 ], [ 2.2057322, 41.3911918 ], [ 2.2057583, 41.3912244 ], [ 2.2054058, 41.3914823 ], [ 2.2055488, 41.3917494 ], [ 2.2058327, 41.3921439 ], [ 2.2060642, 41.3924472 ], [ 2.2064626, 41.3929396 ], [ 2.2066099, 41.3931082 ], [ 2.2069101, 41.3934777 ], [ 2.2071511, 41.3937759 ], [ 2.2074022, 41.3940493 ], [ 2.2077215, 41.3943719 ], [ 2.2080272, 41.394653 ], [ 2.2082703, 41.3948605 ], [ 2.2084968, 41.395026 ], [ 2.2088647, 41.3952648 ], [ 2.2091708, 41.3954186 ], [ 2.2096782, 41.3955773 ], [ 2.2098647, 41.3956357 ], [ 2.2100444, 41.3956631 ], [ 2.2107404, 41.395124 ], [ 2.2107447, 41.3951207 ], [ 2.2107798, 41.3951526 ], [ 2.2110087, 41.3949773 ], [ 2.211318, 41.3947403 ], [ 2.211448, 41.3948382 ], [ 2.2112919, 41.3949568 ], [ 2.2109224, 41.3952371 ], [ 2.2110344, 41.3953164 ], [ 2.2111425, 41.3953929 ], [ 2.2112548, 41.3953106 ], [ 2.2113097, 41.395355 ], [ 2.2115263, 41.395188 ], [ 2.2117206, 41.3950382 ], [ 2.2118486, 41.3951342 ], [ 2.2115585, 41.3953528 ], [ 2.211306, 41.395543 ], [ 2.2112763, 41.3955654 ], [ 2.2107323, 41.3959649 ], [ 2.2107545, 41.3960371 ], [ 2.2107788, 41.3961159 ], [ 2.2108433, 41.3963016 ], [ 2.2109934, 41.396579 ], [ 2.2112438, 41.3969315 ], [ 2.2115357, 41.3972795 ], [ 2.2119041, 41.3977215 ], [ 2.2123619, 41.3981847 ], [ 2.2128405, 41.3986339 ], [ 2.213152, 41.3988663 ], [ 2.2135359, 41.399108 ], [ 2.2137114, 41.3991874 ], [ 2.2139461, 41.3992915 ], [ 2.2142607, 41.39938 ], [ 2.2144348, 41.3994043 ], [ 2.2146748, 41.3991636 ], [ 2.2151921, 41.3987107 ], [ 2.2154668, 41.3985433 ], [ 2.2155645, 41.3986294 ], [ 2.2153113, 41.398843 ], [ 2.2153775, 41.3988929 ], [ 2.2154558, 41.3989518 ], [ 2.2156677, 41.398758 ], [ 2.2157525, 41.3988337 ], [ 2.2153598, 41.3991315 ], [ 2.2148309, 41.3995029 ], [ 2.2145462, 41.3997223 ], [ 2.2141804, 41.4001004 ], [ 2.2142082, 41.4001402 ], [ 2.2142985, 41.4003766 ], [ 2.2145723, 41.4007408 ], [ 2.2149976, 41.4011676 ], [ 2.2153225, 41.4015487 ], [ 2.2156839, 41.4018377 ], [ 2.2158399, 41.402069 ], [ 2.2161349, 41.4023846 ], [ 2.2166846, 41.4027309 ], [ 2.2169886, 41.4028427 ], [ 2.217201, 41.4026909 ], [ 2.2181903, 41.4020205 ], [ 2.2182751, 41.402045 ], [ 2.2183391, 41.402101 ], [ 2.2174062, 41.4027548 ], [ 2.2169957, 41.4030303 ], [ 2.2169602, 41.4030549 ], [ 2.2170355, 41.4032807 ], [ 2.2172274, 41.4034752 ], [ 2.2174145, 41.403648 ], [ 2.2175511, 41.4037979 ], [ 2.2177776, 41.40405 ], [ 2.2181483, 41.4043373 ], [ 2.2184762, 41.4045327 ], [ 2.2187577, 41.4046806 ], [ 2.2191545, 41.4048511 ], [ 2.2195822, 41.4050433 ], [ 2.2197021, 41.4051035 ], [ 2.2199728, 41.4052394 ], [ 2.2200824, 41.4052571 ], [ 2.2202772, 41.4051705 ], [ 2.2211294, 41.4045275 ], [ 2.2217356, 41.4040805 ], [ 2.2218239, 41.4040212 ], [ 2.221874, 41.4040084 ], [ 2.2219277, 41.4040128 ], [ 2.2219755, 41.4040517 ], [ 2.2219945, 41.4040811 ], [ 2.2219755, 41.4041277 ], [ 2.2219307, 41.4041656 ], [ 2.2216394, 41.4043953 ], [ 2.2216624, 41.4044156 ], [ 2.2216515, 41.4044323 ], [ 2.2217447, 41.4044855 ], [ 2.2215248, 41.4046994 ], [ 2.2214453, 41.4046515 ], [ 2.2213419, 41.4047559 ], [ 2.2213445, 41.4047779 ], [ 2.2209719, 41.405138 ], [ 2.2213455, 41.4054136 ], [ 2.2213708, 41.4053933 ], [ 2.2214384, 41.4054493 ], [ 2.2214116, 41.4054704 ], [ 2.2215372, 41.4055614 ], [ 2.2218877, 41.4052813 ], [ 2.2217734, 41.4051966 ], [ 2.2217564, 41.4051585 ], [ 2.2217779, 41.4051107 ], [ 2.2218339, 41.4050789 ], [ 2.2218925, 41.4050714 ], [ 2.2219252, 41.4050885 ], [ 2.2222499, 41.4053374 ], [ 2.2223185, 41.4053279 ], [ 2.2224773, 41.4054985 ], [ 2.2233887, 41.4061726 ], [ 2.2236566, 41.4063922 ], [ 2.2238005, 41.406386 ], [ 2.2239449, 41.4063237 ], [ 2.2240838, 41.4062317 ], [ 2.2241975, 41.4061843 ], [ 2.2243347, 41.4061735 ], [ 2.224473, 41.4061979 ], [ 2.2246669, 41.4064758 ], [ 2.2247777, 41.4064587 ], [ 2.22489, 41.4064377 ], [ 2.2250766, 41.4063177 ], [ 2.2254751, 41.4059929 ], [ 2.225605, 41.4059379 ], [ 2.2257578, 41.4059773 ], [ 2.2258402, 41.4060382 ], [ 2.2258216, 41.4061075 ], [ 2.2257504, 41.406249 ], [ 2.2253481, 41.4065315 ], [ 2.225285, 41.4065289 ], [ 2.2247681, 41.4069153 ], [ 2.2248826, 41.4071029 ], [ 2.2250004, 41.407296 ], [ 2.2250558, 41.4073078 ], [ 2.2254687, 41.4070207 ], [ 2.225417, 41.4069585 ], [ 2.2257105, 41.4067179 ], [ 2.225893, 41.4066044 ], [ 2.2260659, 41.4066071 ], [ 2.226242, 41.4067991 ], [ 2.2260903, 41.4069026 ], [ 2.2260365, 41.4069479 ], [ 2.2262084, 41.40718 ], [ 2.2261045, 41.4071766 ], [ 2.2259592, 41.4071257 ], [ 2.2258539, 41.407039 ], [ 2.2254277, 41.4073165 ], [ 2.2256956, 41.4077341 ], [ 2.225833, 41.4079484 ], [ 2.2258046, 41.4077668 ], [ 2.22594, 41.4077405 ], [ 2.2261009, 41.407899 ], [ 2.225906, 41.4080427 ], [ 2.2261785, 41.4084708 ], [ 2.2262364, 41.4084869 ], [ 2.2262766, 41.4085294 ], [ 2.2262443, 41.4085409 ], [ 2.2262202, 41.4085161 ], [ 2.2261751, 41.4084989 ], [ 2.2261314, 41.4085057 ], [ 2.2261158, 41.4085332 ], [ 2.2261618, 41.4085573 ], [ 2.2262188, 41.4085372 ], [ 2.2262211, 41.4085635 ], [ 2.2261565, 41.4085757 ], [ 2.2263551, 41.4088973 ], [ 2.2263767, 41.4088964 ], [ 2.2264103, 41.4086457 ], [ 2.2263531, 41.4086697 ], [ 2.2262364, 41.4084365 ], [ 2.2263909, 41.4083851 ], [ 2.2265546, 41.4086014 ], [ 2.2264541, 41.4086313 ], [ 2.2264148, 41.4088915 ], [ 2.226636, 41.4092313 ], [ 2.226783, 41.4093429 ], [ 2.2268027, 41.4094389 ], [ 2.2267427, 41.4096462 ], [ 2.2272081, 41.4103902 ], [ 2.2228301, 41.4123769 ], [ 2.2207503, 41.4125759 ], [ 2.221251, 41.4132178 ], [ 2.2200987, 41.4143961 ], [ 2.2174083, 41.4167106 ], [ 2.2170125, 41.4174338 ], [ 2.2165038, 41.4178723 ], [ 2.2161801, 41.4183308 ], [ 2.2159905, 41.4186227 ], [ 2.2155899, 41.41891 ], [ 2.2138276, 41.4201009 ], [ 2.2125201, 41.4208274 ], [ 2.2118553, 41.4212665 ], [ 2.211466, 41.4219877 ], [ 2.2111974, 41.4222727 ], [ 2.2101351, 41.4238368 ], [ 2.2100382, 41.4242362 ], [ 2.2099752, 41.4246294 ], [ 2.2092689, 41.4249553 ], [ 2.2089209, 41.4251214 ], [ 2.2088482, 41.4251536 ], [ 2.2086365, 41.4251045 ], [ 2.2086288, 41.4250995 ], [ 2.2080841, 41.4249801 ], [ 2.2077023, 41.4251259 ], [ 2.2068221, 41.4254588 ], [ 2.2061447, 41.4256223 ], [ 2.2064469, 41.4261796 ], [ 2.2065476, 41.4263763 ], [ 2.2067219, 41.4266998 ], [ 2.2067992, 41.4268417 ], [ 2.2070453, 41.4272935 ], [ 2.2072057, 41.4275956 ], [ 2.2072716, 41.4277093 ], [ 2.2072969, 41.4277635 ], [ 2.2074462, 41.4280262 ], [ 2.20712, 41.4292942 ], [ 2.2069678, 41.4297199 ], [ 2.2068516, 41.4300534 ], [ 2.2066807, 41.4305219 ], [ 2.2066629, 41.4305804 ], [ 2.2065341, 41.4309564 ], [ 2.206464, 41.4311615 ], [ 2.2063873, 41.431459 ], [ 2.2061683, 41.4323312 ], [ 2.2059186, 41.4329591 ], [ 2.2090823, 41.433659 ], [ 2.2096384, 41.4336655 ], [ 2.2105604, 41.4336748 ], [ 2.2095296, 41.4359431 ], [ 2.2094951, 41.4361099 ], [ 2.20934, 41.436861 ], [ 2.2087896, 41.4386506 ], [ 2.2085312, 41.4399047 ], [ 2.207519, 41.4419043 ], [ 2.2064554, 41.4434424 ], [ 2.2064078, 41.4434992 ], [ 2.2045136, 41.4457589 ], [ 2.2033902, 41.4469278 ], [ 2.2013922, 41.4490036 ], [ 2.2013718, 41.4490244 ], [ 2.201349, 41.4490485 ], [ 2.2009129, 41.4495054 ], [ 2.199382, 41.4508877 ], [ 2.1980784, 41.4520647 ], [ 2.1972287, 41.4526858 ], [ 2.1905147, 41.4575929 ], [ 2.1884979, 41.4596108 ], [ 2.1878961, 41.4609165 ], [ 2.1876363, 41.4617481 ], [ 2.1875748, 41.4619449 ], [ 2.1875053, 41.4621675 ], [ 2.1869945, 41.4674574 ], [ 2.1856892, 41.4673003 ], [ 2.1853639, 41.4674966 ], [ 2.184673, 41.4679135 ], [ 2.1843704, 41.4678721 ], [ 2.183149, 41.4677122 ], [ 2.1826228, 41.4676391 ], [ 2.1806563, 41.467274 ], [ 2.180085, 41.4673909 ], [ 2.1796126, 41.4672739 ], [ 2.17883, 41.4677853 ], [ 2.1787876, 41.467813 ], [ 2.1786475, 41.4679046 ], [ 2.1788805, 41.4669822 ], [ 2.1790791, 41.4661047 ], [ 2.1795103, 41.4656298 ], [ 2.180469, 41.4659192 ], [ 2.1804374, 41.4656516 ], [ 2.180041, 41.4651914 ], [ 2.1803656, 41.4645506 ], [ 2.1792798, 41.4643316 ], [ 2.1790221, 41.4643409 ], [ 2.1779278, 41.4643829 ], [ 2.1746277, 41.4635235 ], [ 2.1737701, 41.4623738 ], [ 2.1730858, 41.4621976 ], [ 2.1724913, 41.4619453 ], [ 2.1720148, 41.4613726 ], [ 2.1711235, 41.461061 ], [ 2.1700407, 41.4608474 ], [ 2.1686668, 41.4602091 ], [ 2.1675674, 41.4596285 ], [ 2.1670195, 41.4591316 ], [ 2.1664449, 41.4586077 ], [ 2.1658885, 41.4585337 ], [ 2.1659143, 41.4583654 ], [ 2.1659358, 41.4582255 ], [ 2.1656181, 41.4577725 ], [ 2.1653012, 41.4573206 ], [ 2.1650376, 41.4569447 ], [ 2.1646289, 41.4563619 ], [ 2.1644859, 41.4561581 ], [ 2.164424, 41.4560698 ], [ 2.1644501, 41.4559596 ], [ 2.1646545, 41.4553572 ], [ 2.1651421, 41.4548671 ], [ 2.1648552, 41.4527643 ], [ 2.1656669, 41.4518364 ], [ 2.1648291, 41.4510819 ], [ 2.1642089, 41.4499034 ], [ 2.1630313, 41.4499925 ], [ 2.1620492, 41.4504328 ], [ 2.1611914, 41.4504804 ], [ 2.1592082, 41.4508217 ], [ 2.1589415, 41.4507081 ], [ 2.1573736, 41.4500219 ], [ 2.1560531, 41.4502703 ], [ 2.154058, 41.4494057 ], [ 2.153541, 41.4487717 ], [ 2.1535056, 41.447873 ], [ 2.1523994, 41.4472024 ], [ 2.1509969, 41.4474725 ], [ 2.1495032, 41.4470444 ], [ 2.1488599, 41.4469292 ], [ 2.1459177, 41.4478535 ], [ 2.1448707, 41.4480805 ], [ 2.1430354, 41.4477217 ], [ 2.1421846, 41.4471026 ], [ 2.1415253, 41.4470871 ], [ 2.1379524, 41.4480575 ], [ 2.1376417, 41.4480624 ], [ 2.1367624, 41.4476876 ], [ 2.1349954, 41.4475867 ], [ 2.1345555, 41.4474713 ], [ 2.134104, 41.4469063 ], [ 2.1335946, 41.4459118 ], [ 2.1336247, 41.4458691 ], [ 2.1332774, 41.4456829 ], [ 2.1328188, 41.4451976 ], [ 2.1326085, 41.4448144 ], [ 2.1325689, 41.4447423 ], [ 2.1322426, 41.4445498 ], [ 2.1304416, 41.4438651 ], [ 2.1301566, 41.4435897 ], [ 2.129856, 41.443117 ], [ 2.1297883, 41.4429525 ], [ 2.129524, 41.4423106 ], [ 2.1294119, 41.4420384 ], [ 2.1294115, 41.4419071 ], [ 2.1295266, 41.4416732 ], [ 2.1295722, 41.4416081 ], [ 2.1297417, 41.4413665 ], [ 2.1297497, 41.4413071 ], [ 2.129817, 41.4408049 ], [ 2.1293808, 41.4399781 ], [ 2.1293053, 41.4384149 ], [ 2.128519, 41.4364873 ], [ 2.1286281, 41.4360503 ], [ 2.1286074, 41.4356371 ], [ 2.1279054, 41.4337147 ], [ 2.1272137, 41.4334395 ], [ 2.1260263, 41.4319504 ], [ 2.1248637, 41.4304924 ], [ 2.1236884, 41.4293925 ], [ 2.1221635, 41.427804 ], [ 2.1221105, 41.4271311 ], [ 2.1207157, 41.4258633 ], [ 2.1204001, 41.42592 ], [ 2.1198967, 41.4259064 ], [ 2.1195306, 41.4257817 ], [ 2.1179412, 41.4262908 ], [ 2.1168277, 41.4264305 ], [ 2.1152461, 41.4270052 ], [ 2.1151735, 41.4276027 ], [ 2.1137119, 41.4284871 ], [ 2.1131419, 41.4286926 ], [ 2.1124329, 41.4286522 ], [ 2.1122226, 41.4287156 ], [ 2.1115506, 41.4283854 ], [ 2.1105457, 41.4283851 ], [ 2.1100725, 41.4286043 ], [ 2.1094658, 41.4284962 ], [ 2.1090305, 41.4287407 ], [ 2.1083896, 41.4288053 ], [ 2.1062002, 41.4286506 ], [ 2.1058012, 41.4287494 ], [ 2.105504, 41.4289247 ], [ 2.1032001, 41.4282259 ], [ 2.1025445, 41.4285612 ], [ 2.101392, 41.4295758 ], [ 2.1009139, 41.4298852 ], [ 2.1001482, 41.4301893 ], [ 2.0989603, 41.4302961 ], [ 2.0987132, 41.4317206 ], [ 2.096632, 41.4326414 ], [ 2.0960066, 41.4333624 ], [ 2.0950879, 41.4333942 ], [ 2.0947863, 41.4332095 ], [ 2.0932416, 41.4313604 ], [ 2.0921852, 41.4299398 ], [ 2.0901605, 41.4288322 ], [ 2.0896661, 41.4290882 ], [ 2.0892784, 41.4291774 ], [ 2.0889312, 41.4291748 ], [ 2.0881597, 41.4281827 ], [ 2.0878484, 41.4283315 ], [ 2.0875553, 41.4285606 ], [ 2.0871353, 41.4286963 ], [ 2.085716, 41.4289033 ], [ 2.085399, 41.4291334 ], [ 2.0837364, 41.4300534 ], [ 2.0837785, 41.4302856 ], [ 2.0840029, 41.4305548 ], [ 2.0839959, 41.4307711 ], [ 2.0838508, 41.4309036 ], [ 2.0836481, 41.4309126 ], [ 2.0832413, 41.4307596 ], [ 2.082944, 41.4307817 ], [ 2.0826768, 41.4308836 ], [ 2.0825261, 41.4312504 ], [ 2.082571, 41.4315185 ], [ 2.0824441, 41.4317312 ], [ 2.0822126, 41.4318315 ], [ 2.081568, 41.4318225 ], [ 2.0815731, 41.4317608 ], [ 2.0813956, 41.4316336 ], [ 2.081005, 41.4307686 ], [ 2.0807771, 41.4306076 ], [ 2.0804902, 41.4306113 ], [ 2.0801375, 41.430843 ], [ 2.0800793, 41.4310167 ], [ 2.0802588, 41.4316299 ], [ 2.0799734, 41.4318046 ], [ 2.0791887, 41.4318664 ], [ 2.0780827, 41.4321044 ], [ 2.0766381, 41.4327536 ], [ 2.0753077, 41.4330285 ], [ 2.0750931, 41.4331911 ], [ 2.0749787, 41.4334122 ], [ 2.0749738, 41.4336555 ], [ 2.0750874, 41.4341907 ], [ 2.0750909, 41.4345416 ], [ 2.0749941, 41.434834 ], [ 2.0748405, 41.4350119 ], [ 2.0745775, 41.4351676 ], [ 2.0742268, 41.4352731 ], [ 2.0731938, 41.4352198 ], [ 2.0729483, 41.4352936 ], [ 2.0727666, 41.4354187 ], [ 2.0728585, 41.4358288 ], [ 2.0729819, 41.4360304 ], [ 2.0731242, 41.4363213 ], [ 2.0726291, 41.4364152 ], [ 2.0711633, 41.4358767 ], [ 2.0710854, 41.435553 ], [ 2.0708451, 41.4345539 ], [ 2.0708269, 41.4344781 ], [ 2.0708752, 41.4343837 ], [ 2.0709782, 41.434182 ], [ 2.07122, 41.4337091 ], [ 2.0717995, 41.4325755 ], [ 2.071844, 41.4324884 ], [ 2.0716968, 41.4318287 ], [ 2.0720531, 41.4313358 ], [ 2.0723245, 41.4311347 ], [ 2.0741886, 41.4301879 ], [ 2.0745098, 41.4298586 ], [ 2.0745554, 41.4296765 ], [ 2.07527, 41.4296359 ], [ 2.0766003, 41.4287488 ], [ 2.0765421, 41.4286163 ], [ 2.0731446, 41.4275421 ], [ 2.072661, 41.4257899 ], [ 2.0727269, 41.4251027 ], [ 2.0742802, 41.4247729 ], [ 2.0747303, 41.42487 ], [ 2.0766566, 41.4250279 ], [ 2.0773431, 41.4249345 ], [ 2.0781193, 41.4249182 ], [ 2.0800035, 41.4243846 ], [ 2.0801991, 41.4241328 ], [ 2.0800988, 41.423462 ], [ 2.0799376, 41.422929 ], [ 2.0786712, 41.4226429 ], [ 2.075119, 41.4221879 ], [ 2.0768825, 41.4210294 ], [ 2.0766063, 41.4199433 ], [ 2.0772655, 41.4187347 ], [ 2.0787764, 41.4189379 ], [ 2.0782745, 41.4180238 ], [ 2.0791923, 41.4169117 ], [ 2.079296, 41.4167091 ], [ 2.0793668, 41.4166969 ], [ 2.0794622, 41.4162335 ], [ 2.0794005, 41.4159031 ], [ 2.0791067, 41.415511 ], [ 2.0784484, 41.415045 ], [ 2.0773655, 41.4146439 ], [ 2.0773119, 41.4144266 ], [ 2.0771509, 41.4143824 ], [ 2.0768827, 41.414137 ], [ 2.0767647, 41.413968 ], [ 2.0765608, 41.4138634 ], [ 2.0763141, 41.4135617 ], [ 2.076298, 41.413453 ], [ 2.0761746, 41.413276 ], [ 2.0759976, 41.4128013 ], [ 2.0760405, 41.4127168 ], [ 2.0754611, 41.4123266 ], [ 2.0748389, 41.4122501 ], [ 2.0745063, 41.4121898 ], [ 2.07434, 41.4120007 ], [ 2.07412, 41.411884 ], [ 2.0734978, 41.4118679 ], [ 2.0733476, 41.4117875 ], [ 2.0730203, 41.4114133 ], [ 2.0726341, 41.4112644 ], [ 2.0725644, 41.4111719 ], [ 2.0722908, 41.4111116 ], [ 2.0721272, 41.4109784 ], [ 2.0717388, 41.4102909 ], [ 2.0713197, 41.409211 ], [ 2.0713934, 41.4084695 ], [ 2.0720763, 41.407719 ], [ 2.0720876, 41.4075565 ], [ 2.0716803, 41.4072414 ], [ 2.071341, 41.4071843 ], [ 2.0703252, 41.4073463 ], [ 2.0699404, 41.4071652 ] ] ], [ [ [ 2.1693732, 41.3263405 ], [ 2.1699068, 41.3247725 ], [ 2.1707329, 41.3225003 ], [ 2.1724251, 41.31742 ], [ 2.1722961, 41.3173321 ], [ 2.1723601, 41.317107 ], [ 2.1725577, 41.3170353 ], [ 2.1727995, 41.3170503 ], [ 2.1729567, 41.3172054 ], [ 2.1728502, 41.3176954 ], [ 2.1698895, 41.3264313 ], [ 2.1701858, 41.3276972 ], [ 2.1708509, 41.3304767 ], [ 2.1714625, 41.3330627 ], [ 2.1715907, 41.3338774 ], [ 2.1718828, 41.3348789 ], [ 2.1723849, 41.3373644 ], [ 2.1724582, 41.3374784 ], [ 2.172993, 41.340239 ], [ 2.1749139, 41.3486996 ], [ 2.1750156, 41.3491815 ], [ 2.175257, 41.349753 ], [ 2.1754775, 41.3508286 ], [ 2.1759423, 41.3515021 ], [ 2.1760088, 41.3516709 ], [ 2.1760447, 41.3519029 ], [ 2.1760567, 41.352099 ], [ 2.1795948, 41.357632 ], [ 2.1804945, 41.3590667 ], [ 2.1830737, 41.3631975 ], [ 2.1834675, 41.3632566 ], [ 2.1833206, 41.3641977 ], [ 2.1830721, 41.3648624 ], [ 2.1832815, 41.3649084 ], [ 2.183063, 41.3652001 ], [ 2.1830123, 41.3652225 ], [ 2.182893, 41.3651956 ], [ 2.1828636, 41.3651587 ], [ 2.1829011, 41.3648546 ], [ 2.1824014, 41.3647489 ], [ 2.1823389, 41.3646532 ], [ 2.1823147, 41.3646158 ], [ 2.1822982, 41.3645902 ], [ 2.1822662, 41.3645405 ], [ 2.1822557, 41.3645243 ], [ 2.1816813, 41.3636344 ], [ 2.1811838, 41.3628637 ], [ 2.1805635, 41.3619027 ], [ 2.1801252, 41.3612235 ], [ 2.1795714, 41.3603655 ], [ 2.1790537, 41.3595634 ], [ 2.178514, 41.3587271 ], [ 2.1784015, 41.3585529 ], [ 2.1781644, 41.3581882 ], [ 2.1775732, 41.3572774 ], [ 2.1770622, 41.3564902 ], [ 2.1766176, 41.3558054 ], [ 2.1762441, 41.3552299 ], [ 2.1756902, 41.3543767 ], [ 2.1750411, 41.3533766 ], [ 2.1748793, 41.3531274 ], [ 2.1744933, 41.3525106 ], [ 2.1742269, 41.3520849 ], [ 2.1735937, 41.3510956 ], [ 2.1733161, 41.350662 ], [ 2.1728277, 41.3499207 ], [ 2.1724232, 41.3492887 ], [ 2.1721025, 41.3494042 ], [ 2.171992, 41.3492329 ], [ 2.1719452, 41.3491248 ], [ 2.1719165, 41.3490654 ], [ 2.1718686, 41.3488534 ], [ 2.17222, 41.3488109 ], [ 2.1707454, 41.3419363 ], [ 2.170025, 41.3386252 ], [ 2.1699862, 41.3386316 ], [ 2.1699897, 41.3386647 ], [ 2.1696199, 41.3387052 ], [ 2.1695952, 41.3385853 ], [ 2.1699701, 41.3385404 ], [ 2.1699827, 41.3386107 ], [ 2.1700166, 41.338606 ], [ 2.1699779, 41.3384121 ], [ 2.1699439, 41.3384156 ], [ 2.1699565, 41.338466 ], [ 2.1695782, 41.3385164 ], [ 2.1695551, 41.3383951 ], [ 2.1699247, 41.3383481 ], [ 2.1699375, 41.3383982 ], [ 2.1699748, 41.3383941 ], [ 2.1699334, 41.3382211 ], [ 2.1699033, 41.3382222 ], [ 2.1699103, 41.3382697 ], [ 2.1695383, 41.3383193 ], [ 2.1695084, 41.3381988 ], [ 2.169893, 41.3381526 ], [ 2.1699009, 41.338206 ], [ 2.1699319, 41.338203 ], [ 2.1698185, 41.3376808 ], [ 2.1699763, 41.3376657 ], [ 2.1700356, 41.3379176 ], [ 2.1709906, 41.3377959 ], [ 2.1704956, 41.3355643 ], [ 2.1707444, 41.3353849 ], [ 2.1707292, 41.3351805 ], [ 2.1710876, 41.3351194 ], [ 2.1708395, 41.3341046 ], [ 2.1707913, 41.3341102 ], [ 2.1701316, 41.3341947 ], [ 2.1702027, 41.3345066 ], [ 2.170242, 41.3345226 ], [ 2.1702688, 41.3345572 ], [ 2.1702463, 41.3345919 ], [ 2.1702064, 41.3346134 ], [ 2.1701307, 41.3346221 ], [ 2.1700759, 41.3345968 ], [ 2.1700427, 41.3345483 ], [ 2.1699631, 41.3341844 ], [ 2.1699849, 41.3341251 ], [ 2.1700729, 41.3340607 ], [ 2.1711678, 41.3339224 ], [ 2.1703467, 41.330525 ], [ 2.1694777, 41.3266901 ], [ 2.1693732, 41.3263405 ] ] ], [ [ [ 2.2219461, 41.4035631 ], [ 2.221987, 41.4034954 ], [ 2.2220995, 41.4034799 ], [ 2.2222103, 41.40351 ], [ 2.2223848, 41.403651 ], [ 2.2225572, 41.4038826 ], [ 2.2226995, 41.4041697 ], [ 2.2226692, 41.404207 ], [ 2.2226789, 41.4042538 ], [ 2.2228791, 41.4044389 ], [ 2.2230058, 41.4047198 ], [ 2.2232765, 41.404998 ], [ 2.2234587, 41.4051817 ], [ 2.2234685, 41.4052588 ], [ 2.2233982, 41.4053255 ], [ 2.2232983, 41.4053281 ], [ 2.2232293, 41.4052347 ], [ 2.2229802, 41.4050582 ], [ 2.2228529, 41.4049663 ], [ 2.2226075, 41.4045668 ], [ 2.2223996, 41.4042001 ], [ 2.2223726, 41.4041173 ], [ 2.2224032, 41.4040781 ], [ 2.222239, 41.4039684 ], [ 2.2221759, 41.403884 ], [ 2.2220035, 41.4036635 ], [ 2.2219461, 41.4035631 ] ] ], [ [ [ 2.2269806, 41.4084051 ], [ 2.2270908, 41.4081459 ], [ 2.2271791, 41.4081128 ], [ 2.2273776, 41.4080908 ], [ 2.2275099, 41.4081845 ], [ 2.2276349, 41.408361 ], [ 2.2277011, 41.4085375 ], [ 2.2278261, 41.4084934 ], [ 2.2282673, 41.4083334 ], [ 2.2283555, 41.4084217 ], [ 2.2282967, 41.4084768 ], [ 2.2282232, 41.4084658 ], [ 2.2277673, 41.4086312 ], [ 2.2280467, 41.4090834 ], [ 2.2280393, 41.409304 ], [ 2.2279585, 41.4095191 ], [ 2.2278629, 41.4096128 ], [ 2.2277526, 41.4096238 ], [ 2.2275026, 41.4094143 ], [ 2.2273702, 41.4089786 ], [ 2.2272526, 41.4089456 ], [ 2.2269806, 41.4084051 ] ] ] ] } },
{ "type": "Feature", "properties": { "display_name": "Valencia, Comarca de València, Valencia, Valencian Community, Spain" }, "geometry": { "type": "MultiPolygon", "coordinates": [ [ [ [ -0.4325512, 39.5611778 ], [ -0.4325122, 39.5607308 ], [ -0.4325249, 39.560473 ], [ -0.4325219, 39.5602147 ], [ -0.4324818, 39.5599892 ], [ -0.4324065, 39.5596965 ], [ -0.4323315, 39.5595171 ], [ -0.4322241, 39.5593275 ], [ -0.4321684, 39.5591907 ], [ -0.4321246, 39.5590193 ], [ -0.4321272, 39.5587538 ], [ -0.4321643, 39.5584553 ], [ -0.4321604, 39.5583499 ], [ -0.4321192, 39.5582073 ], [ -0.4316128, 39.5570674 ], [ -0.4312299, 39.5562375 ], [ -0.4312098, 39.556154 ], [ -0.4311942, 39.5560667 ], [ -0.4311677, 39.555994 ], [ -0.430679, 39.5550554 ], [ -0.4305855, 39.5548977 ], [ -0.4303247, 39.5545629 ], [ -0.4301757, 39.5544528 ], [ -0.4299673, 39.5541709 ], [ -0.4304612, 39.5538297 ], [ -0.4291185, 39.55312 ], [ -0.4290805, 39.5530272 ], [ -0.4279324, 39.552284 ], [ -0.4245215, 39.5515246 ], [ -0.424186, 39.5510385 ], [ -0.4241237, 39.5509514 ], [ -0.424027, 39.5509678 ], [ -0.4233259, 39.5495434 ], [ -0.4225965, 39.5491966 ], [ -0.4218546, 39.5486811 ], [ -0.4206742, 39.5483618 ], [ -0.4174016, 39.5470593 ], [ -0.4159948, 39.5458443 ], [ -0.413688, 39.542141 ], [ -0.4115789, 39.5408095 ], [ -0.4112645, 39.5401428 ], [ -0.4112216, 39.5398905 ], [ -0.4111469, 39.5394518 ], [ -0.4111196, 39.5393134 ], [ -0.4111143, 39.5392865 ], [ -0.4110033, 39.5386314 ], [ -0.4109292, 39.5383122 ], [ -0.4108461, 39.5379647 ], [ -0.4107871, 39.537733 ], [ -0.4107756, 39.5376545 ], [ -0.4107683, 39.5376048 ], [ -0.410771, 39.5372718 ], [ -0.4107924, 39.5366408 ], [ -0.4108059, 39.5363347 ], [ -0.4108087, 39.5360666 ], [ -0.4107039, 39.5356562 ], [ -0.4104276, 39.5348619 ], [ -0.4084542, 39.5340617 ], [ -0.4081151, 39.5340184 ], [ -0.407715, 39.5341946 ], [ -0.4076869, 39.5341285 ], [ -0.4076349, 39.5340056 ], [ -0.4075883, 39.5338955 ], [ -0.407427, 39.5336535 ], [ -0.407194, 39.5333308 ], [ -0.4070942, 39.5331616 ], [ -0.4070744, 39.5330836 ], [ -0.4070611, 39.5329776 ], [ -0.4070621, 39.5328342 ], [ -0.4070864, 39.5327123 ], [ -0.4071092, 39.5326143 ], [ -0.4071485, 39.5325176 ], [ -0.4072088, 39.5324291 ], [ -0.407279, 39.5323458 ], [ -0.4073717, 39.5322265 ], [ -0.4074199, 39.5321381 ], [ -0.4074408, 39.5320513 ], [ -0.407427, 39.5318608 ], [ -0.4073553, 39.5316905 ], [ -0.4073463, 39.5315651 ], [ -0.4073853, 39.5314403 ], [ -0.4069248, 39.5312476 ], [ -0.4068549, 39.5312267 ], [ -0.4068284, 39.5312145 ], [ -0.4063068, 39.5310308 ], [ -0.40619, 39.5310144 ], [ -0.4046115, 39.5302965 ], [ -0.4044391, 39.5302545 ], [ -0.4042969, 39.5302175 ], [ -0.4040769, 39.5300942 ], [ -0.4038239, 39.5300786 ], [ -0.4035861, 39.5300959 ], [ -0.4035084, 39.5301089 ], [ -0.4034489, 39.5301012 ], [ -0.4033867, 39.5300903 ], [ -0.4033346, 39.5300966 ], [ -0.4032803, 39.5301009 ], [ -0.4032284, 39.5300929 ], [ -0.4031696, 39.530091 ], [ -0.4031274, 39.5300889 ], [ -0.4027104, 39.5299002 ], [ -0.4023635, 39.5297746 ], [ -0.4018969, 39.5296387 ], [ -0.401984, 39.5294711 ], [ -0.4013474, 39.5292737 ], [ -0.4013319, 39.5292663 ], [ -0.4013524, 39.5291393 ], [ -0.4013564, 39.5291121 ], [ -0.4010863, 39.5290044 ], [ -0.4009057, 39.5289086 ], [ -0.4006983, 39.5288042 ], [ -0.400295, 39.5283982 ], [ -0.4002923, 39.5283217 ], [ -0.400354, 39.5282596 ], [ -0.4003835, 39.5281934 ], [ -0.4006318, 39.5278466 ], [ -0.4005504, 39.5278111 ], [ -0.4004513, 39.5277865 ], [ -0.4002319, 39.5276855 ], [ -0.4001602, 39.5276646 ], [ -0.3998568, 39.5275763 ], [ -0.3996162, 39.5275216 ], [ -0.3993188, 39.5273498 ], [ -0.3993703, 39.5272852 ], [ -0.3994501, 39.5272072 ], [ -0.3994438, 39.5271623 ], [ -0.399048, 39.5268884 ], [ -0.3988835, 39.5268966 ], [ -0.3987985, 39.5268802 ], [ -0.3986003, 39.5268065 ], [ -0.3985154, 39.5267492 ], [ -0.3984375, 39.52667 ], [ -0.3983986, 39.5266482 ], [ -0.3983207, 39.5266345 ], [ -0.398073, 39.5265062 ], [ -0.3977768, 39.5263728 ], [ -0.3968887, 39.5259834 ], [ -0.3971067, 39.525803 ], [ -0.3971482, 39.5257423 ], [ -0.3971858, 39.5256796 ], [ -0.3974784, 39.5253515 ], [ -0.3973011, 39.5251757 ], [ -0.3970116, 39.5250312 ], [ -0.3969345, 39.5249857 ], [ -0.3966514, 39.5247325 ], [ -0.396323, 39.524485 ], [ -0.396195, 39.5243646 ], [ -0.3959758, 39.5241436 ], [ -0.3958062, 39.5239658 ], [ -0.395683, 39.5238507 ], [ -0.3955221, 39.5237183 ], [ -0.3958123, 39.523428 ], [ -0.396253, 39.5229991 ], [ -0.3965556, 39.5231259 ], [ -0.39681, 39.5232335 ], [ -0.3969304, 39.5232744 ], [ -0.3971533, 39.5233809 ], [ -0.3972595, 39.5234082 ], [ -0.3973622, 39.5234846 ], [ -0.3974683, 39.523531 ], [ -0.3975851, 39.5235802 ], [ -0.3976205, 39.5236157 ], [ -0.3976524, 39.5236812 ], [ -0.3976771, 39.5237003 ], [ -0.3977267, 39.5237058 ], [ -0.3978116, 39.5236839 ], [ -0.3978647, 39.5236757 ], [ -0.3979151, 39.5236909 ], [ -0.398312, 39.5233488 ], [ -0.3982893, 39.5233467 ], [ -0.3982666, 39.5233389 ], [ -0.3982495, 39.5233194 ], [ -0.3983356, 39.5230746 ], [ -0.3983801, 39.5228278 ], [ -0.3983842, 39.5228038 ], [ -0.3983999, 39.5227621 ], [ -0.3984475, 39.5226788 ], [ -0.3985007, 39.5225449 ], [ -0.3985916, 39.5224226 ], [ -0.3986899, 39.5221906 ], [ -0.3987364, 39.5220664 ], [ -0.3987646, 39.5218991 ], [ -0.3988722, 39.5219251 ], [ -0.3988877, 39.5219226 ], [ -0.3989555, 39.5217986 ], [ -0.3990553, 39.521647 ], [ -0.3990957, 39.5215954 ], [ -0.3994851, 39.5208866 ], [ -0.3995614, 39.520827 ], [ -0.4001162, 39.5198978 ], [ -0.4004936, 39.5192935 ], [ -0.4011241, 39.5182452 ], [ -0.4011312, 39.5182291 ], [ -0.4011486, 39.5181467 ], [ -0.4012556, 39.5178328 ], [ -0.4014198, 39.5173819 ], [ -0.4014476, 39.5173103 ], [ -0.4014657, 39.5172266 ], [ -0.4015538, 39.5170201 ], [ -0.4016733, 39.5167203 ], [ -0.4017184, 39.5165315 ], [ -0.4018293, 39.516217 ], [ -0.4019308, 39.5159226 ], [ -0.4021199, 39.5154354 ], [ -0.4020929, 39.5154275 ], [ -0.4018986, 39.5153703 ], [ -0.4012828, 39.5151046 ], [ -0.4010117, 39.5149377 ], [ -0.4004756, 39.5146688 ], [ -0.4004219, 39.5146291 ], [ -0.4003866, 39.5145146 ], [ -0.4003911, 39.5144585 ], [ -0.400333, 39.5141525 ], [ -0.4002965, 39.5139665 ], [ -0.4002456, 39.5136546 ], [ -0.4002436, 39.5135591 ], [ -0.400259, 39.5133617 ], [ -0.400262, 39.5133454 ], [ -0.4002629, 39.5133129 ], [ -0.4002536, 39.5132365 ], [ -0.4002282, 39.5131498 ], [ -0.4002039, 39.513089 ], [ -0.4001111, 39.5128994 ], [ -0.3999615, 39.5125558 ], [ -0.399897, 39.5124347 ], [ -0.3998323, 39.5123331 ], [ -0.3998002, 39.5122642 ], [ -0.3997859, 39.5121926 ], [ -0.3997966, 39.51211 ], [ -0.3998323, 39.5120053 ], [ -0.4000185, 39.5115825 ], [ -0.4000627, 39.511477 ], [ -0.4001143, 39.5113733 ], [ -0.4002135, 39.5111628 ], [ -0.40023, 39.5111264 ], [ -0.401124, 39.5111912 ], [ -0.4011166, 39.511155 ], [ -0.4011156, 39.5111037 ], [ -0.4011215, 39.5110604 ], [ -0.4011406, 39.5108947 ], [ -0.4011446, 39.5108091 ], [ -0.4011311, 39.5106233 ], [ -0.4011361, 39.5105694 ], [ -0.4011464, 39.5105127 ], [ -0.4011615, 39.5104295 ], [ -0.4011863, 39.5103046 ], [ -0.4011837, 39.5102277 ], [ -0.4011703, 39.5101528 ], [ -0.4011559, 39.5100309 ], [ -0.4011397, 39.5099028 ], [ -0.4011264, 39.5097801 ], [ -0.4011708, 39.5097356 ], [ -0.4011588, 39.5095845 ], [ -0.4011317, 39.5092827 ], [ -0.4011291, 39.509246 ], [ -0.4011346, 39.5092228 ], [ -0.4011558, 39.5091687 ], [ -0.4011014, 39.5091451 ], [ -0.4010938, 39.5091418 ], [ -0.4010783, 39.5091372 ], [ -0.4010516, 39.5091342 ], [ -0.4009449, 39.5091277 ], [ -0.4008605, 39.5091275 ], [ -0.4005317, 39.5091143 ], [ -0.4003369, 39.5091053 ], [ -0.4001682, 39.5090995 ], [ -0.4000345, 39.5090652 ], [ -0.3996555, 39.5089722 ], [ -0.3995859, 39.5089552 ], [ -0.3995229, 39.5089412 ], [ -0.3991361, 39.5089289 ], [ -0.3989124, 39.5089239 ], [ -0.3987359, 39.5089207 ], [ -0.3986607, 39.5089194 ], [ -0.3986229, 39.5089178 ], [ -0.398601, 39.5089177 ], [ -0.3985883, 39.5089218 ], [ -0.3985285, 39.5089098 ], [ -0.3984718, 39.50889 ], [ -0.3982605, 39.5088223 ], [ -0.3981135, 39.5087767 ], [ -0.3980337, 39.5087547 ], [ -0.3978606, 39.5086985 ], [ -0.3975139, 39.5085893 ], [ -0.3973784, 39.5085173 ], [ -0.3973086, 39.5084971 ], [ -0.3972252, 39.5084818 ], [ -0.3971339, 39.5084505 ], [ -0.3970504, 39.5084198 ], [ -0.3970052, 39.5084011 ], [ -0.3969569, 39.5083869 ], [ -0.3969646, 39.5083749 ], [ -0.3969719, 39.5083646 ], [ -0.3969946, 39.5083439 ], [ -0.3970297, 39.5082968 ], [ -0.397084, 39.5082247 ], [ -0.397119, 39.5081721 ], [ -0.3971599, 39.5081063 ], [ -0.3971938, 39.5080437 ], [ -0.3972043, 39.5080176 ], [ -0.3972235, 39.5079942 ], [ -0.397248, 39.5079741 ], [ -0.3972931, 39.5079342 ], [ -0.3973434, 39.5078948 ], [ -0.3974287, 39.5078227 ], [ -0.3974648, 39.5077761 ], [ -0.3975149, 39.507733 ], [ -0.3975748, 39.5076784 ], [ -0.3976249, 39.5076267 ], [ -0.3976455, 39.5076013 ], [ -0.3976452, 39.5075641 ], [ -0.3976475, 39.5075539 ], [ -0.3977521, 39.5074499 ], [ -0.3978765, 39.5073198 ], [ -0.3979708, 39.5072251 ], [ -0.3980056, 39.5071934 ], [ -0.3981916, 39.5070459 ], [ -0.3983396, 39.5069364 ], [ -0.3984063, 39.5068994 ], [ -0.39846, 39.5068683 ], [ -0.3983777, 39.5068434 ], [ -0.3983081, 39.5068363 ], [ -0.3982633, 39.5068349 ], [ -0.3982233, 39.5068265 ], [ -0.3992268, 39.505079 ], [ -0.3970165, 39.5045579 ], [ -0.3970414, 39.5045202 ], [ -0.3970926, 39.5044063 ], [ -0.3971407, 39.5042969 ], [ -0.3971922, 39.5041804 ], [ -0.3972368, 39.5040964 ], [ -0.3972504, 39.5040691 ], [ -0.3973317, 39.5038616 ], [ -0.3974434, 39.5035775 ], [ -0.3974576, 39.5035404 ], [ -0.3974452, 39.5034841 ], [ -0.3974539, 39.5034349 ], [ -0.3974611, 39.5033984 ], [ -0.3974838, 39.503328 ], [ -0.3976007, 39.5030283 ], [ -0.3977039, 39.5027405 ], [ -0.3977991, 39.5025626 ], [ -0.3978351, 39.5023666 ], [ -0.3978783, 39.5021757 ], [ -0.3967616, 39.501744 ], [ -0.3967717, 39.5016307 ], [ -0.3967886, 39.5015045 ], [ -0.3968205, 39.5014667 ], [ -0.396856, 39.5014008 ], [ -0.3968929, 39.5012947 ], [ -0.3969384, 39.5011657 ], [ -0.3969969, 39.5010132 ], [ -0.3970675, 39.5007334 ], [ -0.3971339, 39.5005129 ], [ -0.3972839, 39.5001627 ], [ -0.3972959, 39.500108 ], [ -0.3973115, 39.5000572 ], [ -0.3973448, 39.4999858 ], [ -0.3973726, 39.4998945 ], [ -0.3973859, 39.4998671 ], [ -0.3974125, 39.4998686 ], [ -0.397436, 39.4998548 ], [ -0.3974468, 39.4998034 ], [ -0.3974564, 39.4997592 ], [ -0.397477, 39.4997617 ], [ -0.3975604, 39.4997374 ], [ -0.3976055, 39.4997443 ], [ -0.3979253, 39.4998234 ], [ -0.3983442, 39.4999265 ], [ -0.399156, 39.5001278 ], [ -0.3991954, 39.5001299 ], [ -0.3992021, 39.5001138 ], [ -0.3992526, 39.4999779 ], [ -0.3992761, 39.4999143 ], [ -0.3993009, 39.4999079 ], [ -0.3997569, 39.4999671 ], [ -0.3997722, 39.4998957 ], [ -0.4010889, 39.4998784 ], [ -0.401142, 39.4997251 ], [ -0.4011529, 39.4996826 ], [ -0.4011596, 39.4996511 ], [ -0.4011635, 39.4996229 ], [ -0.4011848, 39.4995249 ], [ -0.4012106, 39.4993973 ], [ -0.4012255, 39.4992795 ], [ -0.401252, 39.4991442 ], [ -0.4012629, 39.4990644 ], [ -0.4012682, 39.499042 ], [ -0.4012833, 39.499025 ], [ -0.4013116, 39.4990172 ], [ -0.4015324, 39.4989535 ], [ -0.4018254, 39.4989381 ], [ -0.4019998, 39.498923 ], [ -0.4021964, 39.4989807 ], [ -0.4023373, 39.499016 ], [ -0.4025079, 39.4990615 ], [ -0.4026882, 39.4991285 ], [ -0.4028466, 39.499188 ], [ -0.4029355, 39.4992349 ], [ -0.4030282, 39.4992949 ], [ -0.403084, 39.4993391 ], [ -0.403432, 39.499454 ], [ -0.4035762, 39.4994529 ], [ -0.4037074, 39.4994585 ], [ -0.4038055, 39.4994727 ], [ -0.4039111, 39.4994833 ], [ -0.4039915, 39.4994943 ], [ -0.4041425, 39.4995086 ], [ -0.4042501, 39.4995117 ], [ -0.4043067, 39.4995089 ], [ -0.4043576, 39.499471 ], [ -0.4043766, 39.4994421 ], [ -0.4044693, 39.4990578 ], [ -0.4045376, 39.4988226 ], [ -0.4045516, 39.4987562 ], [ -0.4045836, 39.4986683 ], [ -0.4045994, 39.4985865 ], [ -0.4046546, 39.4984912 ], [ -0.4047313, 39.4983903 ], [ -0.4048091, 39.4983048 ], [ -0.4048994, 39.4982025 ], [ -0.4049808, 39.4981526 ], [ -0.4050619, 39.4981082 ], [ -0.4051245, 39.4980537 ], [ -0.406704, 39.4987901 ], [ -0.4072884, 39.4981234 ], [ -0.4079398, 39.4984867 ], [ -0.4079602, 39.4984982 ], [ -0.4083383, 39.4981552 ], [ -0.4085119, 39.4984322 ], [ -0.4089106, 39.4987238 ], [ -0.4091839, 39.4989182 ], [ -0.4092104, 39.4987938 ], [ -0.4093089, 39.4986472 ], [ -0.4094543, 39.4984805 ], [ -0.4096934, 39.4981892 ], [ -0.4097902, 39.4980976 ], [ -0.4099381, 39.4979937 ], [ -0.4100624, 39.4979059 ], [ -0.4102117, 39.4977449 ], [ -0.4104496, 39.4976131 ], [ -0.4106263, 39.4975779 ], [ -0.4109097, 39.4975556 ], [ -0.4109438, 39.4975476 ], [ -0.4110512, 39.4975219 ], [ -0.411123, 39.4974932 ], [ -0.4111783, 39.4974732 ], [ -0.4111964, 39.4974726 ], [ -0.4113344, 39.4975315 ], [ -0.4114457, 39.4975913 ], [ -0.4117177, 39.497707 ], [ -0.4117777, 39.4977637 ], [ -0.4124599, 39.4977181 ], [ -0.4124623, 39.4979854 ], [ -0.4124442, 39.4982096 ], [ -0.4123551, 39.4984984 ], [ -0.4122923, 39.4986987 ], [ -0.412197, 39.4989757 ], [ -0.4121196, 39.4991726 ], [ -0.4120527, 39.4993394 ], [ -0.4119734, 39.4995487 ], [ -0.4118901, 39.499758 ], [ -0.4118439, 39.4999117 ], [ -0.4117989, 39.5000351 ], [ -0.4117356, 39.5002124 ], [ -0.4116907, 39.5003682 ], [ -0.4116217, 39.5005193 ], [ -0.4114611, 39.5008826 ], [ -0.4113991, 39.5010286 ], [ -0.4113579, 39.5010173 ], [ -0.4113497, 39.501304 ], [ -0.41279, 39.5020508 ], [ -0.4131214, 39.5021809 ], [ -0.4130638, 39.5022127 ], [ -0.4132266, 39.5022968 ], [ -0.4132255, 39.5022989 ], [ -0.4133607, 39.5023681 ], [ -0.4133759, 39.5023486 ], [ -0.4134413, 39.5023808 ], [ -0.4136096, 39.5024655 ], [ -0.4136252, 39.5024477 ], [ -0.4137619, 39.5025386 ], [ -0.4139319, 39.5026775 ], [ -0.4139867, 39.5027215 ], [ -0.414051, 39.5027654 ], [ -0.4141172, 39.502811 ], [ -0.4141849, 39.5028524 ], [ -0.4141816, 39.5028566 ], [ -0.4142518, 39.5028917 ], [ -0.41426, 39.5028815 ], [ -0.4143022, 39.5028997 ], [ -0.4143088, 39.502893 ], [ -0.4143823, 39.5029322 ], [ -0.4144952, 39.5028214 ], [ -0.4145256, 39.5027826 ], [ -0.4145539, 39.5027525 ], [ -0.4145833, 39.50272 ], [ -0.4146933, 39.5027581 ], [ -0.414878, 39.5028539 ], [ -0.4148865, 39.5028464 ], [ -0.4149931, 39.5027171 ], [ -0.4150681, 39.5027567 ], [ -0.4150583, 39.5027694 ], [ -0.4152002, 39.5028551 ], [ -0.4152847, 39.5028955 ], [ -0.4152566, 39.5029293 ], [ -0.4153466, 39.5029583 ], [ -0.4155656, 39.5030304 ], [ -0.4155809, 39.5030121 ], [ -0.4157156, 39.5030439 ], [ -0.4156892, 39.5030522 ], [ -0.4157704, 39.5030805 ], [ -0.4157893, 39.5030585 ], [ -0.415889, 39.5030968 ], [ -0.4160918, 39.5031768 ], [ -0.4160902, 39.503179 ], [ -0.4162267, 39.5032445 ], [ -0.41624, 39.5032302 ], [ -0.4162934, 39.5032635 ], [ -0.4162885, 39.5032697 ], [ -0.4163821, 39.5033155 ], [ -0.4164002, 39.5033051 ], [ -0.4165302, 39.5033455 ], [ -0.4165972, 39.5033719 ], [ -0.4168368, 39.5034374 ], [ -0.4169455, 39.5034825 ], [ -0.4169865, 39.5035044 ], [ -0.4170451, 39.5035438 ], [ -0.417002, 39.5036041 ], [ -0.4171263, 39.5037118 ], [ -0.4171764, 39.5036882 ], [ -0.4172477, 39.5038022 ], [ -0.417264, 39.5038024 ], [ -0.418775, 39.504606 ], [ -0.4241377, 39.5073915 ], [ -0.4259658, 39.507122 ], [ -0.4277586, 39.5067142 ], [ -0.4285514, 39.5066336 ], [ -0.4289337, 39.5065913 ], [ -0.4299204, 39.5064608 ], [ -0.4311903, 39.5062774 ], [ -0.4315753, 39.5060891 ], [ -0.4304288, 39.5024824 ], [ -0.4301867, 39.5017982 ], [ -0.4298392, 39.5006635 ], [ -0.4290367, 39.49898 ], [ -0.4289577, 39.4990059 ], [ -0.4287879, 39.4987241 ], [ -0.4286956, 39.4983432 ], [ -0.4286698, 39.498221 ], [ -0.4286204, 39.4981224 ], [ -0.4285466, 39.4980442 ], [ -0.4285507, 39.498014 ], [ -0.4284159, 39.4979265 ], [ -0.428374, 39.4978459 ], [ -0.4283889, 39.4978027 ], [ -0.4281739, 39.4976271 ], [ -0.4282962, 39.4973939 ], [ -0.4282577, 39.4972957 ], [ -0.4283362, 39.4972377 ], [ -0.4280017, 39.4968084 ], [ -0.4277917, 39.4967885 ], [ -0.4272142, 39.4963379 ], [ -0.4272543, 39.4963189 ], [ -0.427206, 39.496268 ], [ -0.4273141, 39.4962116 ], [ -0.4267196, 39.4953052 ], [ -0.4264108, 39.4950288 ], [ -0.4265199, 39.4949045 ], [ -0.4262915, 39.4942338 ], [ -0.4255971, 39.4929425 ], [ -0.4253672, 39.4925617 ], [ -0.4252817, 39.492443 ], [ -0.4251619, 39.4922999 ], [ -0.424991, 39.4921223 ], [ -0.4249502, 39.4920642 ], [ -0.4249308, 39.4920265 ], [ -0.4249214, 39.4919898 ], [ -0.4249349, 39.4919362 ], [ -0.4249786, 39.4918176 ], [ -0.4249913, 39.491777 ], [ -0.4249898, 39.4917388 ], [ -0.4249731, 39.491697 ], [ -0.4249447, 39.4916621 ], [ -0.4248233, 39.4915535 ], [ -0.4246131, 39.4913489 ], [ -0.4244827, 39.4912029 ], [ -0.4249975, 39.490905 ], [ -0.4244614, 39.490634 ], [ -0.4247656, 39.4896011 ], [ -0.4247764, 39.4894976 ], [ -0.4247708, 39.4893442 ], [ -0.4247838, 39.4892351 ], [ -0.4249253, 39.4887452 ], [ -0.4253014, 39.4889102 ], [ -0.4259358, 39.4876291 ], [ -0.4256558, 39.4875921 ], [ -0.4252709, 39.4875325 ], [ -0.4246198, 39.4873806 ], [ -0.424, 39.4871246 ], [ -0.4233561, 39.4868614 ], [ -0.4223449, 39.4861851 ], [ -0.4219103, 39.4859059 ], [ -0.4215045, 39.4856625 ], [ -0.4212787, 39.4856233 ], [ -0.4204226, 39.4851592 ], [ -0.4200019, 39.4846795 ], [ -0.4185709, 39.4839892 ], [ -0.4163486, 39.4832519 ], [ -0.4138389, 39.4824192 ], [ -0.4116124, 39.4820355 ], [ -0.4103971, 39.4813644 ], [ -0.4105118, 39.4812943 ], [ -0.4105673, 39.4812621 ], [ -0.4106319, 39.4811783 ], [ -0.4106831, 39.4810937 ], [ -0.4107358, 39.4809263 ], [ -0.4108156, 39.480812 ], [ -0.4121573, 39.479623 ], [ -0.4122978, 39.4795176 ], [ -0.412901, 39.4791599 ], [ -0.4132977, 39.4789276 ], [ -0.4132425, 39.478899 ], [ -0.4128817, 39.4784986 ], [ -0.4124591, 39.4781836 ], [ -0.4123623, 39.4780858 ], [ -0.4123428, 39.4779905 ], [ -0.4123508, 39.4778845 ], [ -0.4123734, 39.4777411 ], [ -0.412365, 39.4776848 ], [ -0.412334, 39.4776282 ], [ -0.4122566, 39.4775375 ], [ -0.4118753, 39.4770754 ], [ -0.411779, 39.4769452 ], [ -0.4115425, 39.4764215 ], [ -0.4114386, 39.4762251 ], [ -0.4113953, 39.4761661 ], [ -0.4113437, 39.4760954 ], [ -0.4112002, 39.4760388 ], [ -0.4108657, 39.4759154 ], [ -0.4107254, 39.4758648 ], [ -0.4102236, 39.4756808 ], [ -0.4102873, 39.4753748 ], [ -0.4102979, 39.4751972 ], [ -0.4102732, 39.4750033 ], [ -0.4102201, 39.4748749 ], [ -0.4101351, 39.4747711 ], [ -0.4100006, 39.4746591 ], [ -0.4098662, 39.4745662 ], [ -0.4094379, 39.4742902 ], [ -0.4091548, 39.4741099 ], [ -0.4090203, 39.4740362 ], [ -0.4088964, 39.4739815 ], [ -0.4086982, 39.4739187 ], [ -0.4084363, 39.4738449 ], [ -0.407601, 39.473677 ], [ -0.4072437, 39.4736159 ], [ -0.4071406, 39.4735846 ], [ -0.4070628, 39.4735412 ], [ -0.4070065, 39.4734687 ], [ -0.4069904, 39.4733631 ], [ -0.4069487, 39.4730323 ], [ -0.4068959, 39.4727801 ], [ -0.4075709, 39.4727454 ], [ -0.4079346, 39.4727273 ], [ -0.408018, 39.4727472 ], [ -0.4080166, 39.4727228 ], [ -0.4109922, 39.4725692 ], [ -0.4110454, 39.4725154 ], [ -0.4111982, 39.4723611 ], [ -0.4115204, 39.4720216 ], [ -0.4115954, 39.4719538 ], [ -0.4116433, 39.4718393 ], [ -0.4117834, 39.4717402 ], [ -0.4121495, 39.4713561 ], [ -0.4124036, 39.4711994 ], [ -0.4124681, 39.4711798 ], [ -0.4129856, 39.4710222 ], [ -0.4132676, 39.4709381 ], [ -0.4133508, 39.4709205 ], [ -0.4133661, 39.4709173 ], [ -0.4135182, 39.4708746 ], [ -0.4140096, 39.4706858 ], [ -0.4143545, 39.4705203 ], [ -0.414631, 39.4703876 ], [ -0.4146889, 39.4703589 ], [ -0.4152179, 39.4701005 ], [ -0.4155645, 39.4699301 ], [ -0.4156952, 39.4698584 ], [ -0.4159882, 39.4696681 ], [ -0.4161862, 39.469643 ], [ -0.4166032, 39.469609 ], [ -0.4170002, 39.4695169 ], [ -0.4174666, 39.469366 ], [ -0.4177998, 39.4692102 ], [ -0.4181862, 39.4690849 ], [ -0.4182233, 39.469072 ], [ -0.4181972, 39.4689661 ], [ -0.4180806, 39.4689135 ], [ -0.4180131, 39.4688612 ], [ -0.4178577, 39.4687224 ], [ -0.4178283, 39.4686711 ], [ -0.4177903, 39.4686049 ], [ -0.4177312, 39.4685601 ], [ -0.4176963, 39.4685336 ], [ -0.4175929, 39.4685242 ], [ -0.4175465, 39.46852 ], [ -0.4174539, 39.4684938 ], [ -0.4173614, 39.4684675 ], [ -0.416728, 39.4681436 ], [ -0.416159, 39.4680368 ], [ -0.4158923, 39.4679427 ], [ -0.4156011, 39.4676957 ], [ -0.4154314, 39.4676057 ], [ -0.4153589, 39.4675186 ], [ -0.4152666, 39.4672719 ], [ -0.4151328, 39.4672053 ], [ -0.4149923, 39.4671596 ], [ -0.4147304, 39.4669594 ], [ -0.4140939, 39.4668015 ], [ -0.4134797, 39.4666752 ], [ -0.4124894, 39.4667282 ], [ -0.411511, 39.4664593 ], [ -0.411628, 39.4660621 ], [ -0.4116663, 39.4659472 ], [ -0.4116804, 39.4659049 ], [ -0.4125157, 39.4640301 ], [ -0.4128116, 39.4634106 ], [ -0.4128669, 39.4633075 ], [ -0.4129222, 39.4631843 ], [ -0.4129618, 39.4631001 ], [ -0.4130998, 39.4627938 ], [ -0.4135209, 39.461867 ], [ -0.4136545, 39.4615671 ], [ -0.4137385, 39.4614035 ], [ -0.4138019, 39.4612567 ], [ -0.4138497, 39.4611558 ], [ -0.4140422, 39.4608308 ], [ -0.4141022, 39.4606386 ], [ -0.4145115, 39.4602378 ], [ -0.4147528, 39.4591057 ], [ -0.4149461, 39.458205 ], [ -0.41513, 39.4572964 ], [ -0.4152438, 39.4569027 ], [ -0.4153295, 39.4565869 ], [ -0.4154453, 39.4563795 ], [ -0.4156583, 39.455456 ], [ -0.4156756, 39.455356 ], [ -0.4155971, 39.45498 ], [ -0.4156424, 39.4549489 ], [ -0.4156922, 39.4549505 ], [ -0.4160586, 39.4548759 ], [ -0.4160129, 39.4546606 ], [ -0.416045, 39.4546593 ], [ -0.4159222, 39.4541526 ], [ -0.4158715, 39.4539229 ], [ -0.4158633, 39.4538753 ], [ -0.4159123, 39.4538624 ], [ -0.4159483, 39.4538358 ], [ -0.4161141, 39.453776 ], [ -0.4162834, 39.4537319 ], [ -0.4163624, 39.4537006 ], [ -0.4164443, 39.4536545 ], [ -0.4164784, 39.4536453 ], [ -0.4164972, 39.4536501 ], [ -0.4165348, 39.4536337 ], [ -0.4166455, 39.4535809 ], [ -0.4169431, 39.4534305 ], [ -0.4169777, 39.4533883 ], [ -0.4171079, 39.4532576 ], [ -0.4173852, 39.4531496 ], [ -0.4174198, 39.4531465 ], [ -0.4174426, 39.4531563 ], [ -0.4174519, 39.4531677 ], [ -0.4176211, 39.4531254 ], [ -0.4176748, 39.4531007 ], [ -0.4178147, 39.4530671 ], [ -0.4186035, 39.452896 ], [ -0.4187345, 39.4528357 ], [ -0.4187922, 39.4528214 ], [ -0.4188668, 39.4527952 ], [ -0.4189168, 39.4527791 ], [ -0.4189768, 39.4527515 ], [ -0.4191145, 39.4527048 ], [ -0.4191568, 39.4526825 ], [ -0.4193318, 39.4526411 ], [ -0.4193805, 39.4526412 ], [ -0.4194884, 39.4526392 ], [ -0.4195742, 39.4526128 ], [ -0.4196444, 39.4526002 ], [ -0.4196194, 39.4524766 ], [ -0.4195872, 39.4523716 ], [ -0.419579, 39.4523198 ], [ -0.4195569, 39.4522583 ], [ -0.419553, 39.4522247 ], [ -0.4195804, 39.4522083 ], [ -0.4197357, 39.4521244 ], [ -0.4203312, 39.4517971 ], [ -0.4209291, 39.4517332 ], [ -0.4217978, 39.4517079 ], [ -0.4218818, 39.4516647 ], [ -0.4219098, 39.4515529 ], [ -0.4220406, 39.4515168 ], [ -0.4225823, 39.4514735 ], [ -0.4228999, 39.451488 ], [ -0.4231521, 39.451524 ], [ -0.4233575, 39.4515673 ], [ -0.4235677, 39.4515781 ], [ -0.423932, 39.451506 ], [ -0.4242542, 39.4514303 ], [ -0.424441, 39.4514122 ], [ -0.4246278, 39.4514411 ], [ -0.4249453, 39.451542 ], [ -0.4251695, 39.4516106 ], [ -0.4254123, 39.451661 ], [ -0.4256552, 39.4517079 ], [ -0.4257533, 39.4517223 ], [ -0.4258373, 39.4517584 ], [ -0.4258887, 39.4518341 ], [ -0.4259074, 39.4519423 ], [ -0.4259074, 39.4520505 ], [ -0.425898, 39.4521587 ], [ -0.4262062, 39.4521767 ], [ -0.4267059, 39.4521803 ], [ -0.4271356, 39.4521911 ], [ -0.4273784, 39.4521911 ], [ -0.4277427, 39.4521623 ], [ -0.4282564, 39.4521154 ], [ -0.4284945, 39.4520685 ], [ -0.4294145, 39.4519279 ], [ -0.4295453, 39.4519063 ], [ -0.4296013, 39.4519567 ], [ -0.4304653, 39.4517043 ], [ -0.4312171, 39.4515024 ], [ -0.4319959, 39.4513131 ], [ -0.4318341, 39.4511468 ], [ -0.43168, 39.4509629 ], [ -0.4315539, 39.4508007 ], [ -0.4315013, 39.4507099 ], [ -0.4314839, 39.4506475 ], [ -0.4314753, 39.4506502 ], [ -0.4314429, 39.450602 ], [ -0.4313613, 39.4505013 ], [ -0.4312647, 39.4503754 ], [ -0.4311526, 39.4502348 ], [ -0.4311144, 39.4501825 ], [ -0.4310144, 39.4500516 ], [ -0.4309619, 39.4499845 ], [ -0.4309124, 39.4499208 ], [ -0.4308427, 39.4498268 ], [ -0.4307877, 39.4497837 ], [ -0.4306001, 39.4496633 ], [ -0.4305075, 39.4496009 ], [ -0.4304551, 39.4495643 ], [ -0.4304332, 39.4495463 ], [ -0.4304181, 39.4495256 ], [ -0.430372, 39.4494397 ], [ -0.4303373, 39.4493733 ], [ -0.430279, 39.4492614 ], [ -0.4302347, 39.4491765 ], [ -0.4301734, 39.4490577 ], [ -0.4301115, 39.4489365 ], [ -0.4300735, 39.4488595 ], [ -0.4300507, 39.4488461 ], [ -0.4299418, 39.4487297 ], [ -0.4299193, 39.4487089 ], [ -0.4298121, 39.4486081 ], [ -0.4297464, 39.4485259 ], [ -0.4295335, 39.4482578 ], [ -0.4294883, 39.4481986 ], [ -0.4294412, 39.4481329 ], [ -0.4294167, 39.4480872 ], [ -0.4294063, 39.4480661 ], [ -0.4293797, 39.4480123 ], [ -0.429343, 39.4479459 ], [ -0.4293321, 39.4479213 ], [ -0.4292851, 39.4478145 ], [ -0.4292646, 39.4477887 ], [ -0.4291996, 39.4477043 ], [ -0.4291698, 39.4476674 ], [ -0.4291288, 39.4476184 ], [ -0.4290943, 39.4475783 ], [ -0.4290688, 39.4475385 ], [ -0.4290135, 39.4474783 ], [ -0.4289544, 39.4474157 ], [ -0.4289108, 39.4473684 ], [ -0.4288583, 39.447312 ], [ -0.4288283, 39.4472798 ], [ -0.4287764, 39.4472238 ], [ -0.4286815, 39.4471205 ], [ -0.4286497, 39.4470856 ], [ -0.4286368, 39.44707 ], [ -0.4286189, 39.447048 ], [ -0.4285974, 39.4470167 ], [ -0.4285868, 39.446998 ], [ -0.4285751, 39.4469775 ], [ -0.4285702, 39.4469691 ], [ -0.4285519, 39.4469378 ], [ -0.4285364, 39.4469123 ], [ -0.4285218, 39.4468888 ], [ -0.4285091, 39.4468681 ], [ -0.4284635, 39.4468011 ], [ -0.4284397, 39.4467664 ], [ -0.4283928, 39.4467067 ], [ -0.4283621, 39.4466706 ], [ -0.4283375, 39.4466443 ], [ -0.4283488, 39.4466301 ], [ -0.4283869, 39.4465584 ], [ -0.4283912, 39.4465352 ], [ -0.4284128, 39.446462 ], [ -0.4284572, 39.4464199 ], [ -0.428503, 39.4463833 ], [ -0.4285369, 39.446352 ], [ -0.4285506, 39.446314 ], [ -0.4285519, 39.4462369 ], [ -0.4285686, 39.4461947 ], [ -0.4285829, 39.446166 ], [ -0.4285957, 39.4461417 ], [ -0.4286203, 39.4460937 ], [ -0.4286736, 39.4459728 ], [ -0.4287259, 39.4458558 ], [ -0.4287721, 39.4457509 ], [ -0.4288142, 39.4456619 ], [ -0.4288576, 39.4455743 ], [ -0.4288616, 39.4455669 ], [ -0.4288819, 39.445518 ], [ -0.4288873, 39.4454912 ], [ -0.4288859, 39.4454695 ], [ -0.4288739, 39.4454348 ], [ -0.4288588, 39.4454132 ], [ -0.4288258, 39.4453814 ], [ -0.4287584, 39.4453155 ], [ -0.4287154, 39.4452728 ], [ -0.4286592, 39.4452158 ], [ -0.4286126, 39.4451769 ], [ -0.4285308, 39.4451086 ], [ -0.4285038, 39.4450864 ], [ -0.4284696, 39.445058 ], [ -0.4282806, 39.4449023 ], [ -0.4281878, 39.4448257 ], [ -0.428139, 39.4447853 ], [ -0.4280699, 39.4447258 ], [ -0.4280103, 39.4446737 ], [ -0.4278888, 39.4445799 ], [ -0.4276263, 39.4443767 ], [ -0.4275124, 39.4442946 ], [ -0.4274458, 39.4442557 ], [ -0.4273977, 39.4442319 ], [ -0.4273228, 39.4441964 ], [ -0.4272436, 39.4441621 ], [ -0.4271046, 39.4441056 ], [ -0.4269915, 39.4440593 ], [ -0.4269307, 39.4440306 ], [ -0.4268959, 39.4440063 ], [ -0.4268559, 39.4439674 ], [ -0.4267869, 39.4438933 ], [ -0.4267629, 39.4438676 ], [ -0.4267154, 39.443812 ], [ -0.426696, 39.443777 ], [ -0.4266213, 39.4436465 ], [ -0.4265595, 39.4435259 ], [ -0.4265343, 39.4434736 ], [ -0.4265186, 39.4434406 ], [ -0.4264703, 39.4433403 ], [ -0.4264607, 39.4433202 ], [ -0.4264166, 39.4432363 ], [ -0.4263958, 39.4431989 ], [ -0.4263791, 39.4431683 ], [ -0.4263728, 39.4431567 ], [ -0.4263475, 39.443119 ], [ -0.4263197, 39.4430778 ], [ -0.4262865, 39.4430303 ], [ -0.4262601, 39.442992 ], [ -0.4262219, 39.4429388 ], [ -0.4261542, 39.4428445 ], [ -0.4260827, 39.4427435 ], [ -0.4259308, 39.4425292 ], [ -0.4257393, 39.4422601 ], [ -0.4256817, 39.4421748 ], [ -0.4256527, 39.4421351 ], [ -0.4256023, 39.4420766 ], [ -0.4255053, 39.4419098 ], [ -0.425434, 39.4417976 ], [ -0.4253698, 39.4416977 ], [ -0.4253308, 39.4416384 ], [ -0.4252729, 39.4415687 ], [ -0.4252448, 39.4415433 ], [ -0.425183, 39.441484 ], [ -0.4251602, 39.4414644 ], [ -0.4251349, 39.4414387 ], [ -0.4251087, 39.4414081 ], [ -0.4250822, 39.4413768 ], [ -0.4250556, 39.4413461 ], [ -0.4250144, 39.4412901 ], [ -0.4249736, 39.4412226 ], [ -0.4249289, 39.4411463 ], [ -0.4248865, 39.4410669 ], [ -0.4248399, 39.4409604 ], [ -0.4248097, 39.44089 ], [ -0.4247782, 39.4408296 ], [ -0.4247664, 39.4407673 ], [ -0.4247374, 39.4406719 ], [ -0.4246787, 39.4404453 ], [ -0.4245714, 39.4400518 ], [ -0.424471, 39.4398379 ], [ -0.4243614, 39.4396208 ], [ -0.424186, 39.4392198 ], [ -0.4240937, 39.4389153 ], [ -0.42402, 39.4388137 ], [ -0.4236567, 39.438391 ], [ -0.4234961, 39.438259 ], [ -0.4234452, 39.4381696 ], [ -0.4230385, 39.4376228 ], [ -0.4228197, 39.4373053 ], [ -0.4221899, 39.4363915 ], [ -0.4221382, 39.4363218 ], [ -0.4220237, 39.4361941 ], [ -0.4216829, 39.4358508 ], [ -0.4216178, 39.4357989 ], [ -0.4215008, 39.4357161 ], [ -0.4213764, 39.4356476 ], [ -0.4212457, 39.4355861 ], [ -0.4212074, 39.4355313 ], [ -0.4209803, 39.4354772 ], [ -0.4209154, 39.4354367 ], [ -0.4207391, 39.4353419 ], [ -0.4206541, 39.4352617 ], [ -0.4206551, 39.4352495 ], [ -0.4206045, 39.4352069 ], [ -0.4205503, 39.4351579 ], [ -0.4193194, 39.4354978 ], [ -0.417967, 39.4356444 ], [ -0.4175222, 39.4356904 ], [ -0.4170651, 39.4357376 ], [ -0.4166411, 39.4357801 ], [ -0.4162455, 39.4358252 ], [ -0.4158104, 39.4358683 ], [ -0.4153116, 39.4359004 ], [ -0.4148324, 39.4359189 ], [ -0.4143957, 39.4359409 ], [ -0.4121212, 39.4361361 ], [ -0.4116633, 39.4361379 ], [ -0.4105869, 39.4361099 ], [ -0.4104932, 39.4361201 ], [ -0.4104529, 39.4361245 ], [ -0.4103671, 39.4361309 ], [ -0.4093722, 39.4361965 ], [ -0.4086127, 39.4362052 ], [ -0.4081452, 39.4362115 ], [ -0.4074581, 39.4362052 ], [ -0.4063604, 39.4362178 ], [ -0.4061287, 39.4362931 ], [ -0.4055497, 39.4363425 ], [ -0.4047187, 39.4364188 ], [ -0.4046712, 39.4364232 ], [ -0.4041014, 39.4364614 ], [ -0.4031422, 39.43662 ], [ -0.4027832, 39.4366953 ], [ -0.4026208, 39.4366941 ], [ -0.402427, 39.4366509 ], [ -0.4022355, 39.4366022 ], [ -0.4023823, 39.4359967 ], [ -0.4023803, 39.4359826 ], [ -0.4023579, 39.4359795 ], [ -0.4023965, 39.4359434 ], [ -0.4025632, 39.4355854 ], [ -0.4025776, 39.4355359 ], [ -0.4025351, 39.4349742 ], [ -0.4025422, 39.4348225 ], [ -0.4025298, 39.434787 ], [ -0.4025263, 39.4347337 ], [ -0.4025263, 39.4347077 ], [ -0.4024998, 39.434586 ], [ -0.4024661, 39.4345341 ], [ -0.4024414, 39.4345109 ], [ -0.4024272, 39.4344111 ], [ -0.4025922, 39.4335188 ], [ -0.4026534, 39.4321301 ], [ -0.4025916, 39.4312552 ], [ -0.4025243, 39.4302803 ], [ -0.4017378, 39.427997 ], [ -0.4017248, 39.4279972 ], [ -0.4017081, 39.4279915 ], [ -0.4016984, 39.4279772 ], [ -0.4016903, 39.4279244 ], [ -0.4016876, 39.4278462 ], [ -0.4016863, 39.4278306 ], [ -0.4016742, 39.4277794 ], [ -0.4016464, 39.4277387 ], [ -0.4016236, 39.4277234 ], [ -0.4015966, 39.4277174 ], [ -0.4014461, 39.4277134 ], [ -0.4013777, 39.4277293 ], [ -0.4013444, 39.4277347 ], [ -0.4012635, 39.4277369 ], [ -0.4010714, 39.427719 ], [ -0.4009312, 39.4277136 ], [ -0.4007784, 39.4277239 ], [ -0.4004974, 39.4277177 ], [ -0.4003143, 39.4277151 ], [ -0.4001755, 39.4277006 ], [ -0.4001199, 39.4277001 ], [ -0.4000682, 39.4277022 ], [ -0.4000454, 39.4277069 ], [ -0.399859, 39.4277716 ], [ -0.3997558, 39.4277923 ], [ -0.399728, 39.4277992 ], [ -0.3996442, 39.4278456 ], [ -0.3996089, 39.4278602 ], [ -0.3995876, 39.4278662 ], [ -0.3994714, 39.4278673 ], [ -0.3994243, 39.4278819 ], [ -0.3987969, 39.4282094 ], [ -0.3987619, 39.4282329 ], [ -0.3986078, 39.4284872 ], [ -0.3978139, 39.4284006 ], [ -0.3976696, 39.4284746 ], [ -0.3975721, 39.4284746 ], [ -0.3974257, 39.4284981 ], [ -0.3973485, 39.4284919 ], [ -0.3971513, 39.428192 ], [ -0.3970899, 39.4280888 ], [ -0.3970676, 39.4280307 ], [ -0.3970289, 39.4278533 ], [ -0.3970081, 39.4278532 ], [ -0.3967853, 39.4278524 ], [ -0.3957727, 39.4278486 ], [ -0.395791, 39.4277308 ], [ -0.3957585, 39.427624 ], [ -0.3957771, 39.4273004 ], [ -0.3957795, 39.4272586 ], [ -0.3952347, 39.4272531 ], [ -0.3951236, 39.427252 ], [ -0.3949038, 39.4272476 ], [ -0.394555, 39.4272445 ], [ -0.3943024, 39.4272434 ], [ -0.3939986, 39.4272076 ], [ -0.3939153, 39.4271828 ], [ -0.3939081, 39.4271806 ], [ -0.3937059, 39.4271518 ], [ -0.3933472, 39.427097 ], [ -0.3929459, 39.4270276 ], [ -0.3926032, 39.4269748 ], [ -0.3924032, 39.4269444 ], [ -0.392357, 39.4269374 ], [ -0.3919771, 39.4268705 ], [ -0.3916439, 39.4268048 ], [ -0.3912502, 39.4267328 ], [ -0.3910045, 39.4266914 ], [ -0.3909914, 39.4268005 ], [ -0.3909094, 39.4270132 ], [ -0.390453, 39.4280848 ], [ -0.3905973, 39.4280982 ], [ -0.3905534, 39.4282894 ], [ -0.3905021, 39.4284863 ], [ -0.3903973, 39.4289329 ], [ -0.3902667, 39.4294675 ], [ -0.3901388, 39.4299679 ], [ -0.3901035, 39.4299658 ], [ -0.3900814, 39.4299727 ], [ -0.390062, 39.4299932 ], [ -0.390055, 39.4300078 ], [ -0.3900342, 39.430116 ], [ -0.3900253, 39.4301614 ], [ -0.3900138, 39.4301959 ], [ -0.3899948, 39.4302321 ], [ -0.3899683, 39.4302458 ], [ -0.3899374, 39.4302555 ], [ -0.3899074, 39.4304855 ], [ -0.3899971, 39.4304991 ], [ -0.3896811, 39.4316095 ], [ -0.3895934, 39.431919 ], [ -0.3893992, 39.4326116 ], [ -0.3893652, 39.4327445 ], [ -0.3892084, 39.4334951 ], [ -0.3891878, 39.4335988 ], [ -0.3891846, 39.4336002 ], [ -0.3890225, 39.4335501 ], [ -0.3886413, 39.433432 ], [ -0.3885036, 39.4333893 ], [ -0.388249, 39.4333103 ], [ -0.3876, 39.4330093 ], [ -0.3873286, 39.4328804 ], [ -0.3865771, 39.43267 ], [ -0.3859376, 39.4324632 ], [ -0.3856568, 39.4323298 ], [ -0.3850541, 39.4320805 ], [ -0.384453, 39.4317832 ], [ -0.384279, 39.4316967 ], [ -0.3840766, 39.4315884 ], [ -0.3836547, 39.4313345 ], [ -0.3833285, 39.4311571 ], [ -0.3828284, 39.430775 ], [ -0.3824049, 39.4305108 ], [ -0.3822636, 39.4304325 ], [ -0.3819199, 39.4302419 ], [ -0.3813215, 39.429842 ], [ -0.3807938, 39.4294571 ], [ -0.3803945, 39.4291658 ], [ -0.3796821, 39.4286553 ], [ -0.3791071, 39.4282509 ], [ -0.3787637, 39.4280785 ], [ -0.378573, 39.4279646 ], [ -0.3784331, 39.4279023 ], [ -0.3779125, 39.4276855 ], [ -0.3776383, 39.4275893 ], [ -0.3767028, 39.4271739 ], [ -0.3761584, 39.4270289 ], [ -0.3744028, 39.4267159 ], [ -0.3736607, 39.4266245 ], [ -0.3730644, 39.4264442 ], [ -0.372756, 39.4262824 ], [ -0.3722816, 39.4260335 ], [ -0.3721735, 39.4259819 ], [ -0.3714629, 39.4256423 ], [ -0.3714014, 39.4255876 ], [ -0.3714002, 39.4255367 ], [ -0.3713995, 39.4255056 ], [ -0.3715413, 39.4252071 ], [ -0.3717072, 39.4248576 ], [ -0.3718444, 39.4244939 ], [ -0.3719631, 39.4241792 ], [ -0.3705245, 39.4234443 ], [ -0.3696715, 39.4230961 ], [ -0.3679503, 39.4223933 ], [ -0.3667781, 39.4218883 ], [ -0.3660775, 39.421571 ], [ -0.3653768, 39.4212212 ], [ -0.3651269, 39.4211304 ], [ -0.3645572, 39.4209979 ], [ -0.3646218, 39.4209205 ], [ -0.3647063, 39.4205383 ], [ -0.3648277, 39.420083 ], [ -0.3648196, 39.4200415 ], [ -0.3647883, 39.4200092 ], [ -0.3644084, 39.4199019 ], [ -0.3643059, 39.419896 ], [ -0.3640881, 39.4198501 ], [ -0.3637802, 39.4197599 ], [ -0.3634263, 39.4196341 ], [ -0.3630865, 39.4195111 ], [ -0.3628069, 39.419399 ], [ -0.3626724, 39.4193553 ], [ -0.3625309, 39.4193361 ], [ -0.3623703, 39.4193271 ], [ -0.3622101, 39.4193199 ], [ -0.3620592, 39.4192961 ], [ -0.3618342, 39.4192414 ], [ -0.3616226, 39.4192892 ], [ -0.3610447, 39.4194197 ], [ -0.360759, 39.4194842 ], [ -0.3603399, 39.4196079 ], [ -0.3601612, 39.4196746 ], [ -0.3601305, 39.4196844 ], [ -0.3600719, 39.4197031 ], [ -0.3599949, 39.4197127 ], [ -0.3599055, 39.4197103 ], [ -0.3597571, 39.4196943 ], [ -0.3592856, 39.4196434 ], [ -0.3590675, 39.4196198 ], [ -0.3589719, 39.4196151 ], [ -0.3588949, 39.4196151 ], [ -0.3588179, 39.4196317 ], [ -0.3586977, 39.4196722 ], [ -0.3584944, 39.4197317 ], [ -0.3583746, 39.4197561 ], [ -0.3583311, 39.419765 ], [ -0.3580661, 39.4197817 ], [ -0.3580268, 39.4197755 ], [ -0.3578751, 39.4197516 ], [ -0.3577488, 39.4197317 ], [ -0.3575731, 39.4196936 ], [ -0.3573082, 39.4196055 ], [ -0.3572209, 39.4195625 ], [ -0.3571305, 39.4195179 ], [ -0.356921, 39.4196367 ], [ -0.3567335, 39.4197583 ], [ -0.3563194, 39.4200474 ], [ -0.3562642, 39.4200859 ], [ -0.3553088, 39.4207743 ], [ -0.3549686, 39.4210195 ], [ -0.3549496, 39.4209611 ], [ -0.354919, 39.4209823 ], [ -0.354387, 39.4213508 ], [ -0.353636, 39.4218791 ], [ -0.3535488, 39.4219802 ], [ -0.3535329, 39.4219987 ], [ -0.3534438, 39.4219919 ], [ -0.3532608, 39.4219981 ], [ -0.3531879, 39.4220024 ], [ -0.3530493, 39.4220106 ], [ -0.3518193, 39.4220872 ], [ -0.3514654, 39.4221092 ], [ -0.3509676, 39.4221624 ], [ -0.3503225, 39.4222499 ], [ -0.350276, 39.4222562 ], [ -0.3501881, 39.4222661 ], [ -0.3501848, 39.422246 ], [ -0.3500979, 39.4216154 ], [ -0.3498837, 39.4191067 ], [ -0.3497758, 39.4175001 ], [ -0.3497543, 39.4170167 ], [ -0.3497329, 39.4164263 ], [ -0.3497191, 39.416207 ], [ -0.3496262, 39.4156812 ], [ -0.3498491, 39.4136049 ], [ -0.3499774, 39.4129467 ], [ -0.3501439, 39.4115887 ], [ -0.3502857, 39.4109046 ], [ -0.3506321, 39.4089053 ], [ -0.3507927, 39.4081687 ], [ -0.3507912, 39.4052002 ], [ -0.3511506, 39.4022234 ], [ -0.351044, 39.4017925 ], [ -0.3505246, 39.4004174 ], [ -0.3502021, 39.4001703 ], [ -0.3496964, 39.3997373 ], [ -0.3489666, 39.3988332 ], [ -0.3487944, 39.3984171 ], [ -0.3483898, 39.3981763 ], [ -0.3475666, 39.3975219 ], [ -0.3470882, 39.3970599 ], [ -0.3466611, 39.3965133 ], [ -0.3465176, 39.3961674 ], [ -0.3456156, 39.3945224 ], [ -0.3453443, 39.3941896 ], [ -0.3449799, 39.3932755 ], [ -0.3442441, 39.3919243 ], [ -0.3441151, 39.3917823 ], [ -0.3426692, 39.3901914 ], [ -0.3417258, 39.3889372 ], [ -0.3407498, 39.3880024 ], [ -0.3375786, 39.3852925 ], [ -0.3374731, 39.385193 ], [ -0.3357721, 39.3821898 ], [ -0.3345982, 39.3801055 ], [ -0.334265, 39.3796711 ], [ -0.3341404, 39.3795086 ], [ -0.3337985, 39.3785838 ], [ -0.333637, 39.378087 ], [ -0.3335085, 39.3776387 ], [ -0.3330925, 39.3761455 ], [ -0.3323521, 39.374075 ], [ -0.3320557, 39.3729532 ], [ -0.3301434, 39.3657165 ], [ -0.3300717, 39.3653535 ], [ -0.3315574, 39.365336 ], [ -0.332622, 39.3689464 ], [ -0.3349365, 39.3684833 ], [ -0.3377376, 39.3735165 ], [ -0.3429494, 39.3708274 ], [ -0.3413374, 39.3674466 ], [ -0.3441644, 39.3664373 ], [ -0.3447987, 39.3673173 ], [ -0.345628, 39.3682979 ], [ -0.3470496, 39.3699617 ], [ -0.3475968, 39.3705589 ], [ -0.3520322, 39.3683031 ], [ -0.3515818, 39.3675272 ], [ -0.3535128, 39.3659829 ], [ -0.3535423, 39.3658905 ], [ -0.3535847, 39.365856 ], [ -0.3536316, 39.365818 ], [ -0.3536962, 39.3658687 ], [ -0.3537576, 39.3660138 ], [ -0.3560324, 39.3648063 ], [ -0.3579733, 39.3644116 ], [ -0.3608743, 39.364232 ], [ -0.3599237, 39.3633852 ], [ -0.3606658, 39.3618921 ], [ -0.3631385, 39.3594347 ], [ -0.3643054, 39.3599407 ], [ -0.3698854, 39.3623603 ], [ -0.3714639, 39.3596956 ], [ -0.3722635, 39.3591421 ], [ -0.3751982, 39.3579784 ], [ -0.3753044, 39.3580718 ], [ -0.3755619, 39.3581963 ], [ -0.3758915, 39.3583114 ], [ -0.3762285, 39.3584345 ], [ -0.3763382, 39.3581925 ], [ -0.3782944, 39.3582513 ], [ -0.378754, 39.3573716 ], [ -0.3826849, 39.3557107 ], [ -0.3827126, 39.3545461 ], [ -0.3840682, 39.3539364 ], [ -0.3849247, 39.3533373 ], [ -0.386126, 39.3533962 ], [ -0.3854275, 39.3528927 ], [ -0.3858947, 39.3520021 ], [ -0.3865949, 39.3519641 ], [ -0.3865047, 39.3514477 ], [ -0.3861207, 39.3506587 ], [ -0.3867786, 39.3493371 ], [ -0.3860885, 39.3475089 ], [ -0.387404, 39.3480213 ], [ -0.3867432, 39.3449221 ], [ -0.3870399, 39.3434439 ], [ -0.3887511, 39.3434711 ], [ -0.3881209, 39.3412763 ], [ -0.3889333, 39.3408601 ], [ -0.3880083, 39.3403364 ], [ -0.3916925, 39.3399425 ], [ -0.3906417, 39.3395591 ], [ -0.3912079, 39.3386264 ], [ -0.3921456, 39.3384641 ], [ -0.3923956, 39.3379857 ], [ -0.3934566, 39.3383691 ], [ -0.3952232, 39.3363749 ], [ -0.39302, 39.3359058 ], [ -0.393307, 39.3350807 ], [ -0.3935419, 39.3351258 ], [ -0.396767, 39.3357387 ], [ -0.3976293, 39.3358976 ], [ -0.3985776, 39.3337705 ], [ -0.3956518, 39.3326419 ], [ -0.3956947, 39.3312145 ], [ -0.3978727, 39.3312726 ], [ -0.3971631, 39.328519 ], [ -0.3964994, 39.3285497 ], [ -0.3958567, 39.3286297 ], [ -0.3951074, 39.3265739 ], [ -0.3941677, 39.3229324 ], [ -0.3926436, 39.3231275 ], [ -0.3916693, 39.3231479 ], [ -0.3909963, 39.3221549 ], [ -0.3908887, 39.3180624 ], [ -0.3898296, 39.3148019 ], [ -0.3847257, 39.3166608 ], [ -0.3842973, 39.3175097 ], [ -0.3812427, 39.3166336 ], [ -0.3788791, 39.3148012 ], [ -0.3762906, 39.3121682 ], [ -0.3783371, 39.3117003 ], [ -0.3794243, 39.3110664 ], [ -0.3766372, 39.3098423 ], [ -0.3758369, 39.3089545 ], [ -0.3752292, 39.3076379 ], [ -0.3740467, 39.3071914 ], [ -0.3694295, 39.3076422 ], [ -0.3671155, 39.3074823 ], [ -0.3668173, 39.3071663 ], [ -0.3669598, 39.3069029 ], [ -0.3660759, 39.306212 ], [ -0.3650831, 39.3056341 ], [ -0.3644574, 39.3053357 ], [ -0.3641525, 39.3051868 ], [ -0.3638498, 39.3055835 ], [ -0.3632952, 39.3063755 ], [ -0.362312, 39.3062496 ], [ -0.3616902, 39.3055965 ], [ -0.3611216, 39.3068069 ], [ -0.3589866, 39.3071765 ], [ -0.3574739, 39.3083258 ], [ -0.3569188, 39.309945 ], [ -0.3563147, 39.3101243 ], [ -0.3560355, 39.3118552 ], [ -0.3550662, 39.311805 ], [ -0.3519784, 39.3116447 ], [ -0.3503575, 39.3113291 ], [ -0.3482386, 39.3146541 ], [ -0.3481152, 39.3147163 ], [ -0.3476807, 39.3154634 ], [ -0.3475842, 39.3157207 ], [ -0.3474983, 39.3158328 ], [ -0.3473213, 39.3160486 ], [ -0.3470778, 39.3164999 ], [ -0.3376401, 39.3173585 ], [ -0.3375468, 39.3167119 ], [ -0.337422, 39.3156511 ], [ -0.3371861, 39.313919 ], [ -0.3349974, 39.3138444 ], [ -0.3334167, 39.3137794 ], [ -0.333299, 39.3152103 ], [ -0.3311484, 39.3139854 ], [ -0.3308439, 39.3138013 ], [ -0.3301383, 39.3134184 ], [ -0.3295078, 39.3130735 ], [ -0.3284766, 39.3139265 ], [ -0.3240002, 39.3144535 ], [ -0.3228757, 39.314769 ], [ -0.3215827, 39.3136967 ], [ -0.3205252, 39.3128196 ], [ -0.3204912, 39.3124432 ], [ -0.3204414, 39.3119709 ], [ -0.3204088, 39.3118275 ], [ -0.3203547, 39.3117467 ], [ -0.3198627, 39.3117279 ], [ -0.3185658, 39.3116719 ], [ -0.3184612, 39.3116117 ], [ -0.3184317, 39.3111884 ], [ -0.3184183, 39.3106322 ], [ -0.3184612, 39.3098643 ], [ -0.3184987, 39.3095053 ], [ -0.3185792, 39.3091068 ], [ -0.3186624, 39.3086088 ], [ -0.3187026, 39.3076458 ], [ -0.3185926, 39.3070273 ], [ -0.3185872, 39.3066766 ], [ -0.3185685, 39.3065354 ], [ -0.3184397, 39.3057634 ], [ -0.318311, 39.3043915 ], [ -0.3182895, 39.3041383 ], [ -0.318252, 39.3037896 ], [ -0.3182252, 39.3035489 ], [ -0.318142, 39.3033974 ], [ -0.3181307, 39.3032107 ], [ -0.3177853, 39.3032043 ], [ -0.3170611, 39.3032957 ], [ -0.3163959, 39.3033828 ], [ -0.3162028, 39.3034285 ], [ -0.3160365, 39.303553 ], [ -0.3157736, 39.3037232 ], [ -0.3154303, 39.3038934 ], [ -0.315264, 39.3039225 ], [ -0.3150387, 39.30391 ], [ -0.3147866, 39.3038477 ], [ -0.3145183, 39.303744 ], [ -0.3143038, 39.3036526 ], [ -0.3139497, 39.3035738 ], [ -0.3134133, 39.3035696 ], [ -0.3129895, 39.3035572 ], [ -0.3126008, 39.3034955 ], [ -0.3123111, 39.3034042 ], [ -0.3120912, 39.3033087 ], [ -0.3119313, 39.3032205 ], [ -0.3108702, 39.3025711 ], [ -0.3102691, 39.3022055 ], [ -0.3094545, 39.3016424 ], [ -0.3090492, 39.3013808 ], [ -0.3086004, 39.3010519 ], [ -0.3080705, 39.3007168 ], [ -0.3076968, 39.3004934 ], [ -0.3074121, 39.3003083 ], [ -0.3069854, 39.3000646 ], [ -0.3066035, 39.2997835 ], [ -0.3062575, 39.2995938 ], [ -0.3060145, 39.2994757 ], [ -0.3057671, 39.299326 ], [ -0.3056236, 39.2992272 ], [ -0.3055181, 39.2991216 ], [ -0.3054082, 39.2989881 ], [ -0.3051122, 39.2985428 ], [ -0.3047663, 39.2980227 ], [ -0.3044886, 39.2975999 ], [ -0.303786, 39.2966568 ], [ -0.303441, 39.2961459 ], [ -0.3031337, 39.2956566 ], [ -0.3028479, 39.2952221 ], [ -0.3025488, 39.2948121 ], [ -0.3020821, 39.294266 ], [ -0.3013039, 39.2933397 ], [ -0.3009959, 39.2929442 ], [ -0.3004656, 39.2922951 ], [ -0.2998748, 39.291602 ], [ -0.2993067, 39.2909211 ], [ -0.2988407, 39.2903736 ], [ -0.2981799, 39.2896329 ], [ -0.2973807, 39.2887655 ], [ -0.2964348, 39.2876611 ], [ -0.2960841, 39.2873014 ], [ -0.2951892, 39.2862822 ], [ -0.2943066, 39.2852882 ], [ -0.294082, 39.2850397 ], [ -0.2939875, 39.2849223 ], [ -0.2939165, 39.2848009 ], [ -0.2938312, 39.2845801 ], [ -0.2937528, 39.2843767 ], [ -0.2936673, 39.2841923 ], [ -0.2935652, 39.2839922 ], [ -0.2934491, 39.2838011 ], [ -0.2933413, 39.2836521 ], [ -0.2932105, 39.2835415 ], [ -0.2930569, 39.2834431 ], [ -0.2926463, 39.2832396 ], [ -0.2923485, 39.283127 ], [ -0.2919069, 39.2829794 ], [ -0.2904829, 39.2824975 ], [ -0.2883831, 39.2818003 ], [ -0.2870549, 39.2813686 ], [ -0.2866341, 39.2812517 ], [ -0.286173, 39.2811567 ], [ -0.2851269, 39.280974 ], [ -0.28455, 39.2807966 ], [ -0.2837017, 39.2804546 ], [ -0.2828004, 39.2800374 ], [ -0.2821731, 39.279798 ], [ -0.2813972, 39.27952 ], [ -0.2805764, 39.2792874 ], [ -0.2795358, 39.2790715 ], [ -0.2784946, 39.2788987 ], [ -0.2776694, 39.2788312 ], [ -0.2770288, 39.2788189 ], [ -0.2764198, 39.2788403 ], [ -0.2759928, 39.2788648 ], [ -0.2754866, 39.2788954 ], [ -0.2748342, 39.2788985 ], [ -0.2736756, 39.278874 ], [ -0.2734739, 39.2788495 ], [ -0.2733118, 39.2787944 ], [ -0.273118, 39.2787118 ], [ -0.2729242, 39.2785955 ], [ -0.2727165, 39.2784496 ], [ -0.2726733, 39.2785262 ], [ -0.2726225, 39.2786162 ], [ -0.2725671, 39.2786262 ], [ -0.2725326, 39.2786481 ], [ -0.2725205, 39.2787487 ], [ -0.2727904, 39.2790087 ], [ -0.2729172, 39.2790876 ], [ -0.2730729, 39.2791353 ], [ -0.2733032, 39.2791748 ], [ -0.2741027, 39.2791873 ], [ -0.2750858, 39.2791792 ], [ -0.2753108, 39.2796788 ], [ -0.2754798, 39.2800128 ], [ -0.275548, 39.2802367 ], [ -0.2755916, 39.2804142 ], [ -0.2759246, 39.2808422 ], [ -0.2761904, 39.2813427 ], [ -0.2764629, 39.2818177 ], [ -0.2766568, 39.2821986 ], [ -0.2769493, 39.2826402 ], [ -0.2773809, 39.2832434 ], [ -0.2776254, 39.2837021 ], [ -0.278068, 39.2846954 ], [ -0.278465, 39.2852635 ], [ -0.2787831, 39.2857389 ], [ -0.2789939, 39.2861366 ], [ -0.2791978, 39.2864514 ], [ -0.2795706, 39.2869662 ], [ -0.279863, 39.2875184 ], [ -0.2803023, 39.2881632 ], [ -0.2806682, 39.2887441 ], [ -0.2809557, 39.2892601 ], [ -0.2815302, 39.2900971 ], [ -0.2819519, 39.290514 ], [ -0.2825898, 39.2914812 ], [ -0.2827829, 39.2917648 ], [ -0.2827759, 39.2918679 ], [ -0.2828534, 39.2920234 ], [ -0.2830511, 39.2921984 ], [ -0.28313, 39.2923296 ], [ -0.2832501, 39.2926949 ], [ -0.2833464, 39.2928851 ], [ -0.2835867, 39.2930976 ], [ -0.2837096, 39.2932801 ], [ -0.2837265, 39.2934541 ], [ -0.2838563, 39.2937312 ], [ -0.2840433, 39.2940527 ], [ -0.284382, 39.2945177 ], [ -0.2848962, 39.2957115 ], [ -0.2850319, 39.2959952 ], [ -0.2853007, 39.2962623 ], [ -0.2855083, 39.2967043 ], [ -0.2858079, 39.297086 ], [ -0.2861579, 39.2977197 ], [ -0.2865938, 39.298623 ], [ -0.286788, 39.2989412 ], [ -0.2870167, 39.2992276 ], [ -0.2871758, 39.2995049 ], [ -0.2871957, 39.2996496 ], [ -0.2874531, 39.3000039 ], [ -0.2875653, 39.3002451 ], [ -0.2876664, 39.3004826 ], [ -0.2877243, 39.300665 ], [ -0.2880338, 39.3010936 ], [ -0.2881425, 39.3013844 ], [ -0.2884212, 39.3019301 ], [ -0.2888093, 39.3024639 ], [ -0.289144, 39.302929 ], [ -0.2892569, 39.3032223 ], [ -0.2893141, 39.3034543 ], [ -0.2894254, 39.3036924 ], [ -0.28977, 39.3042243 ], [ -0.2897995, 39.304429 ], [ -0.2900225, 39.3047472 ], [ -0.2901702, 39.3049852 ], [ -0.2903711, 39.3052562 ], [ -0.2905095, 39.3057139 ], [ -0.2908244, 39.3062774 ], [ -0.2909419, 39.306532 ], [ -0.291102, 39.3067085 ], [ -0.2911646, 39.3068912 ], [ -0.2912464, 39.307058 ], [ -0.2913148, 39.307265 ], [ -0.291755, 39.3080146 ], [ -0.2917839, 39.3082249 ], [ -0.2918037, 39.308369 ], [ -0.2915778, 39.3083787 ], [ -0.2915639, 39.3084344 ], [ -0.2919554, 39.3084282 ], [ -0.2921356, 39.3087142 ], [ -0.2922149, 39.3089161 ], [ -0.2923105, 39.3090921 ], [ -0.2925917, 39.3095456 ], [ -0.2929378, 39.3102854 ], [ -0.2932171, 39.3110001 ], [ -0.2936894, 39.3119475 ], [ -0.2946099, 39.3139148 ], [ -0.2949854, 39.3145884 ], [ -0.2954361, 39.3153155 ], [ -0.2955648, 39.3156544 ], [ -0.2961495, 39.3166546 ], [ -0.2964668, 39.3173027 ], [ -0.2965634, 39.317759 ], [ -0.2969553, 39.3184844 ], [ -0.2973098, 39.319147 ], [ -0.2976213, 39.3198749 ], [ -0.2979775, 39.320581 ], [ -0.298615, 39.3217866 ], [ -0.298869, 39.3224363 ], [ -0.2990696, 39.3227427 ], [ -0.2994481, 39.3234789 ], [ -0.2998515, 39.3242659 ], [ -0.3000747, 39.3247942 ], [ -0.3004451, 39.325389 ], [ -0.3007061, 39.3260785 ], [ -0.3009678, 39.326541 ], [ -0.301353, 39.3272501 ], [ -0.3015936, 39.3278101 ], [ -0.3017773, 39.3282425 ], [ -0.3023025, 39.3292795 ], [ -0.3025064, 39.3295984 ], [ -0.3030643, 39.3307056 ], [ -0.303218, 39.331256 ], [ -0.3034934, 39.3318629 ], [ -0.3038099, 39.3324693 ], [ -0.3040996, 39.3330716 ], [ -0.3043785, 39.3336487 ], [ -0.3045985, 39.3341665 ], [ -0.3049901, 39.3349379 ], [ -0.3053549, 39.3358175 ], [ -0.3057357, 39.3368367 ], [ -0.3061327, 39.337507 ], [ -0.3062078, 39.3379843 ], [ -0.3063902, 39.3384942 ], [ -0.3067335, 39.3392371 ], [ -0.3068408, 39.3397117 ], [ -0.3074416, 39.3410449 ], [ -0.3076455, 39.3414146 ], [ -0.3077045, 39.341772 ], [ -0.3079191, 39.3422736 ], [ -0.3082302, 39.3427299 ], [ -0.3084072, 39.3431948 ], [ -0.3084716, 39.343507 ], [ -0.3090778, 39.3447542 ], [ -0.3092763, 39.345312 ], [ -0.3095724, 39.3457733 ], [ -0.3096989, 39.3461168 ], [ -0.3100908, 39.3471811 ], [ -0.310257, 39.3474587 ], [ -0.3104116, 39.3477168 ], [ -0.3106705, 39.3482124 ], [ -0.3108754, 39.3487334 ], [ -0.3111444, 39.3494848 ], [ -0.311175, 39.3496102 ], [ -0.3111909, 39.3497614 ], [ -0.3112096, 39.3498693 ], [ -0.3112204, 39.3499304 ], [ -0.3112171, 39.3499868 ], [ -0.3111075, 39.3499585 ], [ -0.3110924, 39.3500073 ], [ -0.3116359, 39.350149 ], [ -0.311488, 39.3505273 ], [ -0.310759, 39.3503698 ], [ -0.3107462, 39.3504247 ], [ -0.3119035, 39.3506957 ], [ -0.3119262, 39.3507129 ], [ -0.3119443, 39.3507301 ], [ -0.31196, 39.3507474 ], [ -0.3119727, 39.3507646 ], [ -0.3121914, 39.351495 ], [ -0.3124951, 39.3522412 ], [ -0.3127638, 39.3530353 ], [ -0.31311, 39.3538206 ], [ -0.3132948, 39.3543708 ], [ -0.3136377, 39.3553068 ], [ -0.3139627, 39.3561952 ], [ -0.3143613, 39.3571247 ], [ -0.3145659, 39.3576464 ], [ -0.3148395, 39.3584076 ], [ -0.3150133, 39.3588794 ], [ -0.3151811, 39.359309 ], [ -0.3153774, 39.3598146 ], [ -0.3154681, 39.3602716 ], [ -0.315789, 39.3609674 ], [ -0.3159131, 39.361426 ], [ -0.3161054, 39.3620378 ], [ -0.3162993, 39.3626507 ], [ -0.3165748, 39.3635609 ], [ -0.3168198, 39.3642379 ], [ -0.3170536, 39.3650058 ], [ -0.3173571, 39.3657684 ], [ -0.3174504, 39.366132 ], [ -0.3176275, 39.366485 ], [ -0.3178402, 39.367177 ], [ -0.3180323, 39.3678417 ], [ -0.3182526, 39.3682795 ], [ -0.3184803, 39.3689912 ], [ -0.3186361, 39.3695064 ], [ -0.3189345, 39.3704189 ], [ -0.3192559, 39.3712672 ], [ -0.3194663, 39.3717689 ], [ -0.3196566, 39.3724839 ], [ -0.319927, 39.3731868 ], [ -0.3201509, 39.3736267 ], [ -0.3204404, 39.374732 ], [ -0.3206781, 39.3754652 ], [ -0.3210384, 39.3765948 ], [ -0.3212056, 39.3772047 ], [ -0.3215398, 39.3783142 ], [ -0.3218483, 39.3789924 ], [ -0.3220853, 39.3798395 ], [ -0.3224037, 39.3807587 ], [ -0.3227178, 39.3816758 ], [ -0.3230122, 39.3823539 ], [ -0.32317, 39.3829612 ], [ -0.3233776, 39.3835168 ], [ -0.3236047, 39.3842706 ], [ -0.3237479, 39.3845692 ], [ -0.3238658, 39.3849147 ], [ -0.324067, 39.3856894 ], [ -0.324201, 39.385934 ], [ -0.3243659, 39.3864711 ], [ -0.3246847, 39.3874072 ], [ -0.3248038, 39.3879898 ], [ -0.3249184, 39.3884484 ], [ -0.325018, 39.3888511 ], [ -0.3250822, 39.3891484 ], [ -0.3252537, 39.3897587 ], [ -0.3253124, 39.3900107 ], [ -0.3254009, 39.3902974 ], [ -0.3254543, 39.3904263 ], [ -0.3255205, 39.390737 ], [ -0.3257327, 39.3916522 ], [ -0.325804, 39.391891 ], [ -0.3260451, 39.3926514 ], [ -0.3266349, 39.3952698 ], [ -0.3268497, 39.3960229 ], [ -0.3269582, 39.3964674 ], [ -0.3269952, 39.3968334 ], [ -0.3271034, 39.3973872 ], [ -0.3271603, 39.3978119 ], [ -0.3272461, 39.3981256 ], [ -0.3273138, 39.3983186 ], [ -0.3274202, 39.3987075 ], [ -0.3276006, 39.3991972 ], [ -0.3277774, 39.3998299 ], [ -0.3279915, 39.4006882 ], [ -0.3284357, 39.4023139 ], [ -0.3290784, 39.4045359 ], [ -0.3294611, 39.4058102 ], [ -0.3296162, 39.406208 ], [ -0.3297295, 39.406526 ], [ -0.3298515, 39.4070972 ], [ -0.329951, 39.407544 ], [ -0.3301533, 39.4080485 ], [ -0.3302667, 39.40833 ], [ -0.3303621, 39.4086585 ], [ -0.3305476, 39.4092371 ], [ -0.3306972, 39.4097411 ], [ -0.331029, 39.4110858 ], [ -0.3312671, 39.4122016 ], [ -0.3313176, 39.4125515 ], [ -0.3312639, 39.4131744 ], [ -0.3312446, 39.4133751 ], [ -0.3307297, 39.413503 ], [ -0.3307246, 39.4135529 ], [ -0.3307683, 39.4135914 ], [ -0.3309001, 39.413537 ], [ -0.3318974, 39.4133025 ], [ -0.3324307, 39.4132156 ], [ -0.3328527, 39.4136093 ], [ -0.3328902, 39.4136842 ], [ -0.3328591, 39.4137602 ], [ -0.3328527, 39.4137758 ], [ -0.3328113, 39.4138795 ], [ -0.3328112, 39.4140357 ], [ -0.3331665, 39.4147334 ], [ -0.3331815, 39.4153284 ], [ -0.3332086, 39.4160563 ], [ -0.3331584, 39.4162047 ], [ -0.3319566, 39.416494 ], [ -0.331881, 39.4165448 ], [ -0.3319063, 39.4165902 ], [ -0.3332322, 39.4162595 ], [ -0.3333182, 39.4164569 ], [ -0.3335189, 39.416765 ], [ -0.3336846, 39.4172903 ], [ -0.3336446, 39.4177016 ], [ -0.3333641, 39.4190512 ], [ -0.3329224, 39.4201095 ], [ -0.3327093, 39.4205743 ], [ -0.3324466, 39.4211272 ], [ -0.3321557, 39.4215679 ], [ -0.3318615, 39.4220833 ], [ -0.3315237, 39.4225476 ], [ -0.3312803, 39.4228388 ], [ -0.3304223, 39.4225199 ], [ -0.3302419, 39.4224392 ], [ -0.3301305, 39.4223701 ], [ -0.3300153, 39.4223356 ], [ -0.3299078, 39.4223548 ], [ -0.3298618, 39.4224315 ], [ -0.329881, 39.4225314 ], [ -0.3299961, 39.4225659 ], [ -0.3301267, 39.4225659 ], [ -0.3302995, 39.4226274 ], [ -0.3316318, 39.423138 ], [ -0.3334252, 39.4238207 ], [ -0.3343854, 39.424144 ], [ -0.3345064, 39.4239598 ], [ -0.3345466, 39.4239795 ], [ -0.3345789, 39.4239989 ], [ -0.334506, 39.4241063 ], [ -0.3344499, 39.4241891 ], [ -0.3341505, 39.4249443 ], [ -0.3337641, 39.42579 ], [ -0.3336262, 39.4257634 ], [ -0.3328844, 39.4257756 ], [ -0.3325601, 39.4256824 ], [ -0.3324628, 39.4256216 ], [ -0.3321994, 39.4255121 ], [ -0.3320399, 39.4254698 ], [ -0.3319218, 39.4255058 ], [ -0.3319172, 39.4256022 ], [ -0.3320899, 39.4257229 ], [ -0.3323776, 39.4258289 ], [ -0.3324406, 39.4258277 ], [ -0.3332355, 39.4260924 ], [ -0.3332093, 39.4261322 ], [ -0.3331959, 39.4261527 ], [ -0.3333708, 39.4262336 ], [ -0.3335921, 39.426293 ], [ -0.3341906, 39.4264863 ], [ -0.3347277, 39.4266798 ], [ -0.3348098, 39.4267647 ], [ -0.3352084, 39.4269128 ], [ -0.3351114, 39.4270689 ], [ -0.3346567, 39.4269071 ], [ -0.3332654, 39.426412 ], [ -0.3325236, 39.4261445 ], [ -0.3317494, 39.4258445 ], [ -0.3313532, 39.4256581 ], [ -0.3312744, 39.4257026 ], [ -0.3313258, 39.4257563 ], [ -0.3315108, 39.4258656 ], [ -0.3330014, 39.4264114 ], [ -0.3328162, 39.4266898 ], [ -0.3306392, 39.4258954 ], [ -0.3308561, 39.4255578 ], [ -0.3309474, 39.425591 ], [ -0.3310537, 39.4255747 ], [ -0.3311188, 39.4255161 ], [ -0.3310756, 39.4254023 ], [ -0.330941, 39.4253984 ], [ -0.3296695, 39.4258235 ], [ -0.3276096, 39.4255293 ], [ -0.3278114, 39.4246717 ], [ -0.3278287, 39.4245829 ], [ -0.3277782, 39.424507 ], [ -0.3247162, 39.4233628 ], [ -0.3246307, 39.4233496 ], [ -0.3245362, 39.4233745 ], [ -0.3236288, 39.4238065 ], [ -0.3235118, 39.4237634 ], [ -0.3234618, 39.4238473 ], [ -0.3235334, 39.4238695 ], [ -0.3235561, 39.4238421 ], [ -0.3243088, 39.4241235 ], [ -0.3246103, 39.4236363 ], [ -0.3247889, 39.423705 ], [ -0.3251146, 39.423828 ], [ -0.3258829, 39.4241115 ], [ -0.3266544, 39.4243989 ], [ -0.3273912, 39.4246706 ], [ -0.326659, 39.4258535 ], [ -0.3267027, 39.4258749 ], [ -0.326806, 39.4256999 ], [ -0.3295369, 39.4261039 ], [ -0.3294682, 39.4265704 ], [ -0.329541, 39.4266352 ], [ -0.3296783, 39.4266628 ], [ -0.3298008, 39.4266309 ], [ -0.3298149, 39.4266418 ], [ -0.3304263, 39.4261898 ], [ -0.3304679, 39.4261352 ], [ -0.3305508, 39.4261382 ], [ -0.332761, 39.4269232 ], [ -0.3328098, 39.4281226 ], [ -0.3327216, 39.4281847 ], [ -0.3324418, 39.4281931 ], [ -0.3320722, 39.4282042 ], [ -0.3316195, 39.4282178 ], [ -0.3310611, 39.4282345 ], [ -0.3304546, 39.4282527 ], [ -0.3302759, 39.4282571 ], [ -0.3302802, 39.428349 ], [ -0.3304977, 39.4283449 ], [ -0.3311957, 39.4283247 ], [ -0.3316731, 39.4283108 ], [ -0.3321178, 39.428298 ], [ -0.3324901, 39.4282872 ], [ -0.3327261, 39.4282812 ], [ -0.3328274, 39.4283344 ], [ -0.3328757, 39.4293684 ], [ -0.3327821, 39.4293825 ], [ -0.3317483, 39.4298894 ], [ -0.3309107, 39.4299092 ], [ -0.3308888, 39.4298393 ], [ -0.3308273, 39.4298141 ], [ -0.3306644, 39.4298134 ], [ -0.3305658, 39.4298609 ], [ -0.3305482, 39.4300017 ], [ -0.3306018, 39.4301146 ], [ -0.330818, 39.4301111 ], [ -0.3315534, 39.4300869 ], [ -0.332218, 39.430065 ], [ -0.3327421, 39.4300565 ], [ -0.3328108, 39.4314707 ], [ -0.3328867, 39.4314704 ], [ -0.3328918, 39.4316129 ], [ -0.3332989, 39.4315931 ], [ -0.3333058, 39.4316973 ], [ -0.3328476, 39.4317118 ], [ -0.33285, 39.4317882 ], [ -0.3325118, 39.4317901 ], [ -0.330106, 39.4307697 ], [ -0.3299671, 39.4306357 ], [ -0.3298772, 39.4304267 ], [ -0.3298621, 39.4301062 ], [ -0.3298364, 39.4295632 ], [ -0.3297355, 39.4274287 ], [ -0.3296461, 39.4273455 ], [ -0.3294966, 39.4273613 ], [ -0.3294648, 39.4274185 ], [ -0.3294568, 39.4277643 ], [ -0.3294353, 39.4277735 ], [ -0.3293914, 39.4277923 ], [ -0.3293419, 39.4278134 ], [ -0.3293115, 39.4278264 ], [ -0.3289368, 39.4277044 ], [ -0.3282958, 39.4274976 ], [ -0.3279614, 39.4273888 ], [ -0.3273127, 39.4271793 ], [ -0.3267051, 39.4269826 ], [ -0.3261109, 39.4267902 ], [ -0.325524, 39.4266002 ], [ -0.3249369, 39.4264086 ], [ -0.324684, 39.4263282 ], [ -0.3245482, 39.4262689 ], [ -0.324457, 39.4261793 ], [ -0.3244149, 39.4260684 ], [ -0.3243683, 39.4260556 ], [ -0.3243984, 39.4260029 ], [ -0.3247699, 39.4253277 ], [ -0.3242924, 39.4251708 ], [ -0.324014, 39.4256692 ], [ -0.3234358, 39.4254803 ], [ -0.3231156, 39.425376 ], [ -0.3227946, 39.4252715 ], [ -0.3224311, 39.4251532 ], [ -0.3220591, 39.4250311 ], [ -0.3216041, 39.4248841 ], [ -0.3211693, 39.4247405 ], [ -0.3207533, 39.4246074 ], [ -0.3193993, 39.4241667 ], [ -0.3182288, 39.423785 ], [ -0.3172524, 39.4234631 ], [ -0.3164684, 39.4232086 ], [ -0.3156881, 39.4229528 ], [ -0.3156688, 39.4229457 ], [ -0.3162908, 39.4218043 ], [ -0.3163049, 39.4218089 ], [ -0.3163554, 39.4218256 ], [ -0.3164269, 39.4216945 ], [ -0.3168985, 39.4218498 ], [ -0.3169069, 39.4218345 ], [ -0.3169813, 39.4216994 ], [ -0.3170547, 39.4215659 ], [ -0.3171281, 39.4214325 ], [ -0.3171541, 39.4213853 ], [ -0.3174461, 39.4214803 ], [ -0.3176081, 39.4211717 ], [ -0.3179427, 39.4212809 ], [ -0.3184014, 39.4214307 ], [ -0.3188825, 39.4215877 ], [ -0.3193586, 39.4217432 ], [ -0.319842, 39.421901 ], [ -0.3203617, 39.4220707 ], [ -0.3208869, 39.4222422 ], [ -0.3214458, 39.4224246 ], [ -0.3220199, 39.4226121 ], [ -0.3228273, 39.422875 ], [ -0.3228561, 39.4228239 ], [ -0.3228286, 39.4227831 ], [ -0.3228977, 39.4226361 ], [ -0.3228395, 39.4225144 ], [ -0.322652, 39.4224607 ], [ -0.3225625, 39.422557 ], [ -0.3175354, 39.4206927 ], [ -0.3173335, 39.4206158 ], [ -0.3138416, 39.4227858 ], [ -0.3135995, 39.4227752 ], [ -0.3132812, 39.4228472 ], [ -0.313246, 39.4228636 ], [ -0.3129003, 39.4230243 ], [ -0.3125204, 39.4233201 ], [ -0.3122441, 39.4237354 ], [ -0.3091934, 39.4296209 ], [ -0.3090812, 39.4299271 ], [ -0.309031, 39.4301719 ], [ -0.3090154, 39.430449 ], [ -0.3090346, 39.4307218 ], [ -0.3091474, 39.4310248 ], [ -0.3093077, 39.4312929 ], [ -0.3094844, 39.4315379 ], [ -0.3097023, 39.4317698 ], [ -0.3099019, 39.431949 ], [ -0.3135043, 39.4347342 ], [ -0.3132463, 39.4350573 ], [ -0.3132673, 39.4352431 ], [ -0.3134681, 39.4354013 ], [ -0.3138024, 39.4353486 ], [ -0.3137662, 39.4352625 ], [ -0.3138474, 39.4351171 ], [ -0.3141722, 39.4348474 ], [ -0.3142026, 39.4347044 ], [ -0.3126331, 39.4334932 ], [ -0.3125669, 39.4334411 ], [ -0.3125314, 39.433354 ], [ -0.3126795, 39.4331129 ], [ -0.3128931, 39.4331738 ], [ -0.3143754, 39.430419 ], [ -0.3146547, 39.4305122 ], [ -0.3148441, 39.4301694 ], [ -0.3303333, 39.435189 ], [ -0.3301416, 39.4355383 ], [ -0.3303966, 39.4356329 ], [ -0.3279794, 39.4400984 ], [ -0.3196963, 39.4373789 ], [ -0.3194934, 39.4377513 ], [ -0.3194311, 39.4378722 ], [ -0.3193141, 39.4378695 ], [ -0.3190088, 39.4384206 ], [ -0.3181363, 39.4400461 ], [ -0.3182256, 39.4404481 ], [ -0.3184353, 39.4407245 ], [ -0.3186544, 39.4409061 ], [ -0.3183113, 39.4415744 ], [ -0.3182947, 39.4416521 ], [ -0.3183182, 39.4417354 ], [ -0.318346, 39.4417808 ], [ -0.3183957, 39.4418401 ], [ -0.3184561, 39.4418861 ], [ -0.3183853, 39.4420207 ], [ -0.3185746, 39.4420811 ], [ -0.3187802, 39.4421467 ], [ -0.3190132, 39.442221 ], [ -0.3189928, 39.4422605 ], [ -0.3191664, 39.4423156 ], [ -0.3191566, 39.4423358 ], [ -0.3191476, 39.4423544 ], [ -0.3189763, 39.4422991 ], [ -0.3185722, 39.4430502 ], [ -0.3181345, 39.4430481 ], [ -0.3176572, 39.4430457 ], [ -0.3171951, 39.4430434 ], [ -0.3169023, 39.443042 ], [ -0.3168367, 39.4429499 ], [ -0.3177419, 39.4412423 ], [ -0.3175152, 39.4411718 ], [ -0.3175216, 39.4411098 ], [ -0.3175133, 39.4410678 ], [ -0.3174787, 39.4410193 ], [ -0.3174262, 39.4409878 ], [ -0.31737, 39.4409827 ], [ -0.3173081, 39.4409759 ], [ -0.3172666, 39.4409927 ], [ -0.3172169, 39.4410322 ], [ -0.3165002, 39.442369 ], [ -0.3162704, 39.4428478 ], [ -0.3162368, 39.4429582 ], [ -0.3162663, 39.4431 ], [ -0.3163493, 39.4432382 ], [ -0.3164272, 39.4433207 ], [ -0.3165032, 39.4433698 ], [ -0.316601, 39.4434069 ], [ -0.3166749, 39.4434188 ], [ -0.3168733, 39.4434198 ], [ -0.3177403, 39.4434239 ], [ -0.3176353, 39.4438249 ], [ -0.3175574, 39.443813 ], [ -0.3175251, 39.443921 ], [ -0.3177597, 39.443961 ], [ -0.3177835, 39.4438508 ], [ -0.3176825, 39.4438321 ], [ -0.3177995, 39.4434242 ], [ -0.3186639, 39.4434283 ], [ -0.318692, 39.4435488 ], [ -0.3186754, 39.4435813 ], [ -0.3186793, 39.4436274 ], [ -0.3187037, 39.4436697 ], [ -0.3186832, 39.4437135 ], [ -0.3186773, 39.4437664 ], [ -0.3186881, 39.443857 ], [ -0.3187114, 39.4438864 ], [ -0.318612, 39.444083 ], [ -0.324441, 39.445941 ], [ -0.3245132, 39.4459667 ], [ -0.3243998, 39.4461876 ], [ -0.3247872, 39.4463096 ], [ -0.324987, 39.4462899 ], [ -0.3250928, 39.446278 ], [ -0.3256533, 39.4496329 ], [ -0.3253656, 39.4496613 ], [ -0.3253267, 39.4497318 ], [ -0.3252951, 39.4497892 ], [ -0.3252524, 39.4498667 ], [ -0.3242857, 39.4495572 ], [ -0.3214849, 39.4486606 ], [ -0.3216268, 39.4484041 ], [ -0.3213899, 39.4483367 ], [ -0.3205738, 39.4498512 ], [ -0.3236468, 39.4508322 ], [ -0.3235261, 39.4510577 ], [ -0.3262599, 39.451942 ], [ -0.3263121, 39.4520726 ], [ -0.326021, 39.452628 ], [ -0.3256612, 39.4525146 ], [ -0.3256224, 39.4525232 ], [ -0.3256123, 39.4525419 ], [ -0.3256325, 39.4525699 ], [ -0.3254771, 39.4528642 ], [ -0.3255008, 39.4528723 ], [ -0.3254952, 39.4528824 ], [ -0.3255222, 39.4528929 ], [ -0.3254028, 39.4531189 ], [ -0.325362, 39.4531072 ], [ -0.3253408, 39.4531449 ], [ -0.3240095, 39.4529008 ], [ -0.3239838, 39.4529722 ], [ -0.3240116, 39.4529777 ], [ -0.3238796, 39.4533495 ], [ -0.3238189, 39.4533574 ], [ -0.3238081, 39.453381 ], [ -0.3231781, 39.4533933 ], [ -0.3231042, 39.4534279 ], [ -0.3227959, 39.4540165 ], [ -0.3250451, 39.4547238 ], [ -0.3264043, 39.4551512 ], [ -0.3263098, 39.4553519 ], [ -0.3262299, 39.4554274 ], [ -0.3264901, 39.4555827 ], [ -0.3256298, 39.4564114 ], [ -0.32363, 39.4583374 ], [ -0.3233833, 39.458186 ], [ -0.323051, 39.4583322 ], [ -0.3214218, 39.4559348 ], [ -0.3195745, 39.4532789 ], [ -0.319466, 39.4533232 ], [ -0.3144612, 39.4461376 ], [ -0.3138717, 39.4463835 ], [ -0.3122811, 39.4500669 ], [ -0.3099863, 39.4500827 ], [ -0.3099471, 39.4502112 ], [ -0.3098852, 39.4502381 ], [ -0.3098951, 39.4506831 ], [ -0.3089732, 39.4506802 ], [ -0.3086819, 39.4505811 ], [ -0.3084097, 39.4504104 ], [ -0.3082139, 39.4501397 ], [ -0.308109, 39.4499355 ], [ -0.3080997, 39.4494084 ], [ -0.3084407, 39.4495149 ], [ -0.308426, 39.4495419 ], [ -0.3083982, 39.4495333 ], [ -0.3083666, 39.4495914 ], [ -0.3083941, 39.4496005 ], [ -0.3083854, 39.4496165 ], [ -0.3090085, 39.4498275 ], [ -0.3090274, 39.4498432 ], [ -0.3090326, 39.4498417 ], [ -0.3090332, 39.44982 ], [ -0.3101027, 39.4479063 ], [ -0.3128912, 39.442915 ], [ -0.3127618, 39.4428707 ], [ -0.3127754, 39.4428471 ], [ -0.3126832, 39.4428157 ], [ -0.3126698, 39.4428393 ], [ -0.3124984, 39.4427806 ], [ -0.3125009, 39.4427519 ], [ -0.3120091, 39.4425893 ], [ -0.3119875, 39.4424341 ], [ -0.3119364, 39.4420653 ], [ -0.3127696, 39.441992 ], [ -0.3127596, 39.4419209 ], [ -0.3105692, 39.4420989 ], [ -0.3103836, 39.4421591 ], [ -0.308859, 39.4450458 ], [ -0.3087787, 39.4450537 ], [ -0.3086921, 39.4450522 ], [ -0.3086312, 39.4450408 ], [ -0.3085694, 39.4450176 ], [ -0.3085236, 39.444979 ], [ -0.30851, 39.4449331 ], [ -0.3086465, 39.4449331 ], [ -0.3086461, 39.4447842 ], [ -0.3053909, 39.4447638 ], [ -0.3053965, 39.4444698 ], [ -0.3050165, 39.4444617 ], [ -0.3051122, 39.4357595 ], [ -0.3058586, 39.4357656 ], [ -0.3058614, 39.4356169 ], [ -0.3057135, 39.435616 ], [ -0.3057147, 39.4356057 ], [ -0.3056875, 39.4355692 ], [ -0.3056861, 39.4355471 ], [ -0.3056944, 39.4355412 ], [ -0.3056999, 39.4355231 ], [ -0.3056816, 39.4355048 ], [ -0.3056689, 39.4354265 ], [ -0.3056533, 39.4354151 ], [ -0.3053097, 39.4353778 ], [ -0.3027637, 39.4353612 ], [ -0.3027328, 39.4353341 ], [ -0.302752, 39.4345047 ], [ -0.3027859, 39.4344577 ], [ -0.3028076, 39.4344447 ], [ -0.3028241, 39.4344519 ], [ -0.3028748, 39.4343821 ], [ -0.3028572, 39.4343747 ], [ -0.3028541, 39.4343574 ], [ -0.3029079, 39.4342786 ], [ -0.302943, 39.4342458 ], [ -0.3029961, 39.4342346 ], [ -0.3030717, 39.4342488 ], [ -0.3032829, 39.434223 ], [ -0.3033055, 39.434184 ], [ -0.3033567, 39.4340957 ], [ -0.3033808, 39.4340017 ], [ -0.3033546, 39.4338912 ], [ -0.303356, 39.4338332 ], [ -0.3032968, 39.4337807 ], [ -0.3032864, 39.433749 ], [ -0.3033001, 39.4337325 ], [ -0.3032829, 39.433708 ], [ -0.3032222, 39.4336835 ], [ -0.3031161, 39.4336745 ], [ -0.3030237, 39.4336399 ], [ -0.3029579, 39.4335889 ], [ -0.3029237, 39.4335962 ], [ -0.3028879, 39.4336117 ], [ -0.3028438, 39.4336042 ], [ -0.3027872, 39.4336101 ], [ -0.302735, 39.4335883 ], [ -0.3026639, 39.4336138 ], [ -0.3026294, 39.4336388 ], [ -0.3025846, 39.4336473 ], [ -0.3025274, 39.4336676 ], [ -0.302489, 39.43369 ], [ -0.3024708, 39.4337336 ], [ -0.3024357, 39.4337576 ], [ -0.3024005, 39.4337682 ], [ -0.3023847, 39.4338193 ], [ -0.3023619, 39.4338167 ], [ -0.3023157, 39.4338374 ], [ -0.302263, 39.433881 ], [ -0.3022564, 39.4339402 ], [ -0.3022806, 39.4339556 ], [ -0.3022847, 39.4339854 ], [ -0.3022578, 39.4340035 ], [ -0.3022144, 39.4340818 ], [ -0.3022158, 39.434184 ], [ -0.3022378, 39.4342916 ], [ -0.3021712, 39.4344296 ], [ -0.3021373, 39.4376001 ], [ -0.3021689, 39.4377279 ], [ -0.3021661, 39.4378706 ], [ -0.3021854, 39.4380026 ], [ -0.302202, 39.4381283 ], [ -0.3021799, 39.4382412 ], [ -0.3021744, 39.4385436 ], [ -0.3021992, 39.4388162 ], [ -0.3021744, 39.4391974 ], [ -0.3021882, 39.4393326 ], [ -0.3022295, 39.4395381 ], [ -0.3022102, 39.4397 ], [ -0.3021772, 39.4397489 ], [ -0.3021634, 39.439849 ], [ -0.3021413, 39.4398938 ], [ -0.302111, 39.4400578 ], [ -0.3020637, 39.4444639 ], [ -0.2987424, 39.4444667 ], [ -0.2986588, 39.4445333 ], [ -0.2985549, 39.4447168 ], [ -0.2985277, 39.4448226 ], [ -0.297803, 39.4462359 ], [ -0.2973629, 39.4469459 ], [ -0.2969748, 39.4476845 ], [ -0.2969957, 39.4478297 ], [ -0.2952141, 39.4511113 ], [ -0.2952147, 39.4511787 ], [ -0.295289, 39.4512557 ], [ -0.2953441, 39.4512654 ], [ -0.2955335, 39.4512022 ], [ -0.2955868, 39.4511584 ], [ -0.2956014, 39.451107 ], [ -0.2955932, 39.4510194 ], [ -0.2955951, 39.4509231 ], [ -0.2988982, 39.4448608 ], [ -0.2989728, 39.444818 ], [ -0.2990645, 39.4447989 ], [ -0.3019227, 39.4448207 ], [ -0.3019962, 39.4448655 ], [ -0.3020179, 39.444913 ], [ -0.3020255, 39.444994 ], [ -0.3020448, 39.4450909 ], [ -0.302042, 39.4451792 ], [ -0.3020048, 39.4452453 ], [ -0.3019979, 39.4453049 ], [ -0.3020475, 39.4453688 ], [ -0.3020227, 39.4454901 ], [ -0.3020531, 39.4455519 ], [ -0.3020365, 39.4458671 ], [ -0.3020007, 39.4460736 ], [ -0.3020641, 39.4463334 ], [ -0.3020255, 39.4467188 ], [ -0.3020655, 39.446804 ], [ -0.3020503, 39.4470521 ], [ -0.3020048, 39.447133 ], [ -0.3020062, 39.4471915 ], [ -0.3020724, 39.4473044 ], [ -0.3020586, 39.447496 ], [ -0.3020393, 39.4475514 ], [ -0.3020448, 39.4479006 ], [ -0.3020862, 39.4479964 ], [ -0.3020862, 39.4485905 ], [ -0.3020277, 39.4486814 ], [ -0.3020117, 39.4488088 ], [ -0.3020247, 39.4488557 ], [ -0.3020737, 39.4488833 ], [ -0.302093, 39.4489621 ], [ -0.3020779, 39.4489802 ], [ -0.3020324, 39.4490026 ], [ -0.3019811, 39.4490622 ], [ -0.3019386, 39.4491356 ], [ -0.3019086, 39.4492016 ], [ -0.3019542, 39.4492644 ], [ -0.3021591, 39.449352 ], [ -0.3024049, 39.4493529 ], [ -0.3025728, 39.4493196 ], [ -0.3026257, 39.4492257 ], [ -0.3075135, 39.4508265 ], [ -0.3080399, 39.4509193 ], [ -0.308242, 39.4509292 ], [ -0.3094782, 39.4509278 ], [ -0.3096583, 39.4509329 ], [ -0.3095666, 39.4512431 ], [ -0.3097694, 39.4516488 ], [ -0.3096707, 39.4517955 ], [ -0.3096963, 39.451928 ], [ -0.3096724, 39.4520472 ], [ -0.3097203, 39.4521101 ], [ -0.3097265, 39.4522442 ], [ -0.3097753, 39.4523619 ], [ -0.3098024, 39.452496 ], [ -0.3098539, 39.4525673 ], [ -0.3099041, 39.4527602 ], [ -0.3101589, 39.452899 ], [ -0.3103309, 39.4530439 ], [ -0.3105313, 39.4530849 ], [ -0.3107226, 39.4530889 ], [ -0.3108359, 39.4530951 ], [ -0.3108785, 39.453134 ], [ -0.3109681, 39.4531244 ], [ -0.3110353, 39.4530943 ], [ -0.3110317, 39.4531809 ], [ -0.3110561, 39.4532332 ], [ -0.3110919, 39.4532552 ], [ -0.3110832, 39.453294 ], [ -0.3111008, 39.4533115 ], [ -0.3111103, 39.4533399 ], [ -0.3111085, 39.4533843 ], [ -0.3110946, 39.4534192 ], [ -0.3110734, 39.4534435 ], [ -0.3110848, 39.453491 ], [ -0.3110545, 39.4535148 ], [ -0.3110527, 39.453545 ], [ -0.311019, 39.4535807 ], [ -0.3110468, 39.4536209 ], [ -0.3110501, 39.4536791 ], [ -0.311037, 39.4537356 ], [ -0.3110026, 39.4537758 ], [ -0.3109823, 39.4538269 ], [ -0.3110064, 39.4538499 ], [ -0.3110118, 39.4538946 ], [ -0.3110481, 39.4539141 ], [ -0.3110797, 39.4539625 ], [ -0.3110089, 39.4540003 ], [ -0.3109863, 39.454038 ], [ -0.3109336, 39.4540745 ], [ -0.3108648, 39.4540944 ], [ -0.3108368, 39.4541354 ], [ -0.3107606, 39.454193 ], [ -0.3106726, 39.454217 ], [ -0.3105719, 39.4542938 ], [ -0.3105669, 39.4543805 ], [ -0.3104673, 39.4544471 ], [ -0.3104536, 39.4545422 ], [ -0.3103779, 39.4546239 ], [ -0.3103103, 39.4547371 ], [ -0.3103622, 39.4550325 ], [ -0.3103225, 39.455114 ], [ -0.3103361, 39.4552223 ], [ -0.310248, 39.4553449 ], [ -0.3101239, 39.4553603 ], [ -0.310078, 39.455344 ], [ -0.3100008, 39.4553688 ], [ -0.3090238, 39.45506 ], [ -0.3026238, 39.453037 ], [ -0.3025053, 39.4529995 ], [ -0.3030363, 39.4520555 ], [ -0.3029291, 39.4520178 ], [ -0.3023282, 39.4530793 ], [ -0.3087864, 39.4551866 ], [ -0.3092572, 39.4553402 ], [ -0.3098652, 39.4555386 ], [ -0.3100159, 39.4556497 ], [ -0.3099861, 39.4557263 ], [ -0.3098719, 39.4558337 ], [ -0.3098049, 39.455826 ], [ -0.3097205, 39.4558873 ], [ -0.3097056, 39.4559295 ], [ -0.3097404, 39.4559793 ], [ -0.3096609, 39.456056 ], [ -0.3095294, 39.4560234 ], [ -0.3094822, 39.4562093 ], [ -0.3096212, 39.4562285 ], [ -0.3096162, 39.4563224 ], [ -0.3095691, 39.4563282 ], [ -0.3095567, 39.4564029 ], [ -0.309651, 39.4564336 ], [ -0.3097155, 39.4565639 ], [ -0.3093333, 39.4575606 ], [ -0.3089932, 39.4574571 ], [ -0.3088787, 39.4574487 ], [ -0.3085955, 39.4580194 ], [ -0.3084158, 39.4581298 ], [ -0.3083401, 39.45806 ], [ -0.3055217, 39.4595765 ], [ -0.3042487, 39.4602615 ], [ -0.2995173, 39.4587119 ], [ -0.299461, 39.4588148 ], [ -0.2997104, 39.4588968 ], [ -0.2995994, 39.4590936 ], [ -0.2961665, 39.4579747 ], [ -0.2959514, 39.4579046 ], [ -0.295965, 39.4578666 ], [ -0.2948954, 39.4575927 ], [ -0.2948269, 39.457601 ], [ -0.2947872, 39.4576271 ], [ -0.2946043, 39.4579222 ], [ -0.2863184, 39.4550059 ], [ -0.286479, 39.4547036 ], [ -0.2862779, 39.4546322 ], [ -0.2917696, 39.4445393 ], [ -0.2919836, 39.4446059 ], [ -0.2921485, 39.4442998 ], [ -0.2914687, 39.4440836 ], [ -0.2913851, 39.4442472 ], [ -0.291128, 39.4447386 ], [ -0.2909899, 39.445072 ], [ -0.2908928, 39.445259 ], [ -0.2907009, 39.4455165 ], [ -0.2904674, 39.445901 ], [ -0.2903756, 39.4461603 ], [ -0.2900522, 39.4466553 ], [ -0.2897001, 39.4472769 ], [ -0.2897019, 39.4474069 ], [ -0.2898077, 39.4475591 ], [ -0.2891163, 39.44883 ], [ -0.2857612, 39.4549967 ], [ -0.2958335, 39.4585281 ], [ -0.2959733, 39.4582863 ], [ -0.3076884, 39.4620985 ], [ -0.3076441, 39.4624291 ], [ -0.3078012, 39.4625991 ], [ -0.3077894, 39.4628107 ], [ -0.3085305, 39.4628261 ], [ -0.3085347, 39.4626304 ], [ -0.3083782, 39.462631 ], [ -0.3084767, 39.4599451 ], [ -0.3098092, 39.4593975 ], [ -0.3097925, 39.459375 ], [ -0.3112636, 39.4587691 ], [ -0.3114607, 39.4588481 ], [ -0.3122171, 39.4599628 ], [ -0.3120734, 39.4600164 ], [ -0.312167, 39.4601586 ], [ -0.3125837, 39.4599893 ], [ -0.312575, 39.4599766 ], [ -0.311644, 39.4586113 ], [ -0.3126655, 39.4581922 ], [ -0.3132785, 39.4579407 ], [ -0.3138252, 39.4577164 ], [ -0.314274, 39.4575323 ], [ -0.3151578, 39.4571798 ], [ -0.3172279, 39.4601877 ], [ -0.3170725, 39.4602531 ], [ -0.3161001, 39.4602076 ], [ -0.3155033, 39.4601778 ], [ -0.3147828, 39.4601418 ], [ -0.3139289, 39.4600992 ], [ -0.3139035, 39.460098 ], [ -0.3138728, 39.4602696 ], [ -0.3170028, 39.4604328 ], [ -0.3169757, 39.460584 ], [ -0.3184562, 39.4606638 ], [ -0.3192623, 39.4606999 ], [ -0.3193369, 39.4607039 ], [ -0.3208813, 39.4607871 ], [ -0.3213765, 39.4607871 ], [ -0.3220014, 39.4607086 ], [ -0.3226087, 39.4605443 ], [ -0.323164, 39.4603089 ], [ -0.323597, 39.4600881 ], [ -0.3239319, 39.4598769 ], [ -0.324073, 39.4597439 ], [ -0.3271745, 39.4567508 ], [ -0.3274872, 39.4571874 ], [ -0.3266855, 39.4580411 ], [ -0.3267478, 39.4580762 ], [ -0.3275517, 39.4572236 ], [ -0.3272006, 39.4567227 ], [ -0.327449, 39.4564801 ], [ -0.3279241, 39.4567439 ], [ -0.3280063, 39.4567896 ], [ -0.3280986, 39.4568409 ], [ -0.3288249, 39.4572472 ], [ -0.3290679, 39.4573832 ], [ -0.3290877, 39.4573943 ], [ -0.329153, 39.4574738 ], [ -0.3292162, 39.4575507 ], [ -0.3292705, 39.4576168 ], [ -0.3294003, 39.4577748 ], [ -0.3294621, 39.45785 ], [ -0.3295419, 39.4579472 ], [ -0.3297325, 39.4581792 ], [ -0.3298899, 39.4583708 ], [ -0.3299446, 39.4584373 ], [ -0.329996, 39.4585 ], [ -0.3300469, 39.4585619 ], [ -0.330426, 39.458951 ], [ -0.3304595, 39.4589348 ], [ -0.3306671, 39.4588343 ], [ -0.3311953, 39.4595394 ], [ -0.3313364, 39.4597031 ], [ -0.3314249, 39.4598152 ], [ -0.3311841, 39.4599287 ], [ -0.3311772, 39.4599524 ], [ -0.3290026, 39.4596146 ], [ -0.3290231, 39.4595321 ], [ -0.3286188, 39.459467 ], [ -0.3287646, 39.4589025 ], [ -0.3285934, 39.4588771 ], [ -0.3282279, 39.460305 ], [ -0.3283946, 39.4603282 ], [ -0.3285456, 39.45977 ], [ -0.3289487, 39.4598302 ], [ -0.3289717, 39.4597448 ], [ -0.331128, 39.4600769 ], [ -0.3311187, 39.460103 ], [ -0.3313362, 39.4602452 ], [ -0.3311833, 39.4603903 ], [ -0.3310362, 39.4605293 ], [ -0.3304913, 39.4609986 ], [ -0.3302621, 39.4611971 ], [ -0.3301326, 39.4613152 ], [ -0.3298924, 39.4611569 ], [ -0.3297656, 39.4612711 ], [ -0.3296746, 39.4613517 ], [ -0.329563, 39.4614507 ], [ -0.3295002, 39.4615063 ], [ -0.3294094, 39.4615832 ], [ -0.3292172, 39.4616024 ], [ -0.3287732, 39.4616255 ], [ -0.3286764, 39.4616306 ], [ -0.328639, 39.4616325 ], [ -0.3285523, 39.4616265 ], [ -0.32845, 39.4616194 ], [ -0.3282718, 39.4616071 ], [ -0.3280885, 39.4615945 ], [ -0.3279735, 39.4615865 ], [ -0.3277782, 39.461573 ], [ -0.3276523, 39.4615643 ], [ -0.3275402, 39.4615566 ], [ -0.3272467, 39.4615363 ], [ -0.3271527, 39.4615298 ], [ -0.3270448, 39.4615223 ], [ -0.3269495, 39.4615158 ], [ -0.3265503, 39.4614882 ], [ -0.3259674, 39.4614518 ], [ -0.3257824, 39.4613854 ], [ -0.3256153, 39.4616431 ], [ -0.3252456, 39.4615132 ], [ -0.3255688, 39.4609887 ], [ -0.3255318, 39.4609726 ], [ -0.3251949, 39.4615176 ], [ -0.3250236, 39.4613197 ], [ -0.3245895, 39.4607019 ], [ -0.3247648, 39.4606276 ], [ -0.325206, 39.4604446 ], [ -0.3250943, 39.4602635 ], [ -0.3244742, 39.4605182 ], [ -0.3241384, 39.4606593 ], [ -0.3240193, 39.460732 ], [ -0.3238429, 39.4608309 ], [ -0.3236048, 39.4609461 ], [ -0.3233849, 39.4610404 ], [ -0.323176, 39.4611267 ], [ -0.3228645, 39.4612278 ], [ -0.3224423, 39.4613431 ], [ -0.3220198, 39.4614267 ], [ -0.3216108, 39.4614671 ], [ -0.3213263, 39.4614874 ], [ -0.3209271, 39.4614945 ], [ -0.3200311, 39.4614511 ], [ -0.319643, 39.4614295 ], [ -0.3187525, 39.4613784 ], [ -0.3185326, 39.4613708 ], [ -0.3185012, 39.4616883 ], [ -0.3178252, 39.4616583 ], [ -0.3177848, 39.46212 ], [ -0.3172439, 39.462091 ], [ -0.3167089, 39.4620652 ], [ -0.3167782, 39.4612759 ], [ -0.3166551, 39.4612671 ], [ -0.3165641, 39.4625157 ], [ -0.3152394, 39.4624461 ], [ -0.3145049, 39.4624075 ], [ -0.3137712, 39.4623689 ], [ -0.3124899, 39.4623016 ], [ -0.3125829, 39.4611444 ], [ -0.3125841, 39.4611293 ], [ -0.3116627, 39.4610798 ], [ -0.311653, 39.4611986 ], [ -0.3113821, 39.4613059 ], [ -0.3112807, 39.4611533 ], [ -0.3113387, 39.4611303 ], [ -0.311131, 39.4608179 ], [ -0.3105197, 39.4610623 ], [ -0.3106338, 39.4612271 ], [ -0.3106863, 39.4612059 ], [ -0.3108853, 39.4613676 ], [ -0.3113967, 39.4620931 ], [ -0.3116557, 39.4623361 ], [ -0.3119382, 39.4625075 ], [ -0.3121276, 39.4625818 ], [ -0.3124652, 39.4626733 ], [ -0.3131818, 39.4627271 ], [ -0.3171179, 39.4629207 ], [ -0.317468, 39.4629322 ], [ -0.3177044, 39.4629399 ], [ -0.3195214, 39.4630238 ], [ -0.3199132, 39.4640641 ], [ -0.3200853, 39.4647465 ], [ -0.3204314, 39.46553 ], [ -0.321273, 39.4679058 ], [ -0.3214689, 39.4685321 ], [ -0.3217042, 39.4695945 ], [ -0.3218538, 39.4700816 ], [ -0.3220871, 39.4712815 ], [ -0.3222656, 39.4722033 ], [ -0.3225142, 39.4730393 ], [ -0.3225651, 39.4736069 ], [ -0.3227084, 39.4745804 ], [ -0.3228186, 39.4752749 ], [ -0.3228355, 39.4757369 ], [ -0.3229749, 39.4765376 ], [ -0.3230838, 39.4780245 ], [ -0.3232313, 39.4788937 ], [ -0.3233453, 39.4802841 ], [ -0.323356, 39.4810772 ], [ -0.3234573, 39.4821334 ], [ -0.3235358, 39.4828561 ], [ -0.3234498, 39.4836937 ], [ -0.3233159, 39.4839686 ], [ -0.3233175, 39.4840125 ], [ -0.3233193, 39.4841197 ], [ -0.3249485, 39.4841673 ], [ -0.3256343, 39.4841697 ], [ -0.3274153, 39.484209 ], [ -0.3277506, 39.4842256 ], [ -0.3278981, 39.4842629 ], [ -0.3283514, 39.484414 ], [ -0.3291429, 39.4846348 ], [ -0.3299035, 39.4848665 ], [ -0.3301646, 39.484946 ], [ -0.3303979, 39.4850143 ], [ -0.3305186, 39.4851075 ], [ -0.3306661, 39.4852607 ], [ -0.3308405, 39.4853994 ], [ -0.3310577, 39.4855049 ], [ -0.3311245, 39.4855717 ], [ -0.3311913, 39.4856385 ], [ -0.331408, 39.4857347 ], [ -0.3314711, 39.4857323 ], [ -0.3315035, 39.4857311 ], [ -0.3316443, 39.4857259 ], [ -0.3318026, 39.4857299 ], [ -0.3320754, 39.4857883 ], [ -0.3321005, 39.4858657 ], [ -0.3321082, 39.4859288 ], [ -0.3321082, 39.4859867 ], [ -0.3321058, 39.486081 ], [ -0.3321246, 39.4861359 ], [ -0.3321518, 39.4861614 ], [ -0.3322319, 39.4862073 ], [ -0.332358, 39.4862653 ], [ -0.3324221, 39.4863076 ], [ -0.3325079, 39.4863842 ], [ -0.3325984, 39.4864807 ], [ -0.3327474, 39.4865906 ], [ -0.3329388, 39.4867059 ], [ -0.3331995, 39.486905 ], [ -0.3333513, 39.4870619 ], [ -0.3336152, 39.4872598 ], [ -0.3341937, 39.4877069 ], [ -0.3342245, 39.4877304 ], [ -0.3346209, 39.4875752 ], [ -0.3353646, 39.4874302 ], [ -0.335518, 39.4873834 ], [ -0.3356955, 39.4873023 ], [ -0.3358686, 39.4871443 ], [ -0.3359835, 39.4869911 ], [ -0.3361058, 39.4868279 ], [ -0.3362639, 39.4865416 ], [ -0.3363894, 39.4864292 ], [ -0.3367337, 39.4862409 ], [ -0.3370913, 39.4859919 ], [ -0.3371602, 39.4859614 ], [ -0.337248, 39.4859357 ], [ -0.3375356, 39.4859081 ], [ -0.3377168, 39.4859056 ], [ -0.3379498, 39.4859012 ], [ -0.3380498, 39.4859175 ], [ -0.3381892, 39.4859483 ], [ -0.3383378, 39.4859751 ], [ -0.338499, 39.4859921 ], [ -0.3387479, 39.486008 ], [ -0.3389416, 39.4860643 ], [ -0.3391192, 39.4861244 ], [ -0.3392551, 39.4861431 ], [ -0.3395668, 39.4861255 ], [ -0.3397699, 39.4861415 ], [ -0.3399553, 39.4861775 ], [ -0.3410766, 39.4866082 ], [ -0.3412077, 39.486706 ], [ -0.3412728, 39.4867459 ], [ -0.3416674, 39.4868885 ], [ -0.3418031, 39.4869114 ], [ -0.3418557, 39.4869203 ], [ -0.3419425, 39.4869106 ], [ -0.3423101, 39.4868694 ], [ -0.3424745, 39.486879 ], [ -0.3426719, 39.4869258 ], [ -0.3429363, 39.4869855 ], [ -0.3431687, 39.4870553 ], [ -0.3436821, 39.487199 ], [ -0.3438194, 39.4872442 ], [ -0.3438808, 39.4872782 ], [ -0.3439293, 39.4873281 ], [ -0.3440592, 39.4875887 ], [ -0.3441237, 39.4876538 ], [ -0.3443103, 39.4877304 ], [ -0.3446628, 39.4878396 ], [ -0.3451849, 39.4880012 ], [ -0.3457623, 39.488154 ], [ -0.3460328, 39.4882147 ], [ -0.3466815, 39.4883602 ], [ -0.3467196, 39.4883687 ], [ -0.3471671, 39.4884509 ], [ -0.3492599, 39.4886433 ], [ -0.3495588, 39.4886693 ], [ -0.3495963, 39.4886729 ], [ -0.3496351, 39.4886761 ], [ -0.3498864, 39.4886968 ], [ -0.3500161, 39.488716 ], [ -0.3501413, 39.4887455 ], [ -0.3502483, 39.4887786 ], [ -0.3502781, 39.4887875 ], [ -0.3503111, 39.4887974 ], [ -0.3503327, 39.4888543 ], [ -0.350395, 39.4889049 ], [ -0.3506172, 39.4890023 ], [ -0.3517239, 39.4895012 ], [ -0.3519616, 39.4896064 ], [ -0.3520243, 39.4896486 ], [ -0.3521398, 39.489737 ], [ -0.3524278, 39.4899422 ], [ -0.3526291, 39.4900551 ], [ -0.3526943, 39.4900896 ], [ -0.3528205, 39.4901558 ], [ -0.3529078, 39.4902244 ], [ -0.3530728, 39.4903925 ], [ -0.353077, 39.4903968 ], [ -0.3531459, 39.4904637 ], [ -0.3532052, 39.4905028 ], [ -0.3533601, 39.4906003 ], [ -0.3534378, 39.4906671 ], [ -0.3536498, 39.4909134 ], [ -0.3537828, 39.4910489 ], [ -0.3538961, 39.4911254 ], [ -0.3539631, 39.4911668 ], [ -0.354133, 39.4912719 ], [ -0.3543388, 39.4914559 ], [ -0.3545352, 39.4916398 ], [ -0.3545885, 39.4916768 ], [ -0.3547596, 39.491789 ], [ -0.3548277, 39.4918801 ], [ -0.3549311, 39.492201 ], [ -0.3553083, 39.4925969 ], [ -0.3559506, 39.4929835 ], [ -0.3561351, 39.4930995 ], [ -0.3561759, 39.4931252 ], [ -0.3562178, 39.4931384 ], [ -0.3562733, 39.4931938 ], [ -0.3564307, 39.4933549 ], [ -0.3566051, 39.4935806 ], [ -0.3566553, 39.4936099 ], [ -0.3567013, 39.4936808 ], [ -0.3567981, 39.4938164 ], [ -0.3568437, 39.4939248 ], [ -0.3568517, 39.4940492 ], [ -0.356828, 39.4941697 ], [ -0.3568121, 39.4942965 ], [ -0.3568239, 39.4944292 ], [ -0.3568539, 39.4945336 ], [ -0.3569347, 39.4946651 ], [ -0.3570147, 39.4947179 ], [ -0.3570691, 39.4947698 ], [ -0.3573235, 39.4948837 ], [ -0.3573613, 39.4950084 ], [ -0.3571577, 39.4952438 ], [ -0.3571353, 39.495294 ], [ -0.3571047, 39.4953788 ], [ -0.3567384, 39.4958361 ], [ -0.3563855, 39.4962444 ], [ -0.3558059, 39.496915 ], [ -0.3556781, 39.497065 ], [ -0.3557271, 39.497083 ], [ -0.3566725, 39.4974521 ], [ -0.3567419, 39.4974952 ], [ -0.3570915, 39.4977738 ], [ -0.3568491, 39.4979734 ], [ -0.3556998, 39.4989198 ], [ -0.3547592, 39.4996473 ], [ -0.3548242, 39.4999934 ], [ -0.3550067, 39.5000736 ], [ -0.3556598, 39.500434 ], [ -0.355982, 39.5006122 ], [ -0.3560092, 39.500627 ], [ -0.3560493, 39.5006489 ], [ -0.35606, 39.5006938 ], [ -0.3566325, 39.5010348 ], [ -0.3564179, 39.5013349 ], [ -0.3562518, 39.5015761 ], [ -0.3562399, 39.5015934 ], [ -0.3560037, 39.5019366 ], [ -0.3559847, 39.5019887 ], [ -0.3566674, 39.5022931 ], [ -0.3579512, 39.5027779 ], [ -0.3581591, 39.5028607 ], [ -0.3598032, 39.5035041 ], [ -0.3599138, 39.5034345 ], [ -0.3600542, 39.503367 ], [ -0.360241, 39.5033291 ], [ -0.3603962, 39.5033168 ], [ -0.3607837, 39.5029376 ], [ -0.3609004, 39.5027346 ], [ -0.3610428, 39.5025305 ], [ -0.3611486, 39.5024018 ], [ -0.3612592, 39.5022985 ], [ -0.3616038, 39.5020375 ], [ -0.3624454, 39.5025661 ], [ -0.3628755, 39.5028815 ], [ -0.3632471, 39.5032043 ], [ -0.3634812, 39.5033036 ], [ -0.3646428, 39.5037981 ], [ -0.3651443, 39.5040178 ], [ -0.3653483, 39.5041071 ], [ -0.3653567, 39.5040741 ], [ -0.3653629, 39.5040497 ], [ -0.3654613, 39.5037017 ], [ -0.3655894, 39.5037084 ], [ -0.3659729, 39.5037395 ], [ -0.3660507, 39.5037746 ], [ -0.3661507, 39.50381 ], [ -0.3667457, 39.5041209 ], [ -0.3668007, 39.5041147 ], [ -0.3668592, 39.5041022 ], [ -0.3668912, 39.5040944 ], [ -0.3669355, 39.504101 ], [ -0.3672268, 39.5042353 ], [ -0.3677371, 39.5043902 ], [ -0.3678021, 39.5044083 ], [ -0.3678745, 39.5044206 ], [ -0.368131, 39.5044971 ], [ -0.3682073, 39.5045562 ], [ -0.3681426, 39.5047344 ], [ -0.3684672, 39.5048988 ], [ -0.3687975, 39.5050618 ], [ -0.3688828, 39.5051146 ], [ -0.3690469, 39.5053495 ], [ -0.3687174, 39.5055668 ], [ -0.3687557, 39.5056013 ], [ -0.3690461, 39.5060241 ], [ -0.3694864, 39.5064059 ], [ -0.3696595, 39.5065522 ], [ -0.3697103, 39.5067309 ], [ -0.3697662, 39.5068381 ], [ -0.3698404, 39.5069157 ], [ -0.3699527, 39.5069997 ], [ -0.3698695, 39.5071717 ], [ -0.3695389, 39.5073592 ], [ -0.3694993, 39.5073836 ], [ -0.369487, 39.5074112 ], [ -0.3695092, 39.5074451 ], [ -0.3699113, 39.5076697 ], [ -0.370004, 39.5077601 ], [ -0.3701939, 39.5079696 ], [ -0.3704109, 39.5081332 ], [ -0.3706144, 39.5082643 ], [ -0.3706902, 39.508304 ], [ -0.370798, 39.5083456 ], [ -0.3708483, 39.5083677 ], [ -0.3708776, 39.5084021 ], [ -0.3709526, 39.5085029 ], [ -0.3710508, 39.5086433 ], [ -0.3711469, 39.5088216 ], [ -0.371209, 39.5088564 ], [ -0.3713323, 39.5088701 ], [ -0.3715178, 39.5088922 ], [ -0.3716458, 39.5090026 ], [ -0.3717165, 39.5091748 ], [ -0.3718975, 39.5092631 ], [ -0.3722866, 39.5094576 ], [ -0.3722569, 39.5095169 ], [ -0.37222, 39.5095803 ], [ -0.3721767, 39.5096401 ], [ -0.3721164, 39.509697 ], [ -0.3720927, 39.5097192 ], [ -0.3720135, 39.5097839 ], [ -0.3719017, 39.5098351 ], [ -0.3716224, 39.5098951 ], [ -0.3709391, 39.5100424 ], [ -0.3707991, 39.5100715 ], [ -0.3707323, 39.5100856 ], [ -0.3706086, 39.5101083 ], [ -0.3704191, 39.5101165 ], [ -0.3701556, 39.5101289 ], [ -0.3700177, 39.5101506 ], [ -0.3698837, 39.5101967 ], [ -0.3697514, 39.5102827 ], [ -0.3696295, 39.5103718 ], [ -0.3695376, 39.510414 ], [ -0.3694267, 39.5104621 ], [ -0.3692732, 39.5105162 ], [ -0.3691939, 39.5105673 ], [ -0.3691736, 39.5105801 ], [ -0.369066, 39.5106723 ], [ -0.3689453, 39.5108404 ], [ -0.3689143, 39.5108932 ], [ -0.368907, 39.5109105 ], [ -0.3688832, 39.5109247 ], [ -0.3688275, 39.5109421 ], [ -0.3687435, 39.5109701 ], [ -0.3686177, 39.5110276 ], [ -0.3684765, 39.5110829 ], [ -0.3681466, 39.5112485 ], [ -0.3680554, 39.5112878 ], [ -0.3677711, 39.5113643 ], [ -0.3676295, 39.5114123 ], [ -0.3675436, 39.5114806 ], [ -0.3674385, 39.5116023 ], [ -0.3672996, 39.5118635 ], [ -0.3672239, 39.5119727 ], [ -0.3671262, 39.5120911 ], [ -0.3670814, 39.5121364 ], [ -0.3668491, 39.5123903 ], [ -0.3666089, 39.5126385 ], [ -0.3678469, 39.5133226 ], [ -0.3683111, 39.5136025 ], [ -0.3686013, 39.5138226 ], [ -0.368935, 39.5141285 ], [ -0.3691865, 39.5144158 ], [ -0.3693945, 39.5146994 ], [ -0.3698152, 39.5153784 ], [ -0.3711258, 39.5173707 ], [ -0.3714789, 39.5179452 ], [ -0.3716626, 39.5183109 ], [ -0.3718029, 39.5186914 ], [ -0.371919, 39.5190831 ], [ -0.3722333, 39.5207918 ], [ -0.372538, 39.5223959 ], [ -0.3726347, 39.5227242 ], [ -0.372775, 39.5231308 ], [ -0.3729055, 39.5234517 ], [ -0.3730748, 39.5237799 ], [ -0.3734134, 39.5244514 ], [ -0.3735343, 39.5247387 ], [ -0.3736213, 39.5250408 ], [ -0.3736905, 39.5254158 ], [ -0.3737115, 39.525513 ], [ -0.3739719, 39.5267203 ], [ -0.3735243, 39.5267938 ], [ -0.3733006, 39.5268306 ], [ -0.3733029, 39.5268605 ], [ -0.3732273, 39.5268433 ], [ -0.3726538, 39.5267124 ], [ -0.3723594, 39.5266452 ], [ -0.3720467, 39.5265738 ], [ -0.3720325, 39.5265706 ], [ -0.372008, 39.526565 ], [ -0.3709245, 39.526211 ], [ -0.3708675, 39.5261924 ], [ -0.370811, 39.5263022 ], [ -0.370782, 39.5263808 ], [ -0.3707653, 39.5264852 ], [ -0.3707728, 39.5265525 ], [ -0.3707904, 39.5266291 ], [ -0.370796, 39.5267197 ], [ -0.37205, 39.5270837 ], [ -0.3721341, 39.5271486 ], [ -0.3721909, 39.5271641 ], [ -0.3733249, 39.5274728 ], [ -0.3741048, 39.5276385 ], [ -0.3742439, 39.5276981 ], [ -0.3743171, 39.5277526 ], [ -0.3743701, 39.5278543 ], [ -0.3744101, 39.5279681 ], [ -0.3744572, 39.5280355 ], [ -0.3745318, 39.5280887 ], [ -0.3750797, 39.5281621 ], [ -0.3752371, 39.5281812 ], [ -0.3763986, 39.5282552 ], [ -0.3764323, 39.5282857 ], [ -0.3764778, 39.5283218 ], [ -0.3765287, 39.5283644 ], [ -0.3765637, 39.5284175 ], [ -0.3765755, 39.5284787 ], [ -0.3765778, 39.5285327 ], [ -0.3765759, 39.5286077 ], [ -0.3765801, 39.5286863 ], [ -0.3765887, 39.528737 ], [ -0.3766053, 39.5287878 ], [ -0.3766385, 39.528842 ], [ -0.3766792, 39.5288881 ], [ -0.3768006, 39.5290067 ], [ -0.3769353, 39.5291253 ], [ -0.377165, 39.5292929 ], [ -0.37727, 39.5293763 ], [ -0.3773721, 39.5294768 ], [ -0.3774176, 39.5295257 ], [ -0.3774595, 39.5295782 ], [ -0.377487, 39.5296253 ], [ -0.3775003, 39.529676 ], [ -0.3775071, 39.5297421 ], [ -0.3775003, 39.5298105 ], [ -0.3774873, 39.5299151 ], [ -0.3774738, 39.5300268 ], [ -0.3774709, 39.5300668 ], [ -0.3774796, 39.5301098 ], [ -0.3775081, 39.5301415 ], [ -0.3775539, 39.5301607 ], [ -0.3779978, 39.5302064 ], [ -0.3783124, 39.5302302 ], [ -0.3784657, 39.5302447 ], [ -0.3786033, 39.5302607 ], [ -0.3787076, 39.5303027 ], [ -0.3787431, 39.530324 ], [ -0.3788085, 39.5303755 ], [ -0.3797866, 39.5303893 ], [ -0.3807998, 39.5304036 ], [ -0.3811481, 39.5304349 ], [ -0.3819319, 39.5305052 ], [ -0.3820626, 39.5305052 ], [ -0.3825541, 39.5304635 ], [ -0.3830405, 39.5304222 ], [ -0.3834329, 39.5303935 ], [ -0.3840294, 39.5303383 ], [ -0.3841572, 39.5303113 ], [ -0.3841794, 39.5303134 ], [ -0.3842019, 39.5303147 ], [ -0.3842315, 39.5303152 ], [ -0.3842618, 39.5303144 ], [ -0.3853975, 39.5302626 ], [ -0.385315, 39.5306845 ], [ -0.3852506, 39.5309725 ], [ -0.3852371, 39.5310077 ], [ -0.3852235, 39.5310433 ], [ -0.385182, 39.5311519 ], [ -0.3848618, 39.5320935 ], [ -0.3848507, 39.5321255 ], [ -0.3848353, 39.5321562 ], [ -0.384776, 39.5323997 ], [ -0.3846656, 39.5327152 ], [ -0.3846023, 39.5328396 ], [ -0.3846788, 39.5331792 ], [ -0.385482, 39.5332207 ], [ -0.3855859, 39.5331126 ], [ -0.3856235, 39.5330451 ], [ -0.3856195, 39.5330064 ], [ -0.3856046, 39.5330017 ], [ -0.3856713, 39.5327896 ], [ -0.3857013, 39.5326958 ], [ -0.3857423, 39.5327057 ], [ -0.3858989, 39.5324859 ], [ -0.3859941, 39.5323843 ], [ -0.3860596, 39.5323491 ], [ -0.3861531, 39.5322681 ], [ -0.3863326, 39.5320317 ], [ -0.3863692, 39.5319576 ], [ -0.3864088, 39.5318821 ], [ -0.386434, 39.5318429 ], [ -0.3864683, 39.5318166 ], [ -0.3866333, 39.5317636 ], [ -0.3866841, 39.5317546 ], [ -0.3869131, 39.531764 ], [ -0.3870395, 39.5317703 ], [ -0.3871613, 39.5317889 ], [ -0.3872437, 39.5318094 ], [ -0.3872849, 39.5318362 ], [ -0.3872968, 39.5321732 ], [ -0.3873, 39.5321974 ], [ -0.3876114, 39.5321838 ], [ -0.3876609, 39.5321974 ], [ -0.3877087, 39.532237 ], [ -0.3882245, 39.5322678 ], [ -0.3885879, 39.5322102 ], [ -0.3891317, 39.5321022 ], [ -0.3890368, 39.5318763 ], [ -0.3889248, 39.5313684 ], [ -0.3888885, 39.5311641 ], [ -0.3887543, 39.5305194 ], [ -0.3899634, 39.5303627 ], [ -0.3899071, 39.5299117 ], [ -0.3902161, 39.5299242 ], [ -0.3904804, 39.5299023 ], [ -0.3912488, 39.5298991 ], [ -0.3920105, 39.5298772 ], [ -0.392343, 39.5298661 ], [ -0.3924926, 39.5299064 ], [ -0.3925222, 39.5299953 ], [ -0.3927072, 39.530005 ], [ -0.3929615, 39.5299466 ], [ -0.3939421, 39.5298093 ], [ -0.3939958, 39.5297973 ], [ -0.3939607, 39.5296164 ], [ -0.3939033, 39.5295034 ], [ -0.393889, 39.5294283 ], [ -0.3938886, 39.5293607 ], [ -0.3938646, 39.5291872 ], [ -0.3938972, 39.5290832 ], [ -0.3939213, 39.528977 ], [ -0.3937259, 39.528841 ], [ -0.3937259, 39.5286172 ], [ -0.3936859, 39.528427 ], [ -0.3936512, 39.5283825 ], [ -0.39361, 39.5281863 ], [ -0.3935485, 39.5279556 ], [ -0.3935318, 39.5279194 ], [ -0.3935087, 39.5278745 ], [ -0.3934779, 39.5278262 ], [ -0.3933017, 39.5275864 ], [ -0.3933374, 39.5275546 ], [ -0.3934451, 39.5275053 ], [ -0.3937753, 39.5274098 ], [ -0.3938603, 39.5273548 ], [ -0.3938664, 39.5273508 ], [ -0.3939025, 39.5273264 ], [ -0.394015, 39.5274382 ], [ -0.3941509, 39.527256 ], [ -0.3942332, 39.5270912 ], [ -0.3943057, 39.5269943 ], [ -0.3943389, 39.5268668 ], [ -0.3943766, 39.5267811 ], [ -0.3948624, 39.5262315 ], [ -0.3951331, 39.526505 ], [ -0.3952413, 39.5265816 ], [ -0.3953669, 39.5266961 ], [ -0.395574, 39.5268908 ], [ -0.3957831, 39.5270889 ], [ -0.3957943, 39.5270979 ], [ -0.3959038, 39.5271776 ], [ -0.3961842, 39.5274317 ], [ -0.3962215, 39.5274906 ], [ -0.3968541, 39.528033 ], [ -0.3969999, 39.5281729 ], [ -0.3972115, 39.5283624 ], [ -0.3970763, 39.5285039 ], [ -0.3971534, 39.5285453 ], [ -0.3971782, 39.5285821 ], [ -0.397176, 39.5286391 ], [ -0.3971387, 39.528935 ], [ -0.3971205, 39.5291517 ], [ -0.3970888, 39.5293173 ], [ -0.3970968, 39.5293297 ], [ -0.3973481, 39.5294458 ], [ -0.3973721, 39.5294598 ], [ -0.3973708, 39.5294776 ], [ -0.3973567, 39.5295044 ], [ -0.3972279, 39.5296555 ], [ -0.3971469, 39.5297471 ], [ -0.3971435, 39.529761 ], [ -0.3971617, 39.5297764 ], [ -0.397327, 39.5298546 ], [ -0.3973714, 39.529896 ], [ -0.3978049, 39.5300687 ], [ -0.397896, 39.5300939 ], [ -0.3984075, 39.5305003 ], [ -0.398447, 39.5305333 ], [ -0.3985436, 39.530611 ], [ -0.3986054, 39.5306518 ], [ -0.3986562, 39.5306974 ], [ -0.3987429, 39.530744 ], [ -0.39889, 39.5308431 ], [ -0.3989201, 39.5308525 ], [ -0.3989512, 39.5308769 ], [ -0.398987, 39.5309357 ], [ -0.399275, 39.5311404 ], [ -0.3993425, 39.531221 ], [ -0.3994548, 39.5313133 ], [ -0.3995132, 39.5313475 ], [ -0.3998486, 39.5315768 ], [ -0.3998947, 39.5316114 ], [ -0.4001156, 39.5317779 ], [ -0.400209, 39.5318392 ], [ -0.400258, 39.5318842 ], [ -0.400286, 39.5319292 ], [ -0.4003024, 39.531958 ], [ -0.4003883, 39.5320421 ], [ -0.4004431, 39.5320557 ], [ -0.4006263, 39.5321442 ], [ -0.3997054, 39.533088 ], [ -0.3995332, 39.5332452 ], [ -0.3990188, 39.533765 ], [ -0.3991639, 39.5338975 ], [ -0.3995549, 39.5342181 ], [ -0.3996407, 39.5342742 ], [ -0.4001802, 39.5346163 ], [ -0.4002532, 39.5346626 ], [ -0.4006762, 39.5350186 ], [ -0.4009723, 39.5352654 ], [ -0.4013772, 39.5355882 ], [ -0.4014634, 39.5356451 ], [ -0.4015153, 39.5356877 ], [ -0.4016322, 39.5357899 ], [ -0.4017951, 39.5359374 ], [ -0.4018249, 39.5359617 ], [ -0.4022042, 39.536271 ], [ -0.4023538, 39.5364285 ], [ -0.4025094, 39.5365874 ], [ -0.4026175, 39.53671 ], [ -0.4027355, 39.5368146 ], [ -0.4028805, 39.5369619 ], [ -0.4029494, 39.537066 ], [ -0.402972, 39.5371002 ], [ -0.403059, 39.537214 ], [ -0.4032323, 39.5374368 ], [ -0.4032683, 39.5374577 ], [ -0.4032941, 39.5375097 ], [ -0.4028626, 39.5377082 ], [ -0.4026221, 39.5378188 ], [ -0.4025791, 39.5378386 ], [ -0.4024912, 39.537879 ], [ -0.4024311, 39.5378489 ], [ -0.401607, 39.538371 ], [ -0.4015144, 39.538408 ], [ -0.4013486, 39.538613 ], [ -0.4013177, 39.5390946 ], [ -0.4013195, 39.5392717 ], [ -0.4013153, 39.5394165 ], [ -0.4012697, 39.5395642 ], [ -0.4012844, 39.5397599 ], [ -0.4010681, 39.5404549 ], [ -0.4017429, 39.5405707 ], [ -0.4025646, 39.5407561 ], [ -0.4030563, 39.5407587 ], [ -0.4054041, 39.5415333 ], [ -0.4061946, 39.5439077 ], [ -0.4070315, 39.5461551 ], [ -0.4091488, 39.5471449 ], [ -0.4134715, 39.5491657 ], [ -0.414608, 39.5499442 ], [ -0.4144825, 39.5499746 ], [ -0.4177383, 39.5522011 ], [ -0.4204437, 39.555854 ], [ -0.4243255, 39.5597953 ], [ -0.426906, 39.5623459 ], [ -0.4325512, 39.5611778 ] ] ], [ [ [ -0.3669264, 39.5271984 ], [ -0.3668431, 39.5271585 ], [ -0.3666706, 39.5270759 ], [ -0.366382, 39.5269376 ], [ -0.3663424, 39.5269186 ], [ -0.3663029, 39.5268742 ], [ -0.366471, 39.5266203 ], [ -0.3657861, 39.5263889 ], [ -0.3655684, 39.5263153 ], [ -0.3653484, 39.526241 ], [ -0.3652884, 39.5262207 ], [ -0.3653938, 39.5259641 ], [ -0.3657266, 39.525154 ], [ -0.3657532, 39.5250952 ], [ -0.3658269, 39.525071 ], [ -0.3661949, 39.5242514 ], [ -0.3663951, 39.5237084 ], [ -0.3664625, 39.5235257 ], [ -0.3664407, 39.5235202 ], [ -0.3663111, 39.5234874 ], [ -0.3660631, 39.5233827 ], [ -0.3657828, 39.5232643 ], [ -0.3656018, 39.5231879 ], [ -0.3653782, 39.5230935 ], [ -0.3653176, 39.5230763 ], [ -0.3648968, 39.522957 ], [ -0.3642611, 39.5227026 ], [ -0.3642421, 39.522695 ], [ -0.364032, 39.5225807 ], [ -0.3634822, 39.5222283 ], [ -0.3633862, 39.5221687 ], [ -0.3630972, 39.5220686 ], [ -0.3627832, 39.5215682 ], [ -0.3627231, 39.5213389 ], [ -0.3625921, 39.5212106 ], [ -0.362539, 39.5209021 ], [ -0.3623363, 39.5207373 ], [ -0.3621475, 39.5205837 ], [ -0.3621087, 39.5205522 ], [ -0.3619107, 39.5203912 ], [ -0.3618843, 39.5203697 ], [ -0.3618887, 39.5203589 ], [ -0.3619398, 39.5202333 ], [ -0.362131, 39.5200313 ], [ -0.362177, 39.5199685 ], [ -0.362133, 39.5196835 ], [ -0.3621239, 39.5196245 ], [ -0.3621203, 39.5193815 ], [ -0.3620251, 39.51908 ], [ -0.3620212, 39.5190675 ], [ -0.3619929, 39.518931 ], [ -0.3619722, 39.5186807 ], [ -0.3619589, 39.5184603 ], [ -0.3619559, 39.5184195 ], [ -0.3619469, 39.5182949 ], [ -0.3619349, 39.5182388 ], [ -0.3618938, 39.5180464 ], [ -0.3618426, 39.5178391 ], [ -0.361823, 39.5177598 ], [ -0.3617735, 39.5173284 ], [ -0.3617877, 39.5172301 ], [ -0.3617167, 39.5168708 ], [ -0.3617105, 39.5168395 ], [ -0.3616906, 39.5167385 ], [ -0.361684, 39.5167051 ], [ -0.3616744, 39.5166567 ], [ -0.3616699, 39.516646 ], [ -0.3616242, 39.5165379 ], [ -0.3615693, 39.5164953 ], [ -0.3615605, 39.5164884 ], [ -0.3614663, 39.5164484 ], [ -0.3613136, 39.5167077 ], [ -0.3610024, 39.5166018 ], [ -0.3602905, 39.5163597 ], [ -0.3602292, 39.5163388 ], [ -0.3601995, 39.516505 ], [ -0.3601448, 39.5166162 ], [ -0.3600666, 39.5167029 ], [ -0.3599888, 39.5168336 ], [ -0.3599201, 39.5169929 ], [ -0.3598582, 39.5171444 ], [ -0.3597828, 39.5172683 ], [ -0.3597258, 39.5173193 ], [ -0.3596231, 39.5174112 ], [ -0.3594879, 39.5175079 ], [ -0.3592371, 39.5176433 ], [ -0.3590488, 39.5177412 ], [ -0.3588487, 39.5179066 ], [ -0.3586806, 39.5180654 ], [ -0.3584902, 39.5182275 ], [ -0.3581217, 39.5184818 ], [ -0.3577247, 39.5187963 ], [ -0.3574296, 39.519088 ], [ -0.3573814, 39.5191357 ], [ -0.3570083, 39.5195318 ], [ -0.356684, 39.5198365 ], [ -0.3556359, 39.5193912 ], [ -0.355375, 39.5197565 ], [ -0.3553719, 39.5197608 ], [ -0.355241, 39.5199643 ], [ -0.3552377, 39.5199694 ], [ -0.3548606, 39.5198127 ], [ -0.3544941, 39.5204702 ], [ -0.3544898, 39.5204779 ], [ -0.3544711, 39.5205114 ], [ -0.3543626, 39.5205569 ], [ -0.3542136, 39.5206997 ], [ -0.3541438, 39.5207331 ], [ -0.3539114, 39.5206876 ], [ -0.3538109, 39.5207319 ], [ -0.3536101, 39.5209108 ], [ -0.3535518, 39.520971 ], [ -0.3534543, 39.5210393 ], [ -0.3532036, 39.5211823 ], [ -0.35302, 39.5212921 ], [ -0.3529476, 39.5213353 ], [ -0.3526105, 39.5215727 ], [ -0.3523178, 39.521798 ], [ -0.3521293, 39.5219541 ], [ -0.3516159, 39.5223791 ], [ -0.3514788, 39.5224988 ], [ -0.3513125, 39.5226981 ], [ -0.3511929, 39.5228635 ], [ -0.3519, 39.5231109 ], [ -0.3520224, 39.5231582 ], [ -0.3531495, 39.5235032 ], [ -0.3532551, 39.5234889 ], [ -0.3533177, 39.5234589 ], [ -0.3533924, 39.5234194 ], [ -0.3534649, 39.5233673 ], [ -0.3535461, 39.5233447 ], [ -0.3536104, 39.5233503 ], [ -0.3536735, 39.5233687 ], [ -0.3541796, 39.5236307 ], [ -0.354352, 39.5237243 ], [ -0.354522, 39.5238165 ], [ -0.3548279, 39.5239358 ], [ -0.355064, 39.5240185 ], [ -0.3559598, 39.5243514 ], [ -0.3557681, 39.5247107 ], [ -0.3554428, 39.5252702 ], [ -0.3552598, 39.5256135 ], [ -0.35512, 39.5258566 ], [ -0.3548041, 39.526406 ], [ -0.3547609, 39.5264825 ], [ -0.3547006, 39.5265898 ], [ -0.3546351, 39.5267058 ], [ -0.3543645, 39.5271967 ], [ -0.3543249, 39.5272696 ], [ -0.3538816, 39.5280858 ], [ -0.3537629, 39.5282996 ], [ -0.353735, 39.52835 ], [ -0.3537304, 39.5283612 ], [ -0.3537243, 39.5283761 ], [ -0.353693, 39.5284523 ], [ -0.3536634, 39.5285243 ], [ -0.3536442, 39.5285725 ], [ -0.353625, 39.5286206 ], [ -0.3536014, 39.5286754 ], [ -0.3535767, 39.5287405 ], [ -0.3535494, 39.5288206 ], [ -0.3534545, 39.5290616 ], [ -0.3534062, 39.5292479 ], [ -0.353525, 39.5292799 ], [ -0.3540035, 39.529423 ], [ -0.3541941, 39.5294843 ], [ -0.3542767, 39.5295096 ], [ -0.3549546, 39.5297167 ], [ -0.3549741, 39.5297227 ], [ -0.3561034, 39.5300977 ], [ -0.3561256, 39.5301051 ], [ -0.3561668, 39.5301215 ], [ -0.3563859, 39.5302088 ], [ -0.357026, 39.5304637 ], [ -0.3572436, 39.5305504 ], [ -0.3572825, 39.5305633 ], [ -0.3581751, 39.5308596 ], [ -0.3588385, 39.5310798 ], [ -0.3588932, 39.531098 ], [ -0.3592913, 39.5312301 ], [ -0.3598258, 39.5313997 ], [ -0.3598653, 39.5314122 ], [ -0.3599061, 39.5314327 ], [ -0.3602033, 39.5315818 ], [ -0.3608363, 39.53182 ], [ -0.3609526, 39.5318293 ], [ -0.3616459, 39.5321288 ], [ -0.3616875, 39.5318784 ], [ -0.3617845, 39.5316449 ], [ -0.3618383, 39.5315922 ], [ -0.3620399, 39.5312304 ], [ -0.3620769, 39.531148 ], [ -0.3623061, 39.5304163 ], [ -0.3620054, 39.5303042 ], [ -0.3619868, 39.5302973 ], [ -0.3620933, 39.5300844 ], [ -0.3621258, 39.5300655 ], [ -0.3622714, 39.5296203 ], [ -0.3623025, 39.5295331 ], [ -0.362348, 39.5294056 ], [ -0.3624105, 39.5292808 ], [ -0.3622251, 39.529203 ], [ -0.3619203, 39.5287729 ], [ -0.3613887, 39.5285446 ], [ -0.3613612, 39.5285327 ], [ -0.3614232, 39.528405 ], [ -0.3614365, 39.5283743 ], [ -0.3614518, 39.528339 ], [ -0.3611165, 39.5281376 ], [ -0.3611374, 39.528116 ], [ -0.3611857, 39.528066 ], [ -0.3611966, 39.5280572 ], [ -0.3612606, 39.5280054 ], [ -0.3615057, 39.5278069 ], [ -0.3619515, 39.5279221 ], [ -0.3629003, 39.5281672 ], [ -0.3629653, 39.528184 ], [ -0.3629973, 39.5282179 ], [ -0.3630415, 39.5282381 ], [ -0.3631271, 39.528281 ], [ -0.3632554, 39.5283309 ], [ -0.3634163, 39.5284262 ], [ -0.3637907, 39.5285277 ], [ -0.3639815, 39.5286004 ], [ -0.3640285, 39.5286194 ], [ -0.3642852, 39.5287233 ], [ -0.364323, 39.5286859 ], [ -0.3645213, 39.5284278 ], [ -0.3645563, 39.528444 ], [ -0.3657399, 39.528991 ], [ -0.3657838, 39.5289243 ], [ -0.3658589, 39.5288103 ], [ -0.3658681, 39.5287964 ], [ -0.3659725, 39.528638 ], [ -0.3661699, 39.5283384 ], [ -0.3661853, 39.528315 ], [ -0.3663579, 39.5280531 ], [ -0.3664024, 39.5279856 ], [ -0.3664087, 39.527976 ], [ -0.366486, 39.5278586 ], [ -0.3665002, 39.5278371 ], [ -0.3665125, 39.5278187 ], [ -0.3667893, 39.5274038 ], [ -0.3669264, 39.5271984 ] ] ], [ [ [ -0.3436949, 39.5475187 ], [ -0.3430351, 39.547225 ], [ -0.3423162, 39.5469231 ], [ -0.341938, 39.5467411 ], [ -0.3416698, 39.5465818 ], [ -0.3414391, 39.5464494 ], [ -0.3411951, 39.5463481 ], [ -0.3410207, 39.5462985 ], [ -0.3408035, 39.5462323 ], [ -0.3406372, 39.5461413 ], [ -0.3406095, 39.5461188 ], [ -0.3405084, 39.5460296 ], [ -0.3402885, 39.5458752 ], [ -0.3401721, 39.5458107 ], [ -0.340092, 39.545777 ], [ -0.3400047, 39.5457517 ], [ -0.3398664, 39.5457209 ], [ -0.3397209, 39.5456844 ], [ -0.3395935, 39.5456423 ], [ -0.3390732, 39.5454066 ], [ -0.3390186, 39.5454206 ], [ -0.3385377, 39.5457406 ], [ -0.3384042, 39.545698 ], [ -0.3383928, 39.5456983 ], [ -0.3376989, 39.5457157 ], [ -0.337682, 39.5457161 ], [ -0.3376937, 39.5456436 ], [ -0.3377054, 39.5455984 ], [ -0.337731, 39.5455621 ], [ -0.337911, 39.5453561 ], [ -0.3379991, 39.5452791 ], [ -0.3380372, 39.5452361 ], [ -0.3380607, 39.5451614 ], [ -0.3380695, 39.5450799 ], [ -0.338049, 39.5449803 ], [ -0.3380049, 39.5448716 ], [ -0.3378907, 39.5446889 ], [ -0.3377436, 39.5444528 ], [ -0.3375234, 39.5441223 ], [ -0.3375029, 39.5440657 ], [ -0.3374647, 39.5436423 ], [ -0.3370772, 39.5435495 ], [ -0.3371911, 39.5431953 ], [ -0.337223, 39.5430961 ], [ -0.3373073, 39.5428498 ], [ -0.3375137, 39.5422471 ], [ -0.3367914, 39.5420637 ], [ -0.3369412, 39.54186 ], [ -0.336939, 39.541824 ], [ -0.3372477, 39.5411815 ], [ -0.3372748, 39.5411251 ], [ -0.3375137, 39.5411876 ], [ -0.337729, 39.5412477 ], [ -0.338018, 39.5413283 ], [ -0.3381321, 39.5413574 ], [ -0.3385362, 39.5414605 ], [ -0.3395426, 39.5416961 ], [ -0.3406516, 39.5419193 ], [ -0.3409029, 39.5413491 ], [ -0.3409594, 39.54117 ], [ -0.3409666, 39.5411471 ], [ -0.341522, 39.5399863 ], [ -0.3416466, 39.5397259 ], [ -0.3407486, 39.5393917 ], [ -0.3410323, 39.5391057 ], [ -0.3410713, 39.5390664 ], [ -0.3406165, 39.5388784 ], [ -0.3405914, 39.538868 ], [ -0.3402921, 39.5392267 ], [ -0.3401194, 39.5394338 ], [ -0.3396795, 39.5391649 ], [ -0.3393836, 39.5389545 ], [ -0.3392726, 39.5388756 ], [ -0.3392961, 39.538848 ], [ -0.3394872, 39.5386233 ], [ -0.3396968, 39.5384024 ], [ -0.3400316, 39.5380496 ], [ -0.3400368, 39.5380441 ], [ -0.3404933, 39.537563 ], [ -0.3405118, 39.5375435 ], [ -0.3397824, 39.5373305 ], [ -0.3397607, 39.5373242 ], [ -0.3397464, 39.5373313 ], [ -0.3395979, 39.5374111 ], [ -0.3393198, 39.5376235 ], [ -0.338661, 39.538102 ], [ -0.3379295, 39.5375485 ], [ -0.3379025, 39.5375281 ], [ -0.3369551, 39.5368112 ], [ -0.3369365, 39.5368345 ], [ -0.3369251, 39.5368279 ], [ -0.3358649, 39.5362116 ], [ -0.3356772, 39.5360875 ], [ -0.3352991, 39.5358957 ], [ -0.3352856, 39.5358889 ], [ -0.3347974, 39.5357317 ], [ -0.3345337, 39.5356532 ], [ -0.3344868, 39.5356393 ], [ -0.3337406, 39.5354172 ], [ -0.3336816, 39.5354379 ], [ -0.3336494, 39.5354834 ], [ -0.3336092, 39.535775 ], [ -0.3335529, 39.536104 ], [ -0.3335236, 39.5363605 ], [ -0.3335052, 39.5365221 ], [ -0.3334939, 39.5366212 ], [ -0.3334819, 39.5368472 ], [ -0.3334798, 39.5368863 ], [ -0.3335042, 39.5370556 ], [ -0.333497, 39.5372689 ], [ -0.3334915, 39.5374327 ], [ -0.3334796, 39.5375016 ], [ -0.3334592, 39.5375382 ], [ -0.3333251, 39.5374842 ], [ -0.3322754, 39.5371109 ], [ -0.3320314, 39.5370045 ], [ -0.3309673, 39.5364395 ], [ -0.3307484, 39.5363234 ], [ -0.3305103, 39.5366397 ], [ -0.3303969, 39.5368172 ], [ -0.3303875, 39.5369037 ], [ -0.3304809, 39.5374367 ], [ -0.3305603, 39.5378365 ], [ -0.3306643, 39.5378582 ], [ -0.3313458, 39.5381054 ], [ -0.3313753, 39.538108 ], [ -0.3313955, 39.5381187 ], [ -0.3320486, 39.5384651 ], [ -0.3321626, 39.5385483 ], [ -0.3325641, 39.5387693 ], [ -0.3328432, 39.5389229 ], [ -0.333277, 39.5391617 ], [ -0.3335999, 39.5393394 ], [ -0.333641, 39.539362 ], [ -0.3334927, 39.5395729 ], [ -0.3331514, 39.5400584 ], [ -0.3330415, 39.5402571 ], [ -0.3328007, 39.5405357 ], [ -0.3325529, 39.5407801 ], [ -0.332359, 39.5409074 ], [ -0.3322682, 39.5409559 ], [ -0.3328645, 39.5412793 ], [ -0.3333034, 39.5415174 ], [ -0.333299, 39.5415224 ], [ -0.332827, 39.542054 ], [ -0.332839, 39.5420584 ], [ -0.3331092, 39.5421579 ], [ -0.3331769, 39.5421828 ], [ -0.3342712, 39.5425858 ], [ -0.3342841, 39.5425906 ], [ -0.3341799, 39.5427832 ], [ -0.3339055, 39.5432196 ], [ -0.3338025, 39.5433781 ], [ -0.3337664, 39.5434435 ], [ -0.3337581, 39.5434882 ], [ -0.3337693, 39.543539 ], [ -0.3337626, 39.5435821 ], [ -0.3337196, 39.5436455 ], [ -0.3336608, 39.5437087 ], [ -0.3335658, 39.5438258 ], [ -0.3334196, 39.5440268 ], [ -0.3333385, 39.5441226 ], [ -0.3333963, 39.5441535 ], [ -0.3333983, 39.5441864 ], [ -0.3332217, 39.5443934 ], [ -0.3330551, 39.5445463 ], [ -0.3328018, 39.5448674 ], [ -0.3326305, 39.5451032 ], [ -0.3325413, 39.5451813 ], [ -0.3325294, 39.5451917 ], [ -0.3323479, 39.5453506 ], [ -0.3321205, 39.5455425 ], [ -0.332008, 39.5454502 ], [ -0.3318231, 39.5452984 ], [ -0.3316492, 39.5451072 ], [ -0.3312984, 39.5450268 ], [ -0.3310823, 39.5449879 ], [ -0.3309297, 39.5449516 ], [ -0.3306129, 39.5448567 ], [ -0.3304175, 39.5448152 ], [ -0.3298394, 39.5446993 ], [ -0.3295392, 39.5446426 ], [ -0.3295372, 39.5447378 ], [ -0.3295367, 39.5451129 ], [ -0.3295358, 39.545137 ], [ -0.3295324, 39.5452081 ], [ -0.3295347, 39.5452625 ], [ -0.3295341, 39.5453718 ], [ -0.3295258, 39.5459313 ], [ -0.329526, 39.546093 ], [ -0.329526, 39.5465423 ], [ -0.3302912, 39.5468153 ], [ -0.3303074, 39.546821 ], [ -0.3307326, 39.5469713 ], [ -0.3310681, 39.5470899 ], [ -0.3313959, 39.5472057 ], [ -0.3321753, 39.5475357 ], [ -0.3323207, 39.5475658 ], [ -0.3321286, 39.5478295 ], [ -0.3318426, 39.5481593 ], [ -0.3316493, 39.5483684 ], [ -0.331632, 39.5484505 ], [ -0.33169, 39.5484381 ], [ -0.3317721, 39.5484648 ], [ -0.3320848, 39.5485663 ], [ -0.3321645, 39.5485942 ], [ -0.333079, 39.5489144 ], [ -0.3334986, 39.5490581 ], [ -0.3339433, 39.5492105 ], [ -0.3341735, 39.5492841 ], [ -0.3336856, 39.5500556 ], [ -0.3337809, 39.5500971 ], [ -0.3333414, 39.5507893 ], [ -0.3329089, 39.5506368 ], [ -0.3320357, 39.5518542 ], [ -0.334281, 39.5520229 ], [ -0.3345224, 39.5519526 ], [ -0.3346962, 39.5518348 ], [ -0.335101, 39.5513035 ], [ -0.3357288, 39.5511092 ], [ -0.3361613, 39.5511195 ], [ -0.336738, 39.551165 ], [ -0.33732, 39.5513591 ], [ -0.3375863, 39.5514772 ], [ -0.3376023, 39.5514609 ], [ -0.3376378, 39.5513978 ], [ -0.3376916, 39.5513268 ], [ -0.337802, 39.5511444 ], [ -0.3379353, 39.5509684 ], [ -0.3379817, 39.5508899 ], [ -0.3380116, 39.5508112 ], [ -0.3380343, 39.5506981 ], [ -0.3381027, 39.5502734 ], [ -0.3385203, 39.5494874 ], [ -0.3385564, 39.549458 ], [ -0.3386116, 39.5494567 ], [ -0.3386997, 39.5494494 ], [ -0.3388274, 39.5494041 ], [ -0.3390081, 39.5492937 ], [ -0.3391077, 39.5492153 ], [ -0.339131, 39.5492206 ], [ -0.3395065, 39.5487689 ], [ -0.3396164, 39.5488151 ], [ -0.3401204, 39.5490269 ], [ -0.3409063, 39.5493712 ], [ -0.3417252, 39.5497588 ], [ -0.3422202, 39.5499675 ], [ -0.3422232, 39.5499623 ], [ -0.3423137, 39.5499941 ], [ -0.3424259, 39.5497963 ], [ -0.3425105, 39.5496294 ], [ -0.3426355, 39.5494024 ], [ -0.3429256, 39.5488962 ], [ -0.3430555, 39.5486696 ], [ -0.3433742, 39.5481295 ], [ -0.3434293, 39.5480245 ], [ -0.3436949, 39.5475187 ] ] ], [ [ [ -0.3199035, 39.5617066 ], [ -0.3198702, 39.5617004 ], [ -0.3197893, 39.5616632 ], [ -0.3196335, 39.5615974 ], [ -0.3191146, 39.5613726 ], [ -0.3189529, 39.5613271 ], [ -0.3189301, 39.5613249 ], [ -0.3186484, 39.5612469 ], [ -0.3180118, 39.5610688 ], [ -0.317819, 39.5610539 ], [ -0.3177219, 39.5610317 ], [ -0.3176131, 39.5609898 ], [ -0.3175736, 39.5609877 ], [ -0.3174949, 39.5609908 ], [ -0.3173761, 39.5610178 ], [ -0.3173081, 39.5611097 ], [ -0.3172671, 39.5612749 ], [ -0.3172555, 39.5613868 ], [ -0.317205, 39.5613794 ], [ -0.3168353, 39.5613306 ], [ -0.3167138, 39.5612608 ], [ -0.315976, 39.5608691 ], [ -0.3149837, 39.5603531 ], [ -0.3147919, 39.5601961 ], [ -0.3146476, 39.5600589 ], [ -0.3144328, 39.559973 ], [ -0.3142116, 39.5599224 ], [ -0.3133843, 39.5595477 ], [ -0.3131844, 39.5594471 ], [ -0.312505, 39.5591686 ], [ -0.3122575, 39.5590531 ], [ -0.3121304, 39.558955 ], [ -0.3121139, 39.5589409 ], [ -0.3120935, 39.5589234 ], [ -0.3114759, 39.558581 ], [ -0.3110444, 39.5583365 ], [ -0.3109369, 39.5582755 ], [ -0.310558, 39.5580564 ], [ -0.3102167, 39.5578795 ], [ -0.3103011, 39.557743 ], [ -0.3103505, 39.5576039 ], [ -0.3104252, 39.5574554 ], [ -0.3104739, 39.557306 ], [ -0.3105149, 39.5572152 ], [ -0.3105367, 39.5571783 ], [ -0.3105176, 39.5571677 ], [ -0.3104941, 39.5571651 ], [ -0.3100245, 39.557002 ], [ -0.3096796, 39.5568688 ], [ -0.3095552, 39.5568225 ], [ -0.3094989, 39.5568016 ], [ -0.30873, 39.5564735 ], [ -0.307684, 39.5561049 ], [ -0.3066386, 39.5556888 ], [ -0.3059296, 39.5553503 ], [ -0.3054616, 39.555134 ], [ -0.304391, 39.5547462 ], [ -0.3043479, 39.5547287 ], [ -0.3037855, 39.5544997 ], [ -0.3037283, 39.5544764 ], [ -0.3035786, 39.5544155 ], [ -0.303032, 39.5541827 ], [ -0.3019866, 39.553788 ], [ -0.3012565, 39.5534806 ], [ -0.3012421, 39.5534752 ], [ -0.3003839, 39.5531556 ], [ -0.2994306, 39.5527755 ], [ -0.2985045, 39.5524274 ], [ -0.2977679, 39.5521414 ], [ -0.296375, 39.5514645 ], [ -0.2954262, 39.5509823 ], [ -0.2953911, 39.5509309 ], [ -0.295352, 39.5508902 ], [ -0.2946103, 39.5503724 ], [ -0.2945166, 39.5503764 ], [ -0.2923737, 39.5489454 ], [ -0.2922041, 39.5488662 ], [ -0.2920627, 39.5488493 ], [ -0.2916556, 39.5491772 ], [ -0.2917348, 39.5492507 ], [ -0.2918931, 39.5492281 ], [ -0.2921136, 39.5490189 ], [ -0.294128, 39.550258 ], [ -0.294046, 39.5506171 ], [ -0.293946, 39.55092 ], [ -0.2937544, 39.5513933 ], [ -0.2936905, 39.5514718 ], [ -0.2933634, 39.5518738 ], [ -0.2931325, 39.5521095 ], [ -0.292851, 39.5523364 ], [ -0.2925683, 39.552479 ], [ -0.2923053, 39.5525923 ], [ -0.291963, 39.5526878 ], [ -0.2909013, 39.5519753 ], [ -0.2908011, 39.5520098 ], [ -0.2907798, 39.5520666 ], [ -0.291006, 39.5522298 ], [ -0.2919738, 39.552865 ], [ -0.2919452, 39.55295 ], [ -0.2917232, 39.5533266 ], [ -0.2914038, 39.553784 ], [ -0.2909321, 39.5542961 ], [ -0.2906506, 39.5545066 ], [ -0.2903611, 39.5546804 ], [ -0.2902157, 39.5547427 ], [ -0.290062, 39.5547926 ], [ -0.2899301, 39.554875 ], [ -0.28985, 39.5549016 ], [ -0.2891978, 39.5544777 ], [ -0.2888471, 39.5542608 ], [ -0.2885557, 39.5540315 ], [ -0.2884498, 39.5540517 ], [ -0.2884794, 39.554207 ], [ -0.2887556, 39.5543339 ], [ -0.2897897, 39.5549594 ], [ -0.2897501, 39.5550689 ], [ -0.2897015, 39.5551372 ], [ -0.2896031, 39.555284 ], [ -0.2895504, 39.5554302 ], [ -0.2894754, 39.5555724 ], [ -0.2893946, 39.5557297 ], [ -0.2892787, 39.5558827 ], [ -0.289108, 39.5561012 ], [ -0.2888853, 39.5563275 ], [ -0.2887026, 39.5564778 ], [ -0.2884784, 39.5566312 ], [ -0.2882513, 39.5567374 ], [ -0.2879973, 39.5568298 ], [ -0.2877824, 39.5569269 ], [ -0.2876779, 39.5569786 ], [ -0.2881572, 39.5572484 ], [ -0.2909229, 39.5584685 ], [ -0.292307, 39.5590442 ], [ -0.2927524, 39.5592205 ], [ -0.293852, 39.5596406 ], [ -0.2948721, 39.5600346 ], [ -0.2953852, 39.5602553 ], [ -0.2963357, 39.5606708 ], [ -0.2967146, 39.5608403 ], [ -0.2970156, 39.5608826 ], [ -0.2977097, 39.5611225 ], [ -0.297817, 39.5611991 ], [ -0.2984678, 39.5614408 ], [ -0.2985883, 39.56154 ], [ -0.2987619, 39.5616157 ], [ -0.2989824, 39.5617019 ], [ -0.2991441, 39.5618137 ], [ -0.2993448, 39.5620282 ], [ -0.2997819, 39.5621604 ], [ -0.2999136, 39.5622128 ], [ -0.3005652, 39.5624652 ], [ -0.3014111, 39.5627093 ], [ -0.3018534, 39.5629923 ], [ -0.3017694, 39.5631832 ], [ -0.3017808, 39.5632007 ], [ -0.3027348, 39.5634335 ], [ -0.3036613, 39.5636391 ], [ -0.3046285, 39.5638491 ], [ -0.3056584, 39.5640683 ], [ -0.3062163, 39.564182 ], [ -0.3062488, 39.5642678 ], [ -0.3062575, 39.5643578 ], [ -0.3062992, 39.5643923 ], [ -0.3063554, 39.5644202 ], [ -0.3064042, 39.5644148 ], [ -0.3065025, 39.5644425 ], [ -0.3066183, 39.5644641 ], [ -0.3067121, 39.5644792 ], [ -0.3070103, 39.5645211 ], [ -0.3073265, 39.5646307 ], [ -0.3076942, 39.5648106 ], [ -0.3079732, 39.5648727 ], [ -0.3081341, 39.5648809 ], [ -0.3086357, 39.5649409 ], [ -0.3091131, 39.565036 ], [ -0.3092526, 39.5648044 ], [ -0.3093652, 39.5647941 ], [ -0.3099956, 39.5649181 ], [ -0.3102354, 39.5649173 ], [ -0.3106634, 39.5649864 ], [ -0.3109888, 39.565066 ], [ -0.3113213, 39.5651374 ], [ -0.3116072, 39.5651843 ], [ -0.3120092, 39.5652919 ], [ -0.3124798, 39.5654043 ], [ -0.3128929, 39.5655649 ], [ -0.3132352, 39.5656683 ], [ -0.3141365, 39.5660838 ], [ -0.3143442, 39.5662183 ], [ -0.3146932, 39.5663358 ], [ -0.3147723, 39.5663529 ], [ -0.3150745, 39.5664112 ], [ -0.3152369, 39.566466 ], [ -0.3158353, 39.5665868 ], [ -0.3159123, 39.566609 ], [ -0.3162132, 39.5652288 ], [ -0.3163816, 39.5652738 ], [ -0.3167291, 39.5653551 ], [ -0.3167467, 39.5653534 ], [ -0.31676, 39.5653398 ], [ -0.3171621, 39.5646791 ], [ -0.3171877, 39.5646597 ], [ -0.317253, 39.5646525 ], [ -0.3174623, 39.564643 ], [ -0.3176414, 39.5647352 ], [ -0.3176788, 39.5647767 ], [ -0.3177408, 39.5648544 ], [ -0.3178017, 39.5649673 ], [ -0.3178181, 39.5649626 ], [ -0.3179651, 39.5646928 ], [ -0.3182683, 39.5643044 ], [ -0.3186102, 39.5637494 ], [ -0.3187558, 39.5634737 ], [ -0.3186165, 39.5634261 ], [ -0.318906, 39.5629616 ], [ -0.3192098, 39.5625506 ], [ -0.3194767, 39.5622259 ], [ -0.3199035, 39.5617066 ] ] ] ] } },
{ "type": "Feature", "properties": { "display_name": "Seville, Sevilla, Andalusia, Spain" }, "geometry": { "type": "MultiPolygon", "coordinates": [ [ [ [ -6.0329183, 37.3020991 ], [ -6.0328877, 37.300496 ], [ -6.0326955, 37.3002036 ], [ -6.031753, 37.3003269 ], [ -6.0300944, 37.300874 ], [ -6.0284847, 37.3017982 ], [ -6.0268723, 37.3029388 ], [ -6.0256991, 37.3040591 ], [ -6.0246159, 37.305177 ], [ -6.0235903, 37.3066089 ], [ -6.022772, 37.3078643 ], [ -6.0222371, 37.3085898 ], [ -6.0218156, 37.309051 ], [ -6.0209749, 37.3097483 ], [ -6.0185868, 37.3120889 ], [ -6.017921, 37.3126466 ], [ -6.0173824, 37.3130027 ], [ -6.0164225, 37.3135408 ], [ -6.0145655, 37.3144982 ], [ -6.0140044, 37.3148549 ], [ -6.0149397, 37.3151104 ], [ -6.0157163, 37.3156312 ], [ -6.016486, 37.3162603 ], [ -6.0182404, 37.3175311 ], [ -6.0212007, 37.3167977 ], [ -6.0219649, 37.3167241 ], [ -6.0226468, 37.3160039 ], [ -6.0236163, 37.3151411 ], [ -6.0260292, 37.3134215 ], [ -6.026947, 37.3126771 ], [ -6.0273051, 37.3123256 ], [ -6.028073, 37.3117833 ], [ -6.0290893, 37.3109644 ], [ -6.0300677, 37.3103266 ], [ -6.030854, 37.309964 ], [ -6.0317473, 37.3094546 ], [ -6.0325165, 37.3044521 ], [ -6.0329183, 37.3020991 ] ] ], [ [ [ -6.0287405, 37.4426327 ], [ -6.0283399, 37.4402642 ], [ -6.0282573, 37.4376534 ], [ -6.0281182, 37.4372875 ], [ -6.0279133, 37.4369684 ], [ -6.0266539, 37.4357212 ], [ -6.0263805, 37.4353858 ], [ -6.0257668, 37.4344555 ], [ -6.0250493, 37.433753 ], [ -6.0243381, 37.4323656 ], [ -6.0240389, 37.4316705 ], [ -6.0238432, 37.4307384 ], [ -6.0238462, 37.4302518 ], [ -6.0239377, 37.4297178 ], [ -6.0233468, 37.4279489 ], [ -6.0232237, 37.4265735 ], [ -6.0232509, 37.4255636 ], [ -6.0231297, 37.4250801 ], [ -6.022891, 37.4244826 ], [ -6.0227577, 37.4234137 ], [ -6.0223597, 37.4222255 ], [ -6.021999, 37.4216851 ], [ -6.0215637, 37.4212548 ], [ -6.021009, 37.4209446 ], [ -6.0204918, 37.4204442 ], [ -6.0200954, 37.420139 ], [ -6.0195432, 37.4198918 ], [ -6.0179943, 37.41958 ], [ -6.0172229, 37.4195006 ], [ -6.0163892, 37.4195579 ], [ -6.0152475, 37.4198213 ], [ -6.0138192, 37.4202632 ], [ -6.0132791, 37.4206014 ], [ -6.0126178, 37.421294 ], [ -6.0123682, 37.421832 ], [ -6.0121983, 37.4223859 ], [ -6.0120239, 37.4233905 ], [ -6.0120146, 37.4248504 ], [ -6.013009, 37.4318982 ], [ -6.0131411, 37.43294 ], [ -6.0133037, 37.4336117 ], [ -6.0136907, 37.4348092 ], [ -6.0140779, 37.4385476 ], [ -6.0140652, 37.4396382 ], [ -6.0137243, 37.4409984 ], [ -6.0134168, 37.4415018 ], [ -6.012953, 37.4420543 ], [ -6.0123643, 37.4425919 ], [ -6.011555, 37.442982 ], [ -6.0113314, 37.4430417 ], [ -6.0108198, 37.4429647 ], [ -6.0103341, 37.4426887 ], [ -6.010005, 37.4423727 ], [ -6.0098092, 37.4419993 ], [ -6.0093242, 37.4392004 ], [ -6.0090901, 37.4373052 ], [ -6.0089228, 37.4367958 ], [ -6.0078517, 37.4345976 ], [ -6.0074441, 37.4340133 ], [ -6.0061903, 37.4326125 ], [ -6.0052732, 37.4317168 ], [ -6.0044677, 37.4310705 ], [ -6.0035384, 37.4304364 ], [ -6.0008259, 37.4290006 ], [ -5.9974169, 37.4276635 ], [ -5.992344, 37.4253953 ], [ -5.9912311, 37.4246846 ], [ -5.9908796, 37.4243691 ], [ -5.9917563, 37.4240335 ], [ -5.9941983, 37.4230987 ], [ -5.9946854, 37.4229122 ], [ -5.9952459, 37.4225195 ], [ -5.9957626, 37.4218757 ], [ -5.9959016, 37.4213946 ], [ -5.9958474, 37.4206031 ], [ -5.9960093, 37.4201304 ], [ -5.9978074, 37.4201749 ], [ -5.9989772, 37.4200461 ], [ -6.0000061, 37.4197858 ], [ -6.0013098, 37.4190498 ], [ -6.0028318, 37.4178398 ], [ -6.0041358, 37.4171129 ], [ -6.005172, 37.4167532 ], [ -6.0067816, 37.4163248 ], [ -6.0101094, 37.4159247 ], [ -6.0123064, 37.4157786 ], [ -6.0131091, 37.4146679 ], [ -6.0123962, 37.4140733 ], [ -6.0126896, 37.4132189 ], [ -6.0132984, 37.4117797 ], [ -6.013754, 37.4101823 ], [ -6.0144114, 37.4091113 ], [ -6.0150412, 37.4076355 ], [ -6.0153508, 37.4060598 ], [ -6.015635, 37.4052597 ], [ -6.0174354, 37.4044566 ], [ -6.0192158, 37.403831 ], [ -6.0198304, 37.4015022 ], [ -6.0173018, 37.401045 ], [ -6.0173422, 37.4002334 ], [ -6.0178755, 37.4000125 ], [ -6.0180939, 37.3998267 ], [ -6.0187278, 37.3978913 ], [ -6.0191983, 37.3969512 ], [ -6.019503, 37.3966641 ], [ -6.021003, 37.3957698 ], [ -6.0219552, 37.3950156 ], [ -6.0223771, 37.3945543 ], [ -6.0231888, 37.3939569 ], [ -6.0238204, 37.3933731 ], [ -6.0244239, 37.3926548 ], [ -6.0247115, 37.392224 ], [ -6.0248113, 37.391897 ], [ -6.0248245, 37.3899775 ], [ -6.0249523, 37.3881001 ], [ -6.0246407, 37.3856843 ], [ -6.0245349, 37.3852995 ], [ -6.0229785, 37.3816901 ], [ -6.0223899, 37.3810925 ], [ -6.022056, 37.3806505 ], [ -6.0218361, 37.3799533 ], [ -6.0217929, 37.3794408 ], [ -6.0218065, 37.3789359 ], [ -6.022029, 37.3782905 ], [ -6.0221835, 37.3776378 ], [ -6.0216318, 37.376832 ], [ -6.0215351, 37.3763929 ], [ -6.0216367, 37.376111 ], [ -6.0223981, 37.3753887 ], [ -6.0223177, 37.3750754 ], [ -6.0217193, 37.3747934 ], [ -6.0219501, 37.374355 ], [ -6.0219866, 37.3741378 ], [ -6.0216981, 37.373983 ], [ -6.021557, 37.3738424 ], [ -6.0215101, 37.3735193 ], [ -6.0212901, 37.3733807 ], [ -6.0212501, 37.3732286 ], [ -6.0212469, 37.3728682 ], [ -6.0210043, 37.3727303 ], [ -6.020626, 37.3725868 ], [ -6.0204398, 37.3724474 ], [ -6.0195778, 37.3715053 ], [ -6.0194528, 37.3712021 ], [ -6.0195009, 37.3709936 ], [ -6.0209984, 37.3694867 ], [ -6.02141, 37.3690527 ], [ -6.0215885, 37.3686301 ], [ -6.0216677, 37.3684424 ], [ -6.0220417, 37.3673516 ], [ -6.0224078, 37.3621252 ], [ -6.0220493, 37.3590979 ], [ -6.0220281, 37.3582875 ], [ -6.0221467, 37.3567437 ], [ -6.0224578, 37.355213 ], [ -6.0225083, 37.3544999 ], [ -6.0222656, 37.3523886 ], [ -6.0222454, 37.3516052 ], [ -6.0224208, 37.3503483 ], [ -6.0225224, 37.3497871 ], [ -6.02262, 37.3482798 ], [ -6.0226614, 37.3448098 ], [ -6.0225272, 37.343714 ], [ -6.0224447, 37.3413734 ], [ -6.0220974, 37.34031 ], [ -6.0215801, 37.337539 ], [ -6.0214184, 37.3371647 ], [ -6.0210068, 37.3367517 ], [ -6.0163819, 37.3334098 ], [ -6.0130558, 37.3300887 ], [ -6.011628, 37.3290889 ], [ -6.0097866, 37.3279013 ], [ -6.0077907, 37.3265195 ], [ -6.0054885, 37.3250913 ], [ -6.0047969, 37.3244421 ], [ -6.0037194, 37.3228836 ], [ -6.0031009, 37.3212324 ], [ -6.0031495, 37.3207536 ], [ -6.0030865, 37.3203047 ], [ -5.9994827, 37.3193329 ], [ -5.9978141, 37.3190779 ], [ -5.9939242, 37.3182844 ], [ -5.9928054, 37.3179523 ], [ -5.9915539, 37.3177601 ], [ -5.9911935, 37.3177047 ], [ -5.9907686, 37.3176162 ], [ -5.9885316, 37.3171503 ], [ -5.9877443, 37.3169269 ], [ -5.9855538, 37.3165948 ], [ -5.9841188, 37.3162526 ], [ -5.9828128, 37.3160332 ], [ -5.9798832, 37.3152691 ], [ -5.9790836, 37.3150189 ], [ -5.9779509, 37.3149033 ], [ -5.9759757, 37.3145926 ], [ -5.9720467, 37.3134947 ], [ -5.9700611, 37.3131648 ], [ -5.9690314, 37.3130011 ], [ -5.9679833, 37.3145096 ], [ -5.9674832, 37.3152295 ], [ -5.9671582, 37.3158033 ], [ -5.9666393, 37.3167194 ], [ -5.9655722, 37.3183125 ], [ -5.9653948, 37.3186157 ], [ -5.9648427, 37.3194899 ], [ -5.964435, 37.3205991 ], [ -5.9642204, 37.3220325 ], [ -5.9641977, 37.3232051 ], [ -5.9605931, 37.3262329 ], [ -5.9589092, 37.3284646 ], [ -5.9586862, 37.3288216 ], [ -5.9583432, 37.329569 ], [ -5.9576419, 37.3318302 ], [ -5.9574109, 37.3328451 ], [ -5.957368, 37.3334769 ], [ -5.9573529, 37.3342432 ], [ -5.9571743, 37.3348694 ], [ -5.9558209, 37.3363269 ], [ -5.9554052, 37.3366617 ], [ -5.95516, 37.3367399 ], [ -5.9532202, 37.3393653 ], [ -5.9504706, 37.3435067 ], [ -5.9492782, 37.3456269 ], [ -5.9435152, 37.3523842 ], [ -5.9431781, 37.3528749 ], [ -5.9430807, 37.3530185 ], [ -5.9425211, 37.3538354 ], [ -5.941625, 37.3551434 ], [ -5.9403413, 37.3572478 ], [ -5.9390203, 37.3607136 ], [ -5.938588, 37.362076 ], [ -5.9389767, 37.3624898 ], [ -5.9395627, 37.3633312 ], [ -5.9398629, 37.3637923 ], [ -5.9404884, 37.3642002 ], [ -5.9412084, 37.3644256 ], [ -5.9482339, 37.365386 ], [ -5.9484204, 37.3655345 ], [ -5.9484169, 37.3657328 ], [ -5.9483351, 37.3659511 ], [ -5.9480824, 37.3661286 ], [ -5.9459148, 37.3669936 ], [ -5.943755, 37.367794 ], [ -5.9429664, 37.3681032 ], [ -5.9370867, 37.3687023 ], [ -5.9362981, 37.3687826 ], [ -5.9355703, 37.3689358 ], [ -5.9328441, 37.3696703 ], [ -5.9323154, 37.3697194 ], [ -5.9307226, 37.3699842 ], [ -5.9304561, 37.3700989 ], [ -5.9298857, 37.3705275 ], [ -5.9296185, 37.3706243 ], [ -5.9291913, 37.3706709 ], [ -5.9285267, 37.3710027 ], [ -5.9269137, 37.371331 ], [ -5.9263254, 37.3715889 ], [ -5.9250012, 37.3723785 ], [ -5.9242643, 37.3728833 ], [ -5.9234856, 37.3731819 ], [ -5.9206948, 37.3737104 ], [ -5.9161266, 37.3744089 ], [ -5.9154991, 37.3744454 ], [ -5.9149421, 37.3745414 ], [ -5.9147536, 37.3744984 ], [ -5.9145331, 37.3744869 ], [ -5.9144228, 37.3745224 ], [ -5.914304, 37.3745606 ], [ -5.9142054, 37.3746552 ], [ -5.9138224, 37.3748165 ], [ -5.9126397, 37.3750445 ], [ -5.9117224, 37.3752653 ], [ -5.9108548, 37.375602 ], [ -5.9104792, 37.3758185 ], [ -5.9101615, 37.3760696 ], [ -5.9096004, 37.3767674 ], [ -5.9095082, 37.376882 ], [ -5.9091488, 37.377329 ], [ -5.9087634, 37.3775818 ], [ -5.9084711, 37.377616 ], [ -5.9072355, 37.3771958 ], [ -5.9064977, 37.3770968 ], [ -5.9055016, 37.3770312 ], [ -5.9047701, 37.3770943 ], [ -5.9042659, 37.3771968 ], [ -5.9019338, 37.3787948 ], [ -5.9014813, 37.3790673 ], [ -5.8989594, 37.3801383 ], [ -5.8985387, 37.3803559 ], [ -5.8952845, 37.3829406 ], [ -5.8939246, 37.3836947 ], [ -5.8899841, 37.3860618 ], [ -5.8883643, 37.3868132 ], [ -5.887808, 37.3870042 ], [ -5.8875729, 37.3870849 ], [ -5.8867897, 37.3872752 ], [ -5.8859925, 37.3873938 ], [ -5.8766864, 37.3876657 ], [ -5.8739582, 37.3877862 ], [ -5.8736433, 37.3877894 ], [ -5.8726713, 37.3877994 ], [ -5.8703533, 37.3877206 ], [ -5.8656868, 37.3873563 ], [ -5.8647599, 37.3873337 ], [ -5.8638007, 37.3874074 ], [ -5.8575761, 37.387886 ], [ -5.8554178, 37.3878481 ], [ -5.8543309, 37.3877752 ], [ -5.8530724, 37.3876434 ], [ -5.84986, 37.387802 ], [ -5.8488726, 37.38797 ], [ -5.8474991, 37.3880842 ], [ -5.8466489, 37.3879965 ], [ -5.8453859, 37.3877476 ], [ -5.8427884, 37.3871433 ], [ -5.8422338, 37.3871116 ], [ -5.8414567, 37.3871663 ], [ -5.8396049, 37.3874721 ], [ -5.8375277, 37.3880897 ], [ -5.8357241, 37.3884753 ], [ -5.8339061, 37.3887802 ], [ -5.8312098, 37.3891512 ], [ -5.8243528, 37.3900001 ], [ -5.8205479, 37.3903252 ], [ -5.8192842, 37.3903553 ], [ -5.8191656, 37.3935209 ], [ -5.8191571, 37.3960081 ], [ -5.8192424, 37.3970784 ], [ -5.8195185, 37.398117 ], [ -5.8203372, 37.3979623 ], [ -5.8218767, 37.3977544 ], [ -5.8231375, 37.3976432 ], [ -5.8236825, 37.3977203 ], [ -5.8242884, 37.397913 ], [ -5.8245496, 37.3979518 ], [ -5.8247968, 37.3979189 ], [ -5.8264813, 37.3970587 ], [ -5.8270199, 37.3969647 ], [ -5.8278416, 37.396891 ], [ -5.8298463, 37.3970412 ], [ -5.8306943, 37.397066 ], [ -5.8317404, 37.3969508 ], [ -5.8332781, 37.3966977 ], [ -5.835114, 37.3965636 ], [ -5.8358769, 37.3964281 ], [ -5.8391498, 37.3954665 ], [ -5.8397465, 37.3954162 ], [ -5.8403456, 37.3954288 ], [ -5.8407884, 37.3954902 ], [ -5.8423489, 37.3958402 ], [ -5.8437757, 37.3962384 ], [ -5.8446404, 37.3964068 ], [ -5.8460932, 37.3965971 ], [ -5.8479037, 37.3972834 ], [ -5.8484275, 37.3973969 ], [ -5.8494492, 37.3975345 ], [ -5.8505988, 37.397768 ], [ -5.8514963, 37.3982059 ], [ -5.8520321, 37.3986345 ], [ -5.8524794, 37.3991103 ], [ -5.8528267, 37.3996336 ], [ -5.8530592, 37.3998082 ], [ -5.8543299, 37.3999577 ], [ -5.8557288, 37.3999149 ], [ -5.8583885, 37.4000578 ], [ -5.859032, 37.4000513 ], [ -5.8597481, 37.4001691 ], [ -5.8612308, 37.4005477 ], [ -5.862031, 37.4007987 ], [ -5.8636494, 37.401183 ], [ -5.8650361, 37.401708 ], [ -5.8664772, 37.402475 ], [ -5.8683072, 37.4036651 ], [ -5.8699242, 37.4051937 ], [ -5.8720503, 37.4070342 ], [ -5.8724672, 37.4076008 ], [ -5.8736209, 37.4097083 ], [ -5.8746207, 37.4119276 ], [ -5.8747909, 37.4123966 ], [ -5.8749886, 37.4129819 ], [ -5.8753855, 37.4139093 ], [ -5.8761174, 37.4150269 ], [ -5.877991, 37.4167563 ], [ -5.8786554, 37.4172898 ], [ -5.8791744, 37.4178628 ], [ -5.8813196, 37.419892 ], [ -5.8830847, 37.4214348 ], [ -5.8832626, 37.4216557 ], [ -5.8839898, 37.4226472 ], [ -5.8843026, 37.4231441 ], [ -5.8852203, 37.4246806 ], [ -5.887157, 37.4271562 ], [ -5.8876766, 37.4280356 ], [ -5.8908379, 37.4310023 ], [ -5.8910174, 37.4311707 ], [ -5.8983114, 37.4368939 ], [ -5.9011994, 37.4395263 ], [ -5.904039, 37.4421145 ], [ -5.9045188, 37.4428326 ], [ -5.9048354, 37.4431311 ], [ -5.906963, 37.4443763 ], [ -5.9078559, 37.4446697 ], [ -5.9083989, 37.4446834 ], [ -5.9118353, 37.4455809 ], [ -5.914899, 37.4464785 ], [ -5.9155191, 37.4467335 ], [ -5.9160655, 37.4471255 ], [ -5.9166829, 37.447525 ], [ -5.9167495, 37.4475681 ], [ -5.9174491, 37.4478302 ], [ -5.9181339, 37.4480025 ], [ -5.9190039, 37.448123 ], [ -5.9192929, 37.4481631 ], [ -5.9211873, 37.4483415 ], [ -5.9263771, 37.4486907 ], [ -5.929559, 37.4485577 ], [ -5.9299224, 37.4486028 ], [ -5.9305755, 37.4488299 ], [ -5.9361608, 37.4497544 ], [ -5.9427512, 37.451807 ], [ -5.948067, 37.4527648 ], [ -5.948851, 37.4528713 ], [ -5.9500751, 37.4529579 ], [ -5.9616893, 37.4516942 ], [ -5.9646524, 37.4514577 ], [ -5.9657871, 37.451285 ], [ -5.9700149, 37.450449 ], [ -5.9702194, 37.4504538 ], [ -5.970716, 37.4504584 ], [ -5.9711484, 37.45044 ], [ -5.9768314, 37.4502068 ], [ -5.9769239, 37.449765 ], [ -5.9772007, 37.4494032 ], [ -5.978937, 37.4494447 ], [ -5.9852207, 37.4497475 ], [ -5.9859553, 37.4497138 ], [ -5.9871338, 37.4492244 ], [ -5.9880495, 37.448288 ], [ -5.9885558, 37.447883 ], [ -5.9898179, 37.4474967 ], [ -5.9904316, 37.4473107 ], [ -5.9911011, 37.4471407 ], [ -5.9930368, 37.447327 ], [ -5.9937396, 37.4473813 ], [ -5.997136, 37.4480971 ], [ -5.9980049, 37.4483454 ], [ -5.9986199, 37.4484649 ], [ -5.9991636, 37.4484962 ], [ -6.0004908, 37.4483363 ], [ -6.0010019, 37.4481161 ], [ -6.0025021, 37.447195 ], [ -6.0040017, 37.4465441 ], [ -6.0049576, 37.4458621 ], [ -6.0072203, 37.4439484 ], [ -6.0086173, 37.4429937 ], [ -6.0096536, 37.4431926 ], [ -6.010186, 37.4432241 ], [ -6.0179618, 37.4440889 ], [ -6.0198496, 37.4443831 ], [ -6.0201926, 37.4444824 ], [ -6.0205283, 37.4446811 ], [ -6.0209998, 37.4451646 ], [ -6.0215226, 37.4455206 ], [ -6.0223314, 37.4459595 ], [ -6.0226864, 37.4460765 ], [ -6.023244, 37.4461704 ], [ -6.02365, 37.446151 ], [ -6.0249782, 37.4457385 ], [ -6.0255959, 37.4453623 ], [ -6.0261335, 37.4449611 ], [ -6.0266208, 37.4447143 ], [ -6.0269136, 37.4444095 ], [ -6.0275278, 37.4431053 ], [ -6.0277416, 37.4428025 ], [ -6.0280639, 37.4426681 ], [ -6.0287405, 37.4426327 ] ] ] ] } },
{ "type": "Feature", "properties": { "display_name": "Madrid, Community of Madrid, Spain" }, "geometry": { "type": "Polygon", "coordinates": [ [ [ -3.8889539, 40.5708516 ], [ -3.8883761, 40.569622 ], [ -3.8878789, 40.5687622 ], [ -3.8879021, 40.5683495 ], [ -3.8870605, 40.5664574 ], [ -3.8868022, 40.5661378 ], [ -3.8864766, 40.5659191 ], [ -3.8861808, 40.5657364 ], [ -3.8854483, 40.565223 ], [ -3.8841815, 40.5641881 ], [ -3.8838139, 40.5638375 ], [ -3.8838566, 40.5634427 ], [ -3.8838942, 40.5631462 ], [ -3.8849261, 40.5617524 ], [ -3.8849854, 40.5610271 ], [ -3.8849156, 40.5609526 ], [ -3.8848169, 40.5608474 ], [ -3.8841984, 40.5604684 ], [ -3.8832466, 40.5601046 ], [ -3.8822946, 40.5597283 ], [ -3.8821238, 40.5596557 ], [ -3.8820895, 40.5596411 ], [ -3.8801806, 40.5595983 ], [ -3.8789235, 40.5595756 ], [ -3.877805, 40.559368 ], [ -3.877476, 40.5592575 ], [ -3.8770766, 40.5591321 ], [ -3.8770484, 40.5591232 ], [ -3.8767152, 40.5590542 ], [ -3.8765967, 40.5590415 ], [ -3.8755983, 40.5588394 ], [ -3.8754271, 40.5588059 ], [ -3.8751398, 40.5581958 ], [ -3.8751057, 40.5581233 ], [ -3.8740282, 40.5577545 ], [ -3.8738241, 40.5575738 ], [ -3.8736022, 40.5568761 ], [ -3.8735337, 40.5566956 ], [ -3.8732107, 40.5559955 ], [ -3.8731714, 40.5557547 ], [ -3.8729514, 40.5552333 ], [ -3.8730709, 40.5546858 ], [ -3.8727933, 40.5534058 ], [ -3.8724752, 40.5528339 ], [ -3.8721485, 40.5522575 ], [ -3.8714786, 40.5517068 ], [ -3.8707759, 40.5511414 ], [ -3.8703819, 40.5504933 ], [ -3.8702482, 40.550288 ], [ -3.8699409, 40.5497528 ], [ -3.869511, 40.5489775 ], [ -3.8690622, 40.5482039 ], [ -3.8692729, 40.5477806 ], [ -3.8694407, 40.5474254 ], [ -3.8689465, 40.5469094 ], [ -3.8684738, 40.5465034 ], [ -3.8673405, 40.5455333 ], [ -3.8673267, 40.5455158 ], [ -3.8656577, 40.5433947 ], [ -3.8654919, 40.5423881 ], [ -3.8652857, 40.5421613 ], [ -3.8651486, 40.5420155 ], [ -3.8650185, 40.5418556 ], [ -3.8647526, 40.541081 ], [ -3.8642603, 40.5396148 ], [ -3.8638784, 40.5392382 ], [ -3.8638684, 40.5375238 ], [ -3.8630514, 40.5348283 ], [ -3.8629446, 40.5346298 ], [ -3.8625974, 40.5343931 ], [ -3.8622788, 40.5341917 ], [ -3.8621183, 40.5340695 ], [ -3.8612452, 40.5332342 ], [ -3.8611459, 40.5331844 ], [ -3.8606107, 40.5329161 ], [ -3.8604168, 40.5326348 ], [ -3.8601612, 40.532278 ], [ -3.8599354, 40.5319212 ], [ -3.8595623, 40.5313214 ], [ -3.8595423, 40.5312892 ], [ -3.8590661, 40.5308353 ], [ -3.8585843, 40.5303941 ], [ -3.8581105, 40.5301132 ], [ -3.8582149, 40.5299421 ], [ -3.8583362, 40.529771 ], [ -3.8582357, 40.5291608 ], [ -3.8578468, 40.5284414 ], [ -3.8577995, 40.5283192 ], [ -3.857773, 40.5280857 ], [ -3.8576962, 40.5278565 ], [ -3.857282, 40.5276146 ], [ -3.8561265, 40.5269228 ], [ -3.8550484, 40.5256329 ], [ -3.8547663, 40.5255252 ], [ -3.8541314, 40.5248624 ], [ -3.8536925, 40.524414 ], [ -3.853745, 40.5242734 ], [ -3.8537793, 40.5241401 ], [ -3.8538197, 40.5240857 ], [ -3.8543682, 40.5225716 ], [ -3.8543688, 40.521655 ], [ -3.8543786, 40.5213591 ], [ -3.853756, 40.5202841 ], [ -3.8533013, 40.5194909 ], [ -3.8517303, 40.5182744 ], [ -3.8512914, 40.5176518 ], [ -3.8514088, 40.5173232 ], [ -3.8515515, 40.5170897 ], [ -3.8519337, 40.5166191 ], [ -3.8522153, 40.5154787 ], [ -3.853365, 40.5145764 ], [ -3.8534776, 40.5138216 ], [ -3.8540092, 40.5119932 ], [ -3.8536027, 40.5113331 ], [ -3.8529505, 40.5104499 ], [ -3.8529281, 40.5103981 ], [ -3.8528752, 40.5103295 ], [ -3.8527027, 40.5102471 ], [ -3.8464186, 40.5088008 ], [ -3.844642, 40.5083926 ], [ -3.8439205, 40.5081759 ], [ -3.8433836, 40.5080117 ], [ -3.8420681, 40.5077588 ], [ -3.8390181, 40.5066097 ], [ -3.8370933, 40.5058845 ], [ -3.8372692, 40.50546 ], [ -3.8376417, 40.5044396 ], [ -3.8378915, 40.5039325 ], [ -3.8386421, 40.5028145 ], [ -3.8389074, 40.5016021 ], [ -3.839401, 40.499383 ], [ -3.8380962, 40.4980451 ], [ -3.8380626, 40.4980107 ], [ -3.8376761, 40.497615 ], [ -3.8372285, 40.4970694 ], [ -3.8359807, 40.4956348 ], [ -3.8356649, 40.4952579 ], [ -3.8351783, 40.4948481 ], [ -3.8347124, 40.4944322 ], [ -3.8344314, 40.4940779 ], [ -3.8341928, 40.4919339 ], [ -3.83396, 40.491327 ], [ -3.8337096, 40.4906744 ], [ -3.8334294, 40.4898554 ], [ -3.833303, 40.4888263 ], [ -3.8331637, 40.4878466 ], [ -3.8333377, 40.4861632 ], [ -3.8333118, 40.4859721 ], [ -3.8337677, 40.485217 ], [ -3.8342094, 40.4840811 ], [ -3.8350816, 40.4825502 ], [ -3.8353108, 40.482417 ], [ -3.8360021, 40.4820556 ], [ -3.8362518, 40.4817003 ], [ -3.8363413, 40.4811985 ], [ -3.8366645, 40.4808616 ], [ -3.8364574, 40.4805835 ], [ -3.8366423, 40.4795873 ], [ -3.83681, 40.4787382 ], [ -3.8374153, 40.4758388 ], [ -3.8374829, 40.4755327 ], [ -3.8367451, 40.4750246 ], [ -3.8361762, 40.4748125 ], [ -3.837554, 40.4727124 ], [ -3.837834, 40.4717966 ], [ -3.8379805, 40.4713537 ], [ -3.8381172, 40.4709209 ], [ -3.8383521, 40.4676436 ], [ -3.8369621, 40.4668429 ], [ -3.8352564, 40.4653147 ], [ -3.8346826, 40.4646972 ], [ -3.8343462, 40.4644591 ], [ -3.8309247, 40.4659405 ], [ -3.8290407, 40.4663143 ], [ -3.8271617, 40.4660305 ], [ -3.8249519, 40.464731 ], [ -3.8237466, 40.4645504 ], [ -3.8223675, 40.4646322 ], [ -3.820842, 40.4643097 ], [ -3.8175152, 40.4642612 ], [ -3.8152421, 40.4635655 ], [ -3.8129213, 40.4636383 ], [ -3.8120617, 40.4640653 ], [ -3.8119142, 40.4643705 ], [ -3.8114215, 40.4648066 ], [ -3.8092605, 40.464454 ], [ -3.8049833, 40.463739 ], [ -3.8043629, 40.463572 ], [ -3.8036959, 40.4631153 ], [ -3.8033091, 40.4625166 ], [ -3.8025433, 40.4620765 ], [ -3.8022259, 40.46179 ], [ -3.801941, 40.4615328 ], [ -3.7999694, 40.4597804 ], [ -3.7998183, 40.4597401 ], [ -3.7990451, 40.4592005 ], [ -3.7958167, 40.4579451 ], [ -3.7953556, 40.4571772 ], [ -3.7953962, 40.4570874 ], [ -3.7952723, 40.4570308 ], [ -3.7955966, 40.456399 ], [ -3.7952912, 40.4562601 ], [ -3.7948633, 40.4560752 ], [ -3.7946436, 40.4558678 ], [ -3.794441, 40.4556091 ], [ -3.7943711, 40.4556295 ], [ -3.7942572, 40.4554004 ], [ -3.7941549, 40.4551049 ], [ -3.7940806, 40.4549991 ], [ -3.7939794, 40.4548945 ], [ -3.7939201, 40.4548353 ], [ -3.7938345, 40.4547436 ], [ -3.7937672, 40.4547104 ], [ -3.7936993, 40.4546724 ], [ -3.7934476, 40.4543448 ], [ -3.7930489, 40.4539115 ], [ -3.7929693, 40.4536852 ], [ -3.7935046, 40.4535678 ], [ -3.793402, 40.4532634 ], [ -3.7934395, 40.4532335 ], [ -3.7932117, 40.4530973 ], [ -3.7932401, 40.4530447 ], [ -3.7928343, 40.4523301 ], [ -3.7928222, 40.4523186 ], [ -3.7923777, 40.4519098 ], [ -3.7923736, 40.4516145 ], [ -3.7921654, 40.4510442 ], [ -3.7913721, 40.4493251 ], [ -3.7911484, 40.4481316 ], [ -3.7910402, 40.4480613 ], [ -3.7910069, 40.4477226 ], [ -3.7900638, 40.4479738 ], [ -3.7900678, 40.4457965 ], [ -3.788822, 40.4457534 ], [ -3.7901068, 40.4423712 ], [ -3.784715, 40.4443517 ], [ -3.7797451, 40.4442269 ], [ -3.7776382, 40.4435711 ], [ -3.7761955, 40.4434524 ], [ -3.7758702, 40.4434472 ], [ -3.774616, 40.4435993 ], [ -3.7713966, 40.4439896 ], [ -3.7708286, 40.4440573 ], [ -3.7708271, 40.4437256 ], [ -3.7708198, 40.4402827 ], [ -3.7707978, 40.4348794 ], [ -3.7707828, 40.4294273 ], [ -3.7715641, 40.4289459 ], [ -3.7727567, 40.4282103 ], [ -3.7735386, 40.4277262 ], [ -3.7742695, 40.4272876 ], [ -3.7753928, 40.4265846 ], [ -3.7754153, 40.4265707 ], [ -3.7756328, 40.4264358 ], [ -3.7759238, 40.4262554 ], [ -3.7761499, 40.4261173 ], [ -3.7768528, 40.4256792 ], [ -3.7771954, 40.4254708 ], [ -3.7775809, 40.4252319 ], [ -3.7778866, 40.4250445 ], [ -3.7782853, 40.4247921 ], [ -3.7785161, 40.4246545 ], [ -3.7786764, 40.4245589 ], [ -3.7791186, 40.424274 ], [ -3.7795547, 40.4234444 ], [ -3.7798349, 40.4228933 ], [ -3.7803556, 40.4219008 ], [ -3.780387, 40.4217859 ], [ -3.7810176, 40.4191648 ], [ -3.7811511, 40.4186468 ], [ -3.7812941, 40.4179921 ], [ -3.7813544, 40.417735 ], [ -3.7813952, 40.4175676 ], [ -3.7812403, 40.4169565 ], [ -3.7811657, 40.4166425 ], [ -3.7805658, 40.414253 ], [ -3.7800762, 40.4133594 ], [ -3.7796285, 40.4125215 ], [ -3.7794676, 40.4122324 ], [ -3.7793943, 40.4119524 ], [ -3.7793641, 40.4117544 ], [ -3.7791528, 40.410534 ], [ -3.7786116, 40.4082246 ], [ -3.778371, 40.407628 ], [ -3.7776649, 40.4063691 ], [ -3.7770858, 40.4055637 ], [ -3.7768831, 40.4052901 ], [ -3.7763504, 40.4040385 ], [ -3.7758184, 40.4034942 ], [ -3.77496, 40.4026842 ], [ -3.7743427, 40.4021083 ], [ -3.7744545, 40.4011967 ], [ -3.7745625, 40.4003808 ], [ -3.7745599, 40.4003146 ], [ -3.7745596, 40.4003063 ], [ -3.775853, 40.4000885 ], [ -3.7775965, 40.3991646 ], [ -3.7776503, 40.3991361 ], [ -3.7781087, 40.3980446 ], [ -3.7781135, 40.3976555 ], [ -3.7796751, 40.3968453 ], [ -3.7801091, 40.3958373 ], [ -3.7802573, 40.3956818 ], [ -3.7807147, 40.3953369 ], [ -3.7814847, 40.3941828 ], [ -3.7867592, 40.3928269 ], [ -3.7893944, 40.3924188 ], [ -3.7885871, 40.3939729 ], [ -3.7937887, 40.3936341 ], [ -3.7964659, 40.3922649 ], [ -3.8042572, 40.3920568 ], [ -3.8084141, 40.3924144 ], [ -3.8108622, 40.3928047 ], [ -3.8148521, 40.3940331 ], [ -3.8182651, 40.3959554 ], [ -3.8193102, 40.3963659 ], [ -3.8206626, 40.3966177 ], [ -3.8214855, 40.3966207 ], [ -3.8219019, 40.3966353 ], [ -3.8223187, 40.3966238 ], [ -3.8225944, 40.396577 ], [ -3.8229373, 40.3965291 ], [ -3.823145, 40.3965049 ], [ -3.8233168, 40.3965062 ], [ -3.8239217, 40.3965549 ], [ -3.8245394, 40.3965657 ], [ -3.8248398, 40.3965744 ], [ -3.8253066, 40.3965692 ], [ -3.825768, 40.3965092 ], [ -3.826265, 40.3964576 ], [ -3.8269547, 40.3964051 ], [ -3.8278173, 40.3963803 ], [ -3.8283262, 40.3964015 ], [ -3.8287185, 40.3964111 ], [ -3.8289864, 40.3964118 ], [ -3.8299509, 40.3963556 ], [ -3.8310171, 40.3961516 ], [ -3.8321201, 40.3960305 ], [ -3.8328519, 40.3960539 ], [ -3.8336148, 40.3961569 ], [ -3.8338094, 40.3961735 ], [ -3.8339786, 40.3961342 ], [ -3.834162, 40.3960582 ], [ -3.8334564, 40.3954732 ], [ -3.8334597, 40.3954634 ], [ -3.833079, 40.3945018 ], [ -3.8329715, 40.3942453 ], [ -3.832905, 40.3940735 ], [ -3.8328139, 40.393866 ], [ -3.8327574, 40.3937489 ], [ -3.8327036, 40.3936537 ], [ -3.8326576, 40.3935895 ], [ -3.8326522, 40.3935912 ], [ -3.8325123, 40.3933274 ], [ -3.8323017, 40.3929688 ], [ -3.8320938, 40.3926469 ], [ -3.8319266, 40.3924087 ], [ -3.8309138, 40.3910345 ], [ -3.8309093, 40.3910365 ], [ -3.8309073, 40.3910338 ], [ -3.8308682, 40.3910519 ], [ -3.8303352, 40.3903649 ], [ -3.8301931, 40.3901833 ], [ -3.8301901, 40.3901847 ], [ -3.8301869, 40.3901702 ], [ -3.8302325, 40.3901286 ], [ -3.8302349, 40.3901088 ], [ -3.8302297, 40.3900984 ], [ -3.8298562, 40.3896122 ], [ -3.8295008, 40.3891592 ], [ -3.8293682, 40.3889778 ], [ -3.8289625, 40.3884491 ], [ -3.8237289, 40.382137 ], [ -3.8232008, 40.3811052 ], [ -3.8227776, 40.3805346 ], [ -3.8223916, 40.3801692 ], [ -3.8220622, 40.3798267 ], [ -3.821913, 40.3796819 ], [ -3.8216679, 40.3794913 ], [ -3.8215053, 40.3793769 ], [ -3.8213048, 40.3792253 ], [ -3.8210123, 40.3789194 ], [ -3.8205826, 40.3784549 ], [ -3.8201875, 40.3779689 ], [ -3.8196515, 40.3773416 ], [ -3.8186521, 40.3762162 ], [ -3.8180745, 40.3755759 ], [ -3.8178779, 40.3753438 ], [ -3.8177092, 40.3751654 ], [ -3.8175443, 40.3750013 ], [ -3.8172123, 40.3746198 ], [ -3.8170715, 40.3744807 ], [ -3.8166478, 40.3740096 ], [ -3.815369, 40.3724968 ], [ -3.8149478, 40.3719125 ], [ -3.8142084, 40.3710138 ], [ -3.8134599, 40.3700433 ], [ -3.8132895, 40.3698328 ], [ -3.8132116, 40.3696034 ], [ -3.8128112, 40.3687324 ], [ -3.8122009, 40.367336 ], [ -3.8120763, 40.3669795 ], [ -3.811821, 40.3663755 ], [ -3.811425, 40.365623 ], [ -3.8108952, 40.3645961 ], [ -3.8105153, 40.3637165 ], [ -3.8069304, 40.3664529 ], [ -3.8037253, 40.3640691 ], [ -3.8028103, 40.3633817 ], [ -3.7953966, 40.3619014 ], [ -3.7931968, 40.3611146 ], [ -3.7924497, 40.3606693 ], [ -3.7900099, 40.3594968 ], [ -3.7894381, 40.3592898 ], [ -3.7878994, 40.3587513 ], [ -3.7841669, 40.3603653 ], [ -3.7812502, 40.3617364 ], [ -3.7804983, 40.3618947 ], [ -3.7766987, 40.3612535 ], [ -3.7736057, 40.3606076 ], [ -3.7718552, 40.3594954 ], [ -3.7716237, 40.3598245 ], [ -3.7711487, 40.3598627 ], [ -3.770431, 40.3597021 ], [ -3.7662476, 40.3587656 ], [ -3.7615189, 40.3579404 ], [ -3.7577072, 40.3572607 ], [ -3.7544157, 40.3579871 ], [ -3.7503651, 40.3589592 ], [ -3.7466753, 40.3597782 ], [ -3.7433841, 40.3604702 ], [ -3.7385563, 40.3615472 ], [ -3.7341266, 40.3625505 ], [ -3.730557, 40.3633447 ], [ -3.7271148, 40.3645421 ], [ -3.72346, 40.365372 ], [ -3.7208913, 40.3655479 ], [ -3.7251721, 40.3346954 ], [ -3.7235588, 40.3335524 ], [ -3.7227165, 40.3328382 ], [ -3.7201192, 40.3311323 ], [ -3.7161781, 40.3291477 ], [ -3.7148181, 40.3285525 ], [ -3.713598, 40.3267041 ], [ -3.7135269, 40.3265662 ], [ -3.7130332, 40.3256085 ], [ -3.7126029, 40.3238633 ], [ -3.7099054, 40.3236727 ], [ -3.7091323, 40.3232735 ], [ -3.7033035, 40.3222046 ], [ -3.6996785, 40.3223949 ], [ -3.6961688, 40.3222778 ], [ -3.6930191, 40.3201949 ], [ -3.6925304, 40.3204011 ], [ -3.6889851, 40.3221323 ], [ -3.6876933, 40.3224283 ], [ -3.6859753, 40.3224745 ], [ -3.6847999, 40.3226346 ], [ -3.6834103, 40.3237329 ], [ -3.6830825, 40.3239151 ], [ -3.6812059, 40.3245838 ], [ -3.6808916, 40.324937 ], [ -3.6804063, 40.3258408 ], [ -3.6799413, 40.3264201 ], [ -3.6794496, 40.3266932 ], [ -3.6786042, 40.3269054 ], [ -3.6776977, 40.3268927 ], [ -3.6755623, 40.3264097 ], [ -3.6741729, 40.3263727 ], [ -3.6712799, 40.3254526 ], [ -3.6705027, 40.3251018 ], [ -3.6704522, 40.325079 ], [ -3.6693251, 40.3253738 ], [ -3.6686922, 40.3256477 ], [ -3.6676036, 40.3262756 ], [ -3.6669147, 40.3268382 ], [ -3.6662633, 40.3276347 ], [ -3.6635389, 40.3295062 ], [ -3.6628078, 40.3293843 ], [ -3.6620739, 40.3289651 ], [ -3.6612436, 40.3283211 ], [ -3.660653, 40.3281173 ], [ -3.6600409, 40.3281208 ], [ -3.6585003, 40.3280482 ], [ -3.6584477, 40.3281702 ], [ -3.6584132, 40.3281993 ], [ -3.6582429, 40.3284389 ], [ -3.657027, 40.3289696 ], [ -3.6547089, 40.3302092 ], [ -3.6539706, 40.3306041 ], [ -3.6534452, 40.3309874 ], [ -3.6529522, 40.3314058 ], [ -3.6527113, 40.3312878 ], [ -3.6523218, 40.3309909 ], [ -3.6521412, 40.3313233 ], [ -3.651885, 40.3315845 ], [ -3.6512924, 40.3318461 ], [ -3.6502527, 40.3322486 ], [ -3.6499375, 40.3323024 ], [ -3.6497998, 40.3324977 ], [ -3.6495558, 40.3326191 ], [ -3.6493738, 40.33282 ], [ -3.6491347, 40.3334125 ], [ -3.6483969, 40.3330275 ], [ -3.6475193, 40.3324415 ], [ -3.6466801, 40.3319532 ], [ -3.6459915, 40.3316505 ], [ -3.6446014, 40.3309204 ], [ -3.6441882, 40.3306103 ], [ -3.6438765, 40.3302805 ], [ -3.6435476, 40.3298509 ], [ -3.6430173, 40.3292718 ], [ -3.6426764, 40.3290915 ], [ -3.6420294, 40.3288207 ], [ -3.6417144, 40.3285096 ], [ -3.641362, 40.3283167 ], [ -3.6406696, 40.3280404 ], [ -3.6401925, 40.3277901 ], [ -3.6379701, 40.326395 ], [ -3.6366943, 40.3255141 ], [ -3.6359686, 40.3250113 ], [ -3.6349712, 40.3242207 ], [ -3.6350714, 40.3240752 ], [ -3.6336589, 40.322969 ], [ -3.6330661, 40.322508 ], [ -3.6322816, 40.3218433 ], [ -3.6310204, 40.3210784 ], [ -3.6303086, 40.3207688 ], [ -3.6293758, 40.3203377 ], [ -3.6276565, 40.3196942 ], [ -3.6249253, 40.318805 ], [ -3.6244616, 40.319681 ], [ -3.6244142, 40.3197797 ], [ -3.6238883, 40.3196604 ], [ -3.6229609, 40.3193987 ], [ -3.6219424, 40.3192034 ], [ -3.6212057, 40.3190984 ], [ -3.6206644, 40.319008 ], [ -3.6201873, 40.3188942 ], [ -3.619569, 40.3187736 ], [ -3.6188643, 40.3185662 ], [ -3.6180183, 40.3181705 ], [ -3.6158407, 40.3173767 ], [ -3.6157767, 40.3173387 ], [ -3.6154788, 40.3171617 ], [ -3.615414, 40.3170979 ], [ -3.6152706, 40.3169566 ], [ -3.6151745, 40.3168247 ], [ -3.6146244, 40.3160692 ], [ -3.6139999, 40.315499 ], [ -3.6133616, 40.3150761 ], [ -3.6130862, 40.3149222 ], [ -3.6125064, 40.3145705 ], [ -3.6117377, 40.314301 ], [ -3.6110695, 40.3141302 ], [ -3.6094876, 40.3138432 ], [ -3.6092557, 40.3138012 ], [ -3.608, 40.3135734 ], [ -3.6075899, 40.313499 ], [ -3.6074964, 40.3134658 ], [ -3.6071286, 40.3133353 ], [ -3.6070036, 40.3132996 ], [ -3.6066578, 40.313201 ], [ -3.6064441, 40.3131629 ], [ -3.6061597, 40.3131121 ], [ -3.605183, 40.3129378 ], [ -3.6015866, 40.3122958 ], [ -3.600002, 40.3121679 ], [ -3.5993283, 40.3120885 ], [ -3.5986952, 40.3119774 ], [ -3.597161, 40.3119847 ], [ -3.5963519, 40.3120959 ], [ -3.5963378, 40.3120946 ], [ -3.596111, 40.3121687 ], [ -3.5960463, 40.3121899 ], [ -3.5956664, 40.3122626 ], [ -3.595425, 40.3122338 ], [ -3.5945281, 40.3123193 ], [ -3.5939758, 40.3122669 ], [ -3.5932373, 40.3123071 ], [ -3.5913892, 40.3125245 ], [ -3.5908703, 40.3124317 ], [ -3.5901241, 40.3123486 ], [ -3.5881426, 40.3125482 ], [ -3.5862663, 40.3127359 ], [ -3.5851855, 40.3129176 ], [ -3.5848529, 40.3129472 ], [ -3.5837461, 40.3131041 ], [ -3.5833452, 40.3131289 ], [ -3.582996, 40.3130698 ], [ -3.5822422, 40.3131416 ], [ -3.5814615, 40.3133299 ], [ -3.5810883, 40.3133465 ], [ -3.5804259, 40.3133794 ], [ -3.57974, 40.3134721 ], [ -3.5789642, 40.3134842 ], [ -3.5780236, 40.3136474 ], [ -3.5771677, 40.3139259 ], [ -3.5766286, 40.3142286 ], [ -3.5762155, 40.3145914 ], [ -3.5761354, 40.3148605 ], [ -3.5777969, 40.3146492 ], [ -3.5792622, 40.3158624 ], [ -3.5804456, 40.315956 ], [ -3.5818904, 40.3158755 ], [ -3.5823857, 40.3161497 ], [ -3.5838091, 40.3158014 ], [ -3.5850735, 40.3183478 ], [ -3.5850629, 40.3204097 ], [ -3.5844978, 40.3221759 ], [ -3.5843894, 40.322586 ], [ -3.583893, 40.3237227 ], [ -3.5832878, 40.3247445 ], [ -3.583128, 40.3250315 ], [ -3.5827781, 40.3256147 ], [ -3.5826666, 40.3258946 ], [ -3.5826667, 40.3260087 ], [ -3.582501, 40.3262947 ], [ -3.5821651, 40.3264406 ], [ -3.5819575, 40.3266041 ], [ -3.5817691, 40.326687 ], [ -3.581554, 40.3268406 ], [ -3.5813267, 40.3269691 ], [ -3.5803085, 40.3274826 ], [ -3.5798839, 40.3277528 ], [ -3.5797673, 40.3278738 ], [ -3.5796507, 40.3279378 ], [ -3.5794058, 40.3280871 ], [ -3.578762, 40.3284214 ], [ -3.5781836, 40.3290082 ], [ -3.5778735, 40.3293632 ], [ -3.5772356, 40.3298799 ], [ -3.5761474, 40.3308681 ], [ -3.575331, 40.3318318 ], [ -3.5751024, 40.3320629 ], [ -3.5730478, 40.3334832 ], [ -3.5726487, 40.3337947 ], [ -3.5716784, 40.3344597 ], [ -3.5715478, 40.3345984 ], [ -3.5715198, 40.3347477 ], [ -3.5715338, 40.3349077 ], [ -3.5715944, 40.3351638 ], [ -3.5715569, 40.3352914 ], [ -3.5710067, 40.3361914 ], [ -3.5700472, 40.3375494 ], [ -3.5699944, 40.3376813 ], [ -3.5699571, 40.3382147 ], [ -3.5699851, 40.3386591 ], [ -3.5699384, 40.3390218 ], [ -3.5698078, 40.3393383 ], [ -3.5690894, 40.3402521 ], [ -3.5688608, 40.3405045 ], [ -3.5681526, 40.3410473 ], [ -3.5675033, 40.3418308 ], [ -3.5673167, 40.3421223 ], [ -3.5668502, 40.3426592 ], [ -3.5665004, 40.3430468 ], [ -3.5658426, 40.3437401 ], [ -3.5653315, 40.3444096 ], [ -3.5620755, 40.3470066 ], [ -3.5620641, 40.3472279 ], [ -3.5607359, 40.3491871 ], [ -3.560534, 40.3493006 ], [ -3.5604407, 40.3493113 ], [ -3.5593678, 40.3497805 ], [ -3.5589293, 40.3501325 ], [ -3.5587609, 40.3503317 ], [ -3.5587147, 40.3505058 ], [ -3.55871, 40.3506124 ], [ -3.5584995, 40.3510813 ], [ -3.5576838, 40.352669 ], [ -3.5565667, 40.3531315 ], [ -3.5551224, 40.3540593 ], [ -3.5556448, 40.354229 ], [ -3.5560481, 40.3544277 ], [ -3.5564147, 40.3546404 ], [ -3.5569422, 40.3550432 ], [ -3.5570117, 40.3550938 ], [ -3.5553422, 40.3560531 ], [ -3.554626, 40.3564504 ], [ -3.5544077, 40.3565689 ], [ -3.5542511, 40.3566543 ], [ -3.554478, 40.356858 ], [ -3.5549235, 40.3571608 ], [ -3.5555161, 40.3574755 ], [ -3.5559278, 40.3576497 ], [ -3.5568198, 40.3579454 ], [ -3.5584706, 40.3584388 ], [ -3.5596547, 40.3587664 ], [ -3.560913, 40.3590945 ], [ -3.5621989, 40.3594148 ], [ -3.563136, 40.3596288 ], [ -3.5638708, 40.3597922 ], [ -3.5644373, 40.3599117 ], [ -3.5646961, 40.3599662 ], [ -3.564981, 40.3600252 ], [ -3.5652234, 40.3600762 ], [ -3.5650377, 40.3602185 ], [ -3.5646273, 40.3605353 ], [ -3.5644654, 40.3606582 ], [ -3.5639125, 40.3610899 ], [ -3.5633371, 40.3615474 ], [ -3.5624854, 40.3622407 ], [ -3.5619964, 40.3626628 ], [ -3.5613871, 40.3631986 ], [ -3.560717, 40.3638196 ], [ -3.5600129, 40.3645054 ], [ -3.5587096, 40.3659011 ], [ -3.5583994, 40.3662664 ], [ -3.5581411, 40.3665711 ], [ -3.5574136, 40.3674699 ], [ -3.5568041, 40.3682664 ], [ -3.5560118, 40.3694382 ], [ -3.5552478, 40.3706127 ], [ -3.5540274, 40.3725934 ], [ -3.5537243, 40.3730731 ], [ -3.5533868, 40.3736076 ], [ -3.5530577, 40.374108 ], [ -3.5529411, 40.3742809 ], [ -3.552855, 40.3744085 ], [ -3.5523601, 40.3751098 ], [ -3.5521752, 40.3753603 ], [ -3.5520017, 40.3755896 ], [ -3.5516099, 40.3760889 ], [ -3.5510569, 40.3767541 ], [ -3.5507001, 40.3771632 ], [ -3.5504993, 40.3773856 ], [ -3.5500284, 40.3778922 ], [ -3.5496363, 40.378293 ], [ -3.5492374, 40.3786774 ], [ -3.5477816, 40.3800883 ], [ -3.5448551, 40.3828245 ], [ -3.5418434, 40.3856422 ], [ -3.5416987, 40.3857761 ], [ -3.5415286, 40.3859343 ], [ -3.541384, 40.3860682 ], [ -3.5412139, 40.386226 ], [ -3.5411277, 40.3863042 ], [ -3.5409299, 40.3864853 ], [ -3.5407154, 40.386681 ], [ -3.5405518, 40.3868301 ], [ -3.5404397, 40.3869314 ], [ -3.5403416, 40.3870159 ], [ -3.54018, 40.387152 ], [ -3.5400175, 40.3872881 ], [ -3.5399093, 40.3873787 ], [ -3.5398279, 40.3874464 ], [ -3.5397639, 40.3874987 ], [ -3.5396723, 40.3875735 ], [ -3.539608, 40.3876255 ], [ -3.5395269, 40.3876922 ], [ -3.5389948, 40.3881115 ], [ -3.5389373, 40.3881538 ], [ -3.538621, 40.3883941 ], [ -3.5381342, 40.3887421 ], [ -3.5377576, 40.389004 ], [ -3.5368418, 40.3896045 ], [ -3.533639, 40.3916247 ], [ -3.5328644, 40.3916886 ], [ -3.5320834, 40.3914167 ], [ -3.5291492, 40.3893862 ], [ -3.5268868, 40.389794 ], [ -3.5247849, 40.3906581 ], [ -3.5243421, 40.3908434 ], [ -3.5225668, 40.3918683 ], [ -3.5214635, 40.3919753 ], [ -3.5203948, 40.3920974 ], [ -3.5203753, 40.3937225 ], [ -3.5201772, 40.3952836 ], [ -3.5197834, 40.3979298 ], [ -3.5196069, 40.3983072 ], [ -3.5190962, 40.3989567 ], [ -3.5186449, 40.4000189 ], [ -3.5185589, 40.4005219 ], [ -3.518423, 40.4011468 ], [ -3.5183264, 40.4021529 ], [ -3.5183562, 40.402601 ], [ -3.518411, 40.4029747 ], [ -3.5185105, 40.4035287 ], [ -3.5188102, 40.4040423 ], [ -3.5190861, 40.4049014 ], [ -3.519232, 40.4059671 ], [ -3.5193223, 40.40643 ], [ -3.5193078, 40.4068929 ], [ -3.5192888, 40.4074435 ], [ -3.5191908, 40.4080397 ], [ -3.5190849, 40.4086092 ], [ -3.5190765, 40.4088125 ], [ -3.5190627, 40.4089313 ], [ -3.5191406, 40.4090428 ], [ -3.5192027, 40.4092258 ], [ -3.5193921, 40.4094327 ], [ -3.5197137, 40.4097296 ], [ -3.5196396, 40.4097434 ], [ -3.5198151, 40.4099507 ], [ -3.5199737, 40.4101429 ], [ -3.520302, 40.4105766 ], [ -3.5204902, 40.4110962 ], [ -3.5207137, 40.4116874 ], [ -3.5209623, 40.4121288 ], [ -3.5222392, 40.4138077 ], [ -3.5225796, 40.4141214 ], [ -3.5228882, 40.4143192 ], [ -3.5245106, 40.415359 ], [ -3.5250587, 40.4162839 ], [ -3.5260471, 40.4168469 ], [ -3.52647, 40.4170438 ], [ -3.5269095, 40.4172892 ], [ -3.5276193, 40.4176856 ], [ -3.5311901, 40.4200833 ], [ -3.5308782, 40.4183949 ], [ -3.5305482, 40.4165621 ], [ -3.5302303, 40.4147088 ], [ -3.5304147, 40.4147078 ], [ -3.5307286, 40.4146422 ], [ -3.5309531, 40.414563 ], [ -3.5313036, 40.4144154 ], [ -3.5316854, 40.4142916 ], [ -3.5322965, 40.4141597 ], [ -3.5327887, 40.4141076 ], [ -3.5333217, 40.41411 ], [ -3.5339655, 40.4141774 ], [ -3.5344149, 40.4142421 ], [ -3.5351716, 40.4144134 ], [ -3.5356265, 40.4131503 ], [ -3.5357326, 40.4131369 ], [ -3.535862, 40.4130956 ], [ -3.5359677, 40.4130405 ], [ -3.5360659, 40.4129702 ], [ -3.536164, 40.4128418 ], [ -3.536211, 40.4127163 ], [ -3.5362286, 40.4126117 ], [ -3.5362057, 40.4125154 ], [ -3.536474, 40.4125723 ], [ -3.53676, 40.4125999 ], [ -3.5370384, 40.4125969 ], [ -3.537309, 40.4125551 ], [ -3.5374842, 40.4125074 ], [ -3.5376659, 40.4124237 ], [ -3.5377865, 40.412354 ], [ -3.5378486, 40.4122837 ], [ -3.537888, 40.4121885 ], [ -3.537862, 40.4118206 ], [ -3.5379001, 40.4117363 ], [ -3.5379593, 40.4116747 ], [ -3.5382799, 40.4114284 ], [ -3.5383757, 40.4114115 ], [ -3.5386738, 40.4114384 ], [ -3.5390808, 40.4115436 ], [ -3.5394973, 40.4116295 ], [ -3.5395794, 40.4116262 ], [ -3.5396553, 40.4115945 ], [ -3.5397366, 40.4114686 ], [ -3.539768, 40.4114098 ], [ -3.539737, 40.411158 ], [ -3.5397318, 40.4107548 ], [ -3.53976, 40.4104261 ], [ -3.5399127, 40.4105482 ], [ -3.5400341, 40.4106013 ], [ -3.5402124, 40.4106269 ], [ -3.5407652, 40.4106544 ], [ -3.5413, 40.4107154 ], [ -3.5417625, 40.4108708 ], [ -3.5424703, 40.4110321 ], [ -3.5430206, 40.4112013 ], [ -3.5433616, 40.4112701 ], [ -3.5439003, 40.4113294 ], [ -3.5443718, 40.4113292 ], [ -3.54455, 40.4113508 ], [ -3.5492625, 40.4123127 ], [ -3.5495723, 40.4121652 ], [ -3.5500529, 40.4120235 ], [ -3.5505412, 40.4119449 ], [ -3.5513974, 40.41192 ], [ -3.5521455, 40.4118504 ], [ -3.5533962, 40.4116717 ], [ -3.5541994, 40.4118976 ], [ -3.5546747, 40.4119842 ], [ -3.5552844, 40.4120373 ], [ -3.5561499, 40.4122734 ], [ -3.5568888, 40.4125192 ], [ -3.5577646, 40.412889 ], [ -3.5582839, 40.4130366 ], [ -3.558829, 40.4131546 ], [ -3.5593999, 40.4132372 ], [ -3.5602628, 40.4133238 ], [ -3.5608362, 40.4133326 ], [ -3.5612691, 40.4133617 ], [ -3.5618181, 40.4133985 ], [ -3.5625931, 40.4134162 ], [ -3.5640323, 40.4135356 ], [ -3.5647539, 40.4135565 ], [ -3.5679186, 40.4130543 ], [ -3.5687696, 40.4128339 ], [ -3.5702108, 40.4122009 ], [ -3.5706324, 40.4120456 ], [ -3.5708971, 40.4119934 ], [ -3.5712657, 40.4119964 ], [ -3.5723147, 40.4119262 ], [ -3.5726677, 40.4118754 ], [ -3.5728834, 40.411762 ], [ -3.5762686, 40.4131131 ], [ -3.577537, 40.4136194 ], [ -3.5781847, 40.4148425 ], [ -3.5780538, 40.414988 ], [ -3.5786134, 40.4159969 ], [ -3.5788215, 40.4163017 ], [ -3.5792704, 40.4169594 ], [ -3.5795288, 40.4173378 ], [ -3.5787861, 40.4182984 ], [ -3.5782898, 40.4192599 ], [ -3.5776413, 40.4202532 ], [ -3.5772596, 40.4210852 ], [ -3.5768344, 40.4219803 ], [ -3.5766543, 40.4228771 ], [ -3.576464, 40.4234434 ], [ -3.5762213, 40.4239369 ], [ -3.5752486, 40.4255792 ], [ -3.5774816, 40.4260143 ], [ -3.5770374, 40.4272824 ], [ -3.5765662, 40.4286045 ], [ -3.5764949, 40.4288222 ], [ -3.5764215, 40.4291338 ], [ -3.5763172, 40.4296774 ], [ -3.5769723, 40.4298297 ], [ -3.5770681, 40.4301555 ], [ -3.5772521, 40.4305133 ], [ -3.5791282, 40.4331366 ], [ -3.5791191, 40.4336262 ], [ -3.5751023, 40.4340949 ], [ -3.5751024, 40.434238 ], [ -3.575321, 40.4353953 ], [ -3.5759427, 40.4367378 ], [ -3.5737954, 40.4376687 ], [ -3.5685469, 40.4362065 ], [ -3.567916, 40.436511 ], [ -3.5675819, 40.4367589 ], [ -3.567237, 40.4369701 ], [ -3.5669618, 40.4371325 ], [ -3.5663944, 40.4374094 ], [ -3.5656985, 40.4376438 ], [ -3.5652917, 40.4377534 ], [ -3.5647983, 40.4378302 ], [ -3.5640591, 40.4379132 ], [ -3.5634563, 40.4379303 ], [ -3.5611712, 40.4379407 ], [ -3.5605991, 40.4380311 ], [ -3.5603405, 40.4380742 ], [ -3.5599613, 40.4381715 ], [ -3.5597851, 40.4382299 ], [ -3.5592782, 40.4384338 ], [ -3.554005, 40.4408922 ], [ -3.5531543, 40.4412444 ], [ -3.5526167, 40.4414362 ], [ -3.5519567, 40.4416335 ], [ -3.5515565, 40.4417415 ], [ -3.5512538, 40.4418076 ], [ -3.5508387, 40.4419175 ], [ -3.5501748, 40.442049 ], [ -3.5491391, 40.4422616 ], [ -3.5477766, 40.442486 ], [ -3.5452275, 40.4427029 ], [ -3.541612, 40.443654 ], [ -3.5413259, 40.4437878 ], [ -3.5411397, 40.4439858 ], [ -3.5410509, 40.4441778 ], [ -3.5409725, 40.4445887 ], [ -3.5379348, 40.4442496 ], [ -3.5383979, 40.4450117 ], [ -3.5369664, 40.4448551 ], [ -3.5355779, 40.4447056 ], [ -3.5351212, 40.4448993 ], [ -3.5349878, 40.4449547 ], [ -3.5350732, 40.4452136 ], [ -3.5354915, 40.4464812 ], [ -3.533856, 40.4465484 ], [ -3.5324304, 40.446826 ], [ -3.5320115, 40.4469332 ], [ -3.5330508, 40.4481556 ], [ -3.533239, 40.4486858 ], [ -3.5333385, 40.4492406 ], [ -3.5335111, 40.4497931 ], [ -3.5338337, 40.4502837 ], [ -3.5338497, 40.4508155 ], [ -3.534053, 40.4512827 ], [ -3.5344323, 40.4517234 ], [ -3.5346387, 40.4521099 ], [ -3.5345645, 40.4525471 ], [ -3.5336484, 40.4535323 ], [ -3.5330082, 40.4541775 ], [ -3.5326528, 40.4544354 ], [ -3.5321918, 40.4546475 ], [ -3.5319102, 40.4547303 ], [ -3.5315763, 40.4547377 ], [ -3.5311919, 40.4547297 ], [ -3.530881, 40.454645 ], [ -3.5305304, 40.4544644 ], [ -3.5302172, 40.4543699 ], [ -3.5294447, 40.454536 ], [ -3.528789, 40.4546745 ], [ -3.5282113, 40.4549237 ], [ -3.5277544, 40.4552338 ], [ -3.5272735, 40.4554942 ], [ -3.5269144, 40.4556422 ], [ -3.5268126, 40.4559246 ], [ -3.52694, 40.456359 ], [ -3.5273655, 40.4568047 ], [ -3.5285858, 40.4578677 ], [ -3.5290942, 40.4584017 ], [ -3.5293124, 40.458706 ], [ -3.5294176, 40.459233 ], [ -3.5296931, 40.4606115 ], [ -3.5296562, 40.4610418 ], [ -3.5295431, 40.4615641 ], [ -3.5293313, 40.4621657 ], [ -3.5291822, 40.4627336 ], [ -3.528924, 40.4634776 ], [ -3.5284622, 40.4640961 ], [ -3.5281198, 40.4644941 ], [ -3.5268961, 40.4658082 ], [ -3.5263313, 40.4663104 ], [ -3.5250873, 40.4677375 ], [ -3.5253123, 40.4690334 ], [ -3.5256849, 40.4696659 ], [ -3.5258858, 40.4698726 ], [ -3.5265991, 40.4702788 ], [ -3.5278125, 40.470625 ], [ -3.5288742, 40.4707644 ], [ -3.5302204, 40.4710577 ], [ -3.5308309, 40.4712878 ], [ -3.530947, 40.4713623 ], [ -3.5317848, 40.4714035 ], [ -3.5334152, 40.4717114 ], [ -3.5340093, 40.4722492 ], [ -3.5342605, 40.4726895 ], [ -3.5343969, 40.4735267 ], [ -3.5343255, 40.4749414 ], [ -3.5344147, 40.4772653 ], [ -3.534777, 40.4783177 ], [ -3.5346406, 40.478976 ], [ -3.5348567, 40.4794525 ], [ -3.5347921, 40.4802276 ], [ -3.5352142, 40.4813788 ], [ -3.5358355, 40.4823579 ], [ -3.5362422, 40.4830677 ], [ -3.5368498, 40.4837946 ], [ -3.537043, 40.4843523 ], [ -3.5372826, 40.4848107 ], [ -3.5372728, 40.485063 ], [ -3.5371216, 40.4856452 ], [ -3.5369215, 40.4861482 ], [ -3.5369052, 40.486268 ], [ -3.5369427, 40.4864279 ], [ -3.5370202, 40.4865334 ], [ -3.5372132, 40.4867023 ], [ -3.5374163, 40.4868404 ], [ -3.5377054, 40.4870033 ], [ -3.5400118, 40.4881638 ], [ -3.5407611, 40.488399 ], [ -3.5408732, 40.488442 ], [ -3.5409536, 40.48853 ], [ -3.5410157, 40.4886339 ], [ -3.5410481, 40.4887558 ], [ -3.5412167, 40.4901495 ], [ -3.5412312, 40.4905283 ], [ -3.541215, 40.4911158 ], [ -3.5412265, 40.4914064 ], [ -3.5412501, 40.49159 ], [ -3.5413566, 40.4918097 ], [ -3.5415907, 40.4921456 ], [ -3.5416677, 40.4922853 ], [ -3.5417209, 40.4924476 ], [ -3.5417918, 40.4927722 ], [ -3.5418032, 40.4930968 ], [ -3.541699, 40.4938061 ], [ -3.5417098, 40.4939642 ], [ -3.54178, 40.4940856 ], [ -3.5418534, 40.4941758 ], [ -3.5420128, 40.4943044 ], [ -3.5422486, 40.4944669 ], [ -3.5429859, 40.4949051 ], [ -3.5439543, 40.4955686 ], [ -3.5442481, 40.4957115 ], [ -3.5444292, 40.4957732 ], [ -3.5455506, 40.4961205 ], [ -3.5459281, 40.4962868 ], [ -3.5468524, 40.4967238 ], [ -3.5491993, 40.497426 ], [ -3.5497943, 40.4976133 ], [ -3.5506239, 40.4979345 ], [ -3.5511108, 40.4981808 ], [ -3.5523713, 40.4989814 ], [ -3.5527878, 40.4992951 ], [ -3.5529159, 40.4994199 ], [ -3.5531706, 40.4997283 ], [ -3.5532919, 40.499951 ], [ -3.553329, 40.5001096 ], [ -3.5535832, 40.5017708 ], [ -3.5535992, 40.5020254 ], [ -3.5535706, 40.5021482 ], [ -3.5534056, 40.5024597 ], [ -3.5552156, 40.5031569 ], [ -3.5549382, 40.505456 ], [ -3.5551284, 40.5085721 ], [ -3.5542579, 40.5113309 ], [ -3.5548807, 40.5113314 ], [ -3.5585337, 40.5112384 ], [ -3.5616263, 40.5106865 ], [ -3.5616936, 40.5111491 ], [ -3.5649426, 40.5120506 ], [ -3.5721062, 40.5123682 ], [ -3.5759357, 40.5103674 ], [ -3.5779324, 40.510357 ], [ -3.582984, 40.5084823 ], [ -3.5847069, 40.5067217 ], [ -3.5869005, 40.5053476 ], [ -3.589168, 40.5044851 ], [ -3.589383, 40.5043362 ], [ -3.5932621, 40.5015777 ], [ -3.5933344, 40.5014052 ], [ -3.5937369, 40.501477 ], [ -3.594109, 40.5013879 ], [ -3.5942331, 40.5012464 ], [ -3.5948396, 40.5011783 ], [ -3.59526, 40.5013093 ], [ -3.5957699, 40.501325 ], [ -3.5962696, 40.5011885 ], [ -3.5975152, 40.5012368 ], [ -3.5982096, 40.5012726 ], [ -3.5984646, 40.5013355 ], [ -3.5986507, 40.5014246 ], [ -3.5988592, 40.5014277 ], [ -3.5994245, 40.5017057 ], [ -3.5995811, 40.5016971 ], [ -3.5998016, 40.5016237 ], [ -3.6000221, 40.5017652 ], [ -3.6002224, 40.5018062 ], [ -3.60067, 40.5016552 ], [ -3.6008836, 40.5016657 ], [ -3.6011179, 40.5017233 ], [ -3.6013109, 40.5017128 ], [ -3.6014016, 40.5016902 ], [ -3.6015659, 40.5015242 ], [ -3.6017244, 40.5014403 ], [ -3.6019311, 40.501477 ], [ -3.6019977, 40.5014749 ], [ -3.6020965, 40.5014718 ], [ -3.6021655, 40.5013984 ], [ -3.6022068, 40.5012831 ], [ -3.6022895, 40.5012569 ], [ -3.6024273, 40.5013041 ], [ -3.6028416, 40.5014554 ], [ -3.6033574, 40.5017535 ], [ -3.6046056, 40.5029937 ], [ -3.605764, 40.5040344 ], [ -3.6059654, 40.5044435 ], [ -3.6061762, 40.5053958 ], [ -3.6063498, 40.5057011 ], [ -3.6068694, 40.5060884 ], [ -3.6077174, 40.5064365 ], [ -3.6084956, 40.5068397 ], [ -3.6093354, 40.5073821 ], [ -3.6098885, 40.5078277 ], [ -3.6103571, 40.508311 ], [ -3.6112629, 40.5090487 ], [ -3.6114235, 40.5091134 ], [ -3.6122062, 40.5091823 ], [ -3.6129636, 40.5094438 ], [ -3.6136155, 40.5098389 ], [ -3.61403, 40.5103178 ], [ -3.6142491, 40.5107387 ], [ -3.6150989, 40.5109811 ], [ -3.6157603, 40.5109452 ], [ -3.616121, 40.5108336 ], [ -3.6177532, 40.5100857 ], [ -3.6179285, 40.5101125 ], [ -3.6184285, 40.5100623 ], [ -3.6202169, 40.5101833 ], [ -3.6209096, 40.5101262 ], [ -3.6213055, 40.5099878 ], [ -3.6215542, 40.5097965 ], [ -3.6219941, 40.5094142 ], [ -3.6223727, 40.5091797 ], [ -3.6227523, 40.5090234 ], [ -3.6236017, 40.5090307 ], [ -3.6243, 40.509218 ], [ -3.6248191, 40.5093475 ], [ -3.6253516, 40.509432 ], [ -3.6259208, 40.5093221 ], [ -3.6264064, 40.5091609 ], [ -3.6278949, 40.5084533 ], [ -3.6285741, 40.5082555 ], [ -3.6303906, 40.5084295 ], [ -3.631518, 40.5081072 ], [ -3.6332908, 40.5075405 ], [ -3.6334263, 40.5076407 ], [ -3.6336619, 40.5077408 ], [ -3.6338712, 40.5077888 ], [ -3.6374852, 40.5078213 ], [ -3.6374977, 40.5078845 ], [ -3.6395038, 40.5078778 ], [ -3.6410798, 40.5079931 ], [ -3.6410723, 40.5081005 ], [ -3.6423478, 40.5081939 ], [ -3.6433893, 40.5079299 ], [ -3.6443508, 40.5080717 ], [ -3.6444264, 40.508122 ], [ -3.6447059, 40.5079601 ], [ -3.6448476, 40.5078909 ], [ -3.6456566, 40.5082994 ], [ -3.6459348, 40.5084961 ], [ -3.646854, 40.5093926 ], [ -3.6477768, 40.5103395 ], [ -3.6486542, 40.510754 ], [ -3.6492201, 40.5108529 ], [ -3.6503831, 40.5109579 ], [ -3.6523689, 40.5111881 ], [ -3.6523299, 40.5113572 ], [ -3.6536957, 40.5122662 ], [ -3.6547094, 40.5128706 ], [ -3.6558629, 40.5131585 ], [ -3.6575101, 40.5118695 ], [ -3.6577949, 40.5113768 ], [ -3.6585242, 40.5117415 ], [ -3.6586696, 40.5119597 ], [ -3.6591053, 40.5135126 ], [ -3.6591951, 40.5136459 ], [ -3.6595642, 40.5139628 ], [ -3.6596535, 40.5141845 ], [ -3.6598678, 40.5142886 ], [ -3.6601715, 40.5148318 ], [ -3.6603858, 40.5154518 ], [ -3.6603989, 40.515674 ], [ -3.6614774, 40.5172953 ], [ -3.6625986, 40.519938 ], [ -3.662864, 40.520015 ], [ -3.6631973, 40.5201117 ], [ -3.6639799, 40.5198693 ], [ -3.6642796, 40.5203468 ], [ -3.6655061, 40.5207541 ], [ -3.6660546, 40.5214751 ], [ -3.6655954, 40.5231029 ], [ -3.6656749, 40.5234091 ], [ -3.6656847, 40.5234468 ], [ -3.6659109, 40.5238677 ], [ -3.6659121, 40.5238832 ], [ -3.6659347, 40.5241709 ], [ -3.6658858, 40.5245727 ], [ -3.6658697, 40.5247055 ], [ -3.6670312, 40.5248586 ], [ -3.6681811, 40.5251039 ], [ -3.6689342, 40.5250307 ], [ -3.6702344, 40.5246667 ], [ -3.6714749, 40.5245096 ], [ -3.6719944, 40.5243802 ], [ -3.6721287, 40.5243468 ], [ -3.6730213, 40.5246795 ], [ -3.6734339, 40.5247499 ], [ -3.6748652, 40.5255627 ], [ -3.675049, 40.525567 ], [ -3.675564, 40.5261067 ], [ -3.6771913, 40.5269828 ], [ -3.6765199, 40.5272356 ], [ -3.6757345, 40.5283834 ], [ -3.6723495, 40.530866 ], [ -3.6709644, 40.5320963 ], [ -3.6693614, 40.5342974 ], [ -3.6703355, 40.5349506 ], [ -3.6711731, 40.5362003 ], [ -3.6718847, 40.5370622 ], [ -3.6721698, 40.537277 ], [ -3.6732884, 40.5376231 ], [ -3.6740245, 40.5379541 ], [ -3.6744035, 40.5384805 ], [ -3.6747297, 40.5393552 ], [ -3.6757758, 40.5408745 ], [ -3.6762291, 40.5411957 ], [ -3.6767933, 40.5414772 ], [ -3.676928, 40.5418355 ], [ -3.6774906, 40.5425165 ], [ -3.677821, 40.5429544 ], [ -3.6781392, 40.5436027 ], [ -3.6787263, 40.5454196 ], [ -3.6786253, 40.5461189 ], [ -3.6786086, 40.5463205 ], [ -3.678561, 40.5467804 ], [ -3.6802489, 40.5487819 ], [ -3.6810164, 40.549139 ], [ -3.6817939, 40.5499748 ], [ -3.6818348, 40.5504645 ], [ -3.6830616, 40.5522126 ], [ -3.6826111, 40.5525637 ], [ -3.6821406, 40.5527133 ], [ -3.6820663, 40.5531171 ], [ -3.6827672, 40.5544835 ], [ -3.6857903, 40.5598877 ], [ -3.6868511, 40.5628837 ], [ -3.6889974, 40.5675144 ], [ -3.6895237, 40.5686762 ], [ -3.6895849, 40.5697689 ], [ -3.689256, 40.5705457 ], [ -3.6903993, 40.5696688 ], [ -3.690705, 40.569081 ], [ -3.6912773, 40.5696578 ], [ -3.6917935, 40.5697841 ], [ -3.6924878, 40.5707817 ], [ -3.6926225, 40.5715491 ], [ -3.6934298, 40.5719764 ], [ -3.6948463, 40.573717 ], [ -3.6964571, 40.5744357 ], [ -3.6971587, 40.5750473 ], [ -3.6973517, 40.5760692 ], [ -3.7000364, 40.5782644 ], [ -3.7009167, 40.5784659 ], [ -3.6987182, 40.5786349 ], [ -3.6970006, 40.5793511 ], [ -3.6948919, 40.5796237 ], [ -3.6924629, 40.580238 ], [ -3.6904163, 40.5810692 ], [ -3.6887067, 40.5825144 ], [ -3.6869973, 40.582511 ], [ -3.6858924, 40.5828449 ], [ -3.6840297, 40.5837156 ], [ -3.6822443, 40.5848871 ], [ -3.6740915, 40.5888135 ], [ -3.6672709, 40.5920774 ], [ -3.6651499, 40.5923292 ], [ -3.6637769, 40.5923203 ], [ -3.6630328, 40.5922784 ], [ -3.6623153, 40.5921793 ], [ -3.6615106, 40.5919905 ], [ -3.6591834, 40.5915943 ], [ -3.6575397, 40.5902794 ], [ -3.6566238, 40.589672 ], [ -3.6559351, 40.5891037 ], [ -3.6556588, 40.5888757 ], [ -3.6552157, 40.5882656 ], [ -3.6539011, 40.5855434 ], [ -3.6531792, 40.5829979 ], [ -3.6522474, 40.580733 ], [ -3.6513436, 40.5789093 ], [ -3.6506256, 40.5779764 ], [ -3.6497583, 40.5774768 ], [ -3.6488831, 40.5773916 ], [ -3.6472995, 40.5773464 ], [ -3.6458702, 40.5773814 ], [ -3.6448172, 40.5772341 ], [ -3.6431229, 40.5767391 ], [ -3.6410238, 40.5759129 ], [ -3.6395198, 40.5755428 ], [ -3.6369757, 40.5751334 ], [ -3.6349891, 40.5749462 ], [ -3.6333936, 40.5748919 ], [ -3.6313392, 40.5750382 ], [ -3.6306884, 40.5749246 ], [ -3.6285672, 40.5742515 ], [ -3.6254996, 40.5734303 ], [ -3.6234834, 40.5751439 ], [ -3.6201983, 40.5776389 ], [ -3.6162815, 40.580858 ], [ -3.6139477, 40.581483 ], [ -3.6110521, 40.5827055 ], [ -3.6102759, 40.583106 ], [ -3.6072337, 40.585122 ], [ -3.6067771, 40.5855838 ], [ -3.6057417, 40.5874 ], [ -3.6051586, 40.5882589 ], [ -3.6047956, 40.5886211 ], [ -3.6041733, 40.5890748 ], [ -3.6033263, 40.5894937 ], [ -3.6025157, 40.5900384 ], [ -3.602084, 40.5906533 ], [ -3.6019947, 40.5912393 ], [ -3.6021302, 40.5918512 ], [ -3.6021639, 40.5919808 ], [ -3.602515, 40.5925879 ], [ -3.6032553, 40.5934399 ], [ -3.6042079, 40.5942367 ], [ -3.6047102, 40.5948917 ], [ -3.605101, 40.5962951 ], [ -3.6053167, 40.5966273 ], [ -3.6061371, 40.5971725 ], [ -3.6078589, 40.5980644 ], [ -3.6097441, 40.5987301 ], [ -3.6121065, 40.599882 ], [ -3.6157394, 40.6016533 ], [ -3.6160824, 40.6029667 ], [ -3.6162105, 40.6040381 ], [ -3.6166474, 40.605288 ], [ -3.616747, 40.605828 ], [ -3.6165692, 40.6070632 ], [ -3.6167636, 40.6076387 ], [ -3.617653, 40.6092375 ], [ -3.6178119, 40.6098042 ], [ -3.6177566, 40.6100904 ], [ -3.6177675, 40.6103167 ], [ -3.6177287, 40.6110389 ], [ -3.6191658, 40.6117789 ], [ -3.6200344, 40.6123869 ], [ -3.6209991, 40.6131655 ], [ -3.621514, 40.6138744 ], [ -3.6223726, 40.6154217 ], [ -3.6226802, 40.6159762 ], [ -3.6230731, 40.6162804 ], [ -3.6263478, 40.6175509 ], [ -3.6276469, 40.6173998 ], [ -3.6284697, 40.618152 ], [ -3.6285122, 40.6189085 ], [ -3.6286362, 40.6195205 ], [ -3.6292272, 40.6207695 ], [ -3.6289375, 40.6226629 ], [ -3.6289785, 40.6232482 ], [ -3.6301874, 40.6260884 ], [ -3.629815, 40.6267211 ], [ -3.6298002, 40.6276671 ], [ -3.6301761, 40.628665 ], [ -3.632728, 40.6309483 ], [ -3.6333137, 40.6316117 ], [ -3.6340832, 40.6329588 ], [ -3.6356527, 40.6351213 ], [ -3.6367734, 40.6373223 ], [ -3.6374662, 40.6380482 ], [ -3.6382169, 40.6386477 ], [ -3.6391303, 40.6389399 ], [ -3.6402062, 40.6389159 ], [ -3.6416698, 40.6386195 ], [ -3.6438921, 40.6385171 ], [ -3.6446519, 40.6388282 ], [ -3.6454977, 40.6394631 ], [ -3.6469886, 40.640779 ], [ -3.6487985, 40.6420482 ], [ -3.6503427, 40.6427512 ], [ -3.6531062, 40.6435644 ], [ -3.6542196, 40.6437293 ], [ -3.6551286, 40.643562 ], [ -3.6566365, 40.6429589 ], [ -3.6586288, 40.6423079 ], [ -3.6611528, 40.6404107 ], [ -3.6629957, 40.6378146 ], [ -3.6647242, 40.6356156 ], [ -3.6655495, 40.6341785 ], [ -3.6674819, 40.6311043 ], [ -3.6680532, 40.6295789 ], [ -3.6685301, 40.6283056 ], [ -3.6686055, 40.6275664 ], [ -3.6685132, 40.626612 ], [ -3.6682807, 40.6258206 ], [ -3.6675647, 40.6239107 ], [ -3.667139, 40.6227822 ], [ -3.6665293, 40.6209119 ], [ -3.6667206, 40.6199379 ], [ -3.6695308, 40.6183902 ], [ -3.6739453, 40.6165087 ], [ -3.6749436, 40.6158543 ], [ -3.6794697, 40.6110171 ], [ -3.6834354, 40.609246 ], [ -3.6850335, 40.6083177 ], [ -3.6859709, 40.6075103 ], [ -3.6869184, 40.6065408 ], [ -3.6881659, 40.6048487 ], [ -3.68979, 40.6018661 ], [ -3.6911567, 40.5991463 ], [ -3.6913948, 40.5981629 ], [ -3.6919839, 40.5968351 ], [ -3.6958695, 40.590875 ], [ -3.6965813, 40.5899969 ], [ -3.6972612, 40.5894703 ], [ -3.6985766, 40.5886876 ], [ -3.6996362, 40.5883118 ], [ -3.7005751, 40.5876935 ], [ -3.7018111, 40.5872356 ], [ -3.7046138, 40.5851826 ], [ -3.708096, 40.5837109 ], [ -3.710664, 40.5831592 ], [ -3.7108373, 40.583122 ], [ -3.7114883, 40.583049 ], [ -3.7130058, 40.583287 ], [ -3.7145085, 40.5826566 ], [ -3.717249, 40.5828907 ], [ -3.7178569, 40.5826752 ], [ -3.7194289, 40.5821178 ], [ -3.7206856, 40.5822087 ], [ -3.7214402, 40.5826002 ], [ -3.725139, 40.5836477 ], [ -3.7277303, 40.58438 ], [ -3.7298291, 40.5850877 ], [ -3.7322935, 40.5853805 ], [ -3.7331833, 40.5852659 ], [ -3.7340019, 40.585381 ], [ -3.734263, 40.5854632 ], [ -3.7352948, 40.5856723 ], [ -3.7358427, 40.5857148 ], [ -3.7372528, 40.586071 ], [ -3.7381918, 40.5864677 ], [ -3.7385879, 40.5869809 ], [ -3.738848, 40.5875282 ], [ -3.7389083, 40.5876551 ], [ -3.7389655, 40.587776 ], [ -3.7391201, 40.587987 ], [ -3.7391746, 40.5880657 ], [ -3.7396987, 40.5893019 ], [ -3.7397564, 40.5893715 ], [ -3.7398117, 40.5894382 ], [ -3.7408152, 40.5906486 ], [ -3.7452456, 40.5918462 ], [ -3.7453874, 40.5918845 ], [ -3.7458199, 40.5922083 ], [ -3.7467131, 40.5923375 ], [ -3.7469918, 40.5923747 ], [ -3.7475292, 40.5924465 ], [ -3.7478545, 40.5924905 ], [ -3.748199, 40.5925555 ], [ -3.7482644, 40.5925612 ], [ -3.7485062, 40.592582 ], [ -3.7492464, 40.5927061 ], [ -3.7500942, 40.5924434 ], [ -3.7501453, 40.5924316 ], [ -3.7508278, 40.5930671 ], [ -3.7511221, 40.5933386 ], [ -3.7514425, 40.5936341 ], [ -3.7520089, 40.5941622 ], [ -3.7522292, 40.5943665 ], [ -3.7529724, 40.594777 ], [ -3.7536427, 40.5947569 ], [ -3.7541579, 40.5949523 ], [ -3.7573702, 40.596062 ], [ -3.7578213, 40.596051 ], [ -3.7584567, 40.5960813 ], [ -3.7587501, 40.5962937 ], [ -3.759006, 40.596503 ], [ -3.7590239, 40.5965138 ], [ -3.7598498, 40.5970097 ], [ -3.760917, 40.597265 ], [ -3.7621753, 40.597764 ], [ -3.7642015, 40.598324 ], [ -3.7652862, 40.5984091 ], [ -3.7660242, 40.598671 ], [ -3.7676424, 40.5994689 ], [ -3.7681694, 40.5996666 ], [ -3.7709939, 40.6000059 ], [ -3.772462, 40.6001823 ], [ -3.7727771, 40.6002451 ], [ -3.7743997, 40.6005683 ], [ -3.7754692, 40.600869 ], [ -3.7760424, 40.6010322 ], [ -3.7771729, 40.6013542 ], [ -3.7782572, 40.6017278 ], [ -3.778938, 40.601741 ], [ -3.7798176, 40.6011574 ], [ -3.7811989, 40.6008847 ], [ -3.7816281, 40.6008026 ], [ -3.781815, 40.6009946 ], [ -3.782261, 40.6014529 ], [ -3.7827849, 40.6017041 ], [ -3.7834874, 40.6017634 ], [ -3.7844602, 40.6010737 ], [ -3.7850339, 40.6004708 ], [ -3.7856302, 40.6004002 ], [ -3.7863378, 40.6003787 ], [ -3.7883578, 40.5994392 ], [ -3.78903, 40.5991049 ], [ -3.7899011, 40.5989863 ], [ -3.7921885, 40.5993108 ], [ -3.7924092, 40.5993571 ], [ -3.7929372, 40.5994677 ], [ -3.7941289, 40.5997782 ], [ -3.7953023, 40.5999115 ], [ -3.7967723, 40.5998748 ], [ -3.7972075, 40.5997115 ], [ -3.7984747, 40.5988187 ], [ -3.7991035, 40.598489 ], [ -3.7997974, 40.5985954 ], [ -3.8011089, 40.598884 ], [ -3.8023665, 40.5988738 ], [ -3.8033279, 40.598866 ], [ -3.8035532, 40.5989977 ], [ -3.8022833, 40.6013831 ], [ -3.8019755, 40.6019148 ], [ -3.8015708, 40.6026041 ], [ -3.8003092, 40.6048302 ], [ -3.8005299, 40.6059105 ], [ -3.8016908, 40.6063494 ], [ -3.8021834, 40.6063125 ], [ -3.804914, 40.6072051 ], [ -3.8051954, 40.6073834 ], [ -3.8059101, 40.6078362 ], [ -3.8061264, 40.6079069 ], [ -3.806256, 40.6080238 ], [ -3.806263, 40.6084076 ], [ -3.806452, 40.6086459 ], [ -3.8064161, 40.6087502 ], [ -3.8060589, 40.6092658 ], [ -3.8061981, 40.6095122 ], [ -3.8069286, 40.6093796 ], [ -3.8073775, 40.6092098 ], [ -3.8082273, 40.6091654 ], [ -3.8091848, 40.6093216 ], [ -3.8093488, 40.6094979 ], [ -3.8094153, 40.609872 ], [ -3.8096035, 40.6098699 ], [ -3.8097256, 40.609815 ], [ -3.8099306, 40.6095173 ], [ -3.8099413, 40.6094308 ], [ -3.8101881, 40.6094827 ], [ -3.8103887, 40.6094261 ], [ -3.810813, 40.6093853 ], [ -3.8109646, 40.6092495 ], [ -3.811324, 40.6088565 ], [ -3.8114412, 40.6087071 ], [ -3.8115493, 40.6086815 ], [ -3.811799, 40.608706 ], [ -3.811913, 40.6086367 ], [ -3.8120798, 40.6085913 ], [ -3.8123959, 40.6084709 ], [ -3.812526, 40.6083882 ], [ -3.8128251, 40.6082867 ], [ -3.8127852, 40.6081379 ], [ -3.8125088, 40.6078677 ], [ -3.8113576, 40.6072003 ], [ -3.8106728, 40.6070017 ], [ -3.8102868, 40.6067867 ], [ -3.8101036, 40.6065709 ], [ -3.8097492, 40.6058564 ], [ -3.8093769, 40.6050259 ], [ -3.8088824, 40.60427 ], [ -3.8060053, 40.5998719 ], [ -3.8110386, 40.5974912 ], [ -3.8125811, 40.5968833 ], [ -3.8139116, 40.5961466 ], [ -3.8144362, 40.5954184 ], [ -3.814585, 40.5953817 ], [ -3.8151303, 40.5952473 ], [ -3.8161256, 40.5950036 ], [ -3.8202781, 40.5950039 ], [ -3.8227391, 40.5943928 ], [ -3.8251987, 40.594636 ], [ -3.826202, 40.5947175 ], [ -3.8264018, 40.5947427 ], [ -3.8275772, 40.5946777 ], [ -3.8282019, 40.5945741 ], [ -3.8292613, 40.5943076 ], [ -3.8301893, 40.594045 ], [ -3.8319595, 40.5938612 ], [ -3.8322555, 40.5937879 ], [ -3.8333338, 40.5935208 ], [ -3.8354146, 40.5920891 ], [ -3.8367914, 40.5915715 ], [ -3.837691, 40.5913638 ], [ -3.8405726, 40.5924114 ], [ -3.840627, 40.592424 ], [ -3.8416397, 40.5926593 ], [ -3.842447, 40.5925363 ], [ -3.8434222, 40.5923886 ], [ -3.8446227, 40.5919649 ], [ -3.844685, 40.5919286 ], [ -3.8456946, 40.5913401 ], [ -3.8483729, 40.5909456 ], [ -3.8488003, 40.5909719 ], [ -3.850281, 40.5904658 ], [ -3.8529054, 40.5891091 ], [ -3.8537034, 40.5888265 ], [ -3.8540881, 40.5885253 ], [ -3.8544879, 40.5882286 ], [ -3.8547022, 40.5880995 ], [ -3.8547863, 40.5880337 ], [ -3.8548503, 40.5880123 ], [ -3.8549372, 40.587998 ], [ -3.8549787, 40.5879984 ], [ -3.8554042, 40.5882073 ], [ -3.8559605, 40.5881358 ], [ -3.8567, 40.5880579 ], [ -3.8580044, 40.5879203 ], [ -3.8584481, 40.5879027 ], [ -3.859929, 40.5881795 ], [ -3.8612909, 40.5888869 ], [ -3.863538, 40.5895024 ], [ -3.8649058, 40.5904147 ], [ -3.8654407, 40.5912851 ], [ -3.8659706, 40.5917814 ], [ -3.8660265, 40.5917918 ], [ -3.8668867, 40.5919527 ], [ -3.8673773, 40.592161 ], [ -3.8687519, 40.5920347 ], [ -3.8694446, 40.5918751 ], [ -3.8717759, 40.5913709 ], [ -3.8728968, 40.5912162 ], [ -3.8739154, 40.5911445 ], [ -3.8743764, 40.5908729 ], [ -3.8748392, 40.5906095 ], [ -3.875894, 40.5901764 ], [ -3.8761715, 40.5899802 ], [ -3.8761896, 40.5896393 ], [ -3.876103, 40.5892655 ], [ -3.8768501, 40.5886153 ], [ -3.8772768, 40.5884618 ], [ -3.8783082, 40.5880484 ], [ -3.8800949, 40.5869926 ], [ -3.8817647, 40.5861394 ], [ -3.8822126, 40.5859147 ], [ -3.8826481, 40.5856962 ], [ -3.8831633, 40.5854275 ], [ -3.8834869, 40.5852587 ], [ -3.8836855, 40.5852714 ], [ -3.8837423, 40.5843299 ], [ -3.8838073, 40.5833789 ], [ -3.8834272, 40.5825336 ], [ -3.8837232, 40.5820441 ], [ -3.8840108, 40.5815534 ], [ -3.8841732, 40.5812852 ], [ -3.884133, 40.5810028 ], [ -3.8839719, 40.5805926 ], [ -3.8837781, 40.5803259 ], [ -3.8837329, 40.5790986 ], [ -3.8840117, 40.5783726 ], [ -3.8844087, 40.5773387 ], [ -3.8845059, 40.5770769 ], [ -3.8846997, 40.5765546 ], [ -3.8849449, 40.5759004 ], [ -3.8852305, 40.5751624 ], [ -3.8854951, 40.5746026 ], [ -3.8857617, 40.5741126 ], [ -3.8871439, 40.5731224 ], [ -3.8880188, 40.5724957 ], [ -3.8883959, 40.5722256 ], [ -3.8886227, 40.5717802 ], [ -3.8886506, 40.5717253 ], [ -3.8889539, 40.5708516 ] ] ] } },
{ "type": "Feature", "properties": { "display_name": "Lisbon, Portugal" }, "geometry": { "type": "Polygon", "coordinates": [ [ [ -9.2298356, 38.6953276 ], [ -9.229608, 38.6951996 ], [ -9.228931, 38.6948249 ], [ -9.2256713, 38.6929987 ], [ -9.224745, 38.6925355 ], [ -9.2242835, 38.6923872 ], [ -9.223705, 38.6922696 ], [ -9.2232031, 38.6922253 ], [ -9.2217878, 38.6923353 ], [ -9.2208709, 38.6925467 ], [ -9.2201745, 38.6927727 ], [ -9.2191442, 38.6932406 ], [ -9.2188793, 38.6931961 ], [ -9.2189029, 38.6930009 ], [ -9.2188442, 38.6927628 ], [ -9.2185871, 38.6924814 ], [ -9.2182251, 38.6922651 ], [ -9.2173762, 38.6918316 ], [ -9.2169847, 38.6917188 ], [ -9.2165, 38.6917377 ], [ -9.2162609, 38.6918921 ], [ -9.2160504, 38.6917171 ], [ -9.2161018, 38.6914772 ], [ -9.216017, 38.6914123 ], [ -9.2159024, 38.6913994 ], [ -9.2157983, 38.6914563 ], [ -9.2157409, 38.6916358 ], [ -9.2156286, 38.6916746 ], [ -9.2150301, 38.6917101 ], [ -9.2139257, 38.6919296 ], [ -9.2138699, 38.6917372 ], [ -9.2138055, 38.69175 ], [ -9.2138626, 38.6919404 ], [ -9.1992727, 38.6945948 ], [ -9.1992594, 38.6945482 ], [ -9.1991242, 38.6945722 ], [ -9.1991411, 38.6946331 ], [ -9.1985474, 38.6947358 ], [ -9.198536, 38.694686 ], [ -9.1983945, 38.6947111 ], [ -9.1984094, 38.6947586 ], [ -9.1978208, 38.6948671 ], [ -9.1978071, 38.6948199 ], [ -9.1976687, 38.6948447 ], [ -9.1976832, 38.6948924 ], [ -9.1966332, 38.695081 ], [ -9.1965899, 38.6948392 ], [ -9.1964788, 38.6948605 ], [ -9.1965768, 38.6950913 ], [ -9.1955342, 38.6952769 ], [ -9.1954888, 38.6951015 ], [ -9.1953204, 38.6951328 ], [ -9.1953753, 38.6952994 ], [ -9.1950203, 38.6953625 ], [ -9.1950033, 38.695141 ], [ -9.1949383, 38.695143 ], [ -9.1948858, 38.6951537 ], [ -9.1949049, 38.695389 ], [ -9.1935981, 38.6956199 ], [ -9.1935952, 38.695487 ], [ -9.1934795, 38.6955103 ], [ -9.1935166, 38.6956349 ], [ -9.1874977, 38.6967223 ], [ -9.1874123, 38.6967362 ], [ -9.179441, 38.6981809 ], [ -9.1794334, 38.6979505 ], [ -9.1792707, 38.6979794 ], [ -9.1793371, 38.6980775 ], [ -9.1791013, 38.6981143 ], [ -9.1787405, 38.6983057 ], [ -9.1759297, 38.6987916 ], [ -9.1759008, 38.698702 ], [ -9.1759037, 38.6986523 ], [ -9.1755862, 38.6987057 ], [ -9.1754178, 38.698109 ], [ -9.1755172, 38.6980933 ], [ -9.1754642, 38.6978989 ], [ -9.1632581, 38.7001286 ], [ -9.1633265, 38.7004133 ], [ -9.1625508, 38.7008601 ], [ -9.162604, 38.7010617 ], [ -9.1618713, 38.7011967 ], [ -9.1573168, 38.7020117 ], [ -9.1570351, 38.7021014 ], [ -9.1570597, 38.7021993 ], [ -9.1571812, 38.702218 ], [ -9.1592504, 38.7019842 ], [ -9.1611756, 38.7018588 ], [ -9.1615327, 38.7021096 ], [ -9.1618556, 38.7021102 ], [ -9.1618525, 38.702422 ], [ -9.1614072, 38.7024176 ], [ -9.161397, 38.7024175 ], [ -9.1612074, 38.7025831 ], [ -9.1592445, 38.7025564 ], [ -9.1590694, 38.7033711 ], [ -9.1569364, 38.7037529 ], [ -9.157253, 38.7042586 ], [ -9.1560134, 38.7044799 ], [ -9.1557482, 38.7035984 ], [ -9.1549038, 38.7037528 ], [ -9.1551118, 38.7044546 ], [ -9.1549413, 38.7046741 ], [ -9.1520473, 38.7051941 ], [ -9.1512305, 38.7053392 ], [ -9.1492822, 38.7056898 ], [ -9.1491995, 38.7056576 ], [ -9.1491906, 38.7056726 ], [ -9.1490218, 38.7056038 ], [ -9.1490271, 38.7055924 ], [ -9.1488606, 38.7055235 ], [ -9.1488368, 38.7055598 ], [ -9.148852, 38.7055658 ], [ -9.1488402, 38.7055838 ], [ -9.1488886, 38.7056031 ], [ -9.1487668, 38.7057768 ], [ -9.1483199, 38.7055968 ], [ -9.1483901, 38.7054906 ], [ -9.1484483, 38.7054023 ], [ -9.1484285, 38.7053944 ], [ -9.1484086, 38.7053864 ], [ -9.1483518, 38.7054727 ], [ -9.1482813, 38.705579 ], [ -9.1479345, 38.7054376 ], [ -9.1480068, 38.7053313 ], [ -9.1480622, 38.7052488 ], [ -9.1480211, 38.7052319 ], [ -9.1479803, 38.705215 ], [ -9.1479241, 38.7052974 ], [ -9.1478467, 38.7054035 ], [ -9.1470308, 38.7050691 ], [ -9.1470527, 38.7050368 ], [ -9.147103, 38.7049629 ], [ -9.1471486, 38.7048956 ], [ -9.1471326, 38.704889 ], [ -9.1471155, 38.7048819 ], [ -9.1470708, 38.7049475 ], [ -9.1469976, 38.7050553 ], [ -9.1466665, 38.7049204 ], [ -9.1466894, 38.7048829 ], [ -9.1466558, 38.7048674 ], [ -9.1466141, 38.7048502 ], [ -9.1465961, 38.7048428 ], [ -9.1463178, 38.7047339 ], [ -9.1459016, 38.7048081 ], [ -9.1458975, 38.7047966 ], [ -9.1458829, 38.7047449 ], [ -9.1458056, 38.7044597 ], [ -9.1460652, 38.7044112 ], [ -9.1460506, 38.7043523 ], [ -9.1460989, 38.7043444 ], [ -9.1460942, 38.7043288 ], [ -9.1455913, 38.7044196 ], [ -9.145596, 38.7044353 ], [ -9.1456505, 38.7044255 ], [ -9.1456693, 38.7044892 ], [ -9.1457172, 38.7044805 ], [ -9.1457998, 38.7047596 ], [ -9.1458151, 38.7048109 ], [ -9.1458187, 38.7048231 ], [ -9.1453362, 38.7049094 ], [ -9.145236, 38.7045662 ], [ -9.1453906, 38.7045387 ], [ -9.1453719, 38.7044748 ], [ -9.1454274, 38.704465 ], [ -9.1454228, 38.7044494 ], [ -9.1449217, 38.7045385 ], [ -9.1449262, 38.7045542 ], [ -9.1449803, 38.7045446 ], [ -9.144999, 38.7046083 ], [ -9.1451529, 38.7045809 ], [ -9.145234, 38.7048587 ], [ -9.1452458, 38.7048992 ], [ -9.1452531, 38.7049241 ], [ -9.1447716, 38.7050097 ], [ -9.1447638, 38.7049828 ], [ -9.1447522, 38.7049431 ], [ -9.1446722, 38.7046673 ], [ -9.1447207, 38.7046587 ], [ -9.1447023, 38.7045954 ], [ -9.1447613, 38.704585 ], [ -9.1447566, 38.7045688 ], [ -9.1445033, 38.7046141 ], [ -9.1442488, 38.7046585 ], [ -9.1442532, 38.704674 ], [ -9.1443094, 38.7046641 ], [ -9.144328, 38.7047279 ], [ -9.1445908, 38.7046815 ], [ -9.1446708, 38.7049573 ], [ -9.1446831, 38.7049996 ], [ -9.1446902, 38.7050241 ], [ -9.1446454, 38.7050322 ], [ -9.1446489, 38.7050466 ], [ -9.1440258, 38.7051558 ], [ -9.143927, 38.7051784 ], [ -9.1439093, 38.7051407 ], [ -9.1438843, 38.7050952 ], [ -9.14381, 38.7049504 ], [ -9.1438728, 38.7049298 ], [ -9.1438638, 38.7049131 ], [ -9.1438025, 38.7049332 ], [ -9.1437938, 38.704917 ], [ -9.1431343, 38.7051334 ], [ -9.1430921, 38.7051468 ], [ -9.1430731, 38.7051526 ], [ -9.1430537, 38.7051484 ], [ -9.1430309, 38.7051442 ], [ -9.1430081, 38.7051416 ], [ -9.1429779, 38.7051416 ], [ -9.1429551, 38.7051437 ], [ -9.1429309, 38.7051484 ], [ -9.142888, 38.7051604 ], [ -9.1425161, 38.7052694 ], [ -9.142468, 38.705283 ], [ -9.1421732, 38.7053676 ], [ -9.1421075, 38.7053848 ], [ -9.1418157, 38.705451 ], [ -9.1416277, 38.7054934 ], [ -9.1415329, 38.7055152 ], [ -9.1415253, 38.7054943 ], [ -9.1415137, 38.705466 ], [ -9.1414608, 38.7053302 ], [ -9.1412399, 38.7053835 ], [ -9.1411667, 38.7054011 ], [ -9.1410665, 38.7054253 ], [ -9.1383271, 38.7060895 ], [ -9.1383327, 38.706104 ], [ -9.1383762, 38.7062197 ], [ -9.1383994, 38.7062812 ], [ -9.1381475, 38.7063418 ], [ -9.1380563, 38.7063637 ], [ -9.1377978, 38.7064259 ], [ -9.1377545, 38.7064363 ], [ -9.1371625, 38.7065776 ], [ -9.1371572, 38.7065627 ], [ -9.1370637, 38.7065833 ], [ -9.1369664, 38.7066053 ], [ -9.1364317, 38.7067398 ], [ -9.1364175, 38.7067084 ], [ -9.1364025, 38.7066775 ], [ -9.136393, 38.7066619 ], [ -9.1363785, 38.7066421 ], [ -9.1363579, 38.70662 ], [ -9.1363466, 38.7066095 ], [ -9.1363305, 38.7065979 ], [ -9.1362895, 38.7065745 ], [ -9.1362597, 38.7065626 ], [ -9.1362354, 38.7065473 ], [ -9.1362144, 38.7065316 ], [ -9.1361783, 38.7065032 ], [ -9.1361586, 38.7064843 ], [ -9.1361365, 38.7064618 ], [ -9.1361146, 38.7064327 ], [ -9.1360942, 38.7063975 ], [ -9.1360787, 38.7063606 ], [ -9.1360095, 38.7063782 ], [ -9.1359449, 38.7063947 ], [ -9.1359647, 38.706434 ], [ -9.1359729, 38.7064636 ], [ -9.1359783, 38.7064885 ], [ -9.1359781, 38.7065112 ], [ -9.1359773, 38.7065281 ], [ -9.1359754, 38.7065449 ], [ -9.1359703, 38.7065687 ], [ -9.1359647, 38.7065901 ], [ -9.1359578, 38.7066083 ], [ -9.1359489, 38.7066264 ], [ -9.1359418, 38.7066367 ], [ -9.1359293, 38.7066566 ], [ -9.1359198, 38.7066758 ], [ -9.1359077, 38.7067051 ], [ -9.1359029, 38.7067247 ], [ -9.1359013, 38.7067391 ], [ -9.1358999, 38.7067523 ], [ -9.1359008, 38.7067692 ], [ -9.1359051, 38.7067971 ], [ -9.1359125, 38.7068366 ], [ -9.1359251, 38.7068654 ], [ -9.1352567, 38.7070277 ], [ -9.1352537, 38.7070211 ], [ -9.1351305, 38.7067482 ], [ -9.1349831, 38.706422 ], [ -9.1349798, 38.7064142 ], [ -9.1349369, 38.7063195 ], [ -9.1349336, 38.7063116 ], [ -9.1348685, 38.7061678 ], [ -9.1347665, 38.7061946 ], [ -9.1346501, 38.7062277 ], [ -9.1346515, 38.7059963 ], [ -9.1349471, 38.7059048 ], [ -9.1349252, 38.7058617 ], [ -9.1349699, 38.7058479 ], [ -9.1349596, 38.7058275 ], [ -9.1344906, 38.7059725 ], [ -9.1345019, 38.7059946 ], [ -9.1345546, 38.7059783 ], [ -9.1345762, 38.7060209 ], [ -9.1345977, 38.7060143 ], [ -9.1345956, 38.7062431 ], [ -9.13426, 38.7063384 ], [ -9.1341641, 38.7061479 ], [ -9.1343093, 38.706103 ], [ -9.1342799, 38.7060452 ], [ -9.1343335, 38.7060286 ], [ -9.1343263, 38.7060144 ], [ -9.1338478, 38.7061625 ], [ -9.1338571, 38.7061807 ], [ -9.1339001, 38.7061673 ], [ -9.1339268, 38.7062197 ], [ -9.1341068, 38.706164 ], [ -9.1342034, 38.7063545 ], [ -9.1341954, 38.7063568 ], [ -9.1335938, 38.7065275 ], [ -9.1335069, 38.706353 ], [ -9.1336553, 38.706308 ], [ -9.1336253, 38.7062477 ], [ -9.1336806, 38.706231 ], [ -9.1336727, 38.7062151 ], [ -9.1334308, 38.7062885 ], [ -9.1331905, 38.7063614 ], [ -9.1331988, 38.706378 ], [ -9.1332516, 38.7063621 ], [ -9.1332811, 38.7064214 ], [ -9.1334281, 38.7063768 ], [ -9.1335287, 38.706579 ], [ -9.1329595, 38.7067461 ], [ -9.132862, 38.7065485 ], [ -9.1330094, 38.7065042 ], [ -9.1329794, 38.7064436 ], [ -9.1330306, 38.7064282 ], [ -9.1330231, 38.7064129 ], [ -9.1327832, 38.7064851 ], [ -9.1325422, 38.7065575 ], [ -9.1325498, 38.7065731 ], [ -9.1326043, 38.7065567 ], [ -9.1326056, 38.7065592 ], [ -9.1326342, 38.7066173 ], [ -9.1327827, 38.7065726 ], [ -9.1328802, 38.7067699 ], [ -9.1327245, 38.7068153 ], [ -9.1325287, 38.7068725 ], [ -9.1324829, 38.7068859 ], [ -9.1322857, 38.706716 ], [ -9.1323585, 38.7066945 ], [ -9.1323287, 38.706633 ], [ -9.1324187, 38.7066064 ], [ -9.1324125, 38.7065936 ], [ -9.1318517, 38.7067593 ], [ -9.1318579, 38.706772 ], [ -9.1319571, 38.7067427 ], [ -9.1319866, 38.7068034 ], [ -9.1322452, 38.7067276 ], [ -9.1324404, 38.7068983 ], [ -9.1324315, 38.7069009 ], [ -9.1324358, 38.70691 ], [ -9.1323002, 38.7069579 ], [ -9.1322607, 38.7069693 ], [ -9.1322379, 38.7069777 ], [ -9.13224, 38.7069812 ], [ -9.1322423, 38.7069849 ], [ -9.1321383, 38.7070214 ], [ -9.1321345, 38.7070143 ], [ -9.1315067, 38.7072442 ], [ -9.1311039, 38.7074007 ], [ -9.1308207, 38.7075182 ], [ -9.1308103, 38.7075257 ], [ -9.1308025, 38.7075341 ], [ -9.1307964, 38.7075436 ], [ -9.130795, 38.7075583 ], [ -9.1307978, 38.7075713 ], [ -9.1308061, 38.7075829 ], [ -9.1308182, 38.7075925 ], [ -9.1308353, 38.7075996 ], [ -9.1308551, 38.7076015 ], [ -9.1308732, 38.7075999 ], [ -9.1314836, 38.7073563 ], [ -9.1317903, 38.7072407 ], [ -9.1320887, 38.7071329 ], [ -9.1322135, 38.7071553 ], [ -9.1323369, 38.7073382 ], [ -9.1323302, 38.7073589 ], [ -9.1323198, 38.707391 ], [ -9.1323255, 38.7073922 ], [ -9.1323309, 38.7073933 ], [ -9.1322727, 38.7075426 ], [ -9.1322672, 38.7075414 ], [ -9.1322617, 38.7075401 ], [ -9.1322459, 38.7075825 ], [ -9.1322292, 38.7075893 ], [ -9.1313228, 38.7079637 ], [ -9.1307209, 38.7082175 ], [ -9.1295225, 38.7087242 ], [ -9.1295137, 38.7087114 ], [ -9.1292518, 38.7083294 ], [ -9.1292409, 38.708315 ], [ -9.1296119, 38.7081505 ], [ -9.1299941, 38.7079778 ], [ -9.1303849, 38.7078078 ], [ -9.1303997, 38.7077948 ], [ -9.1304061, 38.7077817 ], [ -9.1304078, 38.707766 ], [ -9.1303989, 38.7077484 ], [ -9.1303898, 38.7077384 ], [ -9.130376, 38.7077299 ], [ -9.1303568, 38.7077249 ], [ -9.1303332, 38.707726 ], [ -9.1299204, 38.7079035 ], [ -9.1291038, 38.7082717 ], [ -9.1290301, 38.708305 ], [ -9.1289314, 38.7083515 ], [ -9.1286393, 38.7080189 ], [ -9.1252306, 38.709869 ], [ -9.1231478, 38.7118706 ], [ -9.1229249, 38.7120865 ], [ -9.1221903, 38.712788 ], [ -9.1200474, 38.7148339 ], [ -9.1200618, 38.7149359 ], [ -9.1201242, 38.7149765 ], [ -9.1200795, 38.7150194 ], [ -9.1200471, 38.7150505 ], [ -9.1200555, 38.7150568 ], [ -9.1195437, 38.7155395 ], [ -9.1174869, 38.7169561 ], [ -9.1172982, 38.7170861 ], [ -9.1162237, 38.7181389 ], [ -9.1158656, 38.7184963 ], [ -9.1154993, 38.7188618 ], [ -9.1153539, 38.7190024 ], [ -9.1145387, 38.7197902 ], [ -9.1134859, 38.7208197 ], [ -9.1124505, 38.7218323 ], [ -9.1117787, 38.7224944 ], [ -9.1110269, 38.7232272 ], [ -9.1100769, 38.724151 ], [ -9.1099105, 38.7243167 ], [ -9.1094207, 38.7240002 ], [ -9.1089224, 38.7240294 ], [ -9.1086954, 38.7242229 ], [ -9.1069867, 38.725655 ], [ -9.1053476, 38.7270318 ], [ -9.1051222, 38.7274581 ], [ -9.1051786, 38.7274766 ], [ -9.1050031, 38.7294419 ], [ -9.1049733, 38.7297478 ], [ -9.1049932, 38.7297955 ], [ -9.1050241, 38.7298337 ], [ -9.1050849, 38.7298616 ], [ -9.1047923, 38.7302396 ], [ -9.1040501, 38.7313203 ], [ -9.1035552, 38.7321026 ], [ -9.1029901, 38.7330914 ], [ -9.1029233, 38.7332082 ], [ -9.1026591, 38.7336705 ], [ -9.1025797, 38.7338153 ], [ -9.1025452, 38.7338784 ], [ -9.1023939, 38.7341545 ], [ -9.1022274, 38.7344582 ], [ -9.1018868, 38.7350798 ], [ -9.1016706, 38.7354744 ], [ -9.1015291, 38.7357325 ], [ -9.1009398, 38.7368078 ], [ -9.1001872, 38.738129 ], [ -9.0999313, 38.7386066 ], [ -9.0997166, 38.7389987 ], [ -9.0976884, 38.7422864 ], [ -9.097701, 38.7422909 ], [ -9.0977646, 38.7423134 ], [ -9.0977567, 38.7423256 ], [ -9.0976925, 38.7424249 ], [ -9.0976257, 38.742547 ], [ -9.0975192, 38.7427881 ], [ -9.0974449, 38.7430066 ], [ -9.0974227, 38.743074 ], [ -9.0973632, 38.7432971 ], [ -9.0973087, 38.7434967 ], [ -9.0972066, 38.7438703 ], [ -9.0971061, 38.7442378 ], [ -9.0971031, 38.7442487 ], [ -9.097045, 38.7442387 ], [ -9.0970175, 38.7442343 ], [ -9.0969935, 38.7443216 ], [ -9.0970252, 38.7443273 ], [ -9.0970782, 38.7443363 ], [ -9.096994, 38.7446426 ], [ -9.0968037, 38.7453352 ], [ -9.0967742, 38.74533 ], [ -9.0957421, 38.7451539 ], [ -9.0957578, 38.7451042 ], [ -9.0957117, 38.7450953 ], [ -9.0956624, 38.7452516 ], [ -9.0957085, 38.7452604 ], [ -9.0957231, 38.745214 ], [ -9.0967869, 38.7453971 ], [ -9.0965402, 38.7462866 ], [ -9.0964893, 38.7464718 ], [ -9.0964596, 38.7465801 ], [ -9.096312, 38.7471101 ], [ -9.095477, 38.7501587 ], [ -9.0945472, 38.7500026 ], [ -9.0945188, 38.749969 ], [ -9.0946973, 38.7493411 ], [ -9.0945256, 38.7493117 ], [ -9.094325, 38.7500455 ], [ -9.093695, 38.7499397 ], [ -9.0937025, 38.7499108 ], [ -9.0933719, 38.7498846 ], [ -9.0933933, 38.7498075 ], [ -9.0932228, 38.7497802 ], [ -9.0931635, 38.7500013 ], [ -9.0933336, 38.7500294 ], [ -9.0933585, 38.749934 ], [ -9.0954428, 38.7502583 ], [ -9.0946314, 38.7532396 ], [ -9.0946145, 38.7533015 ], [ -9.0944638, 38.7532752 ], [ -9.0942459, 38.7533844 ], [ -9.0940787, 38.7532728 ], [ -9.0935099, 38.753233 ], [ -9.0931906, 38.7532579 ], [ -9.0929142, 38.7533047 ], [ -9.0922355, 38.7535494 ], [ -9.0918909, 38.7537508 ], [ -9.0923313, 38.7543738 ], [ -9.092006, 38.7546209 ], [ -9.0916666, 38.7552649 ], [ -9.0913191, 38.7566603 ], [ -9.0912311, 38.7567723 ], [ -9.0906668, 38.7589088 ], [ -9.090665, 38.7590217 ], [ -9.0907498, 38.759035 ], [ -9.0905795, 38.7599599 ], [ -9.0906312, 38.7610975 ], [ -9.0909396, 38.7618877 ], [ -9.0917139, 38.7633125 ], [ -9.0919161, 38.7647605 ], [ -9.0918897, 38.7660209 ], [ -9.0921153, 38.7660283 ], [ -9.0920295, 38.7670793 ], [ -9.0913849, 38.7670458 ], [ -9.0913587, 38.7673159 ], [ -9.0916308, 38.7673316 ], [ -9.0920082, 38.7673506 ], [ -9.0917315, 38.7707797 ], [ -9.0917959, 38.7707812 ], [ -9.0917566, 38.7713194 ], [ -9.0916881, 38.7713177 ], [ -9.0915276, 38.7732786 ], [ -9.0914659, 38.7732747 ], [ -9.0914656, 38.7732363 ], [ -9.0912998, 38.7732675 ], [ -9.0912654, 38.7736585 ], [ -9.0914441, 38.7736655 ], [ -9.0914992, 38.7736676 ], [ -9.0914184, 38.7746007 ], [ -9.0913964, 38.7745987 ], [ -9.0912877, 38.774594 ], [ -9.0911825, 38.7745961 ], [ -9.0910436, 38.7746024 ], [ -9.0909216, 38.774617 ], [ -9.0908445, 38.7746337 ], [ -9.0907989, 38.7746489 ], [ -9.0907734, 38.774663 ], [ -9.0907506, 38.7746797 ], [ -9.0907359, 38.7746996 ], [ -9.0907325, 38.7747127 ], [ -9.0907345, 38.7747252 ], [ -9.0907446, 38.7747467 ], [ -9.0907781, 38.774777 ], [ -9.0908043, 38.7747906 ], [ -9.090874, 38.7748209 ], [ -9.0909706, 38.7748423 ], [ -9.091055, 38.774858 ], [ -9.091155, 38.7748732 ], [ -9.0912499, 38.7748835 ], [ -9.0912844, 38.7748873 ], [ -9.0913796, 38.7748941 ], [ -9.0914044, 38.7748955 ], [ -9.0908779, 38.781451 ], [ -9.0882022, 38.7819704 ], [ -9.0878688, 38.7863645 ], [ -9.0877032, 38.7887778 ], [ -9.0874363, 38.7908543 ], [ -9.0871359, 38.7929521 ], [ -9.0863328, 38.7962254 ], [ -9.0916568, 38.7962062 ], [ -9.0923104, 38.7961765 ], [ -9.0925258, 38.7962062 ], [ -9.0925519, 38.7962957 ], [ -9.0926001, 38.7962707 ], [ -9.0928199, 38.7962734 ], [ -9.0930586, 38.7963167 ], [ -9.0930565, 38.7963425 ], [ -9.0931231, 38.7963456 ], [ -9.0931255, 38.7963157 ], [ -9.0932868, 38.7963379 ], [ -9.0950465, 38.7966887 ], [ -9.0955125, 38.7967543 ], [ -9.0960088, 38.7967584 ], [ -9.0962956, 38.7967293 ], [ -9.0968429, 38.7966038 ], [ -9.0979247, 38.7961598 ], [ -9.0981781, 38.7961215 ], [ -9.0985598, 38.796136 ], [ -9.0986527, 38.7961691 ], [ -9.0993972, 38.7963702 ], [ -9.1007354, 38.7917376 ], [ -9.1009859, 38.790062 ], [ -9.1010227, 38.789355 ], [ -9.100956, 38.7877142 ], [ -9.1003223, 38.7831971 ], [ -9.0991256, 38.7752176 ], [ -9.1007626, 38.7751724 ], [ -9.1013168, 38.7751356 ], [ -9.1014522, 38.7751266 ], [ -9.10183, 38.7751015 ], [ -9.1020409, 38.7750853 ], [ -9.1025209, 38.7750531 ], [ -9.1037144, 38.7749763 ], [ -9.1050671, 38.7748873 ], [ -9.1062363, 38.7748054 ], [ -9.1066477, 38.7748761 ], [ -9.1078587, 38.7757222 ], [ -9.1084535, 38.7762209 ], [ -9.1100529, 38.7772259 ], [ -9.1109625, 38.7786773 ], [ -9.111201, 38.7788905 ], [ -9.1118407, 38.7793456 ], [ -9.1125883, 38.7797427 ], [ -9.113102, 38.7800784 ], [ -9.1142908, 38.7805616 ], [ -9.1148927, 38.7806364 ], [ -9.1173592, 38.7814295 ], [ -9.1195763, 38.7820445 ], [ -9.1203416, 38.7825867 ], [ -9.1204566, 38.7825139 ], [ -9.120717, 38.782678 ], [ -9.1216071, 38.7826411 ], [ -9.1220389, 38.7833615 ], [ -9.1229803, 38.7830657 ], [ -9.1230926, 38.7830361 ], [ -9.1239498, 38.7828101 ], [ -9.1248558, 38.7828267 ], [ -9.1258606, 38.7829972 ], [ -9.126556, 38.7832949 ], [ -9.1282941, 38.7838581 ], [ -9.1291157, 38.7840084 ], [ -9.1296252, 38.7840291 ], [ -9.1297809, 38.7839953 ], [ -9.1313889, 38.7843483 ], [ -9.1337778, 38.7848723 ], [ -9.1339296, 38.7848482 ], [ -9.1356465, 38.7851317 ], [ -9.1364159, 38.785426 ], [ -9.1370637, 38.7858117 ], [ -9.1377963, 38.7861417 ], [ -9.1397689, 38.7867999 ], [ -9.1399035, 38.7868462 ], [ -9.1403659, 38.7869478 ], [ -9.1411488, 38.787201 ], [ -9.1417436, 38.7877302 ], [ -9.1416852, 38.7878024 ], [ -9.1423392, 38.7884018 ], [ -9.1425243, 38.7885186 ], [ -9.1427848, 38.7885409 ], [ -9.1450919, 38.7881465 ], [ -9.1453429, 38.788473 ], [ -9.1455171, 38.7890487 ], [ -9.1460035, 38.7915325 ], [ -9.1459875, 38.7916256 ], [ -9.1454667, 38.7915963 ], [ -9.1454091, 38.7916357 ], [ -9.1453947, 38.7918386 ], [ -9.1455013, 38.7920523 ], [ -9.1455404, 38.7925337 ], [ -9.1456989, 38.7931273 ], [ -9.1461021, 38.7941145 ], [ -9.1475139, 38.7945752 ], [ -9.1479643, 38.7947646 ], [ -9.1481627, 38.7947614 ], [ -9.1483195, 38.7947046 ], [ -9.1486151, 38.7947772 ], [ -9.1493395, 38.7951463 ], [ -9.1494526, 38.7952549 ], [ -9.1496696, 38.7956431 ], [ -9.1498877, 38.7958538 ], [ -9.1514052, 38.7956583 ], [ -9.1514509, 38.795298 ], [ -9.1523282, 38.7948444 ], [ -9.1523936, 38.7945288 ], [ -9.1524339, 38.7944493 ], [ -9.1527969, 38.7943049 ], [ -9.1529106, 38.7944706 ], [ -9.1537262, 38.7944362 ], [ -9.1538521, 38.7945916 ], [ -9.1544437, 38.7945471 ], [ -9.1545636, 38.7945006 ], [ -9.1548155, 38.7942904 ], [ -9.1549976, 38.7939972 ], [ -9.1550674, 38.7937647 ], [ -9.1551551, 38.7937018 ], [ -9.15573, 38.7936656 ], [ -9.1564416, 38.7938971 ], [ -9.1572258, 38.7930081 ], [ -9.1573544, 38.7929352 ], [ -9.1578607, 38.7928962 ], [ -9.1579821, 38.7928449 ], [ -9.1581424, 38.7923608 ], [ -9.1584075, 38.7922872 ], [ -9.1584709, 38.7922301 ], [ -9.1584872, 38.7921524 ], [ -9.1584141, 38.7920777 ], [ -9.1592576, 38.7916366 ], [ -9.1596614, 38.7906861 ], [ -9.1601219, 38.7905082 ], [ -9.160685, 38.7900308 ], [ -9.1607935, 38.7900361 ], [ -9.1608659, 38.7895766 ], [ -9.161716, 38.7887594 ], [ -9.161805, 38.7887074 ], [ -9.1624047, 38.7886372 ], [ -9.1631183, 38.7880853 ], [ -9.1635527, 38.7881432 ], [ -9.1636752, 38.7881044 ], [ -9.1639235, 38.7878739 ], [ -9.1638536, 38.7874754 ], [ -9.1651094, 38.7865959 ], [ -9.1653504, 38.7866053 ], [ -9.165494, 38.786191 ], [ -9.1657803, 38.7860817 ], [ -9.1659729, 38.7862984 ], [ -9.1664249, 38.7862327 ], [ -9.1671317, 38.7863666 ], [ -9.167204, 38.7863387 ], [ -9.1672877, 38.7860378 ], [ -9.1686623, 38.7859426 ], [ -9.1688477, 38.7857689 ], [ -9.169034, 38.7857673 ], [ -9.169297, 38.7855581 ], [ -9.1693919, 38.7855311 ], [ -9.1696549, 38.7852689 ], [ -9.1695775, 38.7850029 ], [ -9.1702325, 38.7836702 ], [ -9.1704722, 38.7836659 ], [ -9.1708608, 38.7834963 ], [ -9.1710991, 38.7832117 ], [ -9.1711181, 38.7830194 ], [ -9.171194, 38.7828808 ], [ -9.1721964, 38.782734 ], [ -9.1723981, 38.7826056 ], [ -9.1728146, 38.7821532 ], [ -9.173227, 38.7819258 ], [ -9.1732536, 38.782069 ], [ -9.1735831, 38.7819972 ], [ -9.1735019, 38.7812757 ], [ -9.1737331, 38.7811923 ], [ -9.1739073, 38.780568 ], [ -9.1751308, 38.7802339 ], [ -9.1752167, 38.780261 ], [ -9.1756832, 38.7804098 ], [ -9.1758919, 38.7803639 ], [ -9.176446, 38.7798617 ], [ -9.1774233, 38.7800688 ], [ -9.1776675, 38.7801888 ], [ -9.1780419, 38.7802272 ], [ -9.1790133, 38.77984 ], [ -9.1791799, 38.779878 ], [ -9.179324, 38.7798586 ], [ -9.1795608, 38.7794541 ], [ -9.1799542, 38.7793127 ], [ -9.1804398, 38.779166 ], [ -9.181651, 38.7789924 ], [ -9.1819359, 38.7787388 ], [ -9.1828678, 38.7785794 ], [ -9.1831151, 38.7785452 ], [ -9.1834587, 38.7780279 ], [ -9.1839178, 38.7775479 ], [ -9.1849462, 38.7766413 ], [ -9.1856745, 38.7762253 ], [ -9.1857395, 38.7759358 ], [ -9.1857408, 38.775712 ], [ -9.1873196, 38.7752341 ], [ -9.187637, 38.7748615 ], [ -9.1879563, 38.7743398 ], [ -9.1882196, 38.7742224 ], [ -9.1887204, 38.7741595 ], [ -9.1889237, 38.7740349 ], [ -9.1892685, 38.7733655 ], [ -9.1894964, 38.7730365 ], [ -9.1898048, 38.7729165 ], [ -9.190023, 38.7727664 ], [ -9.1904587, 38.7723097 ], [ -9.1918514, 38.7718844 ], [ -9.1926961, 38.7713485 ], [ -9.1935754, 38.7710356 ], [ -9.194171, 38.7706702 ], [ -9.1945818, 38.770168 ], [ -9.1951287, 38.7696423 ], [ -9.1955621, 38.769139 ], [ -9.1964951, 38.7683576 ], [ -9.1985082, 38.7656692 ], [ -9.1976945, 38.764369 ], [ -9.1973853, 38.7642124 ], [ -9.1974704, 38.7640545 ], [ -9.1976348, 38.7633787 ], [ -9.1978378, 38.7633472 ], [ -9.1983768, 38.7634139 ], [ -9.1986452, 38.7633807 ], [ -9.1997954, 38.7628053 ], [ -9.2003545, 38.7626703 ], [ -9.200441, 38.7626138 ], [ -9.2007018, 38.7619699 ], [ -9.1994511, 38.7614576 ], [ -9.1989001, 38.7615526 ], [ -9.1981759, 38.7609555 ], [ -9.1981321, 38.7605831 ], [ -9.1981237, 38.7605383 ], [ -9.1978376, 38.7605856 ], [ -9.1978282, 38.7604779 ], [ -9.198053, 38.7590609 ], [ -9.1980599, 38.7590549 ], [ -9.1982833, 38.758987 ], [ -9.1999037, 38.7588014 ], [ -9.2001515, 38.7586232 ], [ -9.2023212, 38.7578494 ], [ -9.2028558, 38.7577132 ], [ -9.2039722, 38.7570191 ], [ -9.2050364, 38.757119 ], [ -9.2061858, 38.7571801 ], [ -9.2063449, 38.7570525 ], [ -9.2066023, 38.7566289 ], [ -9.2068655, 38.7565145 ], [ -9.2069301, 38.7564924 ], [ -9.2070673, 38.7564794 ], [ -9.2072362, 38.7565522 ], [ -9.2074182, 38.7565452 ], [ -9.2079372, 38.7563356 ], [ -9.2080816, 38.7561338 ], [ -9.2079135, 38.7556423 ], [ -9.2079325, 38.7555756 ], [ -9.2090617, 38.7549077 ], [ -9.2087503, 38.7542477 ], [ -9.2089916, 38.7540116 ], [ -9.2086875, 38.7533376 ], [ -9.2102702, 38.7510538 ], [ -9.2112524, 38.7505542 ], [ -9.2114161, 38.7504776 ], [ -9.2089366, 38.7472379 ], [ -9.2057203, 38.7430347 ], [ -9.2056244, 38.742837 ], [ -9.20552, 38.7419218 ], [ -9.205389, 38.7406727 ], [ -9.2053847, 38.740652 ], [ -9.2053548, 38.7403562 ], [ -9.2050943, 38.737706 ], [ -9.2099141, 38.7300941 ], [ -9.2080727, 38.7245205 ], [ -9.2079549, 38.7241641 ], [ -9.2081679, 38.723867 ], [ -9.2103812, 38.7225408 ], [ -9.2112112, 38.7219932 ], [ -9.2144323, 38.7207598 ], [ -9.2157443, 38.7200418 ], [ -9.2187606, 38.7182263 ], [ -9.2192357, 38.7176671 ], [ -9.2198844, 38.7168631 ], [ -9.222284, 38.7140056 ], [ -9.2224402, 38.7137611 ], [ -9.2226178, 38.7132939 ], [ -9.2232461, 38.7107434 ], [ -9.223331, 38.7100778 ], [ -9.223148, 38.7089282 ], [ -9.2230133, 38.7085449 ], [ -9.2221987, 38.7070797 ], [ -9.2221427, 38.7068116 ], [ -9.2221894, 38.7066643 ], [ -9.2222436, 38.7065696 ], [ -9.2224621, 38.7064035 ], [ -9.2239051, 38.7056854 ], [ -9.2255315, 38.7047084 ], [ -9.2258255, 38.7045002 ], [ -9.2260696, 38.7041903 ], [ -9.2269866, 38.6993652 ], [ -9.2271335, 38.6990209 ], [ -9.2274574, 38.6986632 ], [ -9.2273465, 38.6984002 ], [ -9.2271644, 38.6982652 ], [ -9.2272483, 38.6979997 ], [ -9.2264072, 38.697579 ], [ -9.2272376, 38.696808 ], [ -9.2279135, 38.6971109 ], [ -9.2286844, 38.6973676 ], [ -9.2298356, 38.6953276 ] ] ] } },
{ "type": "Feature", "properties": { "display_name": "Porto, Portugal" }, "geometry": { "type": "Polygon", "coordinates": [ [ [ -8.691289, 41.1687516 ], [ -8.6910583, 41.1687579 ], [ -8.6911238, 41.1685915 ], [ -8.6909954, 41.1686439 ], [ -8.6909586, 41.1686264 ], [ -8.6909354, 41.168463 ], [ -8.6909951, 41.1684185 ], [ -8.6909393, 41.1683946 ], [ -8.6910808, 41.1683303 ], [ -8.691083, 41.1683021 ], [ -8.6909621, 41.1683554 ], [ -8.6909104, 41.1683368 ], [ -8.6908592, 41.1682624 ], [ -8.6908112, 41.1682801 ], [ -8.6907301, 41.1682415 ], [ -8.6906942, 41.1682883 ], [ -8.6905393, 41.1682527 ], [ -8.690323, 41.168278 ], [ -8.6902618, 41.1682271 ], [ -8.6902697, 41.1680999 ], [ -8.6905101, 41.1680877 ], [ -8.6906964, 41.1680018 ], [ -8.6906476, 41.1680029 ], [ -8.6906568, 41.1679266 ], [ -8.6905648, 41.1678992 ], [ -8.6906586, 41.1678335 ], [ -8.6905583, 41.1678514 ], [ -8.6905191, 41.1678282 ], [ -8.6906161, 41.1678194 ], [ -8.6906192, 41.1677907 ], [ -8.6905565, 41.1677978 ], [ -8.6905231, 41.1677608 ], [ -8.6904243, 41.1677691 ], [ -8.690374, 41.1677446 ], [ -8.6903409, 41.1677763 ], [ -8.6902342, 41.1677695 ], [ -8.6901709, 41.1676398 ], [ -8.6902124, 41.1674475 ], [ -8.6904271, 41.1670826 ], [ -8.6903606, 41.1670471 ], [ -8.6902655, 41.1670721 ], [ -8.6902627, 41.1670125 ], [ -8.690222, 41.1669868 ], [ -8.690309, 41.1669036 ], [ -8.6904438, 41.1669038 ], [ -8.6905196, 41.1667492 ], [ -8.6903444, 41.1668291 ], [ -8.6904622, 41.1667135 ], [ -8.6903828, 41.1666596 ], [ -8.6903929, 41.1666069 ], [ -8.6903336, 41.1665664 ], [ -8.6902658, 41.1666089 ], [ -8.6901627, 41.1665889 ], [ -8.6901073, 41.1666581 ], [ -8.689987, 41.1666345 ], [ -8.6898719, 41.1666753 ], [ -8.6900595, 41.1665056 ], [ -8.6900458, 41.1664668 ], [ -8.6899945, 41.1664599 ], [ -8.6899302, 41.1665022 ], [ -8.6899435, 41.1663851 ], [ -8.6896519, 41.1664878 ], [ -8.689603, 41.1664782 ], [ -8.6895696, 41.1663521 ], [ -8.6896251, 41.1663158 ], [ -8.6897049, 41.1663447 ], [ -8.6897173, 41.1662827 ], [ -8.6896748, 41.1662297 ], [ -8.6897574, 41.1661817 ], [ -8.6898036, 41.1660889 ], [ -8.689721, 41.1661243 ], [ -8.6897052, 41.1661009 ], [ -8.6895169, 41.1661115 ], [ -8.6893784, 41.1661794 ], [ -8.6893561, 41.1661679 ], [ -8.689401, 41.1661371 ], [ -8.6895393, 41.1660744 ], [ -8.689419, 41.1660778 ], [ -8.6893496, 41.1661024 ], [ -8.6893161, 41.1661977 ], [ -8.6892662, 41.16621 ], [ -8.6892559, 41.1660775 ], [ -8.6892083, 41.1660592 ], [ -8.6891018, 41.1661008 ], [ -8.689229, 41.1660084 ], [ -8.689225, 41.1659888 ], [ -8.6891741, 41.1660014 ], [ -8.689172, 41.1659687 ], [ -8.6890773, 41.1660339 ], [ -8.6890628, 41.1659611 ], [ -8.6891391, 41.165931 ], [ -8.6891572, 41.1658877 ], [ -8.6890585, 41.1659294 ], [ -8.6890832, 41.1658612 ], [ -8.6890137, 41.1659051 ], [ -8.6890165, 41.1658086 ], [ -8.6889154, 41.1658578 ], [ -8.6888694, 41.1658473 ], [ -8.6888642, 41.1657795 ], [ -8.6889128, 41.165775 ], [ -8.688918, 41.1657353 ], [ -8.6887459, 41.1657232 ], [ -8.6888234, 41.1655897 ], [ -8.6887684, 41.1655424 ], [ -8.6886761, 41.1655873 ], [ -8.6885843, 41.1655518 ], [ -8.6885222, 41.1654131 ], [ -8.6885524, 41.1654006 ], [ -8.6885348, 41.1653129 ], [ -8.6882942, 41.165222 ], [ -8.6881607, 41.1648369 ], [ -8.6882456, 41.1648146 ], [ -8.6882652, 41.1647788 ], [ -8.6881669, 41.1646504 ], [ -8.6882456, 41.1646573 ], [ -8.6883048, 41.1645613 ], [ -8.6880172, 41.1645011 ], [ -8.6881696, 41.164425 ], [ -8.6882152, 41.1643074 ], [ -8.6881639, 41.1643091 ], [ -8.6881223, 41.1642535 ], [ -8.6880976, 41.1642613 ], [ -8.6878855, 41.1644224 ], [ -8.6879456, 41.1642023 ], [ -8.6878924, 41.164186 ], [ -8.6879132, 41.164147 ], [ -8.6878646, 41.1641057 ], [ -8.6877659, 41.1641233 ], [ -8.6878257, 41.1640839 ], [ -8.687783, 41.1640366 ], [ -8.6877762, 41.1639446 ], [ -8.6877098, 41.1638911 ], [ -8.6875946, 41.1640364 ], [ -8.6876955, 41.1638026 ], [ -8.6875911, 41.1637746 ], [ -8.687543, 41.1637245 ], [ -8.687423, 41.1637491 ], [ -8.6873757, 41.1637006 ], [ -8.6872981, 41.163775 ], [ -8.6872496, 41.1636717 ], [ -8.6873304, 41.1636142 ], [ -8.6872559, 41.1636218 ], [ -8.6872313, 41.1636585 ], [ -8.6871751, 41.1636216 ], [ -8.6871841, 41.1634736 ], [ -8.6872091, 41.1634645 ], [ -8.6872115, 41.1635038 ], [ -8.6873045, 41.1634271 ], [ -8.6872737, 41.1633499 ], [ -8.6872135, 41.1633477 ], [ -8.6870605, 41.163421 ], [ -8.6870053, 41.1633507 ], [ -8.686942, 41.163376 ], [ -8.6868981, 41.1633464 ], [ -8.686904, 41.1632712 ], [ -8.6868222, 41.1632992 ], [ -8.6867705, 41.1632811 ], [ -8.6867662, 41.1631825 ], [ -8.6868323, 41.1631537 ], [ -8.6867587, 41.1631751 ], [ -8.6867303, 41.1631502 ], [ -8.6866586, 41.1632006 ], [ -8.6866095, 41.1631601 ], [ -8.6866089, 41.1631202 ], [ -8.6867508, 41.1630565 ], [ -8.6867675, 41.1629731 ], [ -8.6867207, 41.1629494 ], [ -8.6866113, 41.1629674 ], [ -8.6866146, 41.1629259 ], [ -8.6865356, 41.1629889 ], [ -8.6864413, 41.1630641 ], [ -8.6862528, 41.1628492 ], [ -8.6860916, 41.1623772 ], [ -8.6860892, 41.1619955 ], [ -8.6862205, 41.1618191 ], [ -8.6862646, 41.1614857 ], [ -8.6861788, 41.1612883 ], [ -8.6862067, 41.1610196 ], [ -8.6862631, 41.1610268 ], [ -8.6861378, 41.1609317 ], [ -8.6861673, 41.1608552 ], [ -8.6861285, 41.160614 ], [ -8.6861712, 41.160459 ], [ -8.6862809, 41.1604467 ], [ -8.6863137, 41.1604145 ], [ -8.6863063, 41.1603943 ], [ -8.6862606, 41.1604223 ], [ -8.6861976, 41.1604055 ], [ -8.686254, 41.1602392 ], [ -8.6863485, 41.1602598 ], [ -8.6864011, 41.1602115 ], [ -8.6862934, 41.1601692 ], [ -8.6864504, 41.1601741 ], [ -8.686488, 41.1601483 ], [ -8.6863427, 41.1600795 ], [ -8.6862712, 41.1600807 ], [ -8.6863084, 41.1599365 ], [ -8.6861756, 41.159871 ], [ -8.6859511, 41.1592523 ], [ -8.6857931, 41.1591753 ], [ -8.6855189, 41.1591021 ], [ -8.6852027, 41.158955 ], [ -8.6852776, 41.1588259 ], [ -8.685309, 41.1587717 ], [ -8.685263, 41.1586703 ], [ -8.6852105, 41.1586486 ], [ -8.6852555, 41.1585336 ], [ -8.6851561, 41.1585188 ], [ -8.6852408, 41.1583986 ], [ -8.6851111, 41.1583677 ], [ -8.6851127, 41.1583255 ], [ -8.6850269, 41.1582893 ], [ -8.6852471, 41.1580997 ], [ -8.6855796, 41.1576724 ], [ -8.6855077, 41.1576662 ], [ -8.6851773, 41.157998 ], [ -8.6846583, 41.1583859 ], [ -8.6844726, 41.1585295 ], [ -8.6844762, 41.1586026 ], [ -8.6840562, 41.1582209 ], [ -8.6836717, 41.1579574 ], [ -8.6835709, 41.1577586 ], [ -8.6836721, 41.1577032 ], [ -8.6836686, 41.157663 ], [ -8.6839914, 41.1576404 ], [ -8.6840698, 41.1575744 ], [ -8.6840393, 41.1575115 ], [ -8.6839833, 41.1575127 ], [ -8.6839811, 41.1574882 ], [ -8.6841572, 41.1574764 ], [ -8.6842098, 41.1574128 ], [ -8.6840531, 41.1574301 ], [ -8.6839816, 41.1573899 ], [ -8.6839127, 41.157435 ], [ -8.6838727, 41.1573972 ], [ -8.6838133, 41.1574428 ], [ -8.6835175, 41.1574729 ], [ -8.6835203, 41.1574974 ], [ -8.6836041, 41.15751 ], [ -8.6835942, 41.1575376 ], [ -8.6835439, 41.1575505 ], [ -8.6834766, 41.1575213 ], [ -8.6834844, 41.1576011 ], [ -8.6833237, 41.1576104 ], [ -8.6832618, 41.1575299 ], [ -8.6831091, 41.1574496 ], [ -8.6831128, 41.1573711 ], [ -8.6830673, 41.1573367 ], [ -8.6829574, 41.1573189 ], [ -8.6827847, 41.1572136 ], [ -8.6827178, 41.1571149 ], [ -8.6827492, 41.1570202 ], [ -8.6826701, 41.1569835 ], [ -8.6826763, 41.1569415 ], [ -8.6825992, 41.1569176 ], [ -8.6824903, 41.1567731 ], [ -8.6823341, 41.1567711 ], [ -8.6820974, 41.1566568 ], [ -8.6818214, 41.1562878 ], [ -8.6817969, 41.1561996 ], [ -8.6816987, 41.1562186 ], [ -8.6816122, 41.156162 ], [ -8.6815702, 41.1559759 ], [ -8.6814834, 41.1559293 ], [ -8.6813966, 41.1558143 ], [ -8.6813784, 41.1557575 ], [ -8.6814284, 41.1556569 ], [ -8.6813785, 41.1556515 ], [ -8.6813013, 41.1557033 ], [ -8.6812656, 41.1555809 ], [ -8.6811632, 41.1555473 ], [ -8.6811073, 41.1555678 ], [ -8.6811364, 41.1554967 ], [ -8.6811771, 41.1555047 ], [ -8.6812594, 41.1554433 ], [ -8.6812149, 41.1554226 ], [ -8.6811249, 41.1554695 ], [ -8.6811285, 41.155393 ], [ -8.6810307, 41.15549 ], [ -8.6809789, 41.1554578 ], [ -8.6810081, 41.1553978 ], [ -8.6809635, 41.1553603 ], [ -8.6809322, 41.1553922 ], [ -8.6809416, 41.1553136 ], [ -8.6809166, 41.1553017 ], [ -8.6808421, 41.1553614 ], [ -8.6808164, 41.1553097 ], [ -8.6807508, 41.1552847 ], [ -8.680775, 41.1551237 ], [ -8.6803508, 41.1548482 ], [ -8.6798731, 41.1538759 ], [ -8.6795909, 41.1535613 ], [ -8.6793193, 41.1534064 ], [ -8.678938, 41.1529714 ], [ -8.6788234, 41.1528231 ], [ -8.6786538, 41.1526366 ], [ -8.6785134, 41.1525847 ], [ -8.6779783, 41.1517824 ], [ -8.6778057, 41.1512135 ], [ -8.6776779, 41.1510875 ], [ -8.6771988, 41.1507739 ], [ -8.6769628, 41.1505814 ], [ -8.676433, 41.1500562 ], [ -8.6762057, 41.149498 ], [ -8.6749272, 41.1478094 ], [ -8.6749999, 41.1477447 ], [ -8.6757188, 41.1474378 ], [ -8.6771645, 41.1468086 ], [ -8.6773795, 41.1468121 ], [ -8.677407, 41.1466789 ], [ -8.6772341, 41.1466348 ], [ -8.6771318, 41.1467644 ], [ -8.6759099, 41.1473057 ], [ -8.675875, 41.1473122 ], [ -8.6757799, 41.147352 ], [ -8.6757744, 41.1473669 ], [ -8.6752448, 41.1475933 ], [ -8.6750841, 41.1476479 ], [ -8.6748943, 41.1476986 ], [ -8.6748527, 41.1476926 ], [ -8.6746385, 41.1472923 ], [ -8.6757056, 41.1470228 ], [ -8.6764405, 41.1468372 ], [ -8.6775701, 41.1461214 ], [ -8.6776368, 41.1461741 ], [ -8.6798343, 41.1448218 ], [ -8.6796734, 41.1446778 ], [ -8.6795455, 41.1446077 ], [ -8.6763853, 41.1467182 ], [ -8.6762959, 41.146768 ], [ -8.6762308, 41.146796 ], [ -8.6760273, 41.1466163 ], [ -8.6745427, 41.146996 ], [ -8.6707481, 41.1434745 ], [ -8.6674821, 41.14349 ], [ -8.6629507, 41.1429015 ], [ -8.6614597, 41.1428081 ], [ -8.6610299, 41.1428056 ], [ -8.660294, 41.1429247 ], [ -8.6571441, 41.143434 ], [ -8.6520036, 41.1448211 ], [ -8.6510571, 41.1450767 ], [ -8.6479869, 41.1462518 ], [ -8.6446325, 41.1466874 ], [ -8.6409824, 41.1472872 ], [ -8.6403334, 41.1473487 ], [ -8.639072, 41.1474684 ], [ -8.636727, 41.1471566 ], [ -8.6353474, 41.1464631 ], [ -8.6332074, 41.1454753 ], [ -8.6314634, 41.1446705 ], [ -8.6298132, 41.1441425 ], [ -8.6281601, 41.1438094 ], [ -8.6256548, 41.1436134 ], [ -8.6234545, 41.1427111 ], [ -8.6214149, 41.1411959 ], [ -8.6201159, 41.1401682 ], [ -8.6197046, 41.1398428 ], [ -8.6195272, 41.1397954 ], [ -8.6181223, 41.1394193 ], [ -8.6156035, 41.138902 ], [ -8.6120579, 41.1392837 ], [ -8.6105809, 41.1396025 ], [ -8.6059152, 41.1407271 ], [ -8.6039354, 41.140944 ], [ -8.6015608, 41.1412044 ], [ -8.600871, 41.1412024 ], [ -8.6000895, 41.141111 ], [ -8.5992181, 41.1409244 ], [ -8.5982616, 41.1404148 ], [ -8.5973679, 41.1400582 ], [ -8.597029, 41.139832 ], [ -8.5964645, 41.1394367 ], [ -8.5951267, 41.1386908 ], [ -8.5941835, 41.1383507 ], [ -8.5915286, 41.1387272 ], [ -8.5901072, 41.1392081 ], [ -8.5889949, 41.1396367 ], [ -8.5877518, 41.1402678 ], [ -8.5873847, 41.1403992 ], [ -8.5867128, 41.1408704 ], [ -8.5864078, 41.1410776 ], [ -8.5857883, 41.1414986 ], [ -8.5849783, 41.1421532 ], [ -8.5839702, 41.1422839 ], [ -8.5820928, 41.142424 ], [ -8.5801802, 41.142358 ], [ -8.5791378, 41.1422006 ], [ -8.577905, 41.1418914 ], [ -8.5769489, 41.1413123 ], [ -8.5757632, 41.1399579 ], [ -8.5743067, 41.1417542 ], [ -8.5738805, 41.1423049 ], [ -8.5737729, 41.1422547 ], [ -8.5732207, 41.1416931 ], [ -8.5731395, 41.1416204 ], [ -8.5729407, 41.141755 ], [ -8.5729334, 41.1418713 ], [ -8.5728698, 41.1420021 ], [ -8.5727831, 41.1421015 ], [ -8.5726746, 41.1422462 ], [ -8.5724856, 41.1425439 ], [ -8.5724604, 41.1427472 ], [ -8.5725199, 41.1429661 ], [ -8.5724118, 41.1430221 ], [ -8.5718749, 41.1424896 ], [ -8.5718296, 41.1424747 ], [ -8.5717825, 41.142477 ], [ -8.5717499, 41.1424872 ], [ -8.5712926, 41.1428767 ], [ -8.5699869, 41.1436798 ], [ -8.5698902, 41.1437296 ], [ -8.5698032, 41.1437574 ], [ -8.5697476, 41.143783 ], [ -8.5695395, 41.1438147 ], [ -8.5692784, 41.144193 ], [ -8.5693558, 41.1445724 ], [ -8.5695371, 41.1447332 ], [ -8.5698461, 41.1450141 ], [ -8.569962, 41.1451606 ], [ -8.5700647, 41.1452918 ], [ -8.5696502, 41.1459602 ], [ -8.5693305, 41.1466122 ], [ -8.5688432, 41.1467994 ], [ -8.5687093, 41.1467971 ], [ -8.5682454, 41.1467306 ], [ -8.5680267, 41.1468253 ], [ -8.5673104, 41.1467875 ], [ -8.5667083, 41.1465135 ], [ -8.5666083, 41.1462311 ], [ -8.5665161, 41.1462179 ], [ -8.5661779, 41.1463892 ], [ -8.5656351, 41.1464301 ], [ -8.5654204, 41.1464717 ], [ -8.5648501, 41.1464613 ], [ -8.5646163, 41.1463337 ], [ -8.5644469, 41.1462059 ], [ -8.5641145, 41.145988 ], [ -8.5636888, 41.1463678 ], [ -8.5633792, 41.146732 ], [ -8.5632045, 41.1470297 ], [ -8.5631197, 41.1473112 ], [ -8.562972, 41.1474547 ], [ -8.56284, 41.1476541 ], [ -8.5626674, 41.1477811 ], [ -8.5624373, 41.1481075 ], [ -8.5624276, 41.1485454 ], [ -8.5624782, 41.1486644 ], [ -8.5623708, 41.1488311 ], [ -8.5624326, 41.1493062 ], [ -8.5624089, 41.1494584 ], [ -8.5623, 41.1496305 ], [ -8.5621595, 41.149696 ], [ -8.5615409, 41.1498247 ], [ -8.5612205, 41.1497581 ], [ -8.5608879, 41.1496389 ], [ -8.5608165, 41.1495874 ], [ -8.5606671, 41.1495823 ], [ -8.5605819, 41.1496111 ], [ -8.5595977, 41.1503108 ], [ -8.5594129, 41.1503583 ], [ -8.5589693, 41.1503824 ], [ -8.5587091, 41.1504892 ], [ -8.5584225, 41.1507318 ], [ -8.5581618, 41.1510334 ], [ -8.5578882, 41.1514781 ], [ -8.5574607, 41.1518137 ], [ -8.5573384, 41.151981 ], [ -8.556711, 41.1525422 ], [ -8.5565879, 41.1526082 ], [ -8.5563038, 41.1526936 ], [ -8.5559729, 41.1528831 ], [ -8.5552894, 41.1530113 ], [ -8.5549198, 41.1529361 ], [ -8.5542682, 41.1529603 ], [ -8.5539592, 41.152931 ], [ -8.5533946, 41.1528462 ], [ -8.5533005, 41.1529493 ], [ -8.5531953, 41.1532011 ], [ -8.5528121, 41.1534271 ], [ -8.5527416, 41.1535552 ], [ -8.5525077, 41.1536432 ], [ -8.552411, 41.1538133 ], [ -8.5523461, 41.1539133 ], [ -8.552098, 41.154352 ], [ -8.5519965, 41.1544461 ], [ -8.5525927, 41.1546634 ], [ -8.5532592, 41.1548558 ], [ -8.5538202, 41.1549691 ], [ -8.5543308, 41.1550679 ], [ -8.5552096, 41.1552335 ], [ -8.5562449, 41.1554414 ], [ -8.557508, 41.1557455 ], [ -8.558076, 41.1559044 ], [ -8.5587344, 41.1561438 ], [ -8.5615413, 41.1580425 ], [ -8.5609172, 41.1585953 ], [ -8.5608486, 41.1589396 ], [ -8.5609776, 41.1592271 ], [ -8.5613738, 41.1598386 ], [ -8.5621388, 41.16089 ], [ -8.5631364, 41.161522 ], [ -8.5643868, 41.1622973 ], [ -8.5653271, 41.1629252 ], [ -8.5655951, 41.1632874 ], [ -8.5657491, 41.1641946 ], [ -8.5659937, 41.1653791 ], [ -8.5661035, 41.1656394 ], [ -8.566451, 41.1662395 ], [ -8.5668671, 41.1668642 ], [ -8.5684113, 41.1674794 ], [ -8.5687627, 41.1675259 ], [ -8.5700836, 41.1675209 ], [ -8.5702277, 41.1675665 ], [ -8.5704965, 41.1676906 ], [ -8.5706133, 41.1677946 ], [ -8.5706997, 41.1679071 ], [ -8.570751, 41.1681388 ], [ -8.5705151, 41.1696454 ], [ -8.5704446, 41.1698462 ], [ -8.5702994, 41.1700178 ], [ -8.5701864, 41.1700914 ], [ -8.569487, 41.1703726 ], [ -8.5676089, 41.1711276 ], [ -8.5674328, 41.171213 ], [ -8.567183, 41.1714478 ], [ -8.5671097, 41.1715699 ], [ -8.5670767, 41.1717301 ], [ -8.5671166, 41.1720189 ], [ -8.5678164, 41.1736018 ], [ -8.5678639, 41.1739193 ], [ -8.5677593, 41.1741344 ], [ -8.5660765, 41.1756891 ], [ -8.566043, 41.1757551 ], [ -8.5660552, 41.1758923 ], [ -8.5661926, 41.176055 ], [ -8.5678327, 41.1772846 ], [ -8.5691881, 41.1782339 ], [ -8.5696787, 41.1786155 ], [ -8.5703764, 41.179206 ], [ -8.5706123, 41.1794615 ], [ -8.5709623, 41.1797519 ], [ -8.5715312, 41.1799884 ], [ -8.5718333, 41.1800198 ], [ -8.5725809, 41.1800422 ], [ -8.5742188, 41.1800585 ], [ -8.5752022, 41.1804825 ], [ -8.5754656, 41.1806516 ], [ -8.5759609, 41.180888 ], [ -8.576182, 41.1809535 ], [ -8.5772276, 41.1809019 ], [ -8.5795355, 41.1806564 ], [ -8.5802529, 41.1806047 ], [ -8.5805997, 41.180538 ], [ -8.581004, 41.1805171 ], [ -8.5816429, 41.1804287 ], [ -8.5820414, 41.1805102 ], [ -8.5836632, 41.1812791 ], [ -8.5839085, 41.1813594 ], [ -8.5841105, 41.1813614 ], [ -8.584265, 41.1813132 ], [ -8.5863557, 41.1799884 ], [ -8.586623, 41.1798517 ], [ -8.5868986, 41.1797543 ], [ -8.587185, 41.1796852 ], [ -8.587456, 41.17965 ], [ -8.5878073, 41.1796321 ], [ -8.5881233, 41.1796416 ], [ -8.5885088, 41.1796727 ], [ -8.5895212, 41.1797638 ], [ -8.5902759, 41.1798753 ], [ -8.5911795, 41.1800926 ], [ -8.5944092, 41.1814195 ], [ -8.5960591, 41.1819393 ], [ -8.5963601, 41.1824983 ], [ -8.5969238, 41.183749 ], [ -8.5982001, 41.1837548 ], [ -8.5989816, 41.1836828 ], [ -8.600785, 41.1846163 ], [ -8.6018106, 41.1853137 ], [ -8.6020817, 41.185081 ], [ -8.6022855, 41.1852996 ], [ -8.6023655, 41.1852603 ], [ -8.6035262, 41.1858565 ], [ -8.6041556, 41.1859353 ], [ -8.6047502, 41.18592 ], [ -8.6054487, 41.185861 ], [ -8.6057887, 41.1857304 ], [ -8.6087241, 41.1854171 ], [ -8.6087104, 41.1850847 ], [ -8.6093315, 41.1847384 ], [ -8.6097264, 41.1853289 ], [ -8.6105633, 41.1851952 ], [ -8.6106789, 41.1854339 ], [ -8.6111606, 41.1853781 ], [ -8.6111646, 41.1853991 ], [ -8.6115562, 41.1853535 ], [ -8.6115416, 41.1851856 ], [ -8.6115364, 41.185126 ], [ -8.6120275, 41.1848654 ], [ -8.6120491, 41.1849196 ], [ -8.6128722, 41.1848709 ], [ -8.6131433, 41.1849086 ], [ -8.6131835, 41.1847153 ], [ -8.6135779, 41.1847493 ], [ -8.6137501, 41.1848105 ], [ -8.6139865, 41.1847726 ], [ -8.6141758, 41.1847237 ], [ -8.6143426, 41.1845757 ], [ -8.6146844, 41.1843909 ], [ -8.6147952, 41.1844488 ], [ -8.615223, 41.1842574 ], [ -8.6153083, 41.1843371 ], [ -8.6160542, 41.1842554 ], [ -8.6170426, 41.1838497 ], [ -8.6165174, 41.1835075 ], [ -8.6172706, 41.1832667 ], [ -8.6180028, 41.1830326 ], [ -8.6187737, 41.1825685 ], [ -8.6183786, 41.1822628 ], [ -8.6213653, 41.1805303 ], [ -8.621818, 41.1803529 ], [ -8.6226817, 41.1802514 ], [ -8.6238435, 41.1801278 ], [ -8.6296378, 41.1794834 ], [ -8.6319684, 41.1792398 ], [ -8.6324014, 41.1792118 ], [ -8.6326603, 41.1792561 ], [ -8.6413213, 41.1840506 ], [ -8.6417686, 41.1842715 ], [ -8.6421654, 41.1843254 ], [ -8.6426328, 41.1843187 ], [ -8.6433387, 41.1840551 ], [ -8.6450357, 41.1832526 ], [ -8.6480016, 41.1817387 ], [ -8.648996, 41.1811473 ], [ -8.6491642, 41.1810473 ], [ -8.6493306, 41.1809484 ], [ -8.649386, 41.1809154 ], [ -8.6509229, 41.1800014 ], [ -8.6530592, 41.1788086 ], [ -8.6539292, 41.1785204 ], [ -8.6560563, 41.1778902 ], [ -8.6577835, 41.1774354 ], [ -8.6611158, 41.1769537 ], [ -8.6615402, 41.176923 ], [ -8.6618453, 41.1769581 ], [ -8.6620619, 41.1770652 ], [ -8.6640828, 41.1790136 ], [ -8.6650228, 41.1792342 ], [ -8.6656638, 41.179307 ], [ -8.6663803, 41.1791951 ], [ -8.6666841, 41.1791043 ], [ -8.6670056, 41.1788641 ], [ -8.667257, 41.1785781 ], [ -8.6677354, 41.177729 ], [ -8.6680487, 41.1770892 ], [ -8.6682031, 41.1768826 ], [ -8.6684267, 41.1767118 ], [ -8.6687045, 41.1765961 ], [ -8.6697602, 41.1763046 ], [ -8.6704181, 41.1760672 ], [ -8.6706479, 41.1759189 ], [ -8.6707955, 41.1757614 ], [ -8.6713084, 41.1749264 ], [ -8.6716603, 41.1746123 ], [ -8.672289, 41.1742528 ], [ -8.6742031, 41.1729059 ], [ -8.6753548, 41.1720847 ], [ -8.6757738, 41.1719506 ], [ -8.6783562, 41.1715419 ], [ -8.6788561, 41.1714901 ], [ -8.6791851, 41.1715163 ], [ -8.6795207, 41.1715929 ], [ -8.679863, 41.1717253 ], [ -8.6835287, 41.1734766 ], [ -8.6838475, 41.1735878 ], [ -8.6842306, 41.1736466 ], [ -8.6860245, 41.1735428 ], [ -8.6877174, 41.1734816 ], [ -8.6893784, 41.1734124 ], [ -8.6900328, 41.1733576 ], [ -8.6899869, 41.1733288 ], [ -8.6898869, 41.1732885 ], [ -8.6898482, 41.1730737 ], [ -8.6898751, 41.1730132 ], [ -8.6899482, 41.1730077 ], [ -8.6899114, 41.1729548 ], [ -8.6898306, 41.1729225 ], [ -8.6897845, 41.1728287 ], [ -8.6898755, 41.1727887 ], [ -8.689762, 41.172651 ], [ -8.6895783, 41.1726038 ], [ -8.6895804, 41.1725217 ], [ -8.6894706, 41.1724225 ], [ -8.6893798, 41.1721143 ], [ -8.6891184, 41.1717859 ], [ -8.6889426, 41.1713838 ], [ -8.6889303, 41.1713119 ], [ -8.6888162, 41.1706443 ], [ -8.6887934, 41.1698972 ], [ -8.688943, 41.1697087 ], [ -8.6891959, 41.1696017 ], [ -8.6892489, 41.1695241 ], [ -8.6894481, 41.1693712 ], [ -8.6897037, 41.1695604 ], [ -8.6896788, 41.169524 ], [ -8.6897089, 41.1695143 ], [ -8.689749, 41.1695535 ], [ -8.6898875, 41.1695418 ], [ -8.6898958, 41.169519 ], [ -8.689816, 41.1694795 ], [ -8.689774, 41.1693334 ], [ -8.6896966, 41.1692757 ], [ -8.6897063, 41.1692062 ], [ -8.6897825, 41.1691538 ], [ -8.6898666, 41.1691314 ], [ -8.6899394, 41.1691688 ], [ -8.689941, 41.1691325 ], [ -8.6899987, 41.1691406 ], [ -8.6900285, 41.1690991 ], [ -8.6900625, 41.1691583 ], [ -8.6901759, 41.16918 ], [ -8.690205, 41.1690678 ], [ -8.6903268, 41.1691022 ], [ -8.6903714, 41.1691447 ], [ -8.6904059, 41.1690942 ], [ -8.6903426, 41.1690914 ], [ -8.6904174, 41.1690277 ], [ -8.6904509, 41.1690433 ], [ -8.6904864, 41.1692617 ], [ -8.6906093, 41.1692941 ], [ -8.6908888, 41.1691942 ], [ -8.6909468, 41.1691414 ], [ -8.6909363, 41.1691135 ], [ -8.6910776, 41.1690366 ], [ -8.6911595, 41.1688955 ], [ -8.6910123, 41.1688425 ], [ -8.6910975, 41.1688142 ], [ -8.6911564, 41.1688472 ], [ -8.6912577, 41.1688078 ], [ -8.691289, 41.1687516 ] ] ] } },
{ "type": "Feature", "properties": { "display_name": "Ho Chi Minh City, Vietnam" }, "geometry": { "type": "Polygon", "coordinates": [ [ [ 105.9769387, 8.702505 ], [ 106.0553036, 8.3456879 ], [ 106.4217647, 8.3979987 ], [ 106.6531936, 8.4310306 ], [ 106.699124, 8.4430979 ], [ 106.7539877, 8.4648655 ], [ 106.7998305, 8.4860938 ], [ 108.4311207, 9.3780225 ], [ 107.7731742, 10.31234 ], [ 107.5704034, 10.5674135 ], [ 107.5702286, 10.5684161 ], [ 107.5688124, 10.5781243 ], [ 107.569039, 10.5785804 ], [ 107.5692293, 10.5791125 ], [ 107.5692818, 10.5791987 ], [ 107.5693224, 10.5792445 ], [ 107.5694977, 10.5793793 ], [ 107.5695519, 10.5794494 ], [ 107.5695855, 10.5795309 ], [ 107.5695939, 10.5795756 ], [ 107.5695919, 10.5796661 ], [ 107.5695015, 10.5800556 ], [ 107.569467, 10.5801059 ], [ 107.5693799, 10.5801665 ], [ 107.5693547, 10.5801944 ], [ 107.5693347, 10.5802264 ], [ 107.5693148, 10.5802871 ], [ 107.5692415, 10.5808809 ], [ 107.5691983, 10.581417 ], [ 107.5691635, 10.5814782 ], [ 107.5691362, 10.5815012 ], [ 107.569071, 10.5815255 ], [ 107.5690358, 10.5815262 ], [ 107.5687998, 10.581472 ], [ 107.5687184, 10.5814821 ], [ 107.5686461, 10.5815203 ], [ 107.5686142, 10.5815509 ], [ 107.5685718, 10.5816276 ], [ 107.5685216, 10.5819418 ], [ 107.5685099, 10.5819782 ], [ 107.5684723, 10.5820377 ], [ 107.5683607, 10.582123 ], [ 107.5683355, 10.5821515 ], [ 107.5682981, 10.582224 ], [ 107.5682887, 10.582267 ], [ 107.5682662, 10.5825332 ], [ 107.5682558, 10.5827634 ], [ 107.5682746, 10.5830824 ], [ 107.5682936, 10.5832483 ], [ 107.5683301, 10.5834682 ], [ 107.5683325, 10.583524 ], [ 107.5683108, 10.5836335 ], [ 107.568235, 10.5837686 ], [ 107.5682216, 10.5838049 ], [ 107.5681093, 10.5844695 ], [ 107.5681088, 10.5845124 ], [ 107.5681298, 10.5846014 ], [ 107.5681525, 10.5846446 ], [ 107.5682813, 10.5847936 ], [ 107.5683063, 10.584843 ], [ 107.5683228, 10.5848958 ], [ 107.5683292, 10.5850056 ], [ 107.5683188, 10.5850599 ], [ 107.5682994, 10.5851124 ], [ 107.5682716, 10.5851611 ], [ 107.5682361, 10.5852047 ], [ 107.5681938, 10.5852421 ], [ 107.5681458, 10.5852721 ], [ 107.5678468, 10.585433 ], [ 107.5703023, 10.5927177 ], [ 107.5710171, 10.5961003 ], [ 107.5719469, 10.600185 ], [ 107.5719225, 10.6002492 ], [ 107.5718605, 10.6003719 ], [ 107.5717936, 10.6004702 ], [ 107.5716716, 10.6006277 ], [ 107.5712585, 10.6010726 ], [ 107.5705417, 10.6017838 ], [ 107.5704331, 10.601911 ], [ 107.5703019, 10.6021001 ], [ 107.5702199, 10.6021917 ], [ 107.5701716, 10.60223 ], [ 107.5700727, 10.6022855 ], [ 107.5699644, 10.6023197 ], [ 107.569768, 10.602343 ], [ 107.5696987, 10.6023574 ], [ 107.5695647, 10.6024027 ], [ 107.5694868, 10.6024411 ], [ 107.5693448, 10.6025398 ], [ 107.568978, 10.6028387 ], [ 107.5688808, 10.6028878 ], [ 107.5688323, 10.6029028 ], [ 107.5687319, 10.6029168 ], [ 107.5680325, 10.6029122 ], [ 107.5680828, 10.6034191 ], [ 107.5680827, 10.60348 ], [ 107.5680687, 10.603601 ], [ 107.5680524, 10.6036695 ], [ 107.5680023, 10.6038013 ], [ 107.5678006, 10.6041459 ], [ 107.5677026, 10.6042561 ], [ 107.5676479, 10.6043018 ], [ 107.5675263, 10.6043766 ], [ 107.5669253, 10.6046175 ], [ 107.5667618, 10.6046964 ], [ 107.5666562, 10.6047588 ], [ 107.5665553, 10.6048282 ], [ 107.5661194, 10.6051815 ], [ 107.5660542, 10.6052468 ], [ 107.5659437, 10.6053937 ], [ 107.5658727, 10.6055336 ], [ 107.5655957, 10.6063428 ], [ 107.56553, 10.6064694 ], [ 107.5654502, 10.6065926 ], [ 107.5650705, 10.607084 ], [ 107.5645726, 10.6077726 ], [ 107.5645253, 10.6078531 ], [ 107.5644524, 10.6080119 ], [ 107.5644256, 10.6080888 ], [ 107.5644048, 10.6081815 ], [ 107.564379, 10.6083752 ], [ 107.5643764, 10.6087427 ], [ 107.5643949, 10.6090355 ], [ 107.5645544, 10.6100944 ], [ 107.5646347, 10.6107615 ], [ 107.5646509, 10.6108266 ], [ 107.5646979, 10.6109459 ], [ 107.5648313, 10.6111977 ], [ 107.564846, 10.6112333 ], [ 107.5648621, 10.6113084 ], [ 107.564856, 10.611407 ], [ 107.5647244, 10.6118677 ], [ 107.5647103, 10.6120164 ], [ 107.5647233, 10.6121652 ], [ 107.5647422, 10.6122464 ], [ 107.5648038, 10.6124012 ], [ 107.5650151, 10.6127095 ], [ 107.5650464, 10.6127662 ], [ 107.5650906, 10.6128865 ], [ 107.5651096, 10.6130121 ], [ 107.5651044, 10.6136908 ], [ 107.5650985, 10.6137358 ], [ 107.5650693, 10.6138215 ], [ 107.5650454, 10.6138624 ], [ 107.5649818, 10.613933 ], [ 107.5646915, 10.6141243 ], [ 107.5645446, 10.6142331 ], [ 107.5644236, 10.6143389 ], [ 107.5640944, 10.6146546 ], [ 107.5637652, 10.6148705 ], [ 107.56368, 10.614936 ], [ 107.5636017, 10.615007 ], [ 107.563464, 10.6151667 ], [ 107.5658405, 10.6157783 ], [ 107.5660738, 10.6159233 ], [ 107.5662631, 10.615863 ], [ 107.5663608, 10.6158442 ], [ 107.5665251, 10.6158301 ], [ 107.5666582, 10.6158349 ], [ 107.5667077, 10.6158463 ], [ 107.5667548, 10.615865 ], [ 107.5668266, 10.6159122 ], [ 107.5669154, 10.6160101 ], [ 107.5669521, 10.616039 ], [ 107.5670367, 10.6160788 ], [ 107.567089, 10.6160897 ], [ 107.5671423, 10.6160915 ], [ 107.5671951, 10.6160843 ], [ 107.567246, 10.6160683 ], [ 107.5673747, 10.6159787 ], [ 107.5674759, 10.6158705 ], [ 107.5675175, 10.6158094 ], [ 107.5675805, 10.6156763 ], [ 107.5676014, 10.6156056 ], [ 107.5676276, 10.6158429 ], [ 107.5676188, 10.6160815 ], [ 107.5675858, 10.6162739 ], [ 107.5675158, 10.6164964 ], [ 107.5675086, 10.6165336 ], [ 107.5675155, 10.6166087 ], [ 107.5675289, 10.6166431 ], [ 107.5675732, 10.616702 ], [ 107.5679071, 10.616991 ], [ 107.5679972, 10.6170878 ], [ 107.5680671, 10.6171996 ], [ 107.5681151, 10.6173262 ], [ 107.5681298, 10.6173944 ], [ 107.5681378, 10.6175333 ], [ 107.5680774, 10.6182775 ], [ 107.5680821, 10.6184081 ], [ 107.5681096, 10.6185359 ], [ 107.5681643, 10.6186671 ], [ 107.5682008, 10.6187283 ], [ 107.5682642, 10.6187852 ], [ 107.5683058, 10.6188589 ], [ 107.568317, 10.6188997 ], [ 107.5683188, 10.618984 ], [ 107.5682919, 10.6190671 ], [ 107.5682386, 10.6191369 ], [ 107.5682039, 10.6191643 ], [ 107.568123, 10.6192002 ], [ 107.5678369, 10.6192038 ], [ 107.5677267, 10.6192308 ], [ 107.567628, 10.6192859 ], [ 107.5675853, 10.6193228 ], [ 107.5675196, 10.6194072 ], [ 107.567478, 10.6195052 ], [ 107.5674302, 10.6197693 ], [ 107.5673735, 10.6201593 ], [ 107.5673184, 10.6206686 ], [ 107.5672993, 10.6207618 ], [ 107.5672452, 10.6209443 ], [ 107.5671575, 10.6211457 ], [ 107.5670964, 10.6212542 ], [ 107.5670035, 10.6213907 ], [ 107.5669749, 10.6214194 ], [ 107.5669063, 10.6214629 ], [ 107.5668262, 10.6214847 ], [ 107.5667419, 10.6214815 ], [ 107.5666151, 10.6214418 ], [ 107.5665244, 10.6214437 ], [ 107.5664377, 10.621477 ], [ 107.5663682, 10.6215379 ], [ 107.5663206, 10.6216743 ], [ 107.5663066, 10.6217525 ], [ 107.5663052, 10.621911 ], [ 107.5663179, 10.6219894 ], [ 107.5665271, 10.6228119 ], [ 107.5665317, 10.6229038 ], [ 107.5665224, 10.622949 ], [ 107.566482, 10.6230321 ], [ 107.5664188, 10.6230961 ], [ 107.5663816, 10.6231192 ], [ 107.5662985, 10.6231474 ], [ 107.5662546, 10.6231517 ], [ 107.566092, 10.6231464 ], [ 107.5658566, 10.6231177 ], [ 107.5656728, 10.6230732 ], [ 107.565538, 10.6230264 ], [ 107.5654431, 10.6230096 ], [ 107.565347, 10.6230175 ], [ 107.5652509, 10.6230524 ], [ 107.5652075, 10.6230793 ], [ 107.5651341, 10.6231496 ], [ 107.5650637, 10.6232651 ], [ 107.5650281, 10.6233418 ], [ 107.5649768, 10.6235026 ], [ 107.5649536, 10.6236599 ], [ 107.5649519, 10.623889 ], [ 107.5649389, 10.623958 ], [ 107.5649167, 10.6240246 ], [ 107.5648856, 10.6240878 ], [ 107.5648173, 10.6241806 ], [ 107.5646811, 10.6243015 ], [ 107.5646385, 10.6243522 ], [ 107.5645745, 10.6244674 ], [ 107.5645429, 10.6245894 ], [ 107.5645387, 10.6246523 ], [ 107.5645464, 10.6247879 ], [ 107.5645289, 10.6249321 ], [ 107.5645074, 10.6250018 ], [ 107.5644448, 10.6251252 ], [ 107.5643614, 10.625227 ], [ 107.564312, 10.6252709 ], [ 107.5642007, 10.6253423 ], [ 107.56414, 10.625369 ], [ 107.5635536, 10.6255376 ], [ 107.563499, 10.6255667 ], [ 107.5634496, 10.6256038 ], [ 107.5634067, 10.625648 ], [ 107.5633714, 10.6256982 ], [ 107.5633444, 10.6257532 ], [ 107.5633265, 10.6258116 ], [ 107.563318, 10.6258721 ], [ 107.5633192, 10.6259332 ], [ 107.5633471, 10.6260435 ], [ 107.5634061, 10.6261413 ], [ 107.5634458, 10.6261829 ], [ 107.5635415, 10.6262469 ], [ 107.5636995, 10.6262953 ], [ 107.5637863, 10.626343 ], [ 107.5638556, 10.626413 ], [ 107.5639014, 10.6264982 ], [ 107.5639147, 10.6265448 ], [ 107.5639039, 10.626898 ], [ 107.563895, 10.6269317 ], [ 107.5638589, 10.6269911 ], [ 107.5638329, 10.6270148 ], [ 107.5637698, 10.6270456 ], [ 107.5636944, 10.6270507 ], [ 107.5636231, 10.6270259 ], [ 107.5633782, 10.6268769 ], [ 107.5633357, 10.6268616 ], [ 107.5632462, 10.6268507 ], [ 107.5632012, 10.6268554 ], [ 107.563116, 10.6268847 ], [ 107.5630394, 10.6269423 ], [ 107.5629833, 10.6270266 ], [ 107.5629672, 10.6270747 ], [ 107.5629559, 10.6272216 ], [ 107.5629447, 10.627269 ], [ 107.5628993, 10.6273663 ], [ 107.5628634, 10.6274133 ], [ 107.562772, 10.6274885 ], [ 107.5624824, 10.6275992 ], [ 107.5623814, 10.6276622 ], [ 107.5623027, 10.6277506 ], [ 107.5622738, 10.6278022 ], [ 107.5622399, 10.6279149 ], [ 107.5622398, 10.6280322 ], [ 107.5622525, 10.6280896 ], [ 107.5623022, 10.6281962 ], [ 107.5623381, 10.6282432 ], [ 107.5627001, 10.6285812 ], [ 107.5627508, 10.6286361 ], [ 107.5627946, 10.6286964 ], [ 107.5628593, 10.6288301 ], [ 107.5628793, 10.6289015 ], [ 107.5628933, 10.6290242 ], [ 107.5628829, 10.6291472 ], [ 107.5628416, 10.6293218 ], [ 107.5628418, 10.6294393 ], [ 107.5628535, 10.6295031 ], [ 107.5629008, 10.6296238 ], [ 107.5630671, 10.6298822 ], [ 107.5630932, 10.6299566 ], [ 107.563124, 10.6301109 ], [ 107.5631285, 10.6301895 ], [ 107.5631154, 10.6303462 ], [ 107.5630967, 10.6304269 ], [ 107.5630362, 10.6305813 ], [ 107.5629465, 10.6307213 ], [ 107.5627649, 10.6309112 ], [ 107.5627184, 10.6309947 ], [ 107.5626926, 10.6311068 ], [ 107.5627023, 10.6312214 ], [ 107.5626944, 10.6313404 ], [ 107.5626566, 10.6314538 ], [ 107.5626272, 10.6315061 ], [ 107.5625514, 10.6315961 ], [ 107.5624556, 10.6316652 ], [ 107.5623544, 10.6317159 ], [ 107.5622713, 10.6317835 ], [ 107.5622088, 10.6318699 ], [ 107.5621884, 10.6319136 ], [ 107.5621641, 10.6320065 ], [ 107.5621659, 10.6323286 ], [ 107.5621782, 10.6323743 ], [ 107.5622259, 10.6324561 ], [ 107.5622993, 10.6325168 ], [ 107.5623912, 10.6325494 ], [ 107.562441, 10.6325532 ], [ 107.5625789, 10.6325303 ], [ 107.5626573, 10.632548 ], [ 107.562721, 10.6325961 ], [ 107.5627586, 10.632666 ], [ 107.5627653, 10.6327061 ], [ 107.5627515, 10.6327858 ], [ 107.5626779, 10.6329192 ], [ 107.562645, 10.6330377 ], [ 107.5626396, 10.6331048 ], [ 107.5626501, 10.6332882 ], [ 107.5626398, 10.6333456 ], [ 107.5625929, 10.6334523 ], [ 107.5625575, 10.633499 ], [ 107.5624709, 10.6335712 ], [ 107.5623667, 10.6336153 ], [ 107.5623107, 10.6336255 ], [ 107.5621855, 10.6336285 ], [ 107.5620639, 10.6335992 ], [ 107.5620036, 10.633571 ], [ 107.5619479, 10.6335347 ], [ 107.5618979, 10.6334911 ], [ 107.5618547, 10.633441 ], [ 107.5616944, 10.6333634 ], [ 107.5616094, 10.6333362 ], [ 107.5614286, 10.6333059 ], [ 107.5613344, 10.6333039 ], [ 107.5612781, 10.6333157 ], [ 107.5612541, 10.6333317 ], [ 107.5612222, 10.6333788 ], [ 107.5612178, 10.6334345 ], [ 107.5612411, 10.6334845 ], [ 107.5612615, 10.6335038 ], [ 107.5614983, 10.6336442 ], [ 107.5615489, 10.6336985 ], [ 107.5615741, 10.6337678 ], [ 107.5615694, 10.6338435 ], [ 107.5615549, 10.6338801 ], [ 107.5615033, 10.633958 ], [ 107.5614803, 10.6340067 ], [ 107.5614558, 10.6341111 ], [ 107.5614545, 10.6341581 ], [ 107.5614282, 10.6342483 ], [ 107.5614041, 10.634289 ], [ 107.5613371, 10.6343558 ], [ 107.561294, 10.634381 ], [ 107.5611979, 10.6344077 ], [ 107.5610682, 10.634403 ], [ 107.5610398, 10.634413 ], [ 107.5609957, 10.6344527 ], [ 107.5609782, 10.6345039 ], [ 107.5609851, 10.6345525 ], [ 107.5610477, 10.6346342 ], [ 107.5610649, 10.6346696 ], [ 107.5610797, 10.6347463 ], [ 107.5610662, 10.6348266 ], [ 107.5610229, 10.6348996 ], [ 107.5609555, 10.6349521 ], [ 107.5609156, 10.6349684 ], [ 107.5608301, 10.6349779 ], [ 107.5607877, 10.6349914 ], [ 107.5607094, 10.6350332 ], [ 107.5606716, 10.6350639 ], [ 107.5606102, 10.6351387 ], [ 107.5605723, 10.6351713 ], [ 107.560531, 10.6351995 ], [ 107.5604123, 10.6352603 ], [ 107.5603802, 10.6352869 ], [ 107.5603315, 10.6353507 ], [ 107.5603044, 10.6354234 ], [ 107.5602979, 10.6358481 ], [ 107.5602883, 10.6359348 ], [ 107.5602603, 10.6360554 ], [ 107.56024, 10.6361141 ], [ 107.5597172, 10.6371348 ], [ 107.5596606, 10.6372885 ], [ 107.5596278, 10.6374525 ], [ 107.5595856, 10.637527 ], [ 107.5595278, 10.637581 ], [ 107.5593394, 10.6376712 ], [ 107.5592232, 10.6377561 ], [ 107.5591676, 10.6378126 ], [ 107.5589794, 10.6380437 ], [ 107.5589373, 10.638083 ], [ 107.5588383, 10.6381419 ], [ 107.5587262, 10.6381706 ], [ 107.558608, 10.6381664 ], [ 107.5585495, 10.6381512 ], [ 107.5584426, 10.638096 ], [ 107.5583571, 10.6380121 ], [ 107.5582874, 10.6378486 ], [ 107.5582512, 10.6377978 ], [ 107.5581955, 10.6377686 ], [ 107.558164, 10.6377643 ], [ 107.558101, 10.6377781 ], [ 107.5580517, 10.637819 ], [ 107.5580272, 10.6378776 ], [ 107.5580202, 10.6379909 ], [ 107.5580233, 10.6382057 ], [ 107.5580507, 10.6384434 ], [ 107.5580409, 10.6385149 ], [ 107.5580067, 10.6385787 ], [ 107.5579511, 10.6386276 ], [ 107.5578804, 10.6386547 ], [ 107.5578425, 10.6386584 ], [ 107.5574619, 10.6386284 ], [ 107.5574272, 10.6386301 ], [ 107.5573632, 10.6386555 ], [ 107.5573164, 10.6387054 ], [ 107.557296, 10.6387701 ], [ 107.557297, 10.6388041 ], [ 107.557354, 10.6390028 ], [ 107.557354, 10.6390274 ], [ 107.557333, 10.6390679 ], [ 107.5573156, 10.6390809 ], [ 107.5572735, 10.6390902 ], [ 107.5570854, 10.6390835 ], [ 107.5570252, 10.639107 ], [ 107.5569791, 10.6391519 ], [ 107.5569637, 10.6391803 ], [ 107.5569516, 10.6392431 ], [ 107.5569929, 10.6394719 ], [ 107.5569919, 10.6396148 ], [ 107.5569668, 10.6397287 ], [ 107.5568836, 10.6399478 ], [ 107.556865, 10.6400337 ], [ 107.5568539, 10.6402069 ], [ 107.5568612, 10.6402927 ], [ 107.5569009, 10.64046 ], [ 107.5570919, 10.6409077 ], [ 107.5570961, 10.6409619 ], [ 107.5570725, 10.641015 ], [ 107.5570225, 10.6410519 ], [ 107.5569919, 10.6410594 ], [ 107.5567573, 10.6410603 ], [ 107.556696, 10.6410854 ], [ 107.5566539, 10.6411358 ], [ 107.556644, 10.6411641 ], [ 107.556644, 10.6412236 ], [ 107.5567358, 10.6414964 ], [ 107.5567348, 10.6415214 ], [ 107.5567143, 10.6415668 ], [ 107.5566918, 10.6415872 ], [ 107.5566641, 10.6416001 ], [ 107.5566338, 10.6416042 ], [ 107.5560021, 10.6415339 ], [ 107.5558803, 10.6415384 ], [ 107.5558212, 10.6415535 ], [ 107.5557125, 10.6416077 ], [ 107.555631, 10.6416813 ], [ 107.5555716, 10.6417731 ], [ 107.5555515, 10.6418239 ], [ 107.5555309, 10.6419937 ], [ 107.555514, 10.6423353 ], [ 107.5555185, 10.6425222 ], [ 107.5555329, 10.6427086 ], [ 107.5555569, 10.6428941 ], [ 107.5555648, 10.6430869 ], [ 107.5555462, 10.643279 ], [ 107.5555223, 10.6433925 ], [ 107.5554892, 10.6435038 ], [ 107.555447, 10.643612 ], [ 107.5553415, 10.6438107 ], [ 107.555324, 10.6438622 ], [ 107.5553101, 10.6439696 ], [ 107.5553236, 10.6440722 ], [ 107.5553624, 10.6441683 ], [ 107.5553906, 10.6442121 ], [ 107.5554309, 10.6442466 ], [ 107.5555227, 10.6442997 ], [ 107.5556289, 10.6443298 ], [ 107.5557431, 10.644332 ], [ 107.5557994, 10.644322 ], [ 107.5558539, 10.6443048 ], [ 107.5559929, 10.6442386 ], [ 107.5560849, 10.6442178 ], [ 107.5561765, 10.6442174 ], [ 107.5561963, 10.6442233 ], [ 107.5562269, 10.6442499 ], [ 107.5562382, 10.6442886 ], [ 107.5562342, 10.6443114 ], [ 107.5561572, 10.644431 ], [ 107.5561198, 10.6445438 ], [ 107.5561102, 10.6446137 ], [ 107.5561102, 10.6446843 ], [ 107.5561199, 10.6447543 ], [ 107.556139, 10.6448223 ], [ 107.5561672, 10.6448872 ], [ 107.5562041, 10.6449478 ], [ 107.5562489, 10.6450029 ], [ 107.5562629, 10.645033 ], [ 107.5562721, 10.6450981 ], [ 107.5562555, 10.6451618 ], [ 107.5562125, 10.6452173 ], [ 107.5561815, 10.6452383 ], [ 107.5561466, 10.6452523 ], [ 107.5560718, 10.6452567 ], [ 107.5560355, 10.6452469 ], [ 107.5556027, 10.6450212 ], [ 107.5555129, 10.6449959 ], [ 107.5554661, 10.6449954 ], [ 107.5553757, 10.6450187 ], [ 107.5552994, 10.6450715 ], [ 107.5552484, 10.6451434 ], [ 107.555233, 10.6451846 ], [ 107.5552243, 10.6452718 ], [ 107.5552328, 10.6453466 ], [ 107.5552672, 10.6454932 ], [ 107.5552966, 10.6455732 ], [ 107.5553761, 10.645724 ], [ 107.5554978, 10.6458864 ], [ 107.5555231, 10.6459394 ], [ 107.5555492, 10.6460533 ], [ 107.5555496, 10.6461119 ], [ 107.5555247, 10.6462261 ], [ 107.555469, 10.646327 ], [ 107.5553868, 10.6464086 ], [ 107.5553377, 10.64644 ], [ 107.5552285, 10.646481 ], [ 107.5550789, 10.6464977 ], [ 107.5548948, 10.6464964 ], [ 107.5546557, 10.6464686 ], [ 107.5545644, 10.6464674 ], [ 107.554428, 10.6464805 ], [ 107.5543418, 10.6465108 ], [ 107.554307, 10.6465308 ], [ 107.5542453, 10.6465819 ], [ 107.5541809, 10.6466109 ], [ 107.5540662, 10.6466414 ], [ 107.5539476, 10.6466478 ], [ 107.5539216, 10.6466546 ], [ 107.5538794, 10.6466865 ], [ 107.5538591, 10.6467348 ], [ 107.5538593, 10.646763 ], [ 107.5538831, 10.6468138 ], [ 107.5539046, 10.6468324 ], [ 107.5543258, 10.6470775 ], [ 107.5543608, 10.6471258 ], [ 107.5543713, 10.6471537 ], [ 107.5543771, 10.6472089 ], [ 107.554366, 10.6472594 ], [ 107.5543402, 10.647311 ], [ 107.5543043, 10.6474202 ], [ 107.5542902, 10.6475385 ], [ 107.5542899, 10.647633 ], [ 107.5542806, 10.6476668 ], [ 107.5542428, 10.6477256 ], [ 107.5541846, 10.6477655 ], [ 107.5541507, 10.6477761 ], [ 107.5540797, 10.6477768 ], [ 107.553964, 10.6477412 ], [ 107.5538285, 10.6476844 ], [ 107.5537088, 10.6476548 ], [ 107.5536429, 10.6476571 ], [ 107.5536123, 10.6476699 ], [ 107.5535647, 10.6477148 ], [ 107.5535506, 10.6477444 ], [ 107.5535457, 10.647809 ], [ 107.5535721, 10.6478683 ], [ 107.553588, 10.6479372 ], [ 107.5535863, 10.6479726 ], [ 107.553564, 10.6480397 ], [ 107.5535145, 10.6480985 ], [ 107.5533831, 10.6481643 ], [ 107.5533582, 10.6481887 ], [ 107.553328, 10.6482505 ], [ 107.5533241, 10.6482851 ], [ 107.55334, 10.6483524 ], [ 107.5534133, 10.648442 ], [ 107.5534356, 10.6484822 ], [ 107.553458, 10.6485709 ], [ 107.5534487, 10.6486618 ], [ 107.5534322, 10.6487051 ], [ 107.5533778, 10.6487804 ], [ 107.5533007, 10.648833 ], [ 107.55321, 10.6488568 ], [ 107.5525833, 10.6488068 ], [ 107.5525181, 10.6488147 ], [ 107.5524547, 10.6488321 ], [ 107.5523947, 10.6488585 ], [ 107.5523394, 10.6488933 ], [ 107.5522512, 10.6489804 ], [ 107.5522188, 10.6490296 ], [ 107.5521757, 10.6491385 ], [ 107.5521658, 10.6491963 ], [ 107.5521654, 10.6493327 ], [ 107.5521569, 10.6494101 ], [ 107.5521387, 10.6494859 ], [ 107.5521111, 10.6495589 ], [ 107.5520743, 10.6496278 ], [ 107.5520291, 10.6496918 ], [ 107.5519226, 10.6497958 ], [ 107.5517942, 10.6498722 ], [ 107.5516511, 10.6499168 ], [ 107.5515014, 10.649927 ], [ 107.551424, 10.6499181 ], [ 107.5513479, 10.6499346 ], [ 107.5512814, 10.6499745 ], [ 107.5512252, 10.6500457 ], [ 107.551201, 10.6501327 ], [ 107.5512289, 10.6505841 ], [ 107.5512117, 10.6506757 ], [ 107.5511927, 10.6507232 ], [ 107.5511358, 10.6508083 ], [ 107.5506887, 10.6512292 ], [ 107.5506465, 10.6512795 ], [ 107.5505808, 10.6513925 ], [ 107.5505581, 10.6514537 ], [ 107.5505348, 10.6515819 ], [ 107.5505417, 10.651712 ], [ 107.5505564, 10.6517758 ], [ 107.5506074, 10.6518963 ], [ 107.5507137, 10.6520387 ], [ 107.5507638, 10.6521386 ], [ 107.5507818, 10.6521979 ], [ 107.550796, 10.6523205 ], [ 107.5507799, 10.6527502 ], [ 107.5508, 10.6528646 ], [ 107.5508526, 10.6529685 ], [ 107.5509262, 10.6530475 ], [ 107.5509664, 10.6530767 ], [ 107.5510562, 10.6531194 ], [ 107.5511802, 10.6531439 ], [ 107.5512144, 10.6531614 ], [ 107.5512625, 10.6532084 ], [ 107.5512788, 10.6532378 ], [ 107.5513136, 10.6534118 ], [ 107.5513201, 10.6534846 ], [ 107.551319, 10.6536306 ], [ 107.5513122, 10.6536736 ], [ 107.5512798, 10.6537543 ], [ 107.5512548, 10.6537902 ], [ 107.5511903, 10.6538494 ], [ 107.5511503, 10.6538721 ], [ 107.5510623, 10.6538982 ], [ 107.5509343, 10.6538975 ], [ 107.550899, 10.6539043 ], [ 107.5508654, 10.653917 ], [ 107.5508077, 10.6539588 ], [ 107.5507658, 10.654023 ], [ 107.5507544, 10.6540627 ], [ 107.5507514, 10.6541038 ], [ 107.5507691, 10.6541794 ], [ 107.5507707, 10.6542524 ], [ 107.55076, 10.6542876 ], [ 107.5507216, 10.6543447 ], [ 107.5506685, 10.6543816 ], [ 107.5504685, 10.6544335 ], [ 107.5503427, 10.6544978 ], [ 107.5502278, 10.6545942 ], [ 107.5501798, 10.6546515 ], [ 107.5501065, 10.6547642 ], [ 107.5500626, 10.6548745 ], [ 107.5500517, 10.6549329 ], [ 107.550053, 10.6550514 ], [ 107.5500642, 10.6551061 ], [ 107.5501061, 10.6552097 ], [ 107.5501361, 10.655257 ], [ 107.550209, 10.6553428 ], [ 107.5502347, 10.6553929 ], [ 107.5502616, 10.6555015 ], [ 107.5502551, 10.6556088 ], [ 107.5502193, 10.6557059 ], [ 107.5501576, 10.6557895 ], [ 107.54992, 10.6559782 ], [ 107.5498583, 10.6560637 ], [ 107.5498223, 10.6561625 ], [ 107.5498146, 10.6562202 ], [ 107.5498158, 10.6562783 ], [ 107.5498446, 10.6563909 ], [ 107.5498716, 10.6564427 ], [ 107.5499573, 10.6566122 ], [ 107.5499661, 10.656652 ], [ 107.549958, 10.6567326 ], [ 107.5499173, 10.6568031 ], [ 107.5498546, 10.6568497 ], [ 107.5497825, 10.6568686 ], [ 107.5497084, 10.6568601 ], [ 107.5496426, 10.6568254 ], [ 107.5495611, 10.6568018 ], [ 107.5495185, 10.6568008 ], [ 107.5494418, 10.6568178 ], [ 107.5493794, 10.6568538 ], [ 107.5492591, 10.6569862 ], [ 107.5492093, 10.6570268 ], [ 107.5490981, 10.6570916 ], [ 107.5490685, 10.6571181 ], [ 107.5490438, 10.6571491 ], [ 107.5490126, 10.6572214 ], [ 107.5490076, 10.657294 ], [ 107.5490238, 10.6573593 ], [ 107.5490391, 10.6573895 ], [ 107.5490893, 10.6574513 ], [ 107.5491463, 10.6575071 ], [ 107.5492094, 10.6575561 ], [ 107.5493384, 10.6576264 ], [ 107.5494014, 10.6576493 ], [ 107.5495771, 10.6576851 ], [ 107.549619, 10.657702 ], [ 107.5496882, 10.6577585 ], [ 107.5497114, 10.6577933 ], [ 107.549736, 10.6578725 ], [ 107.5497258, 10.6581249 ], [ 107.5496952, 10.6581999 ], [ 107.5496709, 10.6582327 ], [ 107.5496075, 10.6582842 ], [ 107.5495287, 10.6583129 ], [ 107.5494858, 10.658317 ], [ 107.549401, 10.6583033 ], [ 107.5493261, 10.658262 ], [ 107.5491975, 10.6580917 ], [ 107.5491297, 10.658055 ], [ 107.5490525, 10.6580485 ], [ 107.5489781, 10.658074 ], [ 107.548921, 10.6581275 ], [ 107.5488809, 10.6582177 ], [ 107.5488107, 10.6583376 ], [ 107.5488007, 10.6583758 ], [ 107.5488031, 10.6584544 ], [ 107.5488356, 10.6585281 ], [ 107.5488939, 10.6585844 ], [ 107.5490263, 10.6586405 ], [ 107.5490491, 10.6586618 ], [ 107.5490776, 10.6587164 ], [ 107.5490792, 10.6587788 ], [ 107.549069, 10.6588092 ], [ 107.5490292, 10.6588592 ], [ 107.5489741, 10.6589032 ], [ 107.5489358, 10.6589696 ], [ 107.5489238, 10.6590449 ], [ 107.548937, 10.6591134 ], [ 107.5489721, 10.659174 ], [ 107.5492361, 10.6594489 ], [ 107.5492511, 10.6595004 ], [ 107.5492389, 10.6595523 ], [ 107.5492028, 10.6595916 ], [ 107.549062, 10.6596352 ], [ 107.5489781, 10.6596854 ], [ 107.5487897, 10.6598752 ], [ 107.5487627, 10.659895 ], [ 107.5487321, 10.6599088 ], [ 107.5486656, 10.6599158 ], [ 107.548602, 10.659895 ], [ 107.5485751, 10.6598752 ], [ 107.5485375, 10.6598222 ], [ 107.5485279, 10.6597911 ], [ 107.5485293, 10.6597266 ], [ 107.5485402, 10.6596959 ], [ 107.5485885, 10.6595852 ], [ 107.5486231, 10.6595265 ], [ 107.5486232, 10.6594587 ], [ 107.54861, 10.6594271 ], [ 107.5485721, 10.6593858 ], [ 107.5485203, 10.6593637 ], [ 107.548432, 10.6593611 ], [ 107.5483149, 10.6593849 ], [ 107.5482126, 10.659436 ], [ 107.5481272, 10.6595114 ], [ 107.5479126, 10.6598699 ], [ 107.5478778, 10.6599764 ], [ 107.5478721, 10.6600322 ], [ 107.5478842, 10.6601434 ], [ 107.5479281, 10.6602491 ], [ 107.5479616, 10.6602972 ], [ 107.5480481, 10.6603767 ], [ 107.548154, 10.6604287 ], [ 107.5482516, 10.6605154 ], [ 107.5482938, 10.6605651 ], [ 107.5483608, 10.6606708 ], [ 107.5484264, 10.6608427 ], [ 107.5484866, 10.6609559 ], [ 107.5485819, 10.6610638 ], [ 107.5487012, 10.6611457 ], [ 107.5487456, 10.6611865 ], [ 107.5487849, 10.6612322 ], [ 107.548846, 10.6613355 ], [ 107.5488685, 10.6613968 ], [ 107.5488889, 10.6615253 ], [ 107.5488996, 10.6622369 ], [ 107.5488987, 10.6622841 ], [ 107.5488742, 10.6623749 ], [ 107.5488513, 10.6624163 ], [ 107.5487871, 10.6624859 ], [ 107.5487038, 10.6625322 ], [ 107.5486157, 10.6625502 ], [ 107.548526, 10.6625419 ], [ 107.5484832, 10.6625279 ], [ 107.5484429, 10.6625079 ], [ 107.5483761, 10.66246 ], [ 107.5483064, 10.662434 ], [ 107.5482318, 10.6624346 ], [ 107.5481589, 10.6624642 ], [ 107.548103, 10.662519 ], [ 107.5480092, 10.6627351 ], [ 107.547918, 10.6630514 ], [ 107.5479018, 10.6630866 ], [ 107.5478485, 10.6631427 ], [ 107.547776, 10.6631714 ], [ 107.5477368, 10.6631736 ], [ 107.5476643, 10.6631545 ], [ 107.5476078, 10.6631104 ], [ 107.5475875, 10.663081 ], [ 107.5475664, 10.6630132 ], [ 107.5475838, 10.6628815 ], [ 107.5475818, 10.66278 ], [ 107.5475585, 10.6626771 ], [ 107.5475239, 10.6626098 ], [ 107.5474629, 10.6625638 ], [ 107.5474262, 10.6625519 ], [ 107.5473493, 10.6625533 ], [ 107.5472892, 10.6625807 ], [ 107.5472642, 10.6626024 ], [ 107.5472292, 10.6626577 ], [ 107.5472204, 10.6626893 ], [ 107.547219, 10.6627856 ], [ 107.5471972, 10.662856 ], [ 107.5471455, 10.6629223 ], [ 107.5470252, 10.6630246 ], [ 107.5470017, 10.6630776 ], [ 107.547008, 10.6631378 ], [ 107.5470235, 10.6631658 ], [ 107.5472169, 10.6633174 ], [ 107.5472418, 10.6633773 ], [ 107.5472363, 10.663435 ], [ 107.5472256, 10.6634585 ], [ 107.5471911, 10.6634969 ], [ 107.5470677, 10.6635707 ], [ 107.5469202, 10.6636814 ], [ 107.5468705, 10.6637089 ], [ 107.5467627, 10.6637453 ], [ 107.5466493, 10.6637552 ], [ 107.5465872, 10.6637492 ], [ 107.5464681, 10.6637133 ], [ 107.5464132, 10.6636841 ], [ 107.5463798, 10.6636556 ], [ 107.5463321, 10.6635829 ], [ 107.5463196, 10.6635412 ], [ 107.5463194, 10.6634547 ], [ 107.5463489, 10.6633789 ], [ 107.5463734, 10.663346 ], [ 107.5464381, 10.6632955 ], [ 107.5465943, 10.6632333 ], [ 107.5466327, 10.6632016 ], [ 107.5466529, 10.6631566 ], [ 107.5466546, 10.6631318 ], [ 107.5466352, 10.663075 ], [ 107.5466144, 10.6630528 ], [ 107.5465403, 10.663021 ], [ 107.5465006, 10.663013 ], [ 107.5464163, 10.6630143 ], [ 107.5463736, 10.6630245 ], [ 107.5462578, 10.6630814 ], [ 107.5462177, 10.6630928 ], [ 107.5461346, 10.6630943 ], [ 107.5460941, 10.6630844 ], [ 107.546026, 10.6630482 ], [ 107.5459733, 10.6629926 ], [ 107.5459546, 10.6629592 ], [ 107.545897, 10.6629205 ], [ 107.5458279, 10.6629118 ], [ 107.5457936, 10.6629196 ], [ 107.5457439, 10.6629492 ], [ 107.5457095, 10.6629953 ], [ 107.5456877, 10.6630637 ], [ 107.5456841, 10.6631064 ], [ 107.5456999, 10.6632136 ], [ 107.5456783, 10.6632755 ], [ 107.5456333, 10.6633179 ], [ 107.5455425, 10.6633432 ], [ 107.5454855, 10.6633712 ], [ 107.5454354, 10.6634218 ], [ 107.5454164, 10.6634565 ], [ 107.5454047, 10.6634943 ], [ 107.5453682, 10.663828 ], [ 107.5453423, 10.663952 ], [ 107.5452968, 10.6641091 ], [ 107.5452934, 10.6641456 ], [ 107.5453109, 10.6642165 ], [ 107.5453295, 10.6642458 ], [ 107.545383, 10.6642902 ], [ 107.5454155, 10.6643035 ], [ 107.5456032, 10.6643404 ], [ 107.5457166, 10.6643863 ], [ 107.5458009, 10.6644381 ], [ 107.5458731, 10.6644608 ], [ 107.5459487, 10.6644545 ], [ 107.5460135, 10.664422 ], [ 107.5460598, 10.6643711 ], [ 107.5460952, 10.6643038 ], [ 107.5461228, 10.6642724 ], [ 107.5461568, 10.6642478 ], [ 107.5461955, 10.6642311 ], [ 107.5462369, 10.6642232 ], [ 107.5463179, 10.664234 ], [ 107.5463851, 10.6642755 ], [ 107.5464293, 10.6643404 ], [ 107.5464401, 10.6646356 ], [ 107.5464328, 10.6646799 ], [ 107.5464165, 10.6647218 ], [ 107.5463918, 10.6647595 ], [ 107.5463318, 10.6648107 ], [ 107.5462957, 10.6648276 ], [ 107.5462174, 10.6648412 ], [ 107.5459345, 10.66483 ], [ 107.5457936, 10.6648148 ], [ 107.545652, 10.6647931 ], [ 107.5453354, 10.6647253 ], [ 107.5452626, 10.664741 ], [ 107.5452088, 10.6647809 ], [ 107.5451714, 10.6648359 ], [ 107.5451543, 10.6649008 ], [ 107.5451543, 10.6649345 ], [ 107.5451838, 10.66505 ], [ 107.5451889, 10.6651018 ], [ 107.5451767, 10.665205 ], [ 107.5451352, 10.6653016 ], [ 107.5450432, 10.6654259 ], [ 107.5450249, 10.6654733 ], [ 107.5450156, 10.6655232 ], [ 107.5450231, 10.6656154 ], [ 107.5450366, 10.6656552 ], [ 107.5451102, 10.6657891 ], [ 107.545128, 10.6658415 ], [ 107.5451428, 10.6659309 ], [ 107.5451403, 10.6660375 ], [ 107.5451291, 10.6661077 ], [ 107.545084, 10.6662426 ], [ 107.5450104, 10.6663647 ], [ 107.5449625, 10.6664208 ], [ 107.5448491, 10.6665155 ], [ 107.5447172, 10.6665832 ], [ 107.5445089, 10.6666363 ], [ 107.5444468, 10.6666591 ], [ 107.5443323, 10.6667243 ], [ 107.5442813, 10.6667659 ], [ 107.5441976, 10.6668607 ], [ 107.5441651, 10.6669122 ], [ 107.5441173, 10.6670237 ], [ 107.5441073, 10.6670845 ], [ 107.5441033, 10.6672075 ], [ 107.5441204, 10.6673293 ], [ 107.5441377, 10.6673883 ], [ 107.544161, 10.6674453 ], [ 107.5442246, 10.6675509 ], [ 107.5442738, 10.6676086 ], [ 107.54433, 10.6676598 ], [ 107.5443922, 10.6677038 ], [ 107.5444085, 10.6677235 ], [ 107.5444211, 10.6677723 ], [ 107.5444037, 10.6678212 ], [ 107.5443843, 10.6678402 ], [ 107.5442755, 10.6678935 ], [ 107.5442061, 10.6679397 ], [ 107.5440842, 10.6680525 ], [ 107.5439894, 10.6681881 ], [ 107.5439537, 10.6682626 ], [ 107.5439099, 10.6684065 ], [ 107.543899, 10.6684809 ], [ 107.5438994, 10.668631 ], [ 107.5440448, 10.6694698 ], [ 107.544062, 10.6695234 ], [ 107.5441198, 10.6696199 ], [ 107.5441591, 10.6696608 ], [ 107.5442541, 10.6697228 ], [ 107.5443001, 10.6697404 ], [ 107.5443972, 10.6697574 ], [ 107.5444955, 10.6697492 ], [ 107.5445922, 10.6697218 ], [ 107.5446428, 10.6697211 ], [ 107.5446927, 10.6697291 ], [ 107.5447843, 10.6697703 ], [ 107.5448231, 10.6698021 ], [ 107.5448808, 10.6698832 ], [ 107.5448979, 10.6699299 ], [ 107.5449058, 10.6700286 ], [ 107.5448959, 10.6700791 ], [ 107.5448768, 10.6701271 ], [ 107.544849, 10.6701708 ], [ 107.5448136, 10.6702088 ], [ 107.5447718, 10.6702397 ], [ 107.5447248, 10.6702627 ], [ 107.5446744, 10.6702768 ], [ 107.5446223, 10.6702817 ], [ 107.5445701, 10.6702771 ], [ 107.5444706, 10.6702513 ], [ 107.5443701, 10.6702513 ], [ 107.5442741, 10.6702829 ], [ 107.544193, 10.6703436 ], [ 107.5441611, 10.6703828 ], [ 107.5440883, 10.6705167 ], [ 107.5439816, 10.6706757 ], [ 107.5438634, 10.6708104 ], [ 107.5437307, 10.6709437 ], [ 107.5436103, 10.6710987 ], [ 107.5435595, 10.6711985 ], [ 107.5435463, 10.6712529 ], [ 107.5435456, 10.6713645 ], [ 107.5435792, 10.6714711 ], [ 107.543608, 10.6715194 ], [ 107.5436862, 10.6716004 ], [ 107.5437835, 10.6716537 ], [ 107.543836, 10.6716689 ], [ 107.5439451, 10.6716758 ], [ 107.5440515, 10.6716514 ], [ 107.5441461, 10.6715977 ], [ 107.5441864, 10.6715613 ], [ 107.5444311, 10.6712727 ], [ 107.544499, 10.6712131 ], [ 107.5445848, 10.6711832 ], [ 107.5446305, 10.6711809 ], [ 107.5446758, 10.6711874 ], [ 107.5447583, 10.6712252 ], [ 107.5447899, 10.6712524 ], [ 107.544836, 10.6713209 ], [ 107.5448549, 10.6714009 ], [ 107.5448442, 10.6714824 ], [ 107.5447852, 10.6716063 ], [ 107.544643, 10.6718194 ], [ 107.5446135, 10.6718763 ], [ 107.5445515, 10.6720577 ], [ 107.5444892, 10.6721616 ], [ 107.5443987, 10.6722438 ], [ 107.5442876, 10.6722971 ], [ 107.5439483, 10.6723797 ], [ 107.5439006, 10.6723979 ], [ 107.5438556, 10.6724219 ], [ 107.5437769, 10.6724859 ], [ 107.5437133, 10.6725746 ], [ 107.5436902, 10.6726285 ], [ 107.5436693, 10.6727435 ], [ 107.5436653, 10.6729751 ], [ 107.5436546, 10.6730078 ], [ 107.543613, 10.6730624 ], [ 107.5435875, 10.6730799 ], [ 107.5435287, 10.6730987 ], [ 107.543385, 10.673094 ], [ 107.5432348, 10.6731125 ], [ 107.5431674, 10.6731648 ], [ 107.5431271, 10.6732394 ], [ 107.5431202, 10.6733196 ], [ 107.5431433, 10.6733927 ], [ 107.5431919, 10.6734525 ], [ 107.5432038, 10.6734801 ], [ 107.5432026, 10.6735395 ], [ 107.5431763, 10.6735828 ], [ 107.5431383, 10.6736765 ], [ 107.5431207, 10.6737885 ], [ 107.5431217, 10.6738924 ], [ 107.5430995, 10.6739841 ], [ 107.5430511, 10.6740653 ], [ 107.5430022, 10.674109 ], [ 107.5429395, 10.6741295 ], [ 107.5428707, 10.6741226 ], [ 107.5428091, 10.6740857 ], [ 107.5427862, 10.6740581 ], [ 107.5427672, 10.6739776 ], [ 107.542775, 10.6738997 ], [ 107.5428048, 10.6738317 ], [ 107.542852, 10.6737705 ], [ 107.5428703, 10.6737353 ], [ 107.5428854, 10.6736578 ], [ 107.5428815, 10.6736183 ], [ 107.5428518, 10.6735456 ], [ 107.5427974, 10.673489 ], [ 107.5427631, 10.6734692 ], [ 107.5426863, 10.6734499 ], [ 107.5420815, 10.6733971 ], [ 107.5419627, 10.6733922 ], [ 107.5418439, 10.6733967 ], [ 107.5417259, 10.6734107 ], [ 107.5415048, 10.6734635 ], [ 107.5414027, 10.6735004 ], [ 107.5412405, 10.6735784 ], [ 107.5411251, 10.6736623 ], [ 107.541074, 10.6737119 ], [ 107.5409871, 10.6738241 ], [ 107.5409489, 10.6738921 ], [ 107.540895, 10.6740379 ], [ 107.5408798, 10.6741141 ], [ 107.5408816, 10.6741663 ], [ 107.5409074, 10.6742675 ], [ 107.5409557, 10.6743512 ], [ 107.5410178, 10.6744149 ], [ 107.5410836, 10.6744649 ], [ 107.5411271, 10.6745261 ], [ 107.541146, 10.6745985 ], [ 107.5411362, 10.6746784 ], [ 107.5411183, 10.674718 ], [ 107.5410598, 10.6747823 ], [ 107.5410218, 10.6748043 ], [ 107.5409362, 10.6748231 ], [ 107.5408767, 10.6748478 ], [ 107.5407687, 10.6749168 ], [ 107.5406871, 10.6749994 ], [ 107.5406081, 10.6751146 ], [ 107.5405498, 10.675156 ], [ 107.5404802, 10.6751737 ], [ 107.5404038, 10.6751637 ], [ 107.5403373, 10.6751253 ], [ 107.5403112, 10.6750972 ], [ 107.5402083, 10.6750388 ], [ 107.5400473, 10.6749626 ], [ 107.5399464, 10.6748995 ], [ 107.5398418, 10.6747968 ], [ 107.5397077, 10.6745833 ], [ 107.5396742, 10.6745448 ], [ 107.5396264, 10.6745259 ], [ 107.5396004, 10.6745253 ], [ 107.5395711, 10.6745322 ], [ 107.5395237, 10.6745678 ], [ 107.5395092, 10.6745938 ], [ 107.539477, 10.6747256 ], [ 107.5394721, 10.6747669 ], [ 107.5394797, 10.6748495 ], [ 107.5395226, 10.674947 ], [ 107.5397223, 10.6751982 ], [ 107.5397778, 10.6753127 ], [ 107.5398012, 10.6754374 ], [ 107.5398002, 10.6755009 ], [ 107.5397747, 10.6756206 ], [ 107.5397517, 10.6756751 ], [ 107.5396863, 10.6757739 ], [ 107.5396449, 10.6758167 ], [ 107.5395479, 10.6758859 ], [ 107.5394938, 10.6759114 ], [ 107.5393528, 10.675951 ], [ 107.5390885, 10.6759971 ], [ 107.539004, 10.6760398 ], [ 107.5389338, 10.6761073 ], [ 107.5389065, 10.6761495 ], [ 107.5388736, 10.6762438 ], [ 107.5388762, 10.6765548 ], [ 107.5389028, 10.6766603 ], [ 107.5389567, 10.6767551 ], [ 107.5389915, 10.6767951 ], [ 107.5390754, 10.6768602 ], [ 107.5394445, 10.6770199 ], [ 107.5394729, 10.6770382 ], [ 107.5395141, 10.6770908 ], [ 107.5395247, 10.6771225 ], [ 107.539524, 10.6771877 ], [ 107.5394959, 10.6772455 ], [ 107.5394459, 10.6772864 ], [ 107.5388193, 10.6775591 ], [ 107.5387735, 10.6775883 ], [ 107.5386943, 10.6776617 ], [ 107.5386348, 10.6777515 ], [ 107.5386129, 10.6778031 ], [ 107.5385892, 10.6779122 ], [ 107.5385926, 10.6780103 ], [ 107.5385651, 10.6781047 ], [ 107.5385418, 10.6781456 ], [ 107.5384779, 10.678215 ], [ 107.5383046, 10.6783179 ], [ 107.5382308, 10.6783944 ], [ 107.5381797, 10.6784871 ], [ 107.5381547, 10.6785896 ], [ 107.5381529, 10.6786481 ], [ 107.5381749, 10.6787627 ], [ 107.5381983, 10.6788164 ], [ 107.5382864, 10.6789456 ], [ 107.538313, 10.6790193 ], [ 107.5383227, 10.6791265 ], [ 107.5382727, 10.6795772 ], [ 107.5382925, 10.6796297 ], [ 107.5383344, 10.6796677 ], [ 107.5383642, 10.6796792 ], [ 107.5384276, 10.679678 ], [ 107.5384819, 10.6796456 ], [ 107.5385501, 10.6795569 ], [ 107.5386348, 10.6794208 ], [ 107.5386993, 10.6792747 ], [ 107.5387423, 10.6791214 ], [ 107.5387817, 10.6788825 ], [ 107.5388154, 10.6788356 ], [ 107.5388414, 10.6788216 ], [ 107.5388922, 10.6788172 ], [ 107.5389167, 10.6788248 ], [ 107.5389556, 10.6788571 ], [ 107.5391176, 10.6791563 ], [ 107.5391543, 10.6792082 ], [ 107.5392464, 10.679296 ], [ 107.5392891, 10.6793241 ], [ 107.5393821, 10.6793665 ], [ 107.5395817, 10.6794199 ], [ 107.5396235, 10.679441 ], [ 107.5396934, 10.6794948 ], [ 107.5397867, 10.679611 ], [ 107.5398344, 10.6796569 ], [ 107.5399403, 10.6797273 ], [ 107.5400551, 10.6797697 ], [ 107.5403273, 10.67981 ], [ 107.5403914, 10.6798521 ], [ 107.5404292, 10.6799181 ], [ 107.5404355, 10.6799541 ], [ 107.5404231, 10.6800257 ], [ 107.5404051, 10.6800577 ], [ 107.539925, 10.6805612 ], [ 107.5398883, 10.6806131 ], [ 107.5398351, 10.6807278 ], [ 107.5398193, 10.680789 ], [ 107.5398106, 10.6809149 ], [ 107.5398323, 10.6810389 ], [ 107.5398831, 10.6811541 ], [ 107.5399602, 10.6812542 ], [ 107.5400592, 10.6813337 ], [ 107.5401151, 10.6813642 ], [ 107.5402361, 10.6814046 ], [ 107.5406043, 10.6814287 ], [ 107.5406461, 10.6814412 ], [ 107.540684, 10.6814625 ], [ 107.5407162, 10.6814916 ], [ 107.5407404, 10.6815258 ], [ 107.5407565, 10.6815644 ], [ 107.5407638, 10.6816055 ], [ 107.5407587, 10.6817276 ], [ 107.5407645, 10.6818079 ], [ 107.5407914, 10.6819306 ], [ 107.5408299, 10.682044 ], [ 107.5408235, 10.6821004 ], [ 107.5407917, 10.6821527 ], [ 107.5407401, 10.6821865 ], [ 107.5405338, 10.6822191 ], [ 107.5404792, 10.6822504 ], [ 107.5404308, 10.6823049 ], [ 107.5404127, 10.6823423 ], [ 107.5403951, 10.6824402 ], [ 107.5403964, 10.6824984 ], [ 107.5404239, 10.6826113 ], [ 107.5405154, 10.6827747 ], [ 107.5405392, 10.6828411 ], [ 107.5405526, 10.6830071 ], [ 107.5405697, 10.6830788 ], [ 107.5406055, 10.6831465 ], [ 107.5406597, 10.683205 ], [ 107.5409281, 10.6833761 ], [ 107.5410263, 10.6834479 ], [ 107.5411212, 10.6835237 ], [ 107.5412688, 10.6836608 ], [ 107.5413396, 10.6837074 ], [ 107.5414198, 10.6837361 ], [ 107.541462, 10.6837431 ], [ 107.5419125, 10.6837504 ], [ 107.5419502, 10.683756 ], [ 107.5420186, 10.6837882 ], [ 107.5420466, 10.6838137 ], [ 107.5420827, 10.6838725 ], [ 107.5421006, 10.6839921 ], [ 107.5420988, 10.6840443 ], [ 107.5420717, 10.6841485 ], [ 107.5420131, 10.6842434 ], [ 107.5419286, 10.6843171 ], [ 107.5419032, 10.6843544 ], [ 107.5418842, 10.6843953 ], [ 107.5418669, 10.6844831 ], [ 107.5418785, 10.6845725 ], [ 107.5418951, 10.6846147 ], [ 107.5419474, 10.6846887 ], [ 107.5420171, 10.6848679 ], [ 107.5420701, 10.6851479 ], [ 107.5421137, 10.6852106 ], [ 107.5421409, 10.6852323 ], [ 107.5422049, 10.6852598 ], [ 107.5422396, 10.6852646 ], [ 107.5424729, 10.6852539 ], [ 107.5425397, 10.6852711 ], [ 107.5425692, 10.6852891 ], [ 107.5426145, 10.6853402 ], [ 107.5426362, 10.6854051 ], [ 107.5426304, 10.6854735 ], [ 107.5425976, 10.6855342 ], [ 107.5425433, 10.6855774 ], [ 107.542476, 10.6856121 ], [ 107.5424262, 10.6856675 ], [ 107.5423229, 10.6859196 ], [ 107.5422838, 10.6859754 ], [ 107.5422203, 10.6860235 ], [ 107.5418521, 10.6861687 ], [ 107.5418239, 10.6861853 ], [ 107.5417844, 10.6862363 ], [ 107.5417757, 10.6862675 ], [ 107.5417795, 10.6863207 ], [ 107.5418052, 10.6863677 ], [ 107.5418962, 10.6864819 ], [ 107.5419698, 10.6866179 ], [ 107.5419983, 10.6866945 ], [ 107.542002, 10.6867814 ], [ 107.5419903, 10.6868236 ], [ 107.5419452, 10.6868939 ], [ 107.5418763, 10.6869421 ], [ 107.5417996, 10.6869728 ], [ 107.5417368, 10.6870226 ], [ 107.5416912, 10.6870898 ], [ 107.5416835, 10.6871397 ], [ 107.5417022, 10.6871714 ], [ 107.5417188, 10.6871827 ], [ 107.5417583, 10.6871887 ], [ 107.5418589, 10.6871636 ], [ 107.5419129, 10.6871373 ], [ 107.5419621, 10.687103 ], [ 107.5420271, 10.687078 ], [ 107.5421088, 10.6870688 ], [ 107.5421561, 10.6870738 ], [ 107.5422451, 10.6871057 ], [ 107.5424016, 10.6872066 ], [ 107.5426255, 10.6873167 ], [ 107.5426618, 10.687362 ], [ 107.5426689, 10.6873903 ], [ 107.5426588, 10.6874457 ], [ 107.5426427, 10.6874693 ], [ 107.5425942, 10.6874994 ], [ 107.5423577, 10.6875247 ], [ 107.5421393, 10.6875392 ], [ 107.5420788, 10.6875671 ], [ 107.5420355, 10.6876171 ], [ 107.5420171, 10.6876802 ], [ 107.5420265, 10.6877443 ], [ 107.5420412, 10.6877735 ], [ 107.5420873, 10.6878198 ], [ 107.5421485, 10.6878436 ], [ 107.5422973, 10.6878618 ], [ 107.5424409, 10.6879043 ], [ 107.5425993, 10.6879846 ], [ 107.5427177, 10.6880653 ], [ 107.5427675, 10.6880882 ], [ 107.5428741, 10.6881134 ], [ 107.542929, 10.6881151 ], [ 107.5430296, 10.6880991 ], [ 107.5432335, 10.688011 ], [ 107.5433636, 10.6879847 ], [ 107.5434229, 10.6879859 ], [ 107.5434504, 10.6879975 ], [ 107.5434923, 10.6880387 ], [ 107.5435085, 10.6880956 ], [ 107.5434941, 10.688153 ], [ 107.5434762, 10.6881771 ], [ 107.5433059, 10.6883281 ], [ 107.5432841, 10.6883594 ], [ 107.5432641, 10.6884223 ], [ 107.5432707, 10.6884997 ], [ 107.5432911, 10.6885368 ], [ 107.5433125, 10.6885552 ], [ 107.5433382, 10.6885669 ], [ 107.5434282, 10.6885738 ], [ 107.5434849, 10.6886011 ], [ 107.5435081, 10.6886232 ], [ 107.5436291, 10.688861 ], [ 107.5437792, 10.689058 ], [ 107.5438187, 10.6891424 ], [ 107.5438308, 10.689213 ], [ 107.543813, 10.689244 ], [ 107.543778, 10.6892603 ], [ 107.5433675, 10.6892403 ], [ 107.5433295, 10.6892486 ], [ 107.5432596, 10.6892821 ], [ 107.5432008, 10.6893389 ], [ 107.5431628, 10.6894161 ], [ 107.5431376, 10.6896498 ], [ 107.5430956, 10.6898151 ], [ 107.5429338, 10.6901911 ], [ 107.5429273, 10.6902242 ], [ 107.5429378, 10.6902903 ], [ 107.5429773, 10.6903449 ], [ 107.5430041, 10.6903633 ], [ 107.5430667, 10.690381 ], [ 107.5431309, 10.6903707 ], [ 107.5431924, 10.6903361 ], [ 107.5432289, 10.6903249 ], [ 107.5433046, 10.6903291 ], [ 107.5433605, 10.6903589 ], [ 107.5433829, 10.6903814 ], [ 107.5434118, 10.6904371 ], [ 107.5434548, 10.6906875 ], [ 107.5434986, 10.6908064 ], [ 107.5435705, 10.6909112 ], [ 107.5436641, 10.6909942 ], [ 107.5437166, 10.6910262 ], [ 107.5438314, 10.691071 ], [ 107.5440842, 10.6911033 ], [ 107.5443426, 10.6911514 ], [ 107.5444193, 10.6911845 ], [ 107.5444776, 10.6912437 ], [ 107.5445089, 10.6913201 ], [ 107.5445127, 10.6913614 ], [ 107.5444961, 10.6914423 ], [ 107.5444763, 10.6914788 ], [ 107.5444172, 10.6915375 ], [ 107.544308, 10.6915829 ], [ 107.5442524, 10.6916347 ], [ 107.5442339, 10.6916679 ], [ 107.5442192, 10.6917418 ], [ 107.5442234, 10.6917783 ], [ 107.5442534, 10.6918453 ], [ 107.5442779, 10.6918731 ], [ 107.5443412, 10.6919117 ], [ 107.5450051, 10.6920475 ], [ 107.5450401, 10.6920656 ], [ 107.5450998, 10.6921163 ], [ 107.5451428, 10.6921856 ], [ 107.5451558, 10.6922263 ], [ 107.5451618, 10.6922685 ], [ 107.5451606, 10.6926853 ], [ 107.5451501, 10.6927315 ], [ 107.5451131, 10.6928031 ], [ 107.5450668, 10.6928514 ], [ 107.5449217, 10.6930366 ], [ 107.5449096, 10.6930861 ], [ 107.5449192, 10.693136 ], [ 107.5449346, 10.6931622 ], [ 107.5449825, 10.6931996 ], [ 107.5450119, 10.6932084 ], [ 107.5451499, 10.6932099 ], [ 107.5453631, 10.6931877 ], [ 107.545468, 10.6931655 ], [ 107.5456589, 10.6931098 ], [ 107.5457507, 10.693107 ], [ 107.5457934, 10.693114 ], [ 107.5458745, 10.6931432 ], [ 107.5459117, 10.693165 ], [ 107.5459701, 10.6932209 ], [ 107.5459921, 10.6932546 ], [ 107.5460069, 10.6933164 ], [ 107.5460042, 10.6933482 ], [ 107.5459872, 10.6933716 ], [ 107.5459558, 10.6933769 ], [ 107.54594, 10.6933693 ], [ 107.5459251, 10.693339 ], [ 107.5458838, 10.6933129 ], [ 107.545834, 10.693311 ], [ 107.5458103, 10.6933198 ], [ 107.545774, 10.6933542 ], [ 107.545747, 10.6934048 ], [ 107.5456656, 10.6934824 ], [ 107.5456369, 10.6935199 ], [ 107.5455978, 10.6936052 ], [ 107.5455878, 10.6936575 ], [ 107.5455869, 10.6937107 ], [ 107.5456043, 10.6937946 ], [ 107.5456381, 10.6938503 ], [ 107.5456645, 10.6938752 ], [ 107.5459278, 10.6940137 ], [ 107.5461032, 10.6941354 ], [ 107.5463408, 10.6943458 ], [ 107.5464669, 10.6944433 ], [ 107.5464995, 10.6944611 ], [ 107.54655, 10.6945145 ], [ 107.5465749, 10.6945886 ], [ 107.5465634, 10.694877 ], [ 107.5465849, 10.6950152 ], [ 107.5466251, 10.6951154 ], [ 107.5466625, 10.6951803 ], [ 107.5466673, 10.6952546 ], [ 107.5466385, 10.6953236 ], [ 107.5465834, 10.6953726 ], [ 107.5465123, 10.6953936 ], [ 107.5464422, 10.6953922 ], [ 107.5464102, 10.6953991 ], [ 107.5463543, 10.6954319 ], [ 107.5463173, 10.6954846 ], [ 107.5463082, 10.6955155 ], [ 107.5463105, 10.6955785 ], [ 107.5463382, 10.6956342 ], [ 107.5463864, 10.6956741 ], [ 107.5464067, 10.6957411 ], [ 107.5463911, 10.6958093 ], [ 107.5463435, 10.6958613 ], [ 107.5462799, 10.6958834 ], [ 107.546213, 10.6958739 ], [ 107.5461833, 10.6958577 ], [ 107.5461048, 10.6957796 ], [ 107.5460594, 10.6957565 ], [ 107.5459601, 10.6957337 ], [ 107.545909, 10.6957348 ], [ 107.5458622, 10.6957432 ], [ 107.5457753, 10.6957805 ], [ 107.5456702, 10.6958712 ], [ 107.5455871, 10.6959113 ], [ 107.5454854, 10.6959251 ], [ 107.5454342, 10.6959193 ], [ 107.5452269, 10.6958676 ], [ 107.545148, 10.6958694 ], [ 107.5450748, 10.6958982 ], [ 107.5450397, 10.6959249 ], [ 107.5449891, 10.6959962 ], [ 107.5449029, 10.6963232 ], [ 107.5449105, 10.6963828 ], [ 107.5449418, 10.6964343 ], [ 107.5449934, 10.69647 ], [ 107.5450248, 10.6964792 ], [ 107.5450899, 10.6964765 ], [ 107.545276, 10.6963778 ], [ 107.5453193, 10.6963482 ], [ 107.5453717, 10.6963426 ], [ 107.5453973, 10.6963495 ], [ 107.5454396, 10.6963805 ], [ 107.545453, 10.6964013 ], [ 107.5454633, 10.6964492 ], [ 107.5454503, 10.6964965 ], [ 107.5451821, 10.6969445 ], [ 107.5451436, 10.6969865 ], [ 107.5450542, 10.6970574 ], [ 107.5448648, 10.697145 ], [ 107.5447989, 10.6972115 ], [ 107.544777, 10.6972529 ], [ 107.5447637, 10.6972977 ], [ 107.5447594, 10.6973443 ], [ 107.5447644, 10.6973909 ], [ 107.5447785, 10.6974357 ], [ 107.5448012, 10.6974769 ], [ 107.5449809, 10.6976746 ], [ 107.5450042, 10.6977085 ], [ 107.5450194, 10.6977466 ], [ 107.5450256, 10.697787 ], [ 107.5450226, 10.6978278 ], [ 107.5450106, 10.697867 ], [ 107.5449901, 10.6979026 ], [ 107.5449622, 10.6979329 ], [ 107.5448911, 10.6979715 ], [ 107.5448101, 10.6979771 ], [ 107.5447342, 10.6979487 ], [ 107.5445166, 10.6977486 ], [ 107.5444823, 10.6977286 ], [ 107.544405, 10.6977101 ], [ 107.5443265, 10.697722 ], [ 107.5442612, 10.6977601 ], [ 107.5442351, 10.6977874 ], [ 107.5442004, 10.6978538 ], [ 107.544213, 10.6980944 ], [ 107.5441902, 10.6981769 ], [ 107.544136, 10.6982439 ], [ 107.5440613, 10.6982836 ], [ 107.5439767, 10.6982917 ], [ 107.5437391, 10.6982518 ], [ 107.5436767, 10.6982335 ], [ 107.5436439, 10.6982344 ], [ 107.5435826, 10.6982558 ], [ 107.5435567, 10.6982755 ], [ 107.5435215, 10.6983248 ], [ 107.5435084, 10.6983835 ], [ 107.5435195, 10.6984494 ], [ 107.5435621, 10.6985759 ], [ 107.5436106, 10.6986585 ], [ 107.5436822, 10.6987286 ], [ 107.5437263, 10.6987569 ], [ 107.5438295, 10.6987956 ], [ 107.5439302, 10.6988519 ], [ 107.54401, 10.6989344 ], [ 107.5440405, 10.6989845 ], [ 107.544077, 10.6990951 ], [ 107.5441089, 10.6994991 ], [ 107.5440924, 10.699545 ], [ 107.5440596, 10.6995786 ], [ 107.544018, 10.6995959 ], [ 107.5439161, 10.6996091 ], [ 107.5438624, 10.6996066 ], [ 107.5437579, 10.6995827 ], [ 107.5434226, 10.6994438 ], [ 107.5433507, 10.69943 ], [ 107.5433141, 10.6994344 ], [ 107.5432478, 10.6994649 ], [ 107.5432, 10.6995195 ], [ 107.5431794, 10.6995844 ], [ 107.5431793, 10.6996185 ], [ 107.5431993, 10.6996835 ], [ 107.5433035, 10.6998021 ], [ 107.5433645, 10.699913 ], [ 107.5433843, 10.6999748 ], [ 107.5434103, 10.7001046 ], [ 107.5434494, 10.7001599 ], [ 107.5434789, 10.7001824 ], [ 107.5435489, 10.7002067 ], [ 107.5436373, 10.7002044 ], [ 107.5437374, 10.7002242 ], [ 107.5438249, 10.7002759 ], [ 107.5438829, 10.7003423 ], [ 107.5439038, 10.7003811 ], [ 107.5439268, 10.7004656 ], [ 107.5439313, 10.7007524 ], [ 107.543959, 10.7008346 ], [ 107.5439832, 10.7008755 ], [ 107.5440482, 10.7009447 ], [ 107.5440878, 10.7009717 ], [ 107.5446296, 10.7011087 ], [ 107.5446682, 10.7011107 ], [ 107.5447402, 10.7011377 ], [ 107.5447703, 10.7011616 ], [ 107.5448125, 10.7012249 ], [ 107.5448249, 10.7012997 ], [ 107.5448054, 10.701373 ], [ 107.5447571, 10.7014323 ], [ 107.5447247, 10.7014533 ], [ 107.5446077, 10.7015055 ], [ 107.5445319, 10.7015629 ], [ 107.5444973, 10.7015996 ], [ 107.5444418, 10.7016833 ], [ 107.5444268, 10.7017328 ], [ 107.5443809, 10.7018256 ], [ 107.5443079, 10.7019143 ], [ 107.5442058, 10.701989 ], [ 107.5440603, 10.7020471 ], [ 107.5439099, 10.7021359 ], [ 107.5437632, 10.7022605 ], [ 107.5437331, 10.7022975 ], [ 107.5436922, 10.7023831 ], [ 107.5436824, 10.7024295 ], [ 107.5436854, 10.702524 ], [ 107.5436974, 10.7025676 ], [ 107.5437402, 10.7026471 ], [ 107.5438048, 10.7027108 ], [ 107.5439408, 10.7027818 ], [ 107.5440373, 10.7028527 ], [ 107.5441251, 10.7029504 ], [ 107.5441897, 10.7030643 ], [ 107.544349, 10.7034926 ], [ 107.5443562, 10.7035937 ], [ 107.5443489, 10.703644 ], [ 107.5443131, 10.703739 ], [ 107.5442427, 10.703829 ], [ 107.5441976, 10.7038647 ], [ 107.5441473, 10.7038929 ], [ 107.5440931, 10.703913 ], [ 107.5437874, 10.703992 ], [ 107.5436645, 10.7040341 ], [ 107.5433828, 10.704156 ], [ 107.5433451, 10.7041849 ], [ 107.5432887, 10.7042604 ], [ 107.543272, 10.7043044 ], [ 107.5432643, 10.7043977 ], [ 107.5432911, 10.7044875 ], [ 107.5433416, 10.7045549 ], [ 107.5434114, 10.7046027 ], [ 107.5434513, 10.7046176 ], [ 107.5435358, 10.7046273 ], [ 107.5435781, 10.7046219 ], [ 107.5437592, 10.7045384 ], [ 107.5438464, 10.7044901 ], [ 107.5440864, 10.7043332 ], [ 107.5441422, 10.7043318 ], [ 107.5441919, 10.7043618 ], [ 107.5442085, 10.7043872 ], [ 107.5442165, 10.7044163 ], [ 107.5442089, 10.7044629 ], [ 107.5441897, 10.7045218 ], [ 107.5441342, 10.7045991 ], [ 107.5440556, 10.7046535 ], [ 107.5439885, 10.7047168 ], [ 107.5439608, 10.7047536 ], [ 107.5439206, 10.704831 ], [ 107.5438667, 10.7050298 ], [ 107.5438559, 10.7051115 ], [ 107.5438538, 10.7052712 ], [ 107.5438753, 10.7054245 ], [ 107.5438946, 10.7054995 ], [ 107.5439313, 10.7055811 ], [ 107.5439884, 10.7056503 ], [ 107.5440621, 10.7057025 ], [ 107.5441473, 10.7057338 ], [ 107.544238, 10.705742 ], [ 107.5442728, 10.7057539 ], [ 107.5443313, 10.7057975 ], [ 107.5443524, 10.7058272 ], [ 107.5443734, 10.7058933 ], [ 107.5443736, 10.7059266 ], [ 107.5443548, 10.7059903 ], [ 107.5443365, 10.7060184 ], [ 107.5442297, 10.7061279 ], [ 107.5440448, 10.7062797 ], [ 107.5438738, 10.7063853 ], [ 107.543598, 10.7065102 ], [ 107.5435219, 10.7065763 ], [ 107.5434727, 10.706654 ], [ 107.5434484, 10.7067337 ], [ 107.5434473, 10.7071112 ], [ 107.5434291, 10.7071743 ], [ 107.5433877, 10.7072258 ], [ 107.5433593, 10.7072452 ], [ 107.5432936, 10.7072653 ], [ 107.5430475, 10.7072656 ], [ 107.5430201, 10.7072759 ], [ 107.5429783, 10.7073154 ], [ 107.5429624, 10.7073698 ], [ 107.5429763, 10.7074244 ], [ 107.5429934, 10.7074472 ], [ 107.5432194, 10.7075849 ], [ 107.5432426, 10.7076218 ], [ 107.5432418, 10.7076665 ], [ 107.5432152, 10.7077045 ], [ 107.5431363, 10.7077584 ], [ 107.5430896, 10.7078139 ], [ 107.5430578, 10.7078794 ], [ 107.5430342, 10.7080329 ], [ 107.5429966, 10.7080809 ], [ 107.5429424, 10.708102 ], [ 107.542888, 10.7080951 ], [ 107.5428636, 10.7080822 ], [ 107.5427685, 10.7079958 ], [ 107.5427147, 10.7079721 ], [ 107.5426558, 10.7079755 ], [ 107.5426286, 10.7079875 ], [ 107.5425889, 10.708025 ], [ 107.5425764, 10.7080494 ], [ 107.5425693, 10.7081031 ], [ 107.5425897, 10.708177 ], [ 107.5426004, 10.7082749 ], [ 107.5425857, 10.7083723 ], [ 107.5425656, 10.7084268 ], [ 107.5425018, 10.7085241 ], [ 107.5423582, 10.7086471 ], [ 107.5423149, 10.7086959 ], [ 107.5422481, 10.7088011 ], [ 107.5422064, 10.7089124 ], [ 107.5421351, 10.7092446 ], [ 107.5421187, 10.7092843 ], [ 107.5420632, 10.7093499 ], [ 107.5420265, 10.7093731 ], [ 107.5419427, 10.7093953 ], [ 107.5418991, 10.7093935 ], [ 107.5418276, 10.7093701 ], [ 107.5417689, 10.7093238 ], [ 107.5417466, 10.7092938 ], [ 107.5417019, 10.7091682 ], [ 107.5416895, 10.7091509 ], [ 107.5416534, 10.7091284 ], [ 107.541608, 10.709127 ], [ 107.5415854, 10.709136 ], [ 107.5414287, 10.7092715 ], [ 107.5413036, 10.7093658 ], [ 107.5412559, 10.7093953 ], [ 107.5411518, 10.7094375 ], [ 107.5410968, 10.7094496 ], [ 107.5409884, 10.7094553 ], [ 107.5408853, 10.7094387 ], [ 107.5407333, 10.7093786 ], [ 107.5406224, 10.7093671 ], [ 107.5405241, 10.7093854 ], [ 107.5404346, 10.7094291 ], [ 107.5402106, 10.7096 ], [ 107.5401635, 10.7096473 ], [ 107.5400872, 10.7097563 ], [ 107.540039, 10.7098764 ], [ 107.5400264, 10.7099383 ], [ 107.5400242, 10.7100642 ], [ 107.5400364, 10.7101336 ], [ 107.540058, 10.7102008 ], [ 107.5401041, 10.7102908 ], [ 107.5401253, 10.7103129 ], [ 107.5401801, 10.7103403 ], [ 107.5402415, 10.710341 ], [ 107.5402956, 10.7103157 ], [ 107.540317, 10.710295 ], [ 107.5403434, 10.7102421 ], [ 107.5403725, 10.7101201 ], [ 107.5403912, 10.7100901 ], [ 107.5404171, 10.7100657 ], [ 107.5404485, 10.7100487 ], [ 107.5404832, 10.7100401 ], [ 107.5405497, 10.7100483 ], [ 107.5405777, 10.7100627 ], [ 107.5406203, 10.710108 ], [ 107.5406384, 10.710167 ], [ 107.5406519, 10.7103251 ], [ 107.5406894, 10.7105808 ], [ 107.5407135, 10.711013 ], [ 107.5407072, 10.7110861 ], [ 107.5406706, 10.7111501 ], [ 107.5406173, 10.7111903 ], [ 107.5405526, 10.711208 ], [ 107.5402855, 10.7112159 ], [ 107.5402301, 10.7111887 ], [ 107.5402093, 10.7111659 ], [ 107.5401952, 10.7111397 ], [ 107.5401794, 10.7110547 ], [ 107.5401649, 10.7110305 ], [ 107.5401221, 10.7109961 ], [ 107.5400699, 10.7109839 ], [ 107.5399806, 10.7109933 ], [ 107.5398552, 10.7109919 ], [ 107.5397747, 10.7109806 ], [ 107.5396957, 10.7109612 ], [ 107.539583, 10.7109219 ], [ 107.5395451, 10.7109167 ], [ 107.5394697, 10.7109276 ], [ 107.5394037, 10.7109649 ], [ 107.5393563, 10.7110236 ], [ 107.5393419, 10.7110584 ], [ 107.5393339, 10.7111329 ], [ 107.5393407, 10.71117 ], [ 107.5393747, 10.7112371 ], [ 107.5397386, 10.711564 ], [ 107.5397706, 10.7116093 ], [ 107.5398107, 10.711712 ], [ 107.5398177, 10.7117668 ], [ 107.5398102, 10.7118548 ], [ 107.5397801, 10.7119381 ], [ 107.5397351, 10.7119913 ], [ 107.5396978, 10.7120501 ], [ 107.5396689, 10.7121132 ], [ 107.5396491, 10.7121797 ], [ 107.5396385, 10.7122481 ], [ 107.5396375, 10.7123174 ], [ 107.539646, 10.7123861 ], [ 107.5396827, 10.7124999 ], [ 107.5397453, 10.7126022 ], [ 107.5398044, 10.7126735 ], [ 107.5398234, 10.7127157 ], [ 107.5398343, 10.7127606 ], [ 107.5398311, 10.7128526 ], [ 107.5397972, 10.7129344 ], [ 107.5397701, 10.7129698 ], [ 107.5396581, 10.7130811 ], [ 107.5395883, 10.7131885 ], [ 107.539539, 10.7133225 ], [ 107.5395226, 10.713464 ], [ 107.5395091, 10.713516 ], [ 107.5394882, 10.7135657 ], [ 107.5394261, 10.7136537 ], [ 107.5393891, 10.713688 ], [ 107.5393032, 10.7137408 ], [ 107.5390817, 10.7138032 ], [ 107.5389674, 10.7138619 ], [ 107.5388734, 10.7139382 ], [ 107.5388328, 10.7139829 ], [ 107.5387663, 10.7140833 ], [ 107.5385624, 10.7145129 ], [ 107.5385455, 10.7145564 ], [ 107.5385347, 10.7146486 ], [ 107.538552, 10.714732 ], [ 107.5385892, 10.7148002 ], [ 107.5387682, 10.7149795 ], [ 107.5387801, 10.7150337 ], [ 107.538763, 10.7150829 ], [ 107.5387467, 10.7151014 ], [ 107.5387031, 10.7151243 ], [ 107.538601, 10.7151224 ], [ 107.538499, 10.7150988 ], [ 107.5383594, 10.7150233 ], [ 107.5382568, 10.7149849 ], [ 107.5381439, 10.714969 ], [ 107.5380846, 10.7149708 ], [ 107.538026, 10.7149794 ], [ 107.537744, 10.7150814 ], [ 107.5376873, 10.7151177 ], [ 107.5376478, 10.7151718 ], [ 107.5376368, 10.7152015 ], [ 107.5376313, 10.7152644 ], [ 107.537649, 10.7153409 ], [ 107.5376909, 10.7154247 ], [ 107.5377583, 10.7154976 ], [ 107.5378014, 10.7155275 ], [ 107.5378988, 10.7155666 ], [ 107.5379954, 10.7155816 ], [ 107.5380378, 10.7155963 ], [ 107.5381105, 10.7156478 ], [ 107.5381381, 10.7156828 ], [ 107.5381708, 10.7157647 ], [ 107.53817, 10.7158538 ], [ 107.5381352, 10.7159359 ], [ 107.5380716, 10.7159993 ], [ 107.5375378, 10.7162892 ], [ 107.5374774, 10.7163213 ], [ 107.5373472, 10.7163632 ], [ 107.5372792, 10.7163724 ], [ 107.537148, 10.7163675 ], [ 107.5370268, 10.7163356 ], [ 107.5369696, 10.7163101 ], [ 107.5369155, 10.7162786 ], [ 107.5368394, 10.7162199 ], [ 107.5367955, 10.7161996 ], [ 107.5367008, 10.7161799 ], [ 107.5366522, 10.7161809 ], [ 107.5365539, 10.7162062 ], [ 107.536507, 10.7162314 ], [ 107.5364651, 10.7162639 ], [ 107.5364006, 10.7163472 ], [ 107.5363321, 10.7165513 ], [ 107.536289, 10.7167621 ], [ 107.5362718, 10.7169815 ], [ 107.5362736, 10.7170941 ], [ 107.5362982, 10.7173542 ], [ 107.5362919, 10.7174284 ], [ 107.5362763, 10.7175013 ], [ 107.5362516, 10.7175717 ], [ 107.5361813, 10.7176944 ], [ 107.53609, 10.7177924 ], [ 107.5359788, 10.7178681 ], [ 107.5358534, 10.7179179 ], [ 107.5357549, 10.7179944 ], [ 107.5356799, 10.7180932 ], [ 107.5356529, 10.718149 ], [ 107.5356229, 10.7182613 ], [ 107.5356209, 10.7183702 ], [ 107.5356294, 10.718424 ], [ 107.5356729, 10.7185767 ], [ 107.5356926, 10.7186788 ], [ 107.5357032, 10.7187823 ], [ 107.5357046, 10.7188829 ], [ 107.5356817, 10.7190827 ], [ 107.5356817, 10.7200789 ], [ 107.535676, 10.7202064 ], [ 107.5356374, 10.7203283 ], [ 107.5355686, 10.7204367 ], [ 107.5355242, 10.7204835 ], [ 107.5354189, 10.7205586 ], [ 107.5353489, 10.7206393 ], [ 107.5352861, 10.7207256 ], [ 107.5352311, 10.7208168 ], [ 107.5351526, 10.7209917 ], [ 107.5351238, 10.721083 ], [ 107.5350972, 10.7212093 ], [ 107.5350746, 10.7212699 ], [ 107.5350135, 10.7213808 ], [ 107.534976, 10.7214303 ], [ 107.5348878, 10.7215178 ], [ 107.5346607, 10.7216592 ], [ 107.5343975, 10.7217852 ], [ 107.5341564, 10.7218772 ], [ 107.5341065, 10.7218835 ], [ 107.5340144, 10.7218734 ], [ 107.5338635, 10.7218048 ], [ 107.5337829, 10.7218036 ], [ 107.5337101, 10.721836 ], [ 107.5335857, 10.7219379 ], [ 107.5334856, 10.7220061 ], [ 107.5332725, 10.7221219 ], [ 107.5330447, 10.7222083 ], [ 107.5329265, 10.72224 ], [ 107.5327573, 10.7222712 ], [ 107.5327076, 10.7222719 ], [ 107.5326103, 10.722253 ], [ 107.5325646, 10.7222337 ], [ 107.5324806, 10.7221745 ], [ 107.5324155, 10.7220905 ], [ 107.5323933, 10.7220423 ], [ 107.5323762, 10.7219451 ], [ 107.5323863, 10.721847 ], [ 107.5324267, 10.7217486 ], [ 107.5324999, 10.7216608 ], [ 107.5326433, 10.7215695 ], [ 107.5326637, 10.7215189 ], [ 107.532651, 10.7214658 ], [ 107.5326095, 10.7214294 ], [ 107.5325824, 10.721422 ], [ 107.5322616, 10.7214085 ], [ 107.5321788, 10.7214309 ], [ 107.5321063, 10.7214888 ], [ 107.5320503, 10.7216131 ], [ 107.5319695, 10.7217234 ], [ 107.531913, 10.7217789 ], [ 107.5318501, 10.7218275 ], [ 107.5317818, 10.7218683 ], [ 107.5317197, 10.721934 ], [ 107.5316772, 10.7220133 ], [ 107.5316557, 10.722124 ], [ 107.5316394, 10.7221725 ], [ 107.5315833, 10.7222584 ], [ 107.5315136, 10.7223147 ], [ 107.5313963, 10.7223718 ], [ 107.5313365, 10.7224323 ], [ 107.5312999, 10.7225143 ], [ 107.5312909, 10.7227169 ], [ 107.5312831, 10.7227515 ], [ 107.5312504, 10.7228143 ], [ 107.5311912, 10.7228677 ], [ 107.531151, 10.7228868 ], [ 107.5311076, 10.7228973 ], [ 107.530688, 10.7229122 ], [ 107.5304543, 10.722936 ], [ 107.530217, 10.7229854 ], [ 107.5299793, 10.7230622 ], [ 107.5295107, 10.7232831 ], [ 107.5294306, 10.7233402 ], [ 107.5293678, 10.7234153 ], [ 107.5293269, 10.7235013 ], [ 107.5293149, 10.7235474 ], [ 107.5293007, 10.7237026 ], [ 107.529267, 10.7237845 ], [ 107.5292417, 10.7238212 ], [ 107.5291805, 10.7238769 ], [ 107.5290459, 10.723974 ], [ 107.5289337, 10.7240319 ], [ 107.5288126, 10.7240689 ], [ 107.5287362, 10.7240806 ], [ 107.5285819, 10.72409 ], [ 107.5282955, 10.7240671 ], [ 107.5282204, 10.7240906 ], [ 107.528158, 10.7241418 ], [ 107.5281196, 10.7242152 ], [ 107.5280723, 10.7243983 ], [ 107.527941, 10.7247473 ], [ 107.5278926, 10.7249491 ], [ 107.5278893, 10.7251874 ], [ 107.527914, 10.7256044 ], [ 107.5278983, 10.7257812 ], [ 107.5278519, 10.7259527 ], [ 107.5277764, 10.726113 ], [ 107.5276747, 10.7262575 ], [ 107.5275493, 10.7263827 ], [ 107.5271684, 10.7266911 ], [ 107.5271427, 10.7267271 ], [ 107.5271133, 10.7268098 ], [ 107.5271156, 10.7268973 ], [ 107.5271496, 10.7269783 ], [ 107.5271754, 10.7270111 ], [ 107.5272421, 10.7270614 ], [ 107.5273221, 10.7270867 ], [ 107.527392, 10.7270945 ], [ 107.5274393, 10.7271246 ], [ 107.5274661, 10.7271733 ], [ 107.5274695, 10.7272001 ], [ 107.5274567, 10.7272522 ], [ 107.5274412, 10.7272745 ], [ 107.5273964, 10.7273051 ], [ 107.5270751, 10.7274276 ], [ 107.5270448, 10.7274493 ], [ 107.5269967, 10.7275054 ], [ 107.5269789, 10.7275417 ], [ 107.5269639, 10.7276207 ], [ 107.526994, 10.7278743 ], [ 107.5269908, 10.7279194 ], [ 107.5269594, 10.7280038 ], [ 107.5269, 10.7280704 ], [ 107.5268628, 10.7280942 ], [ 107.5267783, 10.7281205 ], [ 107.5265059, 10.7281326 ], [ 107.5264529, 10.7281432 ], [ 107.5263549, 10.7281875 ], [ 107.5263123, 10.7282202 ], [ 107.5262446, 10.7283027 ], [ 107.5262055, 10.7284014 ], [ 107.5261979, 10.7284539 ], [ 107.5262075, 10.7285594 ], [ 107.5262491, 10.728657 ], [ 107.5263805, 10.7287532 ], [ 107.5264173, 10.7287955 ], [ 107.5264241, 10.7288507 ], [ 107.5264032, 10.7288953 ], [ 107.5263849, 10.7289122 ], [ 107.5263382, 10.7289298 ], [ 107.5260061, 10.7289785 ], [ 107.5259547, 10.729012 ], [ 107.5259254, 10.7290654 ], [ 107.5259252, 10.7291261 ], [ 107.5259351, 10.7291524 ], [ 107.5259714, 10.7291953 ], [ 107.5260231, 10.7292183 ], [ 107.5262591, 10.729221 ], [ 107.5263298, 10.7292359 ], [ 107.5263877, 10.7292786 ], [ 107.5264083, 10.7293081 ], [ 107.5264281, 10.7293765 ], [ 107.5264264, 10.7294121 ], [ 107.5264003, 10.7294782 ], [ 107.5261503, 10.729738 ], [ 107.5261276, 10.7297765 ], [ 107.5261009, 10.7298614 ], [ 107.5261018, 10.7299561 ], [ 107.5261861, 10.7302176 ], [ 107.5262672, 10.7305676 ], [ 107.5263101, 10.7308786 ], [ 107.5263103, 10.7310462 ], [ 107.5262777, 10.7312107 ], [ 107.5262134, 10.731366 ], [ 107.5261199, 10.7315062 ], [ 107.5260005, 10.7316264 ], [ 107.5259322, 10.7316775 ], [ 107.5257823, 10.7317591 ], [ 107.5256191, 10.7318106 ], [ 107.5254488, 10.7318302 ], [ 107.5252779, 10.731817 ], [ 107.5251943, 10.7317983 ], [ 107.5249937, 10.7317334 ], [ 107.5248908, 10.7317101 ], [ 107.5246702, 10.7316811 ], [ 107.5245121, 10.7316768 ], [ 107.5244719, 10.7316685 ], [ 107.5244004, 10.7316296 ], [ 107.5243532, 10.7315727 ], [ 107.5243382, 10.731539 ], [ 107.5243279, 10.7314663 ], [ 107.5243519, 10.7311907 ], [ 107.5243311, 10.7311291 ], [ 107.5243118, 10.7311026 ], [ 107.5242598, 10.7310635 ], [ 107.5241965, 10.7310472 ], [ 107.5240329, 10.7310578 ], [ 107.5239768, 10.7310823 ], [ 107.5239382, 10.7311291 ], [ 107.5239255, 10.7311865 ], [ 107.5239392, 10.7312419 ], [ 107.5239782, 10.731323 ], [ 107.5240007, 10.7314433 ], [ 107.5239999, 10.7315047 ], [ 107.5239739, 10.7316244 ], [ 107.5239483, 10.7316824 ], [ 107.5238748, 10.7317857 ], [ 107.5237759, 10.7318661 ], [ 107.5236676, 10.7319294 ], [ 107.5235797, 10.7320144 ], [ 107.5235147, 10.7321228 ], [ 107.5234699, 10.7322774 ], [ 107.5234306, 10.7323236 ], [ 107.5233743, 10.7323474 ], [ 107.5233132, 10.7323437 ], [ 107.5232603, 10.7323133 ], [ 107.5232406, 10.7322899 ], [ 107.523227, 10.7322627 ], [ 107.523137, 10.7318352 ], [ 107.523125, 10.7318047 ], [ 107.5230829, 10.7317546 ], [ 107.5230548, 10.7317372 ], [ 107.5229905, 10.7317218 ], [ 107.5229573, 10.7317245 ], [ 107.5228982, 10.7317488 ], [ 107.5228541, 10.7317944 ], [ 107.5228324, 10.7318536 ], [ 107.5228321, 10.7319261 ], [ 107.5228159, 10.732006 ], [ 107.5227797, 10.7320742 ], [ 107.5227068, 10.732156 ], [ 107.522651, 10.7322033 ], [ 107.5225269, 10.7322754 ], [ 107.5224606, 10.7322998 ], [ 107.5222758, 10.7323337 ], [ 107.522232, 10.7323496 ], [ 107.5221557, 10.732402 ], [ 107.5221017, 10.7324763 ], [ 107.522085, 10.7325191 ], [ 107.5220749, 10.73261 ], [ 107.5220813, 10.7326537 ], [ 107.5221153, 10.7327351 ], [ 107.5221419, 10.7327706 ], [ 107.522211, 10.7328266 ], [ 107.5222948, 10.7328577 ], [ 107.5223685, 10.7329035 ], [ 107.5224263, 10.7329678 ], [ 107.5224634, 10.7330451 ], [ 107.5224772, 10.7331291 ], [ 107.5224656, 10.7335799 ], [ 107.5224534, 10.7336207 ], [ 107.5224055, 10.7336909 ], [ 107.5223342, 10.7337365 ], [ 107.5222506, 10.733751 ], [ 107.5218093, 10.73373 ], [ 107.5217354, 10.7337356 ], [ 107.5216699, 10.7337695 ], [ 107.5216273, 10.733819 ], [ 107.5216135, 10.7338486 ], [ 107.5216064, 10.7340149 ], [ 107.5215832, 10.7340966 ], [ 107.5215358, 10.7341674 ], [ 107.5214705, 10.7342197 ], [ 107.5214326, 10.734238 ], [ 107.5213507, 10.734257 ], [ 107.5208813, 10.734257 ], [ 107.5208305, 10.7342683 ], [ 107.5207989, 10.734309 ], [ 107.5207955, 10.7343348 ], [ 107.5208136, 10.7343801 ], [ 107.5208562, 10.7344049 ], [ 107.5209108, 10.7344055 ], [ 107.520939, 10.7344137 ], [ 107.5209817, 10.7344527 ], [ 107.5209939, 10.7345087 ], [ 107.5209883, 10.734533 ], [ 107.5209591, 10.7345731 ], [ 107.5209133, 10.7345935 ], [ 107.5208491, 10.7345996 ], [ 107.5207767, 10.7346312 ], [ 107.5207174, 10.7346802 ], [ 107.5206478, 10.7347663 ], [ 107.5205862, 10.7348052 ], [ 107.520503, 10.7348236 ], [ 107.5202349, 10.7348104 ], [ 107.5202009, 10.7348132 ], [ 107.520139, 10.7348402 ], [ 107.5200944, 10.7348923 ], [ 107.5200821, 10.7349252 ], [ 107.5200788, 10.7350856 ], [ 107.5200659, 10.7351293 ], [ 107.5200207, 10.7352055 ], [ 107.5199532, 10.7352637 ], [ 107.5197118, 10.7353981 ], [ 107.5196555, 10.7354199 ], [ 107.5195363, 10.7354398 ], [ 107.5194185, 10.7354279 ], [ 107.5193103, 10.7353866 ], [ 107.5192612, 10.7353559 ], [ 107.5192122, 10.7352998 ], [ 107.5191795, 10.7352809 ], [ 107.5191057, 10.7352663 ], [ 107.5190711, 10.7352706 ], [ 107.5190082, 10.7352988 ], [ 107.5189661, 10.7353446 ], [ 107.5189201, 10.7353767 ], [ 107.5188643, 10.7353849 ], [ 107.5188126, 10.7353688 ], [ 107.5187167, 10.735288 ], [ 107.5186483, 10.7352657 ], [ 107.5186121, 10.7352637 ], [ 107.5185716, 10.735269 ], [ 107.5184977, 10.7353027 ], [ 107.5184128, 10.7353955 ], [ 107.5183773, 10.7354201 ], [ 107.5183378, 10.7354378 ], [ 107.5182539, 10.7354508 ], [ 107.5181723, 10.7354344 ], [ 107.5181349, 10.7354159 ], [ 107.5180329, 10.7353238 ], [ 107.5179408, 10.735264 ], [ 107.517837, 10.7352268 ], [ 107.5177279, 10.7352144 ], [ 107.5176729, 10.7352176 ], [ 107.5175661, 10.7352426 ], [ 107.5171443, 10.7354267 ], [ 107.5171117, 10.7354362 ], [ 107.5170441, 10.7354362 ], [ 107.5169814, 10.7354113 ], [ 107.5169521, 10.735388 ], [ 107.5169117, 10.735326 ], [ 107.5169009, 10.7352532 ], [ 107.5169384, 10.7349264 ], [ 107.5169361, 10.7349009 ], [ 107.516914, 10.7348548 ], [ 107.5168955, 10.7348368 ], [ 107.5168458, 10.734815 ], [ 107.5167914, 10.7348188 ], [ 107.5166126, 10.734911 ], [ 107.5163502, 10.7350161 ], [ 107.5160383, 10.7351069 ], [ 107.5159409, 10.7351516 ], [ 107.515898, 10.7351836 ], [ 107.515828, 10.7352637 ], [ 107.5158046, 10.7353053 ], [ 107.5157748, 10.7353956 ], [ 107.515769, 10.7354903 ], [ 107.5157922, 10.7362059 ], [ 107.515786, 10.73631 ], [ 107.5157499, 10.7365153 ], [ 107.5157203, 10.7366154 ], [ 107.5156156, 10.7368813 ], [ 107.5155955, 10.7369696 ], [ 107.5155848, 10.7370595 ], [ 107.5155836, 10.73715 ], [ 107.515592, 10.7372401 ], [ 107.5156318, 10.7374014 ], [ 107.5157019, 10.7375524 ], [ 107.5158005, 10.7377004 ], [ 107.5158165, 10.7377448 ], [ 107.5158253, 10.7378383 ], [ 107.5158041, 10.7379267 ], [ 107.5157557, 10.738004 ], [ 107.5157227, 10.738036 ], [ 107.5154984, 10.7381888 ], [ 107.5154518, 10.738249 ], [ 107.5154262, 10.738324 ], [ 107.5154232, 10.7383654 ], [ 107.5154277, 10.7384067 ], [ 107.5154705, 10.7385214 ], [ 107.5154757, 10.7385604 ], [ 107.5154735, 10.7385997 ], [ 107.5154471, 10.7386737 ], [ 107.5154211, 10.738709 ], [ 107.5153881, 10.7387382 ], [ 107.5153498, 10.7387602 ], [ 107.5153077, 10.7387739 ], [ 107.5149301, 10.7387944 ], [ 107.514793, 10.7388296 ], [ 107.5146625, 10.7388966 ], [ 107.5146019, 10.7389425 ], [ 107.5145473, 10.7389952 ], [ 107.5144662, 10.7391002 ], [ 107.5144173, 10.7391454 ], [ 107.5143071, 10.7392176 ], [ 107.514185, 10.739264 ], [ 107.5138073, 10.7393458 ], [ 107.5136782, 10.7393991 ], [ 107.5135584, 10.7394813 ], [ 107.5132428, 10.7397753 ], [ 107.5131128, 10.7398759 ], [ 107.5129762, 10.739957 ], [ 107.5125425, 10.7401589 ], [ 107.51249, 10.7401929 ], [ 107.5123986, 10.7402775 ], [ 107.5123608, 10.7403269 ], [ 107.5123036, 10.7404367 ], [ 107.5122718, 10.7405679 ], [ 107.5122686, 10.7406355 ], [ 107.5123275, 10.7413307 ], [ 107.5123225, 10.7415659 ], [ 107.5122955, 10.7418044 ], [ 107.5120718, 10.7428606 ], [ 107.5120438, 10.7429454 ], [ 107.5119656, 10.7431061 ], [ 107.5118567, 10.7432547 ], [ 107.5117223, 10.7433816 ], [ 107.5115669, 10.7434827 ], [ 107.510249, 10.7441023 ], [ 107.5090688, 10.744761 ], [ 107.508468, 10.7449033 ], [ 107.5079262, 10.7452248 ], [ 107.5064643, 10.7456055 ], [ 107.5063447, 10.74566 ], [ 107.5062901, 10.7456966 ], [ 107.5061949, 10.7457861 ], [ 107.5061197, 10.7458978 ], [ 107.5060721, 10.7460233 ], [ 107.5059785, 10.7467365 ], [ 107.5059575, 10.7468323 ], [ 107.5058716, 10.7470958 ], [ 107.5057899, 10.7472663 ], [ 107.5057402, 10.7474483 ], [ 107.5057241, 10.747636 ], [ 107.505729, 10.7477314 ], [ 107.5057647, 10.747919 ], [ 107.5059079, 10.7482985 ], [ 107.505955, 10.7485074 ], [ 107.5059749, 10.7487407 ], [ 107.5059717, 10.7488678 ], [ 107.5059279, 10.7491897 ], [ 107.5059271, 10.7492603 ], [ 107.5059336, 10.7493306 ], [ 107.5059682, 10.7494675 ], [ 107.5059999, 10.7495406 ], [ 107.50604, 10.7496096 ], [ 107.5060878, 10.7496737 ], [ 107.5061428, 10.749732 ], [ 107.5062042, 10.7497837 ], [ 107.5062783, 10.7498299 ], [ 107.5064111, 10.749942 ], [ 107.5065198, 10.750077 ], [ 107.5065637, 10.7501515 ], [ 107.5066289, 10.7503113 ], [ 107.5066623, 10.7504857 ], [ 107.5066657, 10.7505773 ], [ 107.5066595, 10.7506687 ], [ 107.5066439, 10.750759 ], [ 107.506619, 10.7508473 ], [ 107.5065851, 10.7509326 ], [ 107.5065416, 10.7510266 ], [ 107.5064322, 10.7512028 ], [ 107.5062388, 10.7514233 ], [ 107.5062087, 10.7515026 ], [ 107.5062088, 10.7515873 ], [ 107.5062373, 10.7516634 ], [ 107.5062873, 10.7517232 ], [ 107.5063191, 10.7517463 ], [ 107.5064694, 10.7518148 ], [ 107.5065423, 10.7518615 ], [ 107.5066097, 10.7519154 ], [ 107.5066709, 10.7519761 ], [ 107.5067691, 10.752109 ], [ 107.5068074, 10.7521821 ], [ 107.5068605, 10.7523378 ], [ 107.5068748, 10.7524188 ], [ 107.5069445, 10.7538576 ], [ 107.5068933, 10.7540244 ], [ 107.5068782, 10.7541104 ], [ 107.5068694, 10.7542844 ], [ 107.5068854, 10.7544363 ], [ 107.5069606, 10.7547206 ], [ 107.5069821, 10.7548273 ], [ 107.5069989, 10.7549409 ], [ 107.5070143, 10.7551698 ], [ 107.5070423, 10.7553216 ], [ 107.5071001, 10.755465 ], [ 107.5071415, 10.7555348 ], [ 107.5072449, 10.75566 ], [ 107.507717, 10.7560394 ], [ 107.5077616, 10.7560781 ], [ 107.5078349, 10.75617 ], [ 107.5078833, 10.7562766 ], [ 107.5079028, 10.7563743 ], [ 107.5078985, 10.7565027 ], [ 107.5078841, 10.7565803 ], [ 107.5078288, 10.7567355 ], [ 107.5077871, 10.7568109 ], [ 107.5077371, 10.7568813 ], [ 107.5076796, 10.7569459 ], [ 107.5073746, 10.7571956 ], [ 107.507261, 10.757299 ], [ 107.5071384, 10.7574215 ], [ 107.5069123, 10.7576837 ], [ 107.506825, 10.7577655 ], [ 107.5067749, 10.7577988 ], [ 107.506665, 10.7578477 ], [ 107.5065445, 10.7578717 ], [ 107.5064195, 10.7578681 ], [ 107.5063581, 10.7578556 ], [ 107.5062418, 10.7578102 ], [ 107.5061286, 10.7577817 ], [ 107.5060117, 10.7577817 ], [ 107.5058985, 10.7578102 ], [ 107.5058479, 10.7578333 ], [ 107.505757, 10.7578964 ], [ 107.5056839, 10.7579788 ], [ 107.5056272, 10.7580711 ], [ 107.5055908, 10.7581116 ], [ 107.5055093, 10.7581755 ], [ 107.5054202, 10.7582179 ], [ 107.5052135, 10.7582834 ], [ 107.505067, 10.7583636 ], [ 107.5049346, 10.7584733 ], [ 107.5048264, 10.7586062 ], [ 107.5045037, 10.7591488 ], [ 107.5032806, 10.7600289 ], [ 107.5029051, 10.7604505 ], [ 107.5019449, 10.761104 ], [ 107.5052501, 10.7715976 ], [ 107.502256, 10.7711592 ], [ 107.5011241, 10.7705637 ], [ 107.5006199, 10.7698048 ], [ 107.4997133, 10.7694991 ], [ 107.4985197, 10.7684214 ], [ 107.4982656, 10.7682721 ], [ 107.4979994, 10.7681448 ], [ 107.497846, 10.7680835 ], [ 107.4975312, 10.7679831 ], [ 107.4973705, 10.7679442 ], [ 107.4957409, 10.7676309 ], [ 107.4952348, 10.7681427 ], [ 107.4951922, 10.7681738 ], [ 107.4950945, 10.7682133 ], [ 107.4950516, 10.7682199 ], [ 107.494965, 10.7682159 ], [ 107.4941933, 10.7679867 ], [ 107.4940199, 10.7679468 ], [ 107.4938425, 10.7679319 ], [ 107.4936517, 10.7679441 ], [ 107.4934525, 10.7679891 ], [ 107.4906528, 10.7689669 ], [ 107.4868441, 10.7687877 ], [ 107.4849772, 10.7685505 ], [ 107.483561, 10.7701895 ], [ 107.4805704, 10.7756543 ], [ 107.4801815, 10.7758968 ], [ 107.4801602, 10.7760046 ], [ 107.4801382, 10.7760552 ], [ 107.4800763, 10.7761418 ], [ 107.4799964, 10.7762066 ], [ 107.4799506, 10.7762307 ], [ 107.4798515, 10.7762604 ], [ 107.4797255, 10.7765713 ], [ 107.4793607, 10.7769929 ], [ 107.4787974, 10.7779625 ], [ 107.478025, 10.7785053 ], [ 107.4776172, 10.7791241 ], [ 107.4775851, 10.779222 ], [ 107.4775824, 10.7793137 ], [ 107.4775904, 10.779359 ], [ 107.4776306, 10.7794837 ], [ 107.4776389, 10.7796108 ], [ 107.4776173, 10.7797328 ], [ 107.4775749, 10.779871 ], [ 107.4775475, 10.7800335 ], [ 107.4775405, 10.7802304 ], [ 107.4775475, 10.7803718 ], [ 107.4775261, 10.7804551 ], [ 107.477475, 10.7805305 ], [ 107.4772257, 10.7807344 ], [ 107.4772135, 10.7807941 ], [ 107.4771703, 10.780908 ], [ 107.4771001, 10.7810151 ], [ 107.4770542, 10.7810643 ], [ 107.4769467, 10.7811455 ], [ 107.476851, 10.7811942 ], [ 107.4767459, 10.7812176 ], [ 107.4766595, 10.781217 ], [ 107.4765974, 10.7812346 ], [ 107.4765485, 10.7812804 ], [ 107.4765335, 10.781312 ], [ 107.4765272, 10.7813464 ], [ 107.4765417, 10.7814142 ], [ 107.4767858, 10.7820202 ], [ 107.4768287, 10.782895 ], [ 107.4766409, 10.7830531 ], [ 107.476362, 10.7835432 ], [ 107.4762748, 10.7836503 ], [ 107.4761769, 10.7837284 ], [ 107.4760777, 10.7837803 ], [ 107.4757153, 10.7839003 ], [ 107.4756445, 10.7839484 ], [ 107.4755955, 10.7840142 ], [ 107.4755803, 10.7840506 ], [ 107.4755681, 10.7841281 ], [ 107.4755758, 10.7842281 ], [ 107.4755681, 10.7844285 ], [ 107.4755292, 10.7846271 ], [ 107.4754983, 10.7847236 ], [ 107.4752945, 10.7851557 ], [ 107.4752683, 10.7852705 ], [ 107.4752355, 10.7855035 ], [ 107.4752283, 10.7856404 ], [ 107.4752369, 10.7859159 ], [ 107.4752271, 10.7859846 ], [ 107.4751944, 10.7860884 ], [ 107.475139, 10.7861935 ], [ 107.4750414, 10.7863185 ], [ 107.4749153, 10.7864244 ], [ 107.474842, 10.7864683 ], [ 107.4747642, 10.786504 ], [ 107.4746829, 10.7865311 ], [ 107.4746298, 10.7865585 ], [ 107.4745816, 10.7865937 ], [ 107.4745396, 10.7866359 ], [ 107.4745049, 10.786684 ], [ 107.4744782, 10.7867369 ], [ 107.4744603, 10.7867932 ], [ 107.4744516, 10.7868515 ], [ 107.4744523, 10.7869105 ], [ 107.4744619, 10.7869672 ], [ 107.4745069, 10.7870731 ], [ 107.4745823, 10.7871607 ], [ 107.4748868, 10.7873637 ], [ 107.474969, 10.7874679 ], [ 107.4749995, 10.7875268 ], [ 107.475037, 10.7876535 ], [ 107.4750431, 10.7877143 ], [ 107.4750337, 10.7878361 ], [ 107.4749961, 10.7879524 ], [ 107.474914, 10.7881029 ], [ 107.4748692, 10.7882032 ], [ 107.4748331, 10.7883069 ], [ 107.4748062, 10.7884125 ], [ 107.4747882, 10.7885199 ], [ 107.4747689, 10.7887215 ], [ 107.4747491, 10.7888131 ], [ 107.4747205, 10.7889024 ], [ 107.4746903, 10.7889736 ], [ 107.4746132, 10.7891079 ], [ 107.4743771, 10.7894346 ], [ 107.4743178, 10.7895317 ], [ 107.4742162, 10.789735 ], [ 107.4741308, 10.7899744 ], [ 107.4740998, 10.7900976 ], [ 107.4740569, 10.7903353 ], [ 107.4739968, 10.7905411 ], [ 107.4739587, 10.7906335 ], [ 107.4737987, 10.7908967 ], [ 107.4737556, 10.7910094 ], [ 107.4737442, 10.7910682 ], [ 107.4737227, 10.791358 ], [ 107.4734116, 10.7915635 ], [ 107.4729642, 10.7920292 ], [ 107.4728396, 10.7921254 ], [ 107.47269, 10.7922038 ], [ 107.472623, 10.7922618 ], [ 107.4725157, 10.7924251 ], [ 107.472454, 10.7925391 ], [ 107.4722956, 10.7929142 ], [ 107.4722276, 10.7930461 ], [ 107.4721509, 10.7931734 ], [ 107.4719876, 10.7933945 ], [ 107.471842, 10.7935567 ], [ 107.4717835, 10.7936118 ], [ 107.4716547, 10.7937082 ], [ 107.4714884, 10.7937952 ], [ 107.4714304, 10.7938064 ], [ 107.4713125, 10.7938038 ], [ 107.4712551, 10.7937899 ], [ 107.471176, 10.7937553 ], [ 107.471093, 10.7937038 ], [ 107.4709895, 10.7936687 ], [ 107.4708726, 10.7936651 ], [ 107.4707664, 10.7936854 ], [ 107.4706677, 10.7936792 ], [ 107.4705762, 10.7936423 ], [ 107.4704449, 10.793549 ], [ 107.4703485, 10.7934922 ], [ 107.4702474, 10.7934433 ], [ 107.4701426, 10.7934028 ], [ 107.4695116, 10.7932261 ], [ 107.4681973, 10.7928309 ], [ 107.4678259, 10.7926794 ], [ 107.467398, 10.792599 ], [ 107.4659538, 10.7920994 ], [ 107.4656895, 10.7920325 ], [ 107.465439, 10.7919892 ], [ 107.4653126, 10.7919746 ], [ 107.4629858, 10.7918718 ], [ 107.4626881, 10.7918007 ], [ 107.4623689, 10.7917849 ], [ 107.4621697, 10.7917508 ], [ 107.4618112, 10.7917087 ], [ 107.4599844, 10.7915978 ], [ 107.4592978, 10.7914661 ], [ 107.4575651, 10.7913554 ], [ 107.4574949, 10.7913673 ], [ 107.457436, 10.7914065 ], [ 107.4573988, 10.7914661 ], [ 107.4573895, 10.7915319 ], [ 107.4574073, 10.791596 ], [ 107.4574256, 10.7916241 ], [ 107.4578494, 10.7920694 ], [ 107.4578758, 10.7921053 ], [ 107.4579138, 10.7921853 ], [ 107.4579244, 10.7922267 ], [ 107.4579298, 10.7923118 ], [ 107.457903, 10.7926754 ], [ 107.4579138, 10.793284 ], [ 107.4580053, 10.7933944 ], [ 107.458074, 10.7935198 ], [ 107.4581176, 10.7936555 ], [ 107.4581346, 10.7938028 ], [ 107.4581319, 10.793877 ], [ 107.4581045, 10.7940227 ], [ 107.4577475, 10.7951521 ], [ 107.4577201, 10.7952558 ], [ 107.4577021, 10.7953614 ], [ 107.4576939, 10.7955476 ], [ 107.4577099, 10.7957054 ], [ 107.4577432, 10.7958698 ], [ 107.457749, 10.7959535 ], [ 107.4577384, 10.796122 ], [ 107.4577219, 10.7962055 ], [ 107.457667, 10.7963667 ], [ 107.4573062, 10.7970096 ], [ 107.4568301, 10.7975075 ], [ 107.4564962, 10.7979673 ], [ 107.4563862, 10.7983862 ], [ 107.4562455, 10.7987826 ], [ 107.4562027, 10.7988617 ], [ 107.4561728, 10.7988957 ], [ 107.4561011, 10.798948 ], [ 107.4560189, 10.7989775 ], [ 107.4558844, 10.7989848 ], [ 107.4557921, 10.799004 ], [ 107.4557403, 10.7990248 ], [ 107.4556473, 10.7990857 ], [ 107.4556073, 10.7991281 ], [ 107.45554, 10.7992227 ], [ 107.455481, 10.7993597 ], [ 107.4552771, 10.7997286 ], [ 107.4549955, 10.8005954 ], [ 107.4543706, 10.801478 ], [ 107.4543181, 10.8015816 ], [ 107.4542777, 10.8017143 ], [ 107.4542659, 10.8017942 ], [ 107.454218, 10.8023252 ], [ 107.4541838, 10.8023941 ], [ 107.4541576, 10.8024234 ], [ 107.454046, 10.8025161 ], [ 107.4540084, 10.8025649 ], [ 107.453979, 10.8026188 ], [ 107.4539065, 10.8028085 ], [ 107.4538866, 10.8028433 ], [ 107.4538605, 10.802874 ], [ 107.4537939, 10.8029192 ], [ 107.4537086, 10.8029386 ], [ 107.4536222, 10.8029245 ], [ 107.4533594, 10.8028454 ], [ 107.4532521, 10.8028444 ], [ 107.4531501, 10.802877 ], [ 107.4531047, 10.8029049 ], [ 107.4530302, 10.8029801 ], [ 107.452937, 10.8031602 ], [ 107.4528712, 10.8032327 ], [ 107.452792, 10.8032871 ], [ 107.4526191, 10.8033565 ], [ 107.4525547, 10.8034092 ], [ 107.4523635, 10.8037347 ], [ 107.4523074, 10.8037869 ], [ 107.4522355, 10.803815 ], [ 107.452161, 10.8038153 ], [ 107.4521249, 10.8038055 ], [ 107.4520612, 10.8037676 ], [ 107.4519163, 10.8035937 ], [ 107.4518881, 10.8035693 ], [ 107.4518196, 10.8035397 ], [ 107.4517822, 10.8035357 ], [ 107.4517469, 10.8035388 ], [ 107.4516814, 10.8035643 ], [ 107.4513745, 10.8037913 ], [ 107.4513396, 10.80381 ], [ 107.4512633, 10.8038308 ], [ 107.4511841, 10.8038282 ], [ 107.4511119, 10.8038036 ], [ 107.45105, 10.8037597 ], [ 107.4509179, 10.8035961 ], [ 107.4508597, 10.8035514 ], [ 107.4507893, 10.8035293 ], [ 107.4507134, 10.8035332 ], [ 107.4506423, 10.8035647 ], [ 107.4505028, 10.8036543 ], [ 107.4502849, 10.8037503 ], [ 107.4502478, 10.8037743 ], [ 107.4502158, 10.8038044 ], [ 107.4501756, 10.8038677 ], [ 107.4501675, 10.8039704 ], [ 107.4501565, 10.8040116 ], [ 107.4501112, 10.8040837 ], [ 107.4500619, 10.8041226 ], [ 107.4499471, 10.8041685 ], [ 107.4499074, 10.8041917 ], [ 107.449829, 10.80426 ], [ 107.4497692, 10.8043379 ], [ 107.4497476, 10.8043477 ], [ 107.4497008, 10.8043445 ], [ 107.4496655, 10.8043131 ], [ 107.4496577, 10.8042906 ], [ 107.4496575, 10.8042239 ], [ 107.4496458, 10.8041493 ], [ 107.4496203, 10.8040873 ], [ 107.4495975, 10.804061 ], [ 107.449537, 10.8040267 ], [ 107.449466, 10.8040223 ], [ 107.449431, 10.8040325 ], [ 107.4493732, 10.8040752 ], [ 107.4493534, 10.8041053 ], [ 107.4492583, 10.8043261 ], [ 107.4492371, 10.804353 ], [ 107.4491791, 10.8043895 ], [ 107.4491107, 10.8043972 ], [ 107.4490542, 10.8043795 ], [ 107.4490088, 10.8043419 ], [ 107.448931, 10.8042392 ], [ 107.4489051, 10.8042245 ], [ 107.4488463, 10.8042169 ], [ 107.4487916, 10.8042392 ], [ 107.4487571, 10.8042816 ], [ 107.4487486, 10.8043077 ], [ 107.448747, 10.8043895 ], [ 107.4487197, 10.8044605 ], [ 107.4486994, 10.8044895 ], [ 107.4486467, 10.8045369 ], [ 107.4485891, 10.804561 ], [ 107.4485273, 10.8045512 ], [ 107.4485009, 10.8045342 ], [ 107.4484674, 10.8044821 ], [ 107.4484629, 10.8044513 ], [ 107.4484804, 10.804392 ], [ 107.4486308, 10.804222 ], [ 107.4486391, 10.8041983 ], [ 107.4486377, 10.8041495 ], [ 107.4485609, 10.8040284 ], [ 107.4485441, 10.8039553 ], [ 107.4485448, 10.8039177 ], [ 107.4485271, 10.8038839 ], [ 107.4484722, 10.8038307 ], [ 107.4484, 10.8038044 ], [ 107.4483293, 10.803808 ], [ 107.4482959, 10.8038197 ], [ 107.4482389, 10.8038609 ], [ 107.4480057, 10.804197 ], [ 107.4479707, 10.8042252 ], [ 107.4478909, 10.8042664 ], [ 107.4478011, 10.8042851 ], [ 107.4477543, 10.8042851 ], [ 107.4476489, 10.804265 ], [ 107.4475363, 10.8042207 ], [ 107.4473565, 10.8041024 ], [ 107.4472842, 10.804089 ], [ 107.4472442, 10.8040934 ], [ 107.4471715, 10.8041259 ], [ 107.4470159, 10.804276 ], [ 107.4469716, 10.8043068 ], [ 107.4469229, 10.8043306 ], [ 107.4468175, 10.8043551 ], [ 107.4467233, 10.8043501 ], [ 107.4466337, 10.8043208 ], [ 107.4464583, 10.8041918 ], [ 107.4463923, 10.8041707 ], [ 107.4463575, 10.8041733 ], [ 107.4463071, 10.8041949 ], [ 107.4462218, 10.8042858 ], [ 107.4461324, 10.8043385 ], [ 107.4460272, 10.804371 ], [ 107.4459436, 10.8043806 ], [ 107.445915, 10.8043757 ], [ 107.4458653, 10.8043472 ], [ 107.4458358, 10.8043038 ], [ 107.4457959, 10.8040019 ], [ 107.445783, 10.8039725 ], [ 107.4457371, 10.8039274 ], [ 107.4457071, 10.8039148 ], [ 107.4456452, 10.8039124 ], [ 107.4455914, 10.8039367 ], [ 107.4455194, 10.8040109 ], [ 107.4454749, 10.8040696 ], [ 107.4454066, 10.8041996 ], [ 107.4453916, 10.8042569 ], [ 107.4453986, 10.8043156 ], [ 107.4454125, 10.8043473 ], [ 107.445433, 10.8043754 ], [ 107.4454898, 10.8044157 ], [ 107.4455692, 10.8045207 ], [ 107.4455986, 10.8045795 ], [ 107.4456346, 10.8047055 ], [ 107.4456402, 10.8048145 ], [ 107.4456346, 10.8048688 ], [ 107.445623, 10.8048928 ], [ 107.4456059, 10.8049134 ], [ 107.4455595, 10.80494 ], [ 107.445508, 10.8049429 ], [ 107.4454831, 10.8049357 ], [ 107.4454415, 10.8049057 ], [ 107.445353, 10.8047863 ], [ 107.4452452, 10.8046799 ], [ 107.4451201, 10.8045901 ], [ 107.4450526, 10.8045527 ], [ 107.4446344, 10.8043847 ], [ 107.4445678, 10.8043807 ], [ 107.4444826, 10.8043982 ], [ 107.4444303, 10.8043867 ], [ 107.4444032, 10.8043695 ], [ 107.4443671, 10.8043176 ], [ 107.4442559, 10.8037886 ], [ 107.4442131, 10.8037128 ], [ 107.4441809, 10.8036827 ], [ 107.4441433, 10.8036595 ], [ 107.4440751, 10.8036391 ], [ 107.4436927, 10.8036358 ], [ 107.4436155, 10.8036057 ], [ 107.4435837, 10.803579 ], [ 107.4435413, 10.803509 ], [ 107.4435331, 10.803428 ], [ 107.4435425, 10.8033882 ], [ 107.4436498, 10.8032037 ], [ 107.4436999, 10.8031399 ], [ 107.4437156, 10.8031025 ], [ 107.4437255, 10.8030225 ], [ 107.4437052, 10.8029415 ], [ 107.4436543, 10.8028712 ], [ 107.4436196, 10.8028445 ], [ 107.4435804, 10.8028247 ], [ 107.4434942, 10.8028085 ], [ 107.443429, 10.8027822 ], [ 107.4433679, 10.8027477 ], [ 107.4432764, 10.8026727 ], [ 107.4430865, 10.8024476 ], [ 107.4430247, 10.8023611 ], [ 107.4429685, 10.8022711 ], [ 107.4428719, 10.8020682 ], [ 107.4428185, 10.8020135 ], [ 107.4427491, 10.8019804 ], [ 107.442711, 10.8019733 ], [ 107.4426665, 10.8019735 ], [ 107.4425412, 10.8020068 ], [ 107.4424585, 10.8020009 ], [ 107.4423821, 10.801969 ], [ 107.442318, 10.8019119 ], [ 107.4422762, 10.8018336 ], [ 107.4422648, 10.8017459 ], [ 107.4422711, 10.801702 ], [ 107.4423435, 10.8014385 ], [ 107.4423296, 10.8013819 ], [ 107.4422872, 10.801341 ], [ 107.4422372, 10.8013282 ], [ 107.4421869, 10.8013396 ], [ 107.4419305, 10.8015597 ], [ 107.4418579, 10.8016059 ], [ 107.4417741, 10.8016267 ], [ 107.4416879, 10.8016198 ], [ 107.4416469, 10.8016062 ], [ 107.4415754, 10.8015611 ], [ 107.441523, 10.8014976 ], [ 107.4414932, 10.8014212 ], [ 107.4414611, 10.8012067 ], [ 107.4414511, 10.8011761 ], [ 107.4414157, 10.8011226 ], [ 107.4413913, 10.8011013 ], [ 107.4413264, 10.8010708 ], [ 107.4412907, 10.8010654 ], [ 107.4412546, 10.801067 ], [ 107.4410659, 10.8011131 ], [ 107.4410368, 10.8011158 ], [ 107.4409837, 10.801103 ], [ 107.4409434, 10.8010723 ], [ 107.4409168, 10.8010344 ], [ 107.4408555, 10.8009789 ], [ 107.4407541, 10.8009301 ], [ 107.4406913, 10.8008826 ], [ 107.4406488, 10.800822 ], [ 107.4406206, 10.8007548 ], [ 107.4405706, 10.8007034 ], [ 107.4405113, 10.8006813 ], [ 107.4404102, 10.8006821 ], [ 107.4403453, 10.8006586 ], [ 107.440296, 10.8006152 ], [ 107.4402158, 10.8005014 ], [ 107.4401343, 10.8004325 ], [ 107.4400878, 10.8004057 ], [ 107.439994, 10.8003713 ], [ 107.4398029, 10.8003425 ], [ 107.4397176, 10.8003056 ], [ 107.4396422, 10.800248 ], [ 107.4395218, 10.8000996 ], [ 107.4393851, 10.7999631 ], [ 107.4391973, 10.7998208 ], [ 107.4391033, 10.7997797 ], [ 107.439002, 10.7997623 ], [ 107.4389505, 10.7997628 ], [ 107.4388938, 10.7997707 ], [ 107.4387863, 10.7998086 ], [ 107.438693, 10.7998735 ], [ 107.4385053, 10.8000737 ], [ 107.4384843, 10.8001067 ], [ 107.4384229, 10.8001552 ], [ 107.4383855, 10.8001682 ], [ 107.4383068, 10.8001686 ], [ 107.4382428, 10.8001408 ], [ 107.4382163, 10.8001181 ], [ 107.4381792, 10.8000599 ], [ 107.4381701, 10.8000265 ], [ 107.4381727, 10.7999578 ], [ 107.438141, 10.7993452 ], [ 107.438132, 10.7992919 ], [ 107.4381138, 10.7992409 ], [ 107.4380869, 10.7991937 ], [ 107.4380255, 10.7991278 ], [ 107.4379476, 10.7990817 ], [ 107.4376255, 10.798983 ], [ 107.4374188, 10.7988921 ], [ 107.4372232, 10.7987801 ], [ 107.4371771, 10.7987307 ], [ 107.4371641, 10.7986995 ], [ 107.4371615, 10.7986325 ], [ 107.4371836, 10.7985803 ], [ 107.437202, 10.7985584 ], [ 107.4372244, 10.7985404 ], [ 107.4374875, 10.7984089 ], [ 107.4375414, 10.7983521 ], [ 107.4375725, 10.7982806 ], [ 107.4375772, 10.7982031 ], [ 107.4375683, 10.7981612 ], [ 107.4375514, 10.7981217 ], [ 107.437468, 10.7980177 ], [ 107.4374446, 10.7979764 ], [ 107.4374159, 10.7978865 ], [ 107.4374109, 10.7978395 ], [ 107.4374241, 10.7977323 ], [ 107.4374431, 10.7976814 ], [ 107.4374849, 10.797604 ], [ 107.4374967, 10.7975617 ], [ 107.4375012, 10.797475 ], [ 107.4374807, 10.7973916 ], [ 107.43725, 10.7970623 ], [ 107.4372089, 10.7970275 ], [ 107.4371157, 10.7969731 ], [ 107.4370649, 10.7969542 ], [ 107.4369726, 10.7969356 ], [ 107.4368849, 10.7969329 ], [ 107.4368061, 10.7969143 ], [ 107.4367449, 10.7968793 ], [ 107.4367255, 10.7968563 ], [ 107.4367093, 10.7967994 ], [ 107.4367136, 10.7967698 ], [ 107.4367385, 10.7967264 ], [ 107.4367806, 10.7966987 ], [ 107.4368812, 10.7966786 ], [ 107.436921, 10.796649 ], [ 107.4369344, 10.7966281 ], [ 107.4369442, 10.7965801 ], [ 107.4369306, 10.7965337 ], [ 107.4369158, 10.7965141 ], [ 107.4368746, 10.7964879 ], [ 107.4365723, 10.7964279 ], [ 107.4364921, 10.7964047 ], [ 107.4363407, 10.7963351 ], [ 107.4362793, 10.7962952 ], [ 107.4362233, 10.7962482 ], [ 107.4361737, 10.7961946 ], [ 107.4361313, 10.7961355 ], [ 107.436073, 10.7960118 ], [ 107.4360463, 10.7958863 ], [ 107.4360484, 10.7957581 ], [ 107.4363086, 10.7950098 ], [ 107.4363165, 10.7949332 ], [ 107.4362963, 10.7948587 ], [ 107.43625, 10.7947955 ], [ 107.436183, 10.7947523 ], [ 107.4361047, 10.7947358 ], [ 107.4358856, 10.7947336 ], [ 107.4358172, 10.794708 ], [ 107.4357657, 10.7946601 ], [ 107.4357086, 10.7945271 ], [ 107.4356595, 10.794467 ], [ 107.4355909, 10.7944227 ], [ 107.4353859, 10.7943564 ], [ 107.4352705, 10.7942958 ], [ 107.4351633, 10.7942036 ], [ 107.4350935, 10.7941219 ], [ 107.4350023, 10.7940718 ], [ 107.4349781, 10.794049 ], [ 107.4349487, 10.7939902 ], [ 107.4349477, 10.7939326 ], [ 107.4349701, 10.7938795 ], [ 107.4351847, 10.7935633 ], [ 107.4352867, 10.7935081 ], [ 107.4353993, 10.793479 ], [ 107.4355134, 10.7934775 ], [ 107.4356546, 10.7935109 ], [ 107.4356858, 10.7935109 ], [ 107.4357426, 10.7934869 ], [ 107.4357758, 10.7934446 ], [ 107.4357838, 10.7934189 ], [ 107.4358016, 10.7931075 ], [ 107.4357968, 10.7930468 ], [ 107.4357614, 10.7929304 ], [ 107.4357315, 10.792877 ], [ 107.4356562, 10.79279 ], [ 107.435567, 10.792729 ], [ 107.4355173, 10.792707 ], [ 107.435383, 10.7926694 ], [ 107.4352437, 10.7926596 ], [ 107.4351651, 10.7926666 ], [ 107.4350879, 10.7926824 ], [ 107.4349476, 10.7927369 ], [ 107.4348852, 10.7927725 ], [ 107.4347717, 10.7928598 ], [ 107.4346748, 10.7929679 ], [ 107.4345841, 10.7931198 ], [ 107.4345346, 10.7931613 ], [ 107.4345038, 10.7931724 ], [ 107.434442, 10.7931727 ], [ 107.4343888, 10.7931486 ], [ 107.4343673, 10.7931287 ], [ 107.4342543, 10.7929489 ], [ 107.4341708, 10.7928651 ], [ 107.4340635, 10.7927966 ], [ 107.4340248, 10.7927615 ], [ 107.4339923, 10.7927208 ], [ 107.4339498, 10.7926279 ], [ 107.4339402, 10.7925279 ], [ 107.4339486, 10.7924756 ], [ 107.4339662, 10.7924256 ], [ 107.4340935, 10.792234 ], [ 107.4341333, 10.7921168 ], [ 107.434141, 10.7920665 ], [ 107.4341464, 10.7918856 ], [ 107.4341242, 10.7918339 ], [ 107.4340767, 10.7917987 ], [ 107.4340153, 10.7917928 ], [ 107.4338592, 10.7918508 ], [ 107.4338301, 10.7918553 ], [ 107.4337722, 10.791845 ], [ 107.4337252, 10.7918097 ], [ 107.4337095, 10.7917849 ], [ 107.4336979, 10.7917335 ], [ 107.4337347, 10.7915822 ], [ 107.4337363, 10.7914792 ], [ 107.4337251, 10.7914377 ], [ 107.4336934, 10.7914081 ], [ 107.4336676, 10.7913998 ], [ 107.4336405, 10.7914005 ], [ 107.4336151, 10.79141 ], [ 107.4335944, 10.7914272 ], [ 107.4334665, 10.791622 ], [ 107.4334067, 10.791674 ], [ 107.4333354, 10.7917054 ], [ 107.4332595, 10.7917147 ], [ 107.4331569, 10.7916947 ], [ 107.4330947, 10.7916715 ], [ 107.4329799, 10.7916057 ], [ 107.4328794, 10.791513 ], [ 107.4328378, 10.7914587 ], [ 107.432768, 10.7913404 ], [ 107.4327148, 10.7912132 ], [ 107.4326969, 10.7911466 ], [ 107.4326789, 10.791008 ], [ 107.4326865, 10.7908663 ], [ 107.4327, 10.7907966 ], [ 107.4327459, 10.7906422 ], [ 107.4327734, 10.7904648 ], [ 107.4327698, 10.790315 ], [ 107.4327369, 10.7902496 ], [ 107.4327095, 10.7902245 ], [ 107.4326439, 10.7901974 ], [ 107.4326096, 10.7901955 ], [ 107.4325441, 10.7902137 ], [ 107.4325159, 10.790233 ], [ 107.4323404, 10.790398 ], [ 107.4322209, 10.7904806 ], [ 107.4321047, 10.790539 ], [ 107.4320105, 10.7905728 ], [ 107.4319411, 10.790568 ], [ 107.4318829, 10.7905307 ], [ 107.431853, 10.7904792 ], [ 107.4318482, 10.7904202 ], [ 107.4318818, 10.7903245 ], [ 107.4318829, 10.7902409 ], [ 107.4318598, 10.7901759 ], [ 107.4318159, 10.7901223 ], [ 107.4317509, 10.7900845 ], [ 107.4317142, 10.790075 ], [ 107.431591, 10.7900596 ], [ 107.4314138, 10.7900537 ], [ 107.4313282, 10.7900232 ], [ 107.4312901, 10.7899985 ], [ 107.4312309, 10.7899368 ], [ 107.4312089, 10.7899002 ], [ 107.4311475, 10.7897141 ], [ 107.431083, 10.7896238 ], [ 107.4309951, 10.7895558 ], [ 107.430897, 10.7895141 ], [ 107.4308533, 10.7894836 ], [ 107.4307809, 10.7894062 ], [ 107.4307335, 10.7893133 ], [ 107.4307138, 10.7892123 ], [ 107.4307147, 10.7891608 ], [ 107.4307846, 10.7888675 ], [ 107.4308005, 10.7886696 ], [ 107.4307966, 10.7885704 ], [ 107.4307692, 10.7883911 ], [ 107.4307458, 10.7883033 ], [ 107.430704, 10.7881869 ], [ 107.4306604, 10.7881381 ], [ 107.4305992, 10.7881134 ], [ 107.4305659, 10.788112 ], [ 107.4305041, 10.7881305 ], [ 107.4304566, 10.7881737 ], [ 107.4304414, 10.7882019 ], [ 107.4304318, 10.7882648 ], [ 107.4304011, 10.7883613 ], [ 107.4303617, 10.7884546 ], [ 107.4303138, 10.7885441 ], [ 107.4302117, 10.7886883 ], [ 107.4300879, 10.788815 ], [ 107.4299744, 10.7889065 ], [ 107.4299248, 10.7889347 ], [ 107.4298711, 10.7889546 ], [ 107.4298149, 10.7889656 ], [ 107.4297161, 10.7889633 ], [ 107.4296218, 10.788934 ], [ 107.4293349, 10.7887172 ], [ 107.4292799, 10.788662 ], [ 107.4292322, 10.7886004 ], [ 107.4291645, 10.7884695 ], [ 107.4291307, 10.7883343 ], [ 107.4291252, 10.7881981 ], [ 107.4291015, 10.7881357 ], [ 107.4290468, 10.7880774 ], [ 107.4290114, 10.7880579 ], [ 107.4288168, 10.7880191 ], [ 107.4287728, 10.7879975 ], [ 107.4287555, 10.7879802 ], [ 107.4287341, 10.7879361 ], [ 107.4287206, 10.7877141 ], [ 107.4286886, 10.7876561 ], [ 107.4286639, 10.7876335 ], [ 107.4286019, 10.7876062 ], [ 107.4285331, 10.7876075 ], [ 107.4285006, 10.7876193 ], [ 107.4282988, 10.7877369 ], [ 107.4282482, 10.7877512 ], [ 107.428197, 10.7877391 ], [ 107.4281587, 10.7877036 ], [ 107.4281435, 10.7876577 ], [ 107.4281447, 10.7876335 ], [ 107.4281642, 10.7875892 ], [ 107.4282193, 10.7875427 ], [ 107.4283439, 10.7874604 ], [ 107.4284041, 10.7873795 ], [ 107.4284171, 10.787333 ], [ 107.4284127, 10.787309 ], [ 107.4283863, 10.7872714 ], [ 107.4283463, 10.7872538 ], [ 107.4283028, 10.7872584 ], [ 107.4280635, 10.7874079 ], [ 107.4279471, 10.7874424 ], [ 107.4278864, 10.787448 ], [ 107.4277878, 10.7874399 ], [ 107.4276392, 10.7873898 ], [ 107.427526, 10.7873633 ], [ 107.4274103, 10.7873591 ], [ 107.4272963, 10.7873768 ], [ 107.4272132, 10.7874058 ], [ 107.4271368, 10.7874419 ], [ 107.4270523, 10.787448 ], [ 107.4270065, 10.787438 ], [ 107.426936, 10.7874011 ], [ 107.4268734, 10.7873797 ], [ 107.4268035, 10.7873799 ], [ 107.4267679, 10.7873895 ], [ 107.4267048, 10.7874268 ], [ 107.4264448, 10.7876813 ], [ 107.4263783, 10.7877165 ], [ 107.4263028, 10.7877188 ], [ 107.4262667, 10.7877072 ], [ 107.4262342, 10.7876878 ], [ 107.4261892, 10.7876346 ], [ 107.426171, 10.7875679 ], [ 107.4261731, 10.7875332 ], [ 107.4262521, 10.7873282 ], [ 107.4262818, 10.7872092 ], [ 107.426321, 10.7871227 ], [ 107.4263866, 10.7870474 ], [ 107.4264289, 10.7870164 ], [ 107.4264756, 10.7869922 ], [ 107.4266051, 10.7869631 ], [ 107.426698, 10.7869192 ], [ 107.4267252, 10.786895 ], [ 107.4267597, 10.7868319 ], [ 107.4267653, 10.7867963 ], [ 107.4267529, 10.7867286 ], [ 107.4267147, 10.7866743 ], [ 107.4266879, 10.7866541 ], [ 107.4266247, 10.7866321 ], [ 107.4265909, 10.7866312 ], [ 107.4264826, 10.7866476 ], [ 107.426375, 10.7866844 ], [ 107.4262726, 10.7867426 ], [ 107.4261962, 10.7868042 ], [ 107.4261244, 10.7868358 ], [ 107.4260457, 10.7868385 ], [ 107.4260075, 10.7868286 ], [ 107.4259402, 10.7867883 ], [ 107.4259138, 10.7867594 ], [ 107.4258807, 10.7866913 ], [ 107.4258753, 10.7866179 ], [ 107.4258829, 10.7865817 ], [ 107.4259177, 10.7865164 ], [ 107.4260105, 10.7864393 ], [ 107.4260415, 10.7864049 ], [ 107.4260828, 10.7863231 ], [ 107.426092, 10.7862781 ], [ 107.4260861, 10.7861875 ], [ 107.4260491, 10.7861042 ], [ 107.4260062, 10.7859461 ], [ 107.4259852, 10.7857252 ], [ 107.4259544, 10.785676 ], [ 107.4259312, 10.785658 ], [ 107.4258738, 10.7856399 ], [ 107.4258132, 10.7856505 ], [ 107.4257282, 10.7857088 ], [ 107.4256879, 10.7857214 ], [ 107.4256458, 10.785725 ], [ 107.4255689, 10.7857075 ], [ 107.425509, 10.785665 ], [ 107.4254864, 10.7856362 ], [ 107.4254477, 10.7855619 ], [ 107.4254274, 10.7854705 ], [ 107.4254404, 10.7853779 ], [ 107.4254592, 10.7853346 ], [ 107.425518, 10.7852611 ], [ 107.4256198, 10.7851823 ], [ 107.4256971, 10.7850868 ], [ 107.4257487, 10.7849818 ], [ 107.425782, 10.7848741 ], [ 107.4258392, 10.7847764 ], [ 107.4259175, 10.7846938 ], [ 107.4259633, 10.7846597 ], [ 107.426121, 10.7845809 ], [ 107.426157, 10.7845312 ], [ 107.4261646, 10.7845014 ], [ 107.4261586, 10.7844461 ], [ 107.4261326, 10.7844031 ], [ 107.4261135, 10.7843863 ], [ 107.4260236, 10.7843566 ], [ 107.4259767, 10.7843494 ], [ 107.4258655, 10.7843535 ], [ 107.4256552, 10.7844108 ], [ 107.4254429, 10.784439 ], [ 107.425223, 10.784439 ], [ 107.4251615, 10.7844215 ], [ 107.425135, 10.7844035 ], [ 107.4250967, 10.784353 ], [ 107.4250835, 10.7842915 ], [ 107.4250972, 10.7842314 ], [ 107.4251346, 10.7841822 ], [ 107.4251894, 10.7841524 ], [ 107.4252203, 10.7841466 ], [ 107.4254322, 10.7841387 ], [ 107.4254618, 10.7841246 ], [ 107.4255092, 10.7840801 ], [ 107.4255248, 10.7840517 ], [ 107.4255368, 10.7839885 ], [ 107.4255204, 10.7839231 ], [ 107.4254775, 10.7838707 ], [ 107.4254161, 10.7838409 ], [ 107.4252176, 10.7838067 ], [ 107.4251826, 10.7837945 ], [ 107.4251252, 10.7837487 ], [ 107.4251059, 10.7837175 ], [ 107.4250942, 10.7836828 ], [ 107.4250948, 10.7836151 ], [ 107.4251237, 10.7835537 ], [ 107.4251715, 10.7835042 ], [ 107.4251962, 10.7834404 ], [ 107.4251929, 10.7833688 ], [ 107.4251801, 10.783335 ], [ 107.4250486, 10.7832244 ], [ 107.4249761, 10.783175 ], [ 107.4248215, 10.7830918 ], [ 107.4246169, 10.7830065 ], [ 107.4244966, 10.7829481 ], [ 107.4242668, 10.7828123 ], [ 107.4241579, 10.7827353 ], [ 107.4240535, 10.7826526 ], [ 107.4238727, 10.7824847 ], [ 107.4236269, 10.7822238 ], [ 107.423594, 10.7821782 ], [ 107.423549, 10.7820758 ], [ 107.4235342, 10.7819653 ], [ 107.4235513, 10.7818532 ], [ 107.4235721, 10.7817991 ], [ 107.4236362, 10.7817025 ], [ 107.423678, 10.7816619 ], [ 107.4240574, 10.7814197 ], [ 107.4241009, 10.7813609 ], [ 107.4241115, 10.7813258 ], [ 107.4241079, 10.7812531 ], [ 107.4240733, 10.7811903 ], [ 107.4240159, 10.7811486 ], [ 107.4239817, 10.7811379 ], [ 107.4239103, 10.7811389 ], [ 107.4236142, 10.7812589 ], [ 107.4235745, 10.7812667 ], [ 107.4234947, 10.7812572 ], [ 107.4234581, 10.7812403 ], [ 107.4234038, 10.7811915 ], [ 107.4233848, 10.7811603 ], [ 107.4233669, 10.7810901 ], [ 107.4233668, 10.7809825 ], [ 107.423391, 10.7807687 ], [ 107.4234255, 10.7806281 ], [ 107.4234505, 10.7804856 ], [ 107.4234661, 10.7803418 ], [ 107.423472, 10.7802115 ], [ 107.4234706, 10.7800585 ], [ 107.4234648, 10.7800368 ], [ 107.4234366, 10.7800019 ], [ 107.4233966, 10.7799869 ], [ 107.4233749, 10.7799874 ], [ 107.4232293, 10.7800654 ], [ 107.4230832, 10.7801846 ], [ 107.4230152, 10.7802097 ], [ 107.4229426, 10.7802065 ], [ 107.4229082, 10.7801943 ], [ 107.4228531, 10.7801541 ], [ 107.4228323, 10.7801271 ], [ 107.4228011, 10.7800395 ], [ 107.4227887, 10.7798925 ], [ 107.4227978, 10.7797863 ], [ 107.4228541, 10.7796129 ], [ 107.4228527, 10.7795553 ], [ 107.4228439, 10.7795276 ], [ 107.4228053, 10.7794738 ], [ 107.4227473, 10.7794407 ], [ 107.4225676, 10.7794328 ], [ 107.4225281, 10.7794284 ], [ 107.4224907, 10.779415 ], [ 107.4224342, 10.7793691 ], [ 107.4224045, 10.7793094 ], [ 107.4223798, 10.7783209 ], [ 107.4223648, 10.7782366 ], [ 107.4223462, 10.7781978 ], [ 107.4222892, 10.7781325 ], [ 107.4222121, 10.7780908 ], [ 107.422125, 10.7780785 ], [ 107.4220052, 10.7780958 ], [ 107.4219641, 10.778089 ], [ 107.4219266, 10.7780574 ], [ 107.4219051, 10.7779441 ], [ 107.4218901, 10.7779175 ], [ 107.4218423, 10.7778798 ], [ 107.4217817, 10.7778703 ], [ 107.4217492, 10.7778782 ], [ 107.4217202, 10.7778947 ], [ 107.4216969, 10.7779184 ], [ 107.4216813, 10.7779475 ], [ 107.4216745, 10.7779798 ], [ 107.4216932, 10.7781233 ], [ 107.4216986, 10.778226 ], [ 107.4216777, 10.7782916 ], [ 107.4216561, 10.7783189 ], [ 107.4215966, 10.7783551 ], [ 107.4215326, 10.7783614 ], [ 107.4215011, 10.7783542 ], [ 107.4214719, 10.7783405 ], [ 107.4214099, 10.7782882 ], [ 107.4213792, 10.7782501 ], [ 107.4213406, 10.7781685 ], [ 107.4213284, 10.7780864 ], [ 107.4213576, 10.777844 ], [ 107.4213557, 10.7778096 ], [ 107.4213322, 10.7777449 ], [ 107.4212855, 10.7776938 ], [ 107.4212195, 10.7776631 ], [ 107.4211465, 10.7776605 ], [ 107.4211112, 10.7776701 ], [ 107.420885, 10.7777837 ], [ 107.4207658, 10.7778228 ], [ 107.4207008, 10.7778361 ], [ 107.42064, 10.7778296 ], [ 107.4206122, 10.7778165 ], [ 107.4205691, 10.7777738 ], [ 107.4205559, 10.7777465 ], [ 107.4205504, 10.7776825 ], [ 107.4205595, 10.7776514 ], [ 107.4205987, 10.7776 ], [ 107.4206266, 10.7775827 ], [ 107.4213188, 10.7773243 ], [ 107.4214181, 10.777269 ], [ 107.4214969, 10.7771879 ], [ 107.4215484, 10.7770877 ], [ 107.4215628, 10.7770308 ], [ 107.4215682, 10.7769724 ], [ 107.4215645, 10.7769138 ], [ 107.4215455, 10.776836 ], [ 107.4215279, 10.7767998 ], [ 107.4214715, 10.7767297 ], [ 107.4214316, 10.7766994 ], [ 107.4213391, 10.7766609 ], [ 107.4209968, 10.7765611 ], [ 107.4209316, 10.7765232 ], [ 107.4209049, 10.7764966 ], [ 107.4208673, 10.7764325 ], [ 107.4208537, 10.7763604 ], [ 107.4208564, 10.7763236 ], [ 107.4209529, 10.7761866 ], [ 107.4209601, 10.7761583 ], [ 107.4209517, 10.7761011 ], [ 107.4209139, 10.7760539 ], [ 107.4208543, 10.776032 ], [ 107.4208223, 10.7760339 ], [ 107.4206042, 10.7761339 ], [ 107.42051, 10.7761633 ], [ 107.4204111, 10.7761603 ], [ 107.420324, 10.7761279 ], [ 107.4202516, 10.7760703 ], [ 107.4202233, 10.7760338 ], [ 107.4199761, 10.7756244 ], [ 107.4198954, 10.7755107 ], [ 107.4197946, 10.775411 ], [ 107.4197372, 10.7753674 ], [ 107.4196761, 10.775329 ], [ 107.4195654, 10.7752773 ], [ 107.4194829, 10.7752215 ], [ 107.4194198, 10.7751451 ], [ 107.4193815, 10.7750551 ], [ 107.4193702, 10.7749592 ], [ 107.419375, 10.774911 ], [ 107.4194568, 10.7745252 ], [ 107.4194568, 10.77447 ], [ 107.4194476, 10.7744155 ], [ 107.4194072, 10.7743216 ], [ 107.4193462, 10.7742493 ], [ 107.4192672, 10.7741966 ], [ 107.4191958, 10.7741639 ], [ 107.4191732, 10.7741429 ], [ 107.4191471, 10.7740881 ], [ 107.4191508, 10.7740278 ], [ 107.4191831, 10.7739767 ], [ 107.4192078, 10.7739586 ], [ 107.4193204, 10.7739277 ], [ 107.4193962, 10.7738874 ], [ 107.4194584, 10.7738289 ], [ 107.4195477, 10.7737039 ], [ 107.4196328, 10.773632 ], [ 107.4197345, 10.7735825 ], [ 107.4198467, 10.7735593 ], [ 107.4199042, 10.7735583 ], [ 107.4199814, 10.773529 ], [ 107.4200461, 10.7734783 ], [ 107.4200955, 10.7734039 ], [ 107.4201181, 10.77331 ], [ 107.4201161, 10.7732616 ], [ 107.420054, 10.7730323 ], [ 107.4200281, 10.7728451 ], [ 107.4200249, 10.7727507 ], [ 107.4200424, 10.7725319 ], [ 107.4200643, 10.7724242 ], [ 107.4201074, 10.7722816 ], [ 107.4201139, 10.7722042 ], [ 107.4200946, 10.7721289 ], [ 107.4200467, 10.7720585 ], [ 107.4199701, 10.7720062 ], [ 107.4199256, 10.7719918 ], [ 107.4196887, 10.7719733 ], [ 107.4196014, 10.771936 ], [ 107.4195635, 10.7719075 ], [ 107.419508, 10.7718409 ], [ 107.4194884, 10.7718023 ], [ 107.4194748, 10.7717613 ], [ 107.419467, 10.7716756 ], [ 107.4194545, 10.7716303 ], [ 107.419414, 10.7715454 ], [ 107.4193865, 10.771507 ], [ 107.4192148, 10.7713383 ], [ 107.4190497, 10.7711264 ], [ 107.418992, 10.7710899 ], [ 107.4189581, 10.771083 ], [ 107.4188905, 10.7710943 ], [ 107.4188375, 10.7711343 ], [ 107.4188202, 10.7711615 ], [ 107.4188067, 10.7712239 ], [ 107.4188113, 10.7712557 ], [ 107.4188628, 10.7713673 ], [ 107.4188737, 10.7714113 ], [ 107.4188769, 10.7715017 ], [ 107.4188552, 10.7715892 ], [ 107.4188104, 10.7716679 ], [ 107.4185112, 10.7720558 ], [ 107.4184585, 10.7721499 ], [ 107.4184389, 10.7722011 ], [ 107.4184155, 10.772308 ], [ 107.4184003, 10.7723359 ], [ 107.4183536, 10.7723791 ], [ 107.4182916, 10.7723992 ], [ 107.4182256, 10.7723911 ], [ 107.4179995, 10.772269 ], [ 107.4179403, 10.7722461 ], [ 107.4178189, 10.7722181 ], [ 107.4177579, 10.7722128 ], [ 107.417407, 10.7722131 ], [ 107.4169066, 10.7721802 ], [ 107.4168425, 10.7722003 ], [ 107.4168143, 10.7722184 ], [ 107.4167714, 10.7722654 ], [ 107.4167472, 10.7723238 ], [ 107.4167177, 10.7725056 ], [ 107.4166888, 10.772561 ], [ 107.4166399, 10.7726005 ], [ 107.4166138, 10.7726111 ], [ 107.4165579, 10.7726178 ], [ 107.4164681, 10.7725994 ], [ 107.4163529, 10.7725478 ], [ 107.4163041, 10.7725133 ], [ 107.4162, 10.7724045 ], [ 107.4161736, 10.7723868 ], [ 107.4161118, 10.7723716 ], [ 107.4160498, 10.7723857 ], [ 107.4160035, 10.772423 ], [ 107.415978, 10.7724762 ], [ 107.4159697, 10.7727649 ], [ 107.4159509, 10.7728162 ], [ 107.4159104, 10.7728534 ], [ 107.4158496, 10.7728684 ], [ 107.4157897, 10.7728508 ], [ 107.415708, 10.7727891 ], [ 107.4156521, 10.7727312 ], [ 107.4155987, 10.7727068 ], [ 107.4155402, 10.7727138 ], [ 107.4154967, 10.772747 ], [ 107.4154758, 10.7727971 ], [ 107.4154758, 10.773333 ], [ 107.4154632, 10.7733955 ], [ 107.415428, 10.773449 ], [ 107.4153704, 10.7734882 ], [ 107.4153342, 10.7734989 ], [ 107.4152591, 10.7734964 ], [ 107.4150556, 10.7734051 ], [ 107.4149391, 10.7733329 ], [ 107.4148824, 10.7732653 ], [ 107.4148549, 10.773182 ], [ 107.4148607, 10.7730944 ], [ 107.414876, 10.773053 ], [ 107.4149287, 10.7729821 ], [ 107.4150044, 10.7729353 ], [ 107.4150476, 10.7729232 ], [ 107.4151227, 10.7729152 ], [ 107.4151786, 10.7728911 ], [ 107.4152261, 10.7728425 ], [ 107.4152425, 10.7728085 ], [ 107.4152729, 10.7725718 ], [ 107.4152762, 10.7723312 ], [ 107.4152479, 10.7720524 ], [ 107.4152292, 10.7719451 ], [ 107.4152011, 10.7718399 ], [ 107.4151638, 10.7717374 ], [ 107.4151176, 10.7716385 ], [ 107.4150628, 10.7715439 ], [ 107.4149551, 10.7713994 ], [ 107.4148936, 10.7713331 ], [ 107.414734, 10.7711907 ], [ 107.4146755, 10.7711598 ], [ 107.4146093, 10.7711553 ], [ 107.414547, 10.7711781 ], [ 107.4144989, 10.7712258 ], [ 107.4144835, 10.771257 ], [ 107.4144756, 10.7713256 ], [ 107.4145045, 10.7714249 ], [ 107.4145313, 10.7714883 ], [ 107.4146537, 10.7716947 ], [ 107.4147195, 10.7718521 ], [ 107.4147544, 10.7719882 ], [ 107.4147713, 10.7720986 ], [ 107.4147684, 10.7721399 ], [ 107.4147564, 10.7721796 ], [ 107.414736, 10.7722158 ], [ 107.414708, 10.7722468 ], [ 107.4146739, 10.7722711 ], [ 107.414642, 10.7722853 ], [ 107.4145731, 10.7722958 ], [ 107.4145049, 10.7722816 ], [ 107.414352, 10.7721578 ], [ 107.4143225, 10.7721425 ], [ 107.4142573, 10.7721311 ], [ 107.4142242, 10.7721353 ], [ 107.4141642, 10.7721631 ], [ 107.4141379, 10.7721875 ], [ 107.4141177, 10.7722171 ], [ 107.4140996, 10.7722857 ], [ 107.4141026, 10.7723212 ], [ 107.4141367, 10.7724069 ], [ 107.4142305, 10.7725774 ], [ 107.4142909, 10.7726602 ], [ 107.4144517, 10.7728354 ], [ 107.4144695, 10.7728981 ], [ 107.4144573, 10.7729621 ], [ 107.4144151, 10.7730163 ], [ 107.4143492, 10.7730458 ], [ 107.4143127, 10.7730476 ], [ 107.414063, 10.7729938 ], [ 107.4140294, 10.7729943 ], [ 107.4139671, 10.7730181 ], [ 107.4139409, 10.7730412 ], [ 107.4139094, 10.7731024 ], [ 107.4139032, 10.7732442 ], [ 107.4138813, 10.7733132 ], [ 107.4138385, 10.7733595 ], [ 107.4137807, 10.7733857 ], [ 107.4137036, 10.7733889 ], [ 107.4136659, 10.77338 ], [ 107.4136305, 10.7733646 ], [ 107.4135716, 10.7733167 ], [ 107.4135497, 10.7732857 ], [ 107.4135275, 10.7732227 ], [ 107.413532, 10.773161 ], [ 107.413544, 10.7731305 ], [ 107.4135622, 10.7731031 ], [ 107.413714, 10.7729382 ], [ 107.4137895, 10.7728388 ], [ 107.4138791, 10.7727008 ], [ 107.4138983, 10.7726243 ], [ 107.4138864, 10.7725464 ], [ 107.4138451, 10.7724788 ], [ 107.4138152, 10.7724522 ], [ 107.4137432, 10.7724186 ], [ 107.4136639, 10.7724143 ], [ 107.4135888, 10.7724397 ], [ 107.4135292, 10.7724912 ], [ 107.4134267, 10.7726922 ], [ 107.4133676, 10.7728271 ], [ 107.4133165, 10.7729654 ], [ 107.413252, 10.7731738 ], [ 107.4132021, 10.7732248 ], [ 107.4131343, 10.7732487 ], [ 107.4130663, 10.7732417 ], [ 107.413035, 10.7732276 ], [ 107.412992, 10.7731533 ], [ 107.4129814, 10.7731116 ], [ 107.4129821, 10.7730336 ], [ 107.4130071, 10.7729302 ], [ 107.4130178, 10.7727966 ], [ 107.4130023, 10.7726604 ], [ 107.4129841, 10.7725926 ], [ 107.4129373, 10.7725599 ], [ 107.4129091, 10.7725537 ], [ 107.4128526, 10.7725636 ], [ 107.4128114, 10.7725968 ], [ 107.412791, 10.7726453 ], [ 107.4127962, 10.7727196 ], [ 107.4128259, 10.7728486 ], [ 107.4128341, 10.7729533 ], [ 107.4128288, 10.7730002 ], [ 107.4127928, 10.7731322 ], [ 107.412791, 10.773217 ], [ 107.4128148, 10.7733107 ], [ 107.4129812, 10.7736385 ], [ 107.4129797, 10.7736943 ], [ 107.4129492, 10.7737414 ], [ 107.4129247, 10.7737577 ], [ 107.4128669, 10.773768 ], [ 107.4128124, 10.7737467 ], [ 107.4127278, 10.7736579 ], [ 107.4126777, 10.773622 ], [ 107.4125656, 10.7735701 ], [ 107.4124939, 10.7735589 ], [ 107.412458, 10.773566 ], [ 107.4123963, 10.7736037 ], [ 107.4123591, 10.773665 ], [ 107.412353, 10.7736946 ], [ 107.4123592, 10.7737545 ], [ 107.4124198, 10.7738656 ], [ 107.412531, 10.7740332 ], [ 107.4125419, 10.7740658 ], [ 107.4125461, 10.7741324 ], [ 107.4125399, 10.7741645 ], [ 107.412512, 10.7742236 ], [ 107.4123993, 10.7743764 ], [ 107.412373, 10.7744066 ], [ 107.4123045, 10.7744483 ], [ 107.4122251, 10.7744599 ], [ 107.4121477, 10.7744397 ], [ 107.4121137, 10.7744186 ], [ 107.4120779, 10.7743506 ], [ 107.4120507, 10.7742789 ], [ 107.4120366, 10.7742258 ], [ 107.4120135, 10.7740699 ], [ 107.4120014, 10.774049 ], [ 107.4119655, 10.7740177 ], [ 107.4119202, 10.7740042 ], [ 107.411856, 10.7740135 ], [ 107.411818, 10.7740295 ], [ 107.4117564, 10.774079 ], [ 107.4117181, 10.7741445 ], [ 107.4116953, 10.7742421 ], [ 107.4116993, 10.7743422 ], [ 107.4117138, 10.7743984 ], [ 107.4117681, 10.774501 ], [ 107.4120158, 10.7747453 ], [ 107.4120431, 10.7748072 ], [ 107.4120373, 10.7748744 ], [ 107.4120215, 10.7749058 ], [ 107.4119981, 10.7749322 ], [ 107.4119353, 10.774964 ], [ 107.4118173, 10.774935 ], [ 107.4117212, 10.77488 ], [ 107.4116797, 10.7748435 ], [ 107.4116436, 10.7748019 ], [ 107.4114186, 10.7744414 ], [ 107.4113825, 10.7743982 ], [ 107.4113398, 10.7743613 ], [ 107.4112916, 10.7743316 ], [ 107.4111951, 10.7742989 ], [ 107.4110931, 10.7742947 ], [ 107.4107248, 10.774327 ], [ 107.4106904, 10.7743369 ], [ 107.4106304, 10.7743747 ], [ 107.4105889, 10.7744317 ], [ 107.4105717, 10.7745024 ], [ 107.4105835, 10.774574 ], [ 107.4106505, 10.7747875 ], [ 107.4106434, 10.7748518 ], [ 107.4106298, 10.7748815 ], [ 107.4105855, 10.7749294 ], [ 107.4105567, 10.7749456 ], [ 107.4104932, 10.7749586 ], [ 107.4104298, 10.7749456 ], [ 107.4103436, 10.7748844 ], [ 107.4102956, 10.7748184 ], [ 107.4102831, 10.7747796 ], [ 107.4102826, 10.7747031 ], [ 107.4103426, 10.7745291 ], [ 107.4103636, 10.7744234 ], [ 107.410348, 10.7743554 ], [ 107.4103014, 10.774303 ], [ 107.4102363, 10.774279 ], [ 107.4102019, 10.7742791 ], [ 107.4101382, 10.7743028 ], [ 107.4100926, 10.7743527 ], [ 107.4099478, 10.7745951 ], [ 107.4099192, 10.7746252 ], [ 107.4098503, 10.774672 ], [ 107.4098115, 10.7746878 ], [ 107.4097322, 10.7747021 ], [ 107.4096551, 10.7746954 ], [ 107.4096179, 10.7746847 ], [ 107.4095292, 10.7745894 ], [ 107.4094646, 10.7744698 ], [ 107.409444, 10.7744018 ], [ 107.4094328, 10.7743316 ], [ 107.4094342, 10.7741129 ], [ 107.4094182, 10.7740743 ], [ 107.4093664, 10.7740086 ], [ 107.4092967, 10.7739665 ], [ 107.4092193, 10.7739506 ], [ 107.4091409, 10.7739611 ], [ 107.4087006, 10.7741498 ], [ 107.4085682, 10.7742161 ], [ 107.4084973, 10.7742382 ], [ 107.4083486, 10.7742591 ], [ 107.4082726, 10.7742574 ], [ 107.4081972, 10.7742474 ], [ 107.4081677, 10.774237 ], [ 107.4081214, 10.774196 ], [ 107.4081078, 10.7741683 ], [ 107.4081031, 10.7741135 ], [ 107.4081239, 10.7740624 ], [ 107.4081427, 10.7740418 ], [ 107.4086052, 10.7738731 ], [ 107.4086372, 10.7738522 ], [ 107.4086827, 10.7737919 ], [ 107.4086938, 10.7737557 ], [ 107.4086962, 10.773718 ], [ 107.4086757, 10.7736472 ], [ 107.4086269, 10.773593 ], [ 107.4085592, 10.7735646 ], [ 107.4084856, 10.7735675 ], [ 107.408056, 10.7736681 ], [ 107.4079636, 10.77366 ], [ 107.4079201, 10.7736439 ], [ 107.4078773, 10.7736184 ], [ 107.4078402, 10.7735854 ], [ 107.4078103, 10.7735459 ], [ 107.4077886, 10.7735016 ], [ 107.4077787, 10.7733945 ], [ 107.4077833, 10.7733409 ], [ 107.4078179, 10.7732209 ], [ 107.4078472, 10.7731654 ], [ 107.4079024, 10.7730885 ], [ 107.4079145, 10.7730592 ], [ 107.4079168, 10.7729964 ], [ 107.4079069, 10.7729663 ], [ 107.4078678, 10.7729167 ], [ 107.4078039, 10.7728883 ], [ 107.4077341, 10.772894 ], [ 107.4077025, 10.7729096 ], [ 107.4076557, 10.7729502 ], [ 107.4076049, 10.7729681 ], [ 107.4075517, 10.7729595 ], [ 107.4075101, 10.7729273 ], [ 107.4074895, 10.7728805 ], [ 107.4074883, 10.7728549 ], [ 107.4075295, 10.7726664 ], [ 107.4075382, 10.772483 ], [ 107.4075299, 10.7723147 ], [ 107.4075056, 10.7722258 ], [ 107.4074855, 10.7721841 ], [ 107.4074166, 10.7720943 ], [ 107.4071876, 10.7719265 ], [ 107.4070212, 10.7717719 ], [ 107.4069459, 10.7716866 ], [ 107.406812, 10.7715081 ], [ 107.4067726, 10.7714697 ], [ 107.4066819, 10.7714067 ], [ 107.4066316, 10.7713829 ], [ 107.406579, 10.7713647 ], [ 107.4064993, 10.7713601 ], [ 107.4064165, 10.771327 ], [ 107.4063771, 10.7712972 ], [ 107.4063443, 10.7712606 ], [ 107.4063017, 10.7711988 ], [ 107.406238, 10.771158 ], [ 107.4062013, 10.7711476 ], [ 107.4061235, 10.7711495 ], [ 107.4060514, 10.7711826 ], [ 107.4059992, 10.7712416 ], [ 107.4059755, 10.7713052 ], [ 107.4059373, 10.7713472 ], [ 107.4058816, 10.7713607 ], [ 107.4058289, 10.7713417 ], [ 107.405809, 10.7713218 ], [ 107.4057904, 10.7712698 ], [ 107.4057696, 10.7704464 ], [ 107.4057455, 10.7703754 ], [ 107.4057216, 10.770346 ], [ 107.4056564, 10.7703073 ], [ 107.4056187, 10.7703002 ], [ 107.4055824, 10.7703015 ], [ 107.4055152, 10.7703274 ], [ 107.4054658, 10.7703792 ], [ 107.4053264, 10.7706901 ], [ 107.4052597, 10.7707666 ], [ 107.4052174, 10.7707954 ], [ 107.4051251, 10.770829 ], [ 107.4050308, 10.770832 ], [ 107.4049844, 10.7708226 ], [ 107.4049401, 10.7708061 ], [ 107.4048748, 10.770755 ], [ 107.4048041, 10.7707114 ], [ 107.4047291, 10.7706755 ], [ 107.4046504, 10.770648 ], [ 107.4045674, 10.7706287 ], [ 107.4044827, 10.7706187 ], [ 107.4043973, 10.7706181 ], [ 107.4043125, 10.7706269 ], [ 107.4042272, 10.7706113 ], [ 107.4041518, 10.7705693 ], [ 107.4041204, 10.7705397 ], [ 107.4040745, 10.7704675 ], [ 107.4040612, 10.7704268 ], [ 107.4040557, 10.7703437 ], [ 107.4040767, 10.770265 ], [ 107.4041215, 10.7701966 ], [ 107.4045732, 10.7698414 ], [ 107.404596, 10.7698127 ], [ 107.4046106, 10.7697793 ], [ 107.4046162, 10.7697433 ], [ 107.4046124, 10.7697071 ], [ 107.4045995, 10.769673 ], [ 107.4045789, 10.769644 ], [ 107.4045194, 10.7696048 ], [ 107.4044842, 10.7695971 ], [ 107.4044134, 10.7696078 ], [ 107.4040579, 10.7697835 ], [ 107.4040205, 10.7697954 ], [ 107.4039423, 10.7697995 ], [ 107.4038661, 10.7697763 ], [ 107.4038323, 10.7697551 ], [ 107.403591, 10.7695123 ], [ 107.4034978, 10.7694472 ], [ 107.4033889, 10.7694127 ], [ 107.4032745, 10.7694122 ], [ 107.4031714, 10.7694427 ], [ 107.4030815, 10.7695007 ], [ 107.4030438, 10.7695387 ], [ 107.4029428, 10.7697262 ], [ 107.4028854, 10.7697764 ], [ 107.4028131, 10.7698022 ], [ 107.4027346, 10.7697995 ], [ 107.4026629, 10.7697679 ], [ 107.4025776, 10.769633 ], [ 107.4025464, 10.7695596 ], [ 107.4025235, 10.7694833 ], [ 107.4025043, 10.7693575 ], [ 107.4025031, 10.7692939 ], [ 107.4025147, 10.769195 ], [ 107.4025047, 10.7691241 ], [ 107.4024644, 10.7690644 ], [ 107.4024089, 10.7690302 ], [ 107.4023441, 10.7690201 ], [ 107.4021944, 10.7690484 ], [ 107.4020664, 10.7690469 ], [ 107.4019341, 10.7690151 ], [ 107.4018094, 10.7689676 ], [ 107.4016798, 10.768949 ], [ 107.4016142, 10.7689511 ], [ 107.4014756, 10.7689812 ], [ 107.4012623, 10.7690733 ], [ 107.4011046, 10.7691092 ], [ 107.4010162, 10.7691163 ], [ 107.4008863, 10.7691109 ], [ 107.4008098, 10.769081 ], [ 107.4007505, 10.7690248 ], [ 107.4007196, 10.7689596 ], [ 107.4007131, 10.768924 ], [ 107.400713, 10.7688878 ], [ 107.4007559, 10.7686928 ], [ 107.4007586, 10.768588 ], [ 107.4007349, 10.7684857 ], [ 107.4006861, 10.7683924 ], [ 107.4006048, 10.768305 ], [ 107.4005018, 10.7682434 ], [ 107.4004447, 10.7682238 ], [ 107.4000414, 10.7681295 ], [ 107.3999962, 10.7680924 ], [ 107.3999727, 10.7680394 ], [ 107.3999756, 10.767982 ], [ 107.3999869, 10.7679553 ], [ 107.4000263, 10.7679129 ], [ 107.4005209, 10.7676672 ], [ 107.4005652, 10.7676277 ], [ 107.4005793, 10.7676016 ], [ 107.4005877, 10.7675444 ], [ 107.4005702, 10.7674904 ], [ 107.4005306, 10.7674491 ], [ 107.4000156, 10.767075 ], [ 107.3999258, 10.7669686 ], [ 107.3998905, 10.7669087 ], [ 107.3998412, 10.7667793 ], [ 107.3998221, 10.7666379 ], [ 107.3998372, 10.7664917 ], [ 107.3998579, 10.7664209 ], [ 107.3999095, 10.7663139 ], [ 107.3999304, 10.7662267 ], [ 107.3999168, 10.7661382 ], [ 107.3998976, 10.7660974 ], [ 107.3998372, 10.7660298 ], [ 107.3997555, 10.7659892 ], [ 107.3997102, 10.765981 ], [ 107.399278, 10.7659735 ], [ 107.3991355, 10.7659434 ], [ 107.3990017, 10.7658866 ], [ 107.3988615, 10.7657876 ], [ 107.3989355, 10.7655503 ], [ 107.3989076, 10.7653921 ], [ 107.3988295, 10.7651963 ], [ 107.3986905, 10.7650411 ], [ 107.3985413, 10.764932 ], [ 107.3983911, 10.7647591 ], [ 107.3982557, 10.7645011 ], [ 107.3981468, 10.7642064 ], [ 107.3980929, 10.7641176 ], [ 107.3980283, 10.7640287 ], [ 107.3978484, 10.7638904 ], [ 107.3976739, 10.7637204 ], [ 107.3975734, 10.7634997 ], [ 107.3974945, 10.7632737 ], [ 107.3974188, 10.7631267 ], [ 107.3973065, 10.7630594 ], [ 107.3970829, 10.7630403 ], [ 107.3965994, 10.7630814 ], [ 107.3960139, 10.7631172 ], [ 107.3950515, 10.7631621 ], [ 107.3946146, 10.7631445 ], [ 107.394442, 10.7631135 ], [ 107.3942801, 10.7630403 ], [ 107.394128, 10.7629572 ], [ 107.3940321, 10.7628477 ], [ 107.3939363, 10.7627277 ], [ 107.3938733, 10.7625719 ], [ 107.3938672, 10.7624142 ], [ 107.3939507, 10.7621191 ], [ 107.3939934, 10.7616738 ], [ 107.3939794, 10.76156 ], [ 107.3939074, 10.7614581 ], [ 107.3937281, 10.7613139 ], [ 107.3932703, 10.7608426 ], [ 107.3930128, 10.7605934 ], [ 107.3927744, 10.7602687 ], [ 107.3926956, 10.7601762 ], [ 107.392581, 10.7600417 ], [ 107.3924968, 10.7599106 ], [ 107.3924816, 10.7597502 ], [ 107.3925093, 10.7595898 ], [ 107.3927276, 10.7593803 ], [ 107.392877, 10.7592132 ], [ 107.3930291, 10.7589342 ], [ 107.3931598, 10.7585498 ], [ 107.3931489, 10.7583528 ], [ 107.3929572, 10.7578972 ], [ 107.3928999, 10.7576681 ], [ 107.392907, 10.7574073 ], [ 107.3927878, 10.7569799 ], [ 107.3925421, 10.7566486 ], [ 107.3920956, 10.7562466 ], [ 107.3919064, 10.7560028 ], [ 107.3918192, 10.7557696 ], [ 107.3916722, 10.7555536 ], [ 107.3915119, 10.7554623 ], [ 107.3913988, 10.7553942 ], [ 107.391248, 10.7553834 ], [ 107.3910649, 10.7554254 ], [ 107.3908278, 10.7555943 ], [ 107.3903187, 10.7561061 ], [ 107.3901389, 10.7564704 ], [ 107.3900976, 10.7565243 ], [ 107.3900502, 10.7565732 ], [ 107.3899399, 10.7566532 ], [ 107.3898138, 10.7567061 ], [ 107.3896835, 10.7567289 ], [ 107.3895513, 10.7567227 ], [ 107.3894866, 10.7567087 ], [ 107.3893235, 10.7566378 ], [ 107.3891749, 10.7565406 ], [ 107.3890454, 10.7564202 ], [ 107.3889314, 10.7562686 ], [ 107.3888475, 10.7560992 ], [ 107.3888177, 10.7560095 ], [ 107.3887837, 10.755824 ], [ 107.3887312, 10.7550753 ], [ 107.3887199, 10.7550214 ], [ 107.3886992, 10.7549703 ], [ 107.3886698, 10.7549235 ], [ 107.3886339, 10.7548835 ], [ 107.3885915, 10.75485 ], [ 107.3885441, 10.754824 ], [ 107.3883138, 10.754747 ], [ 107.3882212, 10.7547284 ], [ 107.3879337, 10.7547028 ], [ 107.3878384, 10.7546846 ], [ 107.3876533, 10.7546268 ], [ 107.3875648, 10.7545875 ], [ 107.3873902, 10.7544836 ], [ 107.387235, 10.7543534 ], [ 107.3871661, 10.7542794 ], [ 107.3869732, 10.7540409 ], [ 107.3868231, 10.7538996 ], [ 107.3867413, 10.7538365 ], [ 107.3865416, 10.7537134 ], [ 107.3863256, 10.7536204 ], [ 107.3862306, 10.7535975 ], [ 107.3861382, 10.7535659 ], [ 107.3860492, 10.753526 ], [ 107.3859645, 10.7534779 ], [ 107.3858847, 10.7534223 ], [ 107.3857484, 10.7532963 ], [ 107.3856417, 10.7531554 ], [ 107.385598, 10.7530787 ], [ 107.3855612, 10.7529985 ], [ 107.3854164, 10.7525158 ], [ 107.3853442, 10.7523465 ], [ 107.3852419, 10.7521929 ], [ 107.3851805, 10.7521236 ], [ 107.3850398, 10.7520028 ], [ 107.3848756, 10.7519074 ], [ 107.3847856, 10.7518707 ], [ 107.3846924, 10.7518426 ], [ 107.384432, 10.7517816 ], [ 107.3841061, 10.7516849 ], [ 107.3837124, 10.7515417 ], [ 107.3835195, 10.7514604 ], [ 107.3832616, 10.7513402 ], [ 107.3831976, 10.7513007 ], [ 107.3830841, 10.7512029 ], [ 107.383036, 10.7511457 ], [ 107.3829598, 10.7510177 ], [ 107.3829326, 10.7509484 ], [ 107.3829022, 10.7508104 ], [ 107.3828979, 10.7507398 ], [ 107.3829297, 10.7504121 ], [ 107.3829482, 10.7503199 ], [ 107.3830269, 10.7500465 ], [ 107.383042, 10.7499526 ], [ 107.3830479, 10.7497626 ], [ 107.3830254, 10.7495926 ], [ 107.3830044, 10.7495094 ], [ 107.3829769, 10.749428 ], [ 107.382865, 10.7491745 ], [ 107.3828395, 10.7490824 ], [ 107.3828236, 10.7489882 ], [ 107.3828198, 10.7488078 ], [ 107.3828481, 10.7486398 ], [ 107.3828736, 10.7485583 ], [ 107.3831747, 10.7480524 ], [ 107.3832099, 10.7479716 ], [ 107.3832165, 10.7478839 ], [ 107.3832088, 10.7478405 ], [ 107.3831723, 10.7477602 ], [ 107.3831445, 10.7477256 ], [ 107.3830725, 10.7476715 ], [ 107.3830306, 10.747654 ], [ 107.382941, 10.7476405 ], [ 107.3828957, 10.747645 ], [ 107.3828106, 10.7476755 ], [ 107.3824503, 10.7479322 ], [ 107.3823506, 10.747972 ], [ 107.3822341, 10.747985 ], [ 107.3821756, 10.7479792 ], [ 107.3819761, 10.7479337 ], [ 107.3818302, 10.7479285 ], [ 107.3816975, 10.7479472 ], [ 107.3814876, 10.748013 ], [ 107.381403, 10.7480298 ], [ 107.3812307, 10.7480379 ], [ 107.3810722, 10.7480147 ], [ 107.3809209, 10.7479628 ], [ 107.3805857, 10.7477757 ], [ 107.3805202, 10.7477111 ], [ 107.3804742, 10.747632 ], [ 107.3804596, 10.7475886 ], [ 107.3804485, 10.7474975 ], [ 107.3804623, 10.7474068 ], [ 107.3805229, 10.7471902 ], [ 107.3805517, 10.7469673 ], [ 107.3805481, 10.7467427 ], [ 107.3805336, 10.7466281 ], [ 107.3804794, 10.7464037 ], [ 107.3803925, 10.7461893 ], [ 107.3795933, 10.7445502 ], [ 107.3795384, 10.7443893 ], [ 107.3795181, 10.7442208 ], [ 107.3795215, 10.7441333 ], [ 107.3795342, 10.7440466 ], [ 107.3795562, 10.7439617 ], [ 107.3795872, 10.7438796 ], [ 107.3798803, 10.7434948 ], [ 107.3799479, 10.743396 ], [ 107.38006, 10.7431852 ], [ 107.3801304, 10.7429922 ], [ 107.3801753, 10.7427919 ], [ 107.3801872, 10.7426109 ], [ 107.3801893, 10.7424296 ], [ 107.3801818, 10.7422484 ], [ 107.3801422, 10.7419143 ], [ 107.3800764, 10.741611 ], [ 107.3800086, 10.7413909 ], [ 107.3799349, 10.7412602 ], [ 107.3798868, 10.7412022 ], [ 107.3797782, 10.7411095 ], [ 107.3797204, 10.7410747 ], [ 107.3796185, 10.7410338 ], [ 107.3795764, 10.7410288 ], [ 107.3794964, 10.7410399 ], [ 107.3794605, 10.7410544 ], [ 107.3793984, 10.7410994 ], [ 107.3793194, 10.7412134 ], [ 107.3792496, 10.7414118 ], [ 107.3791637, 10.7416523 ], [ 107.3790805, 10.7418903 ], [ 107.378975, 10.742081 ], [ 107.3788696, 10.7422032 ], [ 107.3787612, 10.7422627 ], [ 107.378642, 10.7422905 ], [ 107.3785003, 10.7422935 ], [ 107.378367, 10.7422574 ], [ 107.3782496, 10.7421214 ], [ 107.3781794, 10.7419116 ], [ 107.3781602, 10.7417222 ], [ 107.3781731, 10.7414801 ], [ 107.3781818, 10.7411745 ], [ 107.3781668, 10.7409533 ], [ 107.3781572, 10.7407585 ], [ 107.3781203, 10.7405693 ], [ 107.3780392, 10.7403984 ], [ 107.3779504, 10.7402128 ], [ 107.3777865, 10.7400114 ], [ 107.3775762, 10.7398026 ], [ 107.3773909, 10.7395326 ], [ 107.3772163, 10.7392047 ], [ 107.3770527, 10.7388886 ], [ 107.376857, 10.738467 ], [ 107.3766301, 10.7379891 ], [ 107.3763765, 10.7376594 ], [ 107.3760871, 10.7374246 ], [ 107.3757241, 10.7372172 ], [ 107.3753688, 10.7370825 ], [ 107.3751429, 10.7369729 ], [ 107.374976, 10.7368476 ], [ 107.3748076, 10.736704 ], [ 107.3747251, 10.7365921 ], [ 107.3746136, 10.7363812 ], [ 107.3745236, 10.7361756 ], [ 107.3744182, 10.7359233 ], [ 107.3742913, 10.7356604 ], [ 107.3740757, 10.7353668 ], [ 107.3738224, 10.7351367 ], [ 107.3736134, 10.7349595 ], [ 107.3733465, 10.7348464 ], [ 107.3730366, 10.7347426 ], [ 107.3726677, 10.7347338 ], [ 107.3723018, 10.734775 ], [ 107.371931, 10.7347666 ], [ 107.3716813, 10.7347308 ], [ 107.3714476, 10.7346476 ], [ 107.3712824, 10.7345726 ], [ 107.3711225, 10.7344713 ], [ 107.3709991, 10.7343506 ], [ 107.3709178, 10.7341515 ], [ 107.3708784, 10.7339633 ], [ 107.3708766, 10.7338014 ], [ 107.3708863, 10.7336119 ], [ 107.3709441, 10.7334696 ], [ 107.3710494, 10.7333742 ], [ 107.3712779, 10.7331996 ], [ 107.3714674, 10.7330082 ], [ 107.3716339, 10.7328491 ], [ 107.3717385, 10.7326852 ], [ 107.371811, 10.7325161 ], [ 107.371852, 10.732289 ], [ 107.3718317, 10.7321175 ], [ 107.3717632, 10.7319197 ], [ 107.3717197, 10.7317879 ], [ 107.371649, 10.7316671 ], [ 107.3715462, 10.7315627 ], [ 107.3714193, 10.7314309 ], [ 107.3712602, 10.7313518 ], [ 107.3710525, 10.7312953 ], [ 107.3708882, 10.7312868 ], [ 107.3706544, 10.7313725 ], [ 107.370423, 10.7315805 ], [ 107.3701643, 10.7319274 ], [ 107.3699967, 10.732269 ], [ 107.3698654, 10.7325232 ], [ 107.3697354, 10.7326662 ], [ 107.3695739, 10.7327798 ], [ 107.3693265, 10.7329092 ], [ 107.3690405, 10.7330433 ], [ 107.3688131, 10.7331508 ], [ 107.3686056, 10.7332259 ], [ 107.3684571, 10.733254 ], [ 107.3683099, 10.733236 ], [ 107.3682095, 10.7331743 ], [ 107.3681198, 10.7330968 ], [ 107.3678624, 10.732799 ], [ 107.3673198, 10.7321125 ], [ 107.366846, 10.7314992 ], [ 107.3665255, 10.7309519 ], [ 107.3663272, 10.7307268 ], [ 107.366194, 10.7306177 ], [ 107.3660451, 10.7305456 ], [ 107.365893, 10.7304912 ], [ 107.3657195, 10.7305157 ], [ 107.3655468, 10.7305592 ], [ 107.3652025, 10.7307185 ], [ 107.3645364, 10.7311377 ], [ 107.3643147, 10.7312591 ], [ 107.3640855, 10.7312923 ], [ 107.3639227, 10.7312826 ], [ 107.3637974, 10.7312149 ], [ 107.3636901, 10.7311153 ], [ 107.3636258, 10.7310181 ], [ 107.363599, 10.7308893 ], [ 107.363614, 10.730726 ], [ 107.3636637, 10.7305363 ], [ 107.363751, 10.7303781 ], [ 107.3637914, 10.7301986 ], [ 107.3638247, 10.7300507 ], [ 107.3638413, 10.7298872 ], [ 107.3638093, 10.7298028 ], [ 107.3637291, 10.7297236 ], [ 107.3635884, 10.7296552 ], [ 107.3633952, 10.7295559 ], [ 107.3632434, 10.7294708 ], [ 107.3627254, 10.7292304 ], [ 107.3622617, 10.7290335 ], [ 107.3617845, 10.7287285 ], [ 107.3613834, 10.7284575 ], [ 107.3610895, 10.7282076 ], [ 107.3609531, 10.7276167 ], [ 107.3611829, 10.7267972 ], [ 107.3607048, 10.7246903 ], [ 107.3589407, 10.7217043 ], [ 107.3582119, 10.7205371 ], [ 107.3545401, 10.7146559 ], [ 107.3507517, 10.7085878 ], [ 107.3507098, 10.6968627 ], [ 107.3506873, 10.690572 ], [ 107.352008, 10.6783643 ], [ 107.3489593, 10.6772965 ], [ 107.3439759, 10.6764257 ], [ 107.3373416, 10.6776674 ], [ 107.3327974, 10.6775825 ], [ 107.3320297, 10.6774301 ], [ 107.3317577, 10.6773688 ], [ 107.3316051, 10.6772514 ], [ 107.3314917, 10.6770467 ], [ 107.3314103, 10.6768417 ], [ 107.3312803, 10.6765422 ], [ 107.3311189, 10.6763062 ], [ 107.3309904, 10.6762122 ], [ 107.3307665, 10.6761822 ], [ 107.3304152, 10.6761848 ], [ 107.3299051, 10.6762993 ], [ 107.3295704, 10.6763809 ], [ 107.3293308, 10.6763827 ], [ 107.3290908, 10.6763371 ], [ 107.3286755, 10.6763243 ], [ 107.3283885, 10.6763739 ], [ 107.3281649, 10.6763755 ], [ 107.3280368, 10.6763291 ], [ 107.3279723, 10.6762505 ], [ 107.3278305, 10.6760647 ], [ 107.3277849, 10.6759382 ], [ 107.3277436, 10.6757496 ], [ 107.3276583, 10.6752542 ], [ 107.3275525, 10.6749546 ], [ 107.3272332, 10.6745875 ], [ 107.3271689, 10.6745248 ], [ 107.3269443, 10.674384 ], [ 107.3265601, 10.6742604 ], [ 107.3262319, 10.6741996 ], [ 107.325986, 10.6741353 ], [ 107.3257962, 10.6740007 ], [ 107.3255628, 10.6738953 ], [ 107.3254422, 10.6737298 ], [ 107.3253295, 10.6735817 ], [ 107.3252429, 10.6734929 ], [ 107.3251283, 10.6734446 ], [ 107.3250452, 10.6734288 ], [ 107.3248909, 10.6734853 ], [ 107.3247874, 10.6735023 ], [ 107.3246267, 10.6734973 ], [ 107.3245572, 10.6734266 ], [ 107.3244445, 10.673264 ], [ 107.3243633, 10.6730907 ], [ 107.3243288, 10.6730834 ], [ 107.3241906, 10.6731164 ], [ 107.3240715, 10.6731494 ], [ 107.3239803, 10.6731731 ], [ 107.3238945, 10.6731257 ], [ 107.3238593, 10.6730306 ], [ 107.3238486, 10.6729546 ], [ 107.3238509, 10.6729047 ], [ 107.3236731, 10.6726214 ], [ 107.3233887, 10.6724862 ], [ 107.3232154, 10.6724376 ], [ 107.3230901, 10.6722913 ], [ 107.3229289, 10.672153 ], [ 107.3228621, 10.6720184 ], [ 107.3228694, 10.6718632 ], [ 107.3228165, 10.6717316 ], [ 107.3228028, 10.6715442 ], [ 107.3228189, 10.671249 ], [ 107.322889, 10.6709992 ], [ 107.3228881, 10.6708039 ], [ 107.3228039, 10.6706431 ], [ 107.322739, 10.6705012 ], [ 107.3225948, 10.670439 ], [ 107.3221461, 10.6702368 ], [ 107.3219531, 10.6700484 ], [ 107.3215905, 10.6698124 ], [ 107.3215061, 10.6697811 ], [ 107.3214613, 10.669775 ], [ 107.3213738, 10.6697821 ], [ 107.3212069, 10.6698515 ], [ 107.321113, 10.6698704 ], [ 107.3209938, 10.6698645 ], [ 107.3207644, 10.6697966 ], [ 107.3206577, 10.6697986 ], [ 107.320577, 10.6698244 ], [ 107.3205145, 10.6698244 ], [ 107.3204602, 10.669793 ], [ 107.3204411, 10.6697677 ], [ 107.3204127, 10.6696589 ], [ 107.3203808, 10.66962 ], [ 107.3203531, 10.6696029 ], [ 107.320322, 10.6695934 ], [ 107.3202151, 10.6696004 ], [ 107.3201314, 10.6695884 ], [ 107.3200598, 10.6695605 ], [ 107.3199941, 10.6695208 ], [ 107.3199211, 10.6694976 ], [ 107.3198827, 10.6694951 ], [ 107.3198102, 10.6695075 ], [ 107.3197478, 10.6695395 ], [ 107.319721, 10.669562 ], [ 107.3196949, 10.6696022 ], [ 107.3196745, 10.6696155 ], [ 107.3196511, 10.6696227 ], [ 107.319603, 10.6696174 ], [ 107.3195665, 10.6695898 ], [ 107.3195491, 10.6695479 ], [ 107.3195608, 10.6693917 ], [ 107.3195467, 10.6693599 ], [ 107.3195332, 10.6693485 ], [ 107.3194993, 10.6693397 ], [ 107.3194818, 10.669343 ], [ 107.3193535, 10.6694197 ], [ 107.3193221, 10.6694286 ], [ 107.319257, 10.6694276 ], [ 107.3191934, 10.6693996 ], [ 107.3191674, 10.6693765 ], [ 107.3190878, 10.669275 ], [ 107.3190061, 10.6692211 ], [ 107.3189082, 10.6691944 ], [ 107.3186763, 10.6691956 ], [ 107.3186496, 10.669189 ], [ 107.3186079, 10.6691548 ], [ 107.3185932, 10.6691117 ], [ 107.3186119, 10.6690043 ], [ 107.318605, 10.6689657 ], [ 107.318573, 10.6689373 ], [ 107.3185217, 10.6689201 ], [ 107.3184376, 10.6688691 ], [ 107.3183433, 10.668769 ], [ 107.3182967, 10.6687528 ], [ 107.3182436, 10.6687609 ], [ 107.3180896, 10.6688882 ], [ 107.3180556, 10.6688931 ], [ 107.3180392, 10.6688873 ], [ 107.3180141, 10.668856 ], [ 107.3180124, 10.6688359 ], [ 107.3180305, 10.6687473 ], [ 107.3180207, 10.668664 ], [ 107.3179893, 10.6686249 ], [ 107.3179391, 10.6686076 ], [ 107.317911, 10.6686104 ], [ 107.3178637, 10.6686396 ], [ 107.3177463, 10.6688187 ], [ 107.3176798, 10.6688635 ], [ 107.3176387, 10.6688753 ], [ 107.317596, 10.668878 ], [ 107.3173448, 10.6688256 ], [ 107.3173174, 10.6688258 ], [ 107.3172668, 10.6688451 ], [ 107.3172475, 10.6688618 ], [ 107.3172227, 10.6689058 ], [ 107.317211, 10.6689735 ], [ 107.3171806, 10.6690552 ], [ 107.3171383, 10.6691167 ], [ 107.3170854, 10.6691491 ], [ 107.3170549, 10.6691561 ], [ 107.3169981, 10.6691516 ], [ 107.3169715, 10.6691412 ], [ 107.3169043, 10.6690939 ], [ 107.316851, 10.6690844 ], [ 107.3167993, 10.6690992 ], [ 107.3167247, 10.6691579 ], [ 107.316639, 10.6691956 ], [ 107.3164986, 10.669218 ], [ 107.3164232, 10.6692022 ], [ 107.3163705, 10.6691676 ], [ 107.3163262, 10.6691194 ], [ 107.3162985, 10.6690994 ], [ 107.3162346, 10.6690773 ], [ 107.3162006, 10.6690757 ], [ 107.3160822, 10.6691223 ], [ 107.3159818, 10.6691889 ], [ 107.3159015, 10.6692694 ], [ 107.3158842, 10.6692988 ], [ 107.3158691, 10.6693648 ], [ 107.315885, 10.6694629 ], [ 107.3158827, 10.6694958 ], [ 107.3158592, 10.6695613 ], [ 107.3158373, 10.6695912 ], [ 107.3155421, 10.6698124 ], [ 107.3153122, 10.6700358 ], [ 107.3152336, 10.6700971 ], [ 107.315179, 10.670127 ], [ 107.3148356, 10.6702775 ], [ 107.3147514, 10.6703436 ], [ 107.3146845, 10.670433 ], [ 107.3146302, 10.6704661 ], [ 107.3145944, 10.6704743 ], [ 107.3145357, 10.6704699 ], [ 107.3144974, 10.6704477 ], [ 107.3144695, 10.6704006 ], [ 107.3144706, 10.6703258 ], [ 107.3144616, 10.6703074 ], [ 107.3144302, 10.6702868 ], [ 107.3143956, 10.6702895 ], [ 107.3143236, 10.6703178 ], [ 107.3142645, 10.6703204 ], [ 107.3142043, 10.6703128 ], [ 107.3141728, 10.6703172 ], [ 107.3141178, 10.6703475 ], [ 107.3140847, 10.6703969 ], [ 107.3140701, 10.6705182 ], [ 107.3140444, 10.6705732 ], [ 107.3140052, 10.6706164 ], [ 107.3138845, 10.6707007 ], [ 107.3138303, 10.6707245 ], [ 107.3137155, 10.6707534 ], [ 107.3136189, 10.6707578 ], [ 107.3135443, 10.6707501 ], [ 107.3134956, 10.6707692 ], [ 107.3134724, 10.670804 ], [ 107.3134567, 10.6709419 ], [ 107.3134289, 10.6710332 ], [ 107.313403, 10.6710737 ], [ 107.3133476, 10.6711272 ], [ 107.3132247, 10.6711923 ], [ 107.3131953, 10.6712221 ], [ 107.313159, 10.6712964 ], [ 107.3131537, 10.6713349 ], [ 107.313167, 10.6714111 ], [ 107.3132355, 10.6715442 ], [ 107.3132418, 10.6715706 ], [ 107.3132403, 10.6715978 ], [ 107.3132153, 10.6716456 ], [ 107.3131715, 10.6716721 ], [ 107.3130372, 10.6716699 ], [ 107.3129931, 10.6716868 ], [ 107.3129752, 10.6717023 ], [ 107.3129535, 10.6717398 ], [ 107.3129424, 10.6718452 ], [ 107.3129283, 10.6718736 ], [ 107.3128841, 10.6719169 ], [ 107.312811, 10.6719433 ], [ 107.3127647, 10.6719501 ], [ 107.3126164, 10.6719379 ], [ 107.3125662, 10.6719593 ], [ 107.3125494, 10.6719769 ], [ 107.3125313, 10.6720213 ], [ 107.3125358, 10.6721829 ], [ 107.312525, 10.6722068 ], [ 107.3124857, 10.6722413 ], [ 107.3124636, 10.6722487 ], [ 107.3124173, 10.6722466 ], [ 107.3123631, 10.6722043 ], [ 107.3123087, 10.6721438 ], [ 107.3122699, 10.6721352 ], [ 107.3122502, 10.6721389 ], [ 107.3119748, 10.6723138 ], [ 107.3119267, 10.6723548 ], [ 107.3118997, 10.6724114 ], [ 107.3118976, 10.6724699 ], [ 107.3119484, 10.672625 ], [ 107.3119918, 10.6728615 ], [ 107.3119751, 10.6729214 ], [ 107.3119332, 10.6729646 ], [ 107.3119068, 10.6729771 ], [ 107.3118137, 10.672996 ], [ 107.3116824, 10.6730018 ], [ 107.3115392, 10.6729779 ], [ 107.3114705, 10.6729543 ], [ 107.3114224, 10.6729131 ], [ 107.3114008, 10.6728542 ], [ 107.3114087, 10.6727978 ], [ 107.3114323, 10.6727527 ], [ 107.3114332, 10.6727089 ], [ 107.3114088, 10.6726723 ], [ 107.3113622, 10.6726551 ], [ 107.3113148, 10.6726701 ], [ 107.3112975, 10.6726881 ], [ 107.3111685, 10.6727633 ], [ 107.3111165, 10.6727804 ], [ 107.3110239, 10.6727896 ], [ 107.3109811, 10.6728156 ], [ 107.3109689, 10.6728502 ], [ 107.3109712, 10.6728701 ], [ 107.3109927, 10.6729163 ], [ 107.3110023, 10.6729766 ], [ 107.310988, 10.6730385 ], [ 107.3109494, 10.6730922 ], [ 107.3108793, 10.6731341 ], [ 107.3108657, 10.6731599 ], [ 107.3108718, 10.6731837 ], [ 107.3109551, 10.6732838 ], [ 107.310977, 10.6733207 ], [ 107.3109959, 10.6734034 ], [ 107.3109797, 10.6734868 ], [ 107.3109368, 10.6735509 ], [ 107.3109072, 10.6735761 ], [ 107.3108363, 10.6736084 ], [ 107.3107584, 10.6736133 ], [ 107.3105304, 10.6735764 ], [ 107.3105096, 10.6735759 ], [ 107.3104728, 10.673594 ], [ 107.3104543, 10.6736318 ], [ 107.3104557, 10.6736537 ], [ 107.3105659, 10.673835 ], [ 107.3105871, 10.6739164 ], [ 107.3105817, 10.6740045 ], [ 107.3105676, 10.6740487 ], [ 107.3105183, 10.6741273 ], [ 107.3103122, 10.6742538 ], [ 107.3102823, 10.674283 ], [ 107.3102394, 10.6743539 ], [ 107.3102268, 10.6743981 ], [ 107.3102275, 10.6744893 ], [ 107.3102408, 10.6745333 ], [ 107.310301, 10.6746388 ], [ 107.3103609, 10.674777 ], [ 107.3103975, 10.6749365 ], [ 107.3104028, 10.675044 ], [ 107.3103842, 10.6750775 ], [ 107.3103484, 10.6750963 ], [ 107.3103279, 10.6750972 ], [ 107.3101949, 10.675051 ], [ 107.3101643, 10.6750577 ], [ 107.3101516, 10.675071 ], [ 107.3101482, 10.6751065 ], [ 107.3102045, 10.6753819 ], [ 107.3102098, 10.6754806 ], [ 107.3101863, 10.6755782 ], [ 107.3101348, 10.6756666 ], [ 107.3099926, 10.6758596 ], [ 107.3099479, 10.6758904 ], [ 107.3098934, 10.6758932 ], [ 107.3098672, 10.6758833 ], [ 107.3098283, 10.6758445 ], [ 107.3097986, 10.6757746 ], [ 107.3097848, 10.6757593 ], [ 107.309749, 10.6757426 ], [ 107.309711, 10.6757456 ], [ 107.3095916, 10.6758194 ], [ 107.3095286, 10.6758432 ], [ 107.3094858, 10.6758484 ], [ 107.3093102, 10.6758336 ], [ 107.3092598, 10.6758564 ], [ 107.3092282, 10.6759011 ], [ 107.3092226, 10.6759254 ], [ 107.3092295, 10.6759742 ], [ 107.3092416, 10.675996 ], [ 107.3093499, 10.6761157 ], [ 107.3093572, 10.6761348 ], [ 107.3093569, 10.6761753 ], [ 107.3093482, 10.6761963 ], [ 107.3093156, 10.676228 ], [ 107.3092313, 10.6762498 ], [ 107.3091991, 10.6762828 ], [ 107.3091906, 10.6763071 ], [ 107.309196, 10.6763809 ], [ 107.3091832, 10.6764501 ], [ 107.3091289, 10.6766234 ], [ 107.3091099, 10.6767695 ], [ 107.3090833, 10.6768052 ], [ 107.3090662, 10.6768138 ], [ 107.3090281, 10.6768156 ], [ 107.3088885, 10.6767517 ], [ 107.3087749, 10.6767288 ], [ 107.3087091, 10.6767263 ], [ 107.3085261, 10.6767529 ], [ 107.3084854, 10.6767835 ], [ 107.3084576, 10.6768258 ], [ 107.3084384, 10.676842 ], [ 107.3083907, 10.676857 ], [ 107.308342, 10.676846 ], [ 107.3083216, 10.6768316 ], [ 107.3082439, 10.6767497 ], [ 107.308225, 10.676746 ], [ 107.3081902, 10.6767604 ], [ 107.3081764, 10.6767898 ], [ 107.3081963, 10.6768626 ], [ 107.3081991, 10.6769432 ], [ 107.3081553, 10.6770793 ], [ 107.308158, 10.6771437 ], [ 107.3081687, 10.6771742 ], [ 107.3083243, 10.6773693 ], [ 107.3083303, 10.6774125 ], [ 107.3083109, 10.6774517 ], [ 107.3082701, 10.6774742 ], [ 107.3082212, 10.6774679 ], [ 107.3082009, 10.6774536 ], [ 107.3081468, 10.6773827 ], [ 107.3081165, 10.6773732 ], [ 107.3080993, 10.677377 ], [ 107.3080848, 10.6773867 ], [ 107.3080427, 10.6774534 ], [ 107.3079632, 10.6775474 ], [ 107.3079166, 10.677588 ], [ 107.3078184, 10.6776512 ], [ 107.3077154, 10.6777067 ], [ 107.3076068, 10.6777546 ], [ 107.3074946, 10.6777939 ], [ 107.3073796, 10.6778243 ], [ 107.3072625, 10.6778457 ], [ 107.3071926, 10.6778394 ], [ 107.30716, 10.6778262 ], [ 107.3071307, 10.6778068 ], [ 107.3070897, 10.6777584 ], [ 107.3070614, 10.6776787 ], [ 107.3070475, 10.6776622 ], [ 107.3070093, 10.6776472 ], [ 107.3069713, 10.6776569 ], [ 107.3068356, 10.6777567 ], [ 107.3066854, 10.6779676 ], [ 107.3065871, 10.6781573 ], [ 107.3065138, 10.6783577 ], [ 107.3064736, 10.6784464 ], [ 107.306425, 10.6785309 ], [ 107.3063685, 10.6786105 ], [ 107.3063046, 10.6786845 ], [ 107.3061849, 10.6787922 ], [ 107.3061191, 10.6788389 ], [ 107.3059773, 10.6789165 ], [ 107.3057654, 10.6792143 ], [ 107.305616, 10.6793465 ], [ 107.3054477, 10.6794547 ], [ 107.3053578, 10.679499 ], [ 107.305188, 10.6795611 ], [ 107.3051003, 10.6795833 ], [ 107.3050017, 10.6795957 ], [ 107.3049553, 10.6796136 ], [ 107.3048797, 10.6796652 ], [ 107.304851, 10.679696 ], [ 107.3048079, 10.6797678 ], [ 107.3047221, 10.6799734 ], [ 107.3046859, 10.6800138 ], [ 107.3046362, 10.6800367 ], [ 107.3046033, 10.6800402 ], [ 107.3045704, 10.6800357 ], [ 107.304509, 10.6800108 ], [ 107.3044431, 10.680005 ], [ 107.3044134, 10.6800112 ], [ 107.30436, 10.6800393 ], [ 107.3040724, 10.6803704 ], [ 107.3039871, 10.6805032 ], [ 107.3038845, 10.680728 ], [ 107.3038516, 10.6807799 ], [ 107.3037645, 10.6808669 ], [ 107.3037212, 10.6808952 ], [ 107.3036257, 10.6809352 ], [ 107.3034563, 10.6809609 ], [ 107.3033913, 10.6809788 ], [ 107.303271, 10.6810382 ], [ 107.3031843, 10.6811103 ], [ 107.3031474, 10.6811528 ], [ 107.3030708, 10.6812657 ], [ 107.302963, 10.6813849 ], [ 107.3028292, 10.6814843 ], [ 107.3026729, 10.6815575 ], [ 107.3026203, 10.6815949 ], [ 107.3025872, 10.6816497 ], [ 107.302579, 10.681713 ], [ 107.3025854, 10.6817464 ], [ 107.302619, 10.6818055 ], [ 107.3026446, 10.6818283 ], [ 107.3027077, 10.6818553 ], [ 107.302925, 10.6818711 ], [ 107.3029464, 10.6818849 ], [ 107.3029755, 10.6819257 ], [ 107.3029796, 10.6819809 ], [ 107.3029683, 10.6820097 ], [ 107.3029486, 10.6820336 ], [ 107.3028528, 10.6821069 ], [ 107.3027775, 10.6821558 ], [ 107.3025961, 10.6822517 ], [ 107.3023932, 10.6823883 ], [ 107.3022831, 10.682478 ], [ 107.3021793, 10.6825749 ], [ 107.3021137, 10.6826177 ], [ 107.3020774, 10.6826329 ], [ 107.3020012, 10.6826497 ], [ 107.301742, 10.6826373 ], [ 107.3017073, 10.6826513 ], [ 107.3016848, 10.6826859 ], [ 107.3016724, 10.68282 ], [ 107.3016559, 10.6828901 ], [ 107.301617, 10.6829567 ], [ 107.3015004, 10.6830784 ], [ 107.3014739, 10.6831152 ], [ 107.3014471, 10.6831785 ], [ 107.3014109, 10.6833537 ], [ 107.3013963, 10.6833863 ], [ 107.3013485, 10.6834391 ], [ 107.3013173, 10.6834572 ], [ 107.3012471, 10.6834728 ], [ 107.3011778, 10.6834599 ], [ 107.3011204, 10.6834222 ], [ 107.3010823, 10.6833656 ], [ 107.3010023, 10.6831354 ], [ 107.3009703, 10.6831095 ], [ 107.3009495, 10.683106 ], [ 107.3009262, 10.6831104 ], [ 107.3009064, 10.6831232 ], [ 107.3008929, 10.6831425 ], [ 107.3008501, 10.6832925 ], [ 107.3007953, 10.683363 ], [ 107.3007229, 10.6833893 ], [ 107.3006631, 10.6834013 ], [ 107.30053, 10.683407 ], [ 107.3004228, 10.6834389 ], [ 107.3003476, 10.6834395 ], [ 107.3002839, 10.6834206 ], [ 107.3002253, 10.6834196 ], [ 107.3001737, 10.6834457 ], [ 107.3001388, 10.6834895 ], [ 107.3000966, 10.6835237 ], [ 107.3000448, 10.6835401 ], [ 107.299973, 10.683536 ], [ 107.2999327, 10.6835579 ], [ 107.2999129, 10.6836002 ], [ 107.2999306, 10.6837057 ], [ 107.2999263, 10.6837517 ], [ 107.2998941, 10.6837992 ], [ 107.2998458, 10.6838315 ], [ 107.2998244, 10.6838848 ], [ 107.2998332, 10.6839335 ], [ 107.2998651, 10.6839717 ], [ 107.2999062, 10.6839987 ], [ 107.299921, 10.6840176 ], [ 107.2999357, 10.6840627 ], [ 107.2999266, 10.6841132 ], [ 107.2998643, 10.6842028 ], [ 107.2998512, 10.6842538 ], [ 107.2998527, 10.6842836 ], [ 107.2998606, 10.6843125 ], [ 107.2998941, 10.6843619 ], [ 107.2999318, 10.6844495 ], [ 107.2999906, 10.6846307 ], [ 107.3000274, 10.6848249 ], [ 107.30004, 10.6849474 ], [ 107.300036, 10.6849715 ], [ 107.3000067, 10.6850103 ], [ 107.2999684, 10.6850242 ], [ 107.2999477, 10.6850235 ], [ 107.2998527, 10.6849924 ], [ 107.2998029, 10.6849866 ], [ 107.2996931, 10.6849951 ], [ 107.2996518, 10.6850192 ], [ 107.2996373, 10.6850383 ], [ 107.2996259, 10.6850841 ], [ 107.2996409, 10.6851315 ], [ 107.2996792, 10.6851638 ], [ 107.2999209, 10.6852264 ], [ 107.2999837, 10.6852599 ], [ 107.3000089, 10.6852852 ], [ 107.3000416, 10.6853476 ], [ 107.3000471, 10.6854183 ], [ 107.3000014, 10.6855611 ], [ 107.2999931, 10.685609 ], [ 107.2999887, 10.6857325 ], [ 107.299981, 10.6857578 ], [ 107.2999504, 10.685801 ], [ 107.2999273, 10.6858177 ], [ 107.2998726, 10.6858339 ], [ 107.2996125, 10.6858115 ], [ 107.2995815, 10.6858182 ], [ 107.2995301, 10.6858537 ], [ 107.2995132, 10.6858801 ], [ 107.2995025, 10.6859377 ], [ 107.2995347, 10.686036 ], [ 107.2995377, 10.6861206 ], [ 107.2995133, 10.6861974 ], [ 107.2994649, 10.6862622 ], [ 107.3021076, 10.687412 ], [ 107.3047435, 10.6885157 ], [ 107.3036519, 10.691133 ], [ 107.3047875, 10.6915957 ], [ 107.3048217, 10.6916155 ], [ 107.3048767, 10.6916712 ], [ 107.3049081, 10.6917424 ], [ 107.3049136, 10.6917801 ], [ 107.3049043, 10.6918554 ], [ 107.3046332, 10.6925259 ], [ 107.3056441, 10.6929463 ], [ 107.3059426, 10.6930611 ], [ 107.3065713, 10.6932752 ], [ 107.3069014, 10.6933732 ], [ 107.3071488, 10.6934704 ], [ 107.3073653, 10.693588 ], [ 107.3075511, 10.6937185 ], [ 107.3075932, 10.693763 ], [ 107.3076663, 10.6938608 ], [ 107.3077375, 10.6940026 ], [ 107.307762, 10.6940779 ], [ 107.3076175, 10.6941389 ], [ 107.3075351, 10.6941947 ], [ 107.3073804, 10.6942776 ], [ 107.3069762, 10.6944448 ], [ 107.3067793, 10.6945171 ], [ 107.3067456, 10.6945389 ], [ 107.3066964, 10.6946012 ], [ 107.3066786, 10.694678 ], [ 107.3066954, 10.6947549 ], [ 107.3067436, 10.6948176 ], [ 107.3068142, 10.6948545 ], [ 107.3068391, 10.6948778 ], [ 107.306859, 10.6949054 ], [ 107.3068802, 10.6949626 ], [ 107.3068839, 10.6950442 ], [ 107.3068758, 10.6950994 ], [ 107.3068587, 10.6951526 ], [ 107.3068196, 10.6952342 ], [ 107.3068151, 10.6952683 ], [ 107.306833, 10.6953341 ], [ 107.3068522, 10.6953595 ], [ 107.3069061, 10.6953934 ], [ 107.3070008, 10.6954036 ], [ 107.3070549, 10.6954359 ], [ 107.3070872, 10.6954895 ], [ 107.3070925, 10.6955206 ], [ 107.3070756, 10.6956291 ], [ 107.3070837, 10.6957232 ], [ 107.3071145, 10.6958163 ], [ 107.3071389, 10.6958611 ], [ 107.3072031, 10.6959403 ], [ 107.3072533, 10.6959756 ], [ 107.3073067, 10.6959825 ], [ 107.3073915, 10.6959592 ], [ 107.3074313, 10.6959759 ], [ 107.3074526, 10.6960141 ], [ 107.3074501, 10.6961063 ], [ 107.3074206, 10.6961969 ], [ 107.307364, 10.6962777 ], [ 107.3073443, 10.696289 ], [ 107.3072997, 10.6962975 ], [ 107.3072714, 10.6962924 ], [ 107.3072456, 10.6962798 ], [ 107.3072085, 10.6962466 ], [ 107.3071682, 10.696233 ], [ 107.3071236, 10.6962422 ], [ 107.3071038, 10.6962566 ], [ 107.3070892, 10.696276 ], [ 107.3070207, 10.6964912 ], [ 107.306967, 10.6966285 ], [ 107.3069054, 10.6967626 ], [ 107.3068276, 10.6968391 ], [ 107.3066313, 10.696942 ], [ 107.3065884, 10.6969786 ], [ 107.3065219, 10.6970666 ], [ 107.3064839, 10.6971677 ], [ 107.3064521, 10.6973767 ], [ 107.3064206, 10.6974372 ], [ 107.3063647, 10.69748 ], [ 107.3063302, 10.6974916 ], [ 107.3062054, 10.6975019 ], [ 107.3061222, 10.6975322 ], [ 107.3060788, 10.6975601 ], [ 107.3060086, 10.6976346 ], [ 107.3059666, 10.6977273 ], [ 107.305765, 10.6980941 ], [ 107.3057434, 10.6981559 ], [ 107.3057268, 10.6982857 ], [ 107.3057322, 10.6983511 ], [ 107.3057467, 10.6984152 ], [ 107.3057954, 10.6984968 ], [ 107.3058168, 10.6985891 ], [ 107.3058079, 10.6986863 ], [ 107.3057671, 10.6987783 ], [ 107.3056984, 10.6988527 ], [ 107.3056693, 10.6989018 ], [ 107.3056608, 10.6989291 ], [ 107.3056394, 10.6991189 ], [ 107.3056283, 10.6991515 ], [ 107.3055831, 10.6992032 ], [ 107.3055597, 10.6992158 ], [ 107.3055077, 10.6992266 ], [ 107.3053309, 10.6992058 ], [ 107.3051941, 10.6992243 ], [ 107.305103, 10.6992573 ], [ 107.3049501, 10.6993403 ], [ 107.3048267, 10.699393 ], [ 107.3044485, 10.6994457 ], [ 107.3042916, 10.6996605 ], [ 107.3042612, 10.6996927 ], [ 107.3042259, 10.6997198 ], [ 107.3041053, 10.6997725 ], [ 107.3040753, 10.6997957 ], [ 107.3040394, 10.6998484 ], [ 107.3040274, 10.699899 ], [ 107.304014, 10.6999192 ], [ 107.303971, 10.6999412 ], [ 107.3039317, 10.6999358 ], [ 107.3037377, 10.6998068 ], [ 107.3037043, 10.6998011 ], [ 107.3036385, 10.6998147 ], [ 107.3035943, 10.6998489 ], [ 107.3035476, 10.6999275 ], [ 107.303503, 10.69997 ], [ 107.3034735, 10.700011 ], [ 107.3034615, 10.7000641 ], [ 107.3034668, 10.7001836 ], [ 107.3034417, 10.7002884 ], [ 107.3033863, 10.7003813 ], [ 107.3033021, 10.7004563 ], [ 107.3031986, 10.7005025 ], [ 107.3031243, 10.7005169 ], [ 107.303049, 10.7005248 ], [ 107.3029353, 10.7005245 ], [ 107.3028606, 10.7005368 ], [ 107.3028156, 10.7005554 ], [ 107.3027219, 10.7006174 ], [ 107.3026085, 10.7006765 ], [ 107.3025306, 10.7007054 ], [ 107.3024185, 10.7007351 ], [ 107.3023894, 10.7007503 ], [ 107.3023433, 10.7007996 ], [ 107.3023185, 10.7008762 ], [ 107.3023216, 10.7009631 ], [ 107.3023656, 10.7010764 ], [ 107.3023697, 10.7011143 ], [ 107.3023581, 10.7011785 ], [ 107.3023439, 10.7012021 ], [ 107.3023, 10.7012352 ], [ 107.3022526, 10.7012436 ], [ 107.3021791, 10.7012276 ], [ 107.3021522, 10.7012321 ], [ 107.3021083, 10.7012629 ], [ 107.3020971, 10.7012818 ], [ 107.3020902, 10.7013246 ], [ 107.3021096, 10.7014751 ], [ 107.3020974, 10.7015739 ], [ 107.3020506, 10.7016622 ], [ 107.3019848, 10.7017226 ], [ 107.3019454, 10.7017444 ], [ 107.3018249, 10.7017886 ], [ 107.3017441, 10.7018098 ], [ 107.3016023, 10.7018274 ], [ 107.3013049, 10.7018203 ], [ 107.3011797, 10.7018073 ], [ 107.3009046, 10.7017601 ], [ 107.3008773, 10.7017635 ], [ 107.3008275, 10.7017861 ], [ 107.3008045, 10.7018073 ], [ 107.3007765, 10.7018625 ], [ 107.3007658, 10.7021023 ], [ 107.3006988, 10.7025346 ], [ 107.3002723, 10.7029773 ], [ 107.2997157, 10.7039189 ], [ 107.3004409, 10.7040497 ], [ 107.3005043, 10.7045692 ], [ 107.3008181, 10.7047563 ], [ 107.3007408, 10.7052062 ], [ 107.3006921, 10.705972 ], [ 107.3011516, 10.707743 ], [ 107.3012097, 10.7078807 ], [ 107.3012929, 10.7080026 ], [ 107.3015785, 10.708311 ], [ 107.301895, 10.708591 ], [ 107.302157, 10.7089876 ], [ 107.3038664, 10.7112054 ], [ 107.3045122, 10.7120089 ], [ 107.3051844, 10.7126855 ], [ 107.3054382, 10.7128578 ], [ 107.3053122, 10.7144075 ], [ 107.3052977, 10.7144524 ], [ 107.3052505, 10.714534 ], [ 107.3052176, 10.71457 ], [ 107.3051378, 10.7146262 ], [ 107.3050839, 10.7147032 ], [ 107.3050611, 10.7147867 ], [ 107.3050654, 10.714866 ], [ 107.3045927, 10.7156732 ], [ 107.3041239, 10.7152087 ], [ 107.3027976, 10.7163867 ], [ 107.3012741, 10.7177637 ], [ 107.3021083, 10.7179983 ], [ 107.3011708, 10.718893 ], [ 107.3008704, 10.7188087 ], [ 107.3008811, 10.7196309 ], [ 107.3010582, 10.7196414 ], [ 107.3009884, 10.720664 ], [ 107.3010459, 10.7206914 ], [ 107.3011495, 10.7207643 ], [ 107.3011944, 10.720809 ], [ 107.3012674, 10.7209117 ], [ 107.3012946, 10.7209686 ], [ 107.3013285, 10.7210897 ], [ 107.3013339, 10.7212152 ], [ 107.3013103, 10.7213386 ], [ 107.3016, 10.7216918 ], [ 107.3019004, 10.7216707 ], [ 107.3019372, 10.7216788 ], [ 107.302005, 10.7217108 ], [ 107.3020609, 10.7217621 ], [ 107.3020826, 10.721794 ], [ 107.3020989, 10.7218288 ], [ 107.3021516, 10.7220292 ], [ 107.3021856, 10.7221945 ], [ 107.3022175, 10.7224096 ], [ 107.3022294, 10.722457 ], [ 107.3022705, 10.7225456 ], [ 107.3023074, 10.7225955 ], [ 107.3023518, 10.7226392 ], [ 107.3024025, 10.7226756 ], [ 107.3024583, 10.7227038 ], [ 107.3025324, 10.7227624 ], [ 107.3026668, 10.7228945 ], [ 107.3027898, 10.7230581 ], [ 107.3028452, 10.7231539 ], [ 107.3028921, 10.7232538 ], [ 107.3029303, 10.7233573 ], [ 107.3029748, 10.7235178 ], [ 107.3030007, 10.7237102 ], [ 107.3030028, 10.7238212 ], [ 107.3030122, 10.7238881 ], [ 107.3030498, 10.7240181 ], [ 107.3031128, 10.7241413 ], [ 107.3031791, 10.7242431 ], [ 107.3032441, 10.7244176 ], [ 107.3032685, 10.7244623 ], [ 107.3033006, 10.724502 ], [ 107.3033394, 10.7245355 ], [ 107.3033836, 10.7245617 ], [ 107.3034737, 10.7245882 ], [ 107.3035208, 10.7245903 ], [ 107.3036501, 10.7245695 ], [ 107.3036867, 10.7245763 ], [ 107.3037203, 10.724592 ], [ 107.3037481, 10.7246151 ], [ 107.3037691, 10.7246442 ], [ 107.303782, 10.7246776 ], [ 107.3037928, 10.7247855 ], [ 107.3038163, 10.724877 ], [ 107.3038878, 10.7250331 ], [ 107.3038864, 10.7250852 ], [ 107.3038611, 10.725127 ], [ 107.3038429, 10.7252062 ], [ 107.3038443, 10.7252912 ], [ 107.3038534, 10.7253348 ], [ 107.303868, 10.7253769 ], [ 107.3040166, 10.7256659 ], [ 107.3042057, 10.7259835 ], [ 107.3042127, 10.7260116 ], [ 107.3042017, 10.7260678 ], [ 107.3041872, 10.7260887 ], [ 107.3041448, 10.726117 ], [ 107.3040938, 10.7261218 ], [ 107.3039094, 10.7260941 ], [ 107.3038756, 10.7260969 ], [ 107.3038135, 10.7261224 ], [ 107.3037878, 10.726144 ], [ 107.3037525, 10.7262002 ], [ 107.3037444, 10.7262325 ], [ 107.303748, 10.7262945 ], [ 107.3037753, 10.7263504 ], [ 107.3038369, 10.7264194 ], [ 107.3039037, 10.7265285 ], [ 107.3039657, 10.7267029 ], [ 107.3040321, 10.7268251 ], [ 107.3040736, 10.7268811 ], [ 107.3046523, 10.7274461 ], [ 107.3047036, 10.7275334 ], [ 107.3047235, 10.7276324 ], [ 107.30471, 10.7277323 ], [ 107.3046909, 10.7277793 ], [ 107.3046309, 10.7278611 ], [ 107.304549, 10.7279187 ], [ 107.304502, 10.7279371 ], [ 107.3044023, 10.7279508 ], [ 107.3043033, 10.7279327 ], [ 107.3042151, 10.7278849 ], [ 107.3038396, 10.7275344 ], [ 107.3037229, 10.7274883 ], [ 107.3035979, 10.7274746 ], [ 107.3035352, 10.7274803 ], [ 107.3034242, 10.7275124 ], [ 107.3033246, 10.7275704 ], [ 107.3032812, 10.7276081 ], [ 107.3032101, 10.7276978 ], [ 107.303127, 10.7278925 ], [ 107.3030782, 10.7280939 ], [ 107.3030631, 10.7282963 ], [ 107.3030799, 10.7283438 ], [ 107.3031221, 10.7283724 ], [ 107.3031503, 10.7283755 ], [ 107.3031779, 10.7283691 ], [ 107.3032016, 10.7283538 ], [ 107.3032187, 10.7283315 ], [ 107.3032773, 10.7281115 ], [ 107.3033099, 10.7280654 ], [ 107.3033632, 10.7280346 ], [ 107.3034295, 10.7280306 ], [ 107.3041065, 10.7282499 ], [ 107.3043117, 10.7282841 ], [ 107.3044741, 10.7282845 ], [ 107.3045549, 10.728276 ], [ 107.3049688, 10.728209 ], [ 107.3051646, 10.728209 ], [ 107.3052059, 10.7282262 ], [ 107.305279, 10.7282768 ], [ 107.30534, 10.728354 ], [ 107.3053621, 10.7284033 ], [ 107.3053754, 10.7284556 ], [ 107.3053853, 10.7285905 ], [ 107.3053746, 10.7287526 ], [ 107.3053316, 10.7289153 ], [ 107.3052972, 10.7289953 ], [ 107.3052051, 10.7291434 ], [ 107.3050852, 10.7292708 ], [ 107.304942, 10.7293725 ], [ 107.3047791, 10.7295248 ], [ 107.3046041, 10.7296549 ], [ 107.3043524, 10.7297981 ], [ 107.3043082, 10.7298601 ], [ 107.3042971, 10.7299316 ], [ 107.3043168, 10.7299976 ], [ 107.3043369, 10.7300261 ], [ 107.3045987, 10.7302909 ], [ 107.3046337, 10.7303449 ], [ 107.3046505, 10.7304168 ], [ 107.3046362, 10.7304991 ], [ 107.3045531, 10.7306282 ], [ 107.3045008, 10.7306746 ], [ 107.3044355, 10.730704 ], [ 107.3043994, 10.7307111 ], [ 107.3043179, 10.7307091 ], [ 107.3042296, 10.7307229 ], [ 107.3041882, 10.7307399 ], [ 107.3041159, 10.7307916 ], [ 107.3040879, 10.7308237 ], [ 107.3040481, 10.7308984 ], [ 107.3040372, 10.7309393 ], [ 107.304032, 10.7310207 ], [ 107.3040059, 10.7310947 ], [ 107.30398, 10.7311279 ], [ 107.3039473, 10.7311547 ], [ 107.3038681, 10.7311957 ], [ 107.3038311, 10.7312241 ], [ 107.3037719, 10.7313001 ], [ 107.3037526, 10.7313464 ], [ 107.3037269, 10.7315003 ], [ 107.3037027, 10.731596 ], [ 107.3036806, 10.7316405 ], [ 107.3036183, 10.7317179 ], [ 107.3035271, 10.7317799 ], [ 107.3034279, 10.7318115 ], [ 107.3033106, 10.7318769 ], [ 107.3031907, 10.7319789 ], [ 107.3030245, 10.7321352 ], [ 107.3029795, 10.73219 ], [ 107.3029089, 10.7323122 ], [ 107.3028663, 10.7324478 ], [ 107.3028565, 10.7325182 ], [ 107.3028606, 10.73266 ], [ 107.3029518, 10.733419 ], [ 107.3030799, 10.734591 ], [ 107.3030861, 10.734727 ], [ 107.3030853, 10.7348631 ], [ 107.3030685, 10.7350845 ], [ 107.3029143, 10.7359983 ], [ 107.3027453, 10.7372955 ], [ 107.3025548, 10.737422 ], [ 107.3025148, 10.7375672 ], [ 107.3024576, 10.7378627 ], [ 107.3024315, 10.7381625 ], [ 107.3024484, 10.7389004 ], [ 107.3024312, 10.7392522 ], [ 107.3020866, 10.7424722 ], [ 107.3018575, 10.7449919 ], [ 107.3018245, 10.7452251 ], [ 107.3017535, 10.7455126 ], [ 107.3017463, 10.7455872 ], [ 107.3017597, 10.7456592 ], [ 107.3017914, 10.7457233 ], [ 107.3022665, 10.7463066 ], [ 107.3024573, 10.7465578 ], [ 107.3025294, 10.7466633 ], [ 107.3025869, 10.7467779 ], [ 107.3027124, 10.7470726 ], [ 107.3028071, 10.7472619 ], [ 107.3028613, 10.7473531 ], [ 107.3030504, 10.747623 ], [ 107.3031054, 10.7477151 ], [ 107.3031876, 10.7478927 ], [ 107.3032797, 10.7481347 ], [ 107.3033951, 10.7483775 ], [ 107.3034446, 10.7484342 ], [ 107.3035165, 10.7484789 ], [ 107.3036083, 10.7485003 ], [ 107.303881, 10.7485245 ], [ 107.3039436, 10.7485498 ], [ 107.3039698, 10.7485727 ], [ 107.3040029, 10.7486331 ], [ 107.3042388, 10.7493004 ], [ 107.2995082, 10.7504464 ], [ 107.299986, 10.7524616 ], [ 107.3004983, 10.7549603 ], [ 107.2630379, 10.7557701 ], [ 107.2574357, 10.7558912 ], [ 107.2571906, 10.7559768 ], [ 107.2440599, 10.7561422 ], [ 107.244369, 10.7578418 ], [ 107.2444129, 10.7582582 ], [ 107.244423, 10.7586768 ], [ 107.2443992, 10.7590948 ], [ 107.2443734, 10.7593113 ], [ 107.2443385, 10.7595267 ], [ 107.2442946, 10.7597404 ], [ 107.2419584, 10.7591949 ], [ 107.2415936, 10.7594914 ], [ 107.2408318, 10.7610408 ], [ 107.2403598, 10.7617839 ], [ 107.2402751, 10.7617162 ], [ 107.2402391, 10.7616758 ], [ 107.2402016, 10.7616214 ], [ 107.2401119, 10.7614443 ], [ 107.2400713, 10.7613914 ], [ 107.2399972, 10.7613208 ], [ 107.2399334, 10.7612888 ], [ 107.2398604, 10.7612779 ], [ 107.2397856, 10.7612912 ], [ 107.2392172, 10.7615994 ], [ 107.239156, 10.7616238 ], [ 107.239027, 10.7616505 ], [ 107.2388953, 10.7616468 ], [ 107.2388246, 10.761632 ], [ 107.2387565, 10.7616083 ], [ 107.2386921, 10.7615762 ], [ 107.2386324, 10.7615362 ], [ 107.238332, 10.7612674 ], [ 107.2382332, 10.7612159 ], [ 107.238125, 10.7611878 ], [ 107.2380692, 10.7611831 ], [ 107.2380044, 10.7611854 ], [ 107.2378748, 10.7612109 ], [ 107.2378412, 10.7612068 ], [ 107.2377878, 10.761182 ], [ 107.2377487, 10.7611385 ], [ 107.23764, 10.7608642 ], [ 107.2376205, 10.7608294 ], [ 107.2375615, 10.7607754 ], [ 107.2375247, 10.7607588 ], [ 107.2374426, 10.7607501 ], [ 107.2373645, 10.7607762 ], [ 107.2371522, 10.760959 ], [ 107.2371144, 10.7609767 ], [ 107.2370319, 10.7609874 ], [ 107.236952, 10.7609644 ], [ 107.2368965, 10.7609208 ], [ 107.2368598, 10.760861 ], [ 107.2368488, 10.7608029 ], [ 107.2368265, 10.7607598 ], [ 107.2367843, 10.7607346 ], [ 107.2367595, 10.7607315 ], [ 107.2367348, 10.7607352 ], [ 107.2366932, 10.7607615 ], [ 107.2365158, 10.7610827 ], [ 107.2364555, 10.7611447 ], [ 107.2363901, 10.7611831 ], [ 107.2360702, 10.761286 ], [ 107.236025, 10.7612927 ], [ 107.2359793, 10.7612926 ], [ 107.2358922, 10.7612731 ], [ 107.2357862, 10.7612118 ], [ 107.2357196, 10.7611883 ], [ 107.2356137, 10.7611855 ], [ 107.2355613, 10.7611936 ], [ 107.2354688, 10.7612247 ], [ 107.2353428, 10.7613034 ], [ 107.2352581, 10.7613342 ], [ 107.2349296, 10.7613451 ], [ 107.2348896, 10.7613564 ], [ 107.2348512, 10.7613888 ], [ 107.2347454, 10.7616307 ], [ 107.2346561, 10.7617812 ], [ 107.2346266, 10.7618154 ], [ 107.234585, 10.7618339 ], [ 107.2345423, 10.7618338 ], [ 107.234522, 10.7618273 ], [ 107.2344452, 10.7617566 ], [ 107.23442, 10.7617522 ], [ 107.2344047, 10.7617585 ], [ 107.2343892, 10.7617865 ], [ 107.2343785, 10.7618734 ], [ 107.2343648, 10.7619159 ], [ 107.234318, 10.7619873 ], [ 107.2342873, 10.7620147 ], [ 107.234209, 10.7620591 ], [ 107.2341158, 10.7620883 ], [ 107.2340673, 10.7620948 ], [ 107.2339704, 10.7620911 ], [ 107.2339229, 10.7620811 ], [ 107.2338273, 10.7620452 ], [ 107.2337213, 10.7620289 ], [ 107.2336381, 10.7620399 ], [ 107.2335604, 10.7620711 ], [ 107.2335019, 10.76211 ], [ 107.2334021, 10.7622081 ], [ 107.2333344, 10.7623189 ], [ 107.2332962, 10.7624188 ], [ 107.2332439, 10.7624848 ], [ 107.2331874, 10.7625181 ], [ 107.2330745, 10.7625439 ], [ 107.2329837, 10.7625849 ], [ 107.2329417, 10.7626147 ], [ 107.2328713, 10.7626891 ], [ 107.2328442, 10.7627325 ], [ 107.2328334, 10.7627661 ], [ 107.2328214, 10.762873 ], [ 107.2327848, 10.7629364 ], [ 107.2327244, 10.7629795 ], [ 107.2325009, 10.7630381 ], [ 107.2324358, 10.7630717 ], [ 107.232394, 10.7631197 ], [ 107.2323507, 10.763216 ], [ 107.2321844, 10.7633359 ], [ 107.232107, 10.7634222 ], [ 107.2320778, 10.7634722 ], [ 107.2320412, 10.7635802 ], [ 107.2320342, 10.7636363 ], [ 107.232041, 10.7636927 ], [ 107.2320383, 10.7637494 ], [ 107.2320262, 10.7638049 ], [ 107.2320066, 10.7638545 ], [ 107.2319457, 10.7639419 ], [ 107.2316487, 10.7640853 ], [ 107.2315876, 10.7641014 ], [ 107.2315323, 10.7640976 ], [ 107.2314428, 10.7640697 ], [ 107.2314066, 10.7640708 ], [ 107.2313358, 10.764087 ], [ 107.2312992, 10.7640848 ], [ 107.2312644, 10.7640737 ], [ 107.2312344, 10.7640552 ], [ 107.2311654, 10.7639692 ], [ 107.231133, 10.7639446 ], [ 107.2310632, 10.7639182 ], [ 107.2310096, 10.7639156 ], [ 107.2309755, 10.7639035 ], [ 107.230795, 10.763768 ], [ 107.2307655, 10.7637589 ], [ 107.2307346, 10.7637562 ], [ 107.230677, 10.7637693 ], [ 107.2306048, 10.7638194 ], [ 107.2305163, 10.7638464 ], [ 107.2303686, 10.7638418 ], [ 107.2302469, 10.7638125 ], [ 107.2301888, 10.7637891 ], [ 107.2299984, 10.7636732 ], [ 107.2299088, 10.7636289 ], [ 107.229816, 10.7635915 ], [ 107.2295717, 10.7635372 ], [ 107.2295196, 10.7635111 ], [ 107.2294894, 10.7634843 ], [ 107.2294348, 10.7633899 ], [ 107.2294108, 10.7633676 ], [ 107.2293822, 10.7633514 ], [ 107.2292812, 10.7633308 ], [ 107.2292553, 10.7633196 ], [ 107.2292164, 10.7632845 ], [ 107.2291966, 10.7632402 ], [ 107.2291937, 10.7631812 ], [ 107.229175, 10.7631145 ], [ 107.2291394, 10.7630639 ], [ 107.229116, 10.7630434 ], [ 107.2287257, 10.7628965 ], [ 107.2287136, 10.7624426 ], [ 107.228778, 10.762158 ], [ 107.228769, 10.762098 ], [ 107.2287351, 10.7620474 ], [ 107.2286754, 10.7620132 ], [ 107.228641, 10.7620077 ], [ 107.2279305, 10.7620851 ], [ 107.2278956, 10.7620658 ], [ 107.2278735, 10.7620232 ], [ 107.2278739, 10.761999 ], [ 107.2279073, 10.761938 ], [ 107.2279119, 10.7619156 ], [ 107.2279036, 10.7618708 ], [ 107.2278908, 10.7618508 ], [ 107.2278519, 10.7618235 ], [ 107.2278285, 10.7618181 ], [ 107.2276493, 10.7618052 ], [ 107.2275952, 10.7617725 ], [ 107.2275764, 10.761747 ], [ 107.2275618, 10.7616846 ], [ 107.2275817, 10.7616238 ], [ 107.2276032, 10.7615994 ], [ 107.2276211, 10.7615357 ], [ 107.2276305, 10.7614041 ], [ 107.2276071, 10.7612817 ], [ 107.2275576, 10.7611752 ], [ 107.2275129, 10.7611072 ], [ 107.2274996, 10.7610687 ], [ 107.2274932, 10.7609881 ], [ 107.2275164, 10.7609044 ], [ 107.2275388, 10.7608669 ], [ 107.2275677, 10.7608338 ], [ 107.2276742, 10.7607564 ], [ 107.2277017, 10.7607221 ], [ 107.2277352, 10.7606415 ], [ 107.227737, 10.7605571 ], [ 107.2277096, 10.7604797 ], [ 107.2276568, 10.7604163 ], [ 107.227582, 10.760296 ], [ 107.2275224, 10.7601481 ], [ 107.2275013, 10.7600618 ], [ 107.2274074, 10.7594123 ], [ 107.2273673, 10.7593372 ], [ 107.2273387, 10.7593052 ], [ 107.227268, 10.7592565 ], [ 107.2271886, 10.7592324 ], [ 107.2271086, 10.7592324 ], [ 107.2269774, 10.759277 ], [ 107.226879, 10.7592885 ], [ 107.2267828, 10.7592751 ], [ 107.226667, 10.7592239 ], [ 107.2266287, 10.7592149 ], [ 107.2265498, 10.7592155 ], [ 107.2265114, 10.7592252 ], [ 107.2264418, 10.7592621 ], [ 107.2261333, 10.7595625 ], [ 107.2260915, 10.7595925 ], [ 107.2260457, 10.7596163 ], [ 107.2259461, 10.7596433 ], [ 107.2258428, 10.7596411 ], [ 107.2257924, 10.759629 ], [ 107.225695, 10.759581 ], [ 107.225651, 10.7595447 ], [ 107.2256135, 10.7595019 ], [ 107.2255834, 10.7594537 ], [ 107.2255616, 10.7594015 ], [ 107.2255371, 10.7592888 ], [ 107.2255059, 10.7592355 ], [ 107.2254561, 10.7591936 ], [ 107.2252968, 10.7590941 ], [ 107.2252243, 10.7590347 ], [ 107.2250961, 10.7588986 ], [ 107.2250413, 10.758823 ], [ 107.2249934, 10.758743 ], [ 107.2249214, 10.7585787 ], [ 107.224878, 10.758405 ], [ 107.2248608, 10.7582799 ], [ 107.2248244, 10.758216 ], [ 107.2247957, 10.7581911 ], [ 107.2247621, 10.7581732 ], [ 107.2246674, 10.7581459 ], [ 107.2246125, 10.7581211 ], [ 107.2245344, 10.7580687 ], [ 107.2244617, 10.7580062 ], [ 107.2243765, 10.7579578 ], [ 107.2242839, 10.7579283 ], [ 107.2241756, 10.7579107 ], [ 107.2240613, 10.7578695 ], [ 107.2239728, 10.7578128 ], [ 107.2238038, 10.7576718 ], [ 107.2237212, 10.7576273 ], [ 107.2236764, 10.7576126 ], [ 107.2235658, 10.7575988 ], [ 107.2233331, 10.7576191 ], [ 107.2231668, 10.7576508 ], [ 107.2228329, 10.7577456 ], [ 107.2226616, 10.7576912 ], [ 107.2225728, 10.7576766 ], [ 107.2223501, 10.7576672 ], [ 107.2222844, 10.7576574 ], [ 107.222157, 10.7576218 ], [ 107.2220483, 10.757573 ], [ 107.2219362, 10.7575423 ], [ 107.2219051, 10.7575257 ], [ 107.2218633, 10.7574778 ], [ 107.2218527, 10.757451 ], [ 107.2218499, 10.7573938 ], [ 107.2218255, 10.7572873 ], [ 107.2217734, 10.7571651 ], [ 107.2217318, 10.7570987 ], [ 107.2216393, 10.7570359 ], [ 107.221532, 10.7570025 ], [ 107.2214524, 10.7569984 ], [ 107.2212455, 10.7570327 ], [ 107.2211605, 10.7570355 ], [ 107.2210165, 10.7570212 ], [ 107.220899, 10.756995 ], [ 107.2208031, 10.7569963 ], [ 107.2207626, 10.7570058 ], [ 107.2206871, 10.7570401 ], [ 107.2205256, 10.7571634 ], [ 107.2204818, 10.757186 ], [ 107.2203819, 10.7572098 ], [ 107.2203282, 10.7572089 ], [ 107.2202754, 10.7571989 ], [ 107.2199294, 10.7571198 ], [ 107.2198612, 10.7571115 ], [ 107.2197925, 10.7571123 ], [ 107.2197245, 10.7571222 ], [ 107.2196017, 10.7571651 ], [ 107.219499, 10.7572328 ], [ 107.2194546, 10.7572753 ], [ 107.2192104, 10.757592 ], [ 107.2191373, 10.7576605 ], [ 107.2190503, 10.7577047 ], [ 107.2189576, 10.7577233 ], [ 107.218416, 10.7577423 ], [ 107.2183733, 10.7577329 ], [ 107.2183407, 10.7577044 ], [ 107.2183308, 10.757685 ], [ 107.2183272, 10.7576419 ], [ 107.2183455, 10.7576025 ], [ 107.2183847, 10.7575636 ], [ 107.218401, 10.7575349 ], [ 107.2184096, 10.7575031 ], [ 107.2184031, 10.7574412 ], [ 107.2183708, 10.7573912 ], [ 107.2183469, 10.7573728 ], [ 107.2182778, 10.7573393 ], [ 107.2182394, 10.7573342 ], [ 107.2181685, 10.7573463 ], [ 107.2181118, 10.7573812 ], [ 107.2180894, 10.7574057 ], [ 107.2180131, 10.7575565 ], [ 107.217991, 10.7575766 ], [ 107.2179365, 10.7576014 ], [ 107.2178652, 10.7575993 ], [ 107.2178322, 10.7575854 ], [ 107.2174921, 10.7572935 ], [ 107.2174387, 10.7572778 ], [ 107.2173843, 10.7572898 ], [ 107.2173441, 10.7573248 ], [ 107.2173258, 10.7573724 ], [ 107.2173381, 10.7574676 ], [ 107.2173307, 10.7574893 ], [ 107.2172992, 10.7575207 ], [ 107.2172565, 10.7575293 ], [ 107.2171654, 10.7575098 ], [ 107.2171165, 10.7575078 ], [ 107.2170691, 10.757523 ], [ 107.2157814, 10.7593365 ], [ 107.2080958, 10.75952 ], [ 107.2080701, 10.7594807 ], [ 107.2080526, 10.7594373 ], [ 107.2080374, 10.7593321 ], [ 107.2080076, 10.7592845 ], [ 107.2079635, 10.7592566 ], [ 107.207903, 10.7592482 ], [ 107.2078434, 10.7592244 ], [ 107.2078206, 10.7592057 ], [ 107.2077714, 10.7591351 ], [ 107.2077502, 10.7591159 ], [ 107.207631, 10.7590646 ], [ 107.2076026, 10.7590434 ], [ 107.2075591, 10.7589845 ], [ 107.2075311, 10.7589142 ], [ 107.2075072, 10.7588831 ], [ 107.2074766, 10.7588583 ], [ 107.2074058, 10.7588331 ], [ 107.2072002, 10.7588302 ], [ 107.2070249, 10.7588152 ], [ 107.2068369, 10.7587746 ], [ 107.2067665, 10.7587317 ], [ 107.2067139, 10.7586689 ], [ 107.2066961, 10.758632 ], [ 107.2066798, 10.758549 ], [ 107.2066828, 10.7585051 ], [ 107.2067119, 10.7584222 ], [ 107.2067371, 10.7583858 ], [ 107.2068105, 10.7582905 ], [ 107.2068259, 10.7582318 ], [ 107.2068228, 10.7582015 ], [ 107.2067922, 10.758143 ], [ 107.2067667, 10.7581213 ], [ 107.2067034, 10.7581 ], [ 107.2065405, 10.7580717 ], [ 107.2068791, 10.7738165 ], [ 107.2068207, 10.7738327 ], [ 107.2067844, 10.7738695 ], [ 107.2067463, 10.774026 ], [ 107.2066609, 10.7741651 ], [ 107.2066367, 10.774217 ], [ 107.2066035, 10.7743274 ], [ 107.206595, 10.7743849 ], [ 107.2065948, 10.7744844 ], [ 107.2065217, 10.774477 ], [ 107.20645, 10.7744923 ], [ 107.2063802, 10.7745342 ], [ 107.2063347, 10.7745891 ], [ 107.2062877, 10.7746294 ], [ 107.2062211, 10.774652 ], [ 107.2061061, 10.7746464 ], [ 107.2060275, 10.774632 ], [ 107.2058283, 10.7745664 ], [ 107.2057807, 10.7745635 ], [ 107.2057323, 10.7745697 ], [ 107.205686, 10.7745849 ], [ 107.2056435, 10.7746086 ], [ 107.2053458, 10.7748273 ], [ 107.2053095, 10.774842 ], [ 107.2052319, 10.77485 ], [ 107.2051566, 10.7748283 ], [ 107.2050951, 10.77478 ], [ 107.2050726, 10.7747479 ], [ 107.2049895, 10.7745767 ], [ 107.2049612, 10.7745455 ], [ 107.2048936, 10.774495 ], [ 107.204806, 10.7744608 ], [ 107.2047028, 10.7744528 ], [ 107.204487, 10.7744827 ], [ 107.2041303, 10.7745061 ], [ 107.2039388, 10.7745052 ], [ 107.2037071, 10.7744881 ], [ 107.2036312, 10.7744575 ], [ 107.2035675, 10.7744067 ], [ 107.203542, 10.7743751 ], [ 107.2034766, 10.7742568 ], [ 107.2033969, 10.7741822 ], [ 107.2033489, 10.7741554 ], [ 107.203297, 10.7741366 ], [ 107.2031978, 10.7741245 ], [ 107.2030992, 10.7741414 ], [ 107.2030237, 10.7741749 ], [ 107.2029595, 10.774187 ], [ 107.2028899, 10.774173 ], [ 107.2028563, 10.7741543 ], [ 107.2028276, 10.7741287 ], [ 107.2027579, 10.7740049 ], [ 107.2026939, 10.7738127 ], [ 107.202673, 10.7737738 ], [ 107.2026111, 10.773711 ], [ 107.2025722, 10.7736893 ], [ 107.2024857, 10.7736689 ], [ 107.2023954, 10.7736822 ], [ 107.2023169, 10.773728 ], [ 107.2022641, 10.7737839 ], [ 107.2022369, 10.7738001 ], [ 107.2021745, 10.7738086 ], [ 107.2021261, 10.7737909 ], [ 107.202106, 10.7737747 ], [ 107.2020173, 10.7736512 ], [ 107.2019543, 10.7736148 ], [ 107.2019184, 10.773607 ], [ 107.2018496, 10.7736127 ], [ 107.2017393, 10.773672 ], [ 107.2016826, 10.7736729 ], [ 107.2016327, 10.7736465 ], [ 107.2016135, 10.7736235 ], [ 107.2015969, 10.7735666 ], [ 107.2016126, 10.7735095 ], [ 107.201677, 10.7734542 ], [ 107.2017075, 10.7734061 ], [ 107.2017118, 10.7733778 ], [ 107.2016984, 10.7733251 ], [ 107.2016421, 10.7732856 ], [ 107.2015757, 10.7732664 ], [ 107.2014141, 10.7732684 ], [ 107.2013437, 10.77325 ], [ 107.2012914, 10.7732277 ], [ 107.2012627, 10.7732257 ], [ 107.2012061, 10.7732418 ], [ 107.2011815, 10.7732597 ], [ 107.2011264, 10.7733264 ], [ 107.201072, 10.7733418 ], [ 107.2010185, 10.7733239 ], [ 107.2009072, 10.7732329 ], [ 107.2008265, 10.7731958 ], [ 107.2006597, 10.7731347 ], [ 107.2004861, 10.7730854 ], [ 107.2003573, 10.7729904 ], [ 107.2001607, 10.7729086 ], [ 107.2001132, 10.7728666 ], [ 107.1999255, 10.77264 ], [ 107.1995822, 10.772445 ], [ 107.199153, 10.7720629 ], [ 107.1991145, 10.7720387 ], [ 107.1990292, 10.7720068 ], [ 107.1989332, 10.771999 ], [ 107.1988341, 10.7720204 ], [ 107.1987114, 10.7720742 ], [ 107.1986262, 10.7720823 ], [ 107.1985827, 10.7720763 ], [ 107.1985012, 10.7720445 ], [ 107.1980128, 10.7717757 ], [ 107.1978924, 10.7717415 ], [ 107.1977667, 10.7717388 ], [ 107.1975566, 10.7717863 ], [ 107.1974042, 10.7717968 ], [ 107.1972776, 10.7717838 ], [ 107.197102, 10.77173 ], [ 107.197035, 10.7717176 ], [ 107.196898, 10.7717148 ], [ 107.1967629, 10.7717416 ], [ 107.1966985, 10.7717658 ], [ 107.1965861, 10.7718249 ], [ 107.196531, 10.7718444 ], [ 107.1964735, 10.7718548 ], [ 107.1963871, 10.7718529 ], [ 107.1961918, 10.7717915 ], [ 107.1960703, 10.7717815 ], [ 107.1958814, 10.7717954 ], [ 107.1957542, 10.771813 ], [ 107.1955854, 10.7718499 ], [ 107.1954966, 10.7718511 ], [ 107.1954119, 10.7718248 ], [ 107.1953738, 10.7718021 ], [ 107.1953118, 10.7717415 ], [ 107.1952488, 10.7716306 ], [ 107.1951845, 10.7715783 ], [ 107.1951458, 10.7715623 ], [ 107.1950652, 10.7715537 ], [ 107.1949871, 10.7715753 ], [ 107.1947998, 10.7717046 ], [ 107.1947029, 10.7717524 ], [ 107.1946499, 10.7717646 ], [ 107.1945415, 10.7717645 ], [ 107.1944886, 10.771752 ], [ 107.194393, 10.7717048 ], [ 107.1943164, 10.7716313 ], [ 107.194266, 10.7715386 ], [ 107.1942107, 10.7714927 ], [ 107.1941775, 10.771478 ], [ 107.1941059, 10.7714676 ], [ 107.1940699, 10.7714722 ], [ 107.1939885, 10.7715033 ], [ 107.1939447, 10.7715292 ], [ 107.1938691, 10.7715966 ], [ 107.1938076, 10.7716939 ], [ 107.1937575, 10.7718753 ], [ 107.1937102, 10.771932 ], [ 107.1936787, 10.7719521 ], [ 107.1936103, 10.7719713 ], [ 107.193543, 10.7719643 ], [ 107.1934828, 10.7719338 ], [ 107.1934529, 10.7719018 ], [ 107.1934184, 10.771839 ], [ 107.1933541, 10.7717441 ], [ 107.1932656, 10.7716662 ], [ 107.1929558, 10.7714865 ], [ 107.1928781, 10.7714656 ], [ 107.1928378, 10.7714639 ], [ 107.1927586, 10.771478 ], [ 107.1926855, 10.7715155 ], [ 107.1926272, 10.7715728 ], [ 107.1924958, 10.7717863 ], [ 107.1924616, 10.7718201 ], [ 107.1924215, 10.7718469 ], [ 107.1923769, 10.7718657 ], [ 107.1923295, 10.7718759 ], [ 107.1922385, 10.7718703 ], [ 107.1921554, 10.7718335 ], [ 107.1921203, 10.7718047 ], [ 107.1919382, 10.7715954 ], [ 107.1919086, 10.7715813 ], [ 107.1918436, 10.7715783 ], [ 107.1918131, 10.7715896 ], [ 107.1917662, 10.7716334 ], [ 107.1916065, 10.7720192 ], [ 107.1915223, 10.7721493 ], [ 107.1914466, 10.7722324 ], [ 107.1914172, 10.7722511 ], [ 107.1913844, 10.772263 ], [ 107.1913148, 10.7722646 ], [ 107.1912512, 10.7722368 ], [ 107.1912082, 10.7721895 ], [ 107.1911949, 10.7721604 ], [ 107.1912056, 10.772005 ], [ 107.1912385, 10.7718944 ], [ 107.1912626, 10.7718418 ], [ 107.1914954, 10.7714601 ], [ 107.1914973, 10.7714028 ], [ 107.1914712, 10.7713515 ], [ 107.1914463, 10.7713302 ], [ 107.1914165, 10.7713165 ], [ 107.1913513, 10.7713152 ], [ 107.191321, 10.7713278 ], [ 107.1909964, 10.7715465 ], [ 107.1909227, 10.7715826 ], [ 107.1907829, 10.7716316 ], [ 107.1906531, 10.7716572 ], [ 107.1905694, 10.7716382 ], [ 107.1904948, 10.7715966 ], [ 107.1904365, 10.771537 ], [ 107.1903205, 10.7713489 ], [ 107.1902701, 10.7713266 ], [ 107.1902427, 10.7713225 ], [ 107.1902083, 10.7713243 ], [ 107.190145, 10.77135 ], [ 107.189953, 10.7714964 ], [ 107.1896511, 10.7716924 ], [ 107.1896191, 10.7717217 ], [ 107.1895683, 10.7717889 ], [ 107.1895359, 10.771864 ], [ 107.1895308, 10.7719147 ], [ 107.189503, 10.7719577 ], [ 107.1894576, 10.7719842 ], [ 107.1894309, 10.7719889 ], [ 107.189378, 10.7719793 ], [ 107.1892154, 10.7718811 ], [ 107.1890919, 10.7718399 ], [ 107.1890277, 10.7718284 ], [ 107.1882766, 10.7714437 ], [ 107.1882194, 10.7714345 ], [ 107.1881135, 10.7713938 ], [ 107.1879652, 10.7712873 ], [ 107.1878368, 10.7712224 ], [ 107.1877023, 10.7711815 ], [ 107.1873969, 10.7711117 ], [ 107.1873174, 10.7710576 ], [ 107.1872567, 10.7709835 ], [ 107.1872351, 10.7709409 ], [ 107.187211, 10.7708452 ], [ 107.1872102, 10.770794 ], [ 107.1872323, 10.7706943 ], [ 107.1872548, 10.7706481 ], [ 107.1873536, 10.7705255 ], [ 107.1873767, 10.7704776 ], [ 107.1873909, 10.7704266 ], [ 107.1873959, 10.770374 ], [ 107.1873915, 10.7703212 ], [ 107.1873575, 10.7702256 ], [ 107.1873288, 10.7701834 ], [ 107.1872006, 10.770069 ], [ 107.1871531, 10.7700184 ], [ 107.187074, 10.7699111 ], [ 107.1869834, 10.7698201 ], [ 107.1868799, 10.7697573 ], [ 107.1867719, 10.7697215 ], [ 107.1866738, 10.7697056 ], [ 107.1866336, 10.769692 ], [ 107.1865627, 10.7696467 ], [ 107.1865153, 10.7695899 ], [ 107.1864671, 10.7694919 ], [ 107.1864179, 10.7694385 ], [ 107.1863814, 10.7694141 ], [ 107.1862983, 10.769386 ], [ 107.1861723, 10.7693761 ], [ 107.1860124, 10.769339 ], [ 107.1859359, 10.7693093 ], [ 107.1857988, 10.7692328 ], [ 107.185683, 10.7691376 ], [ 107.1852616, 10.7686678 ], [ 107.1851599, 10.7685927 ], [ 107.1850435, 10.768544 ], [ 107.1849185, 10.7685242 ], [ 107.1839382, 10.7685105 ], [ 107.1838408, 10.7684935 ], [ 107.1837525, 10.7684497 ], [ 107.1837142, 10.7684188 ], [ 107.183653, 10.768342 ], [ 107.1836171, 10.7682511 ], [ 107.1836037, 10.7681638 ], [ 107.183568, 10.7680937 ], [ 107.1835046, 10.7680432 ], [ 107.1834651, 10.7680288 ], [ 107.1834234, 10.7680233 ], [ 107.1833815, 10.7680268 ], [ 107.1829095, 10.7681764 ], [ 107.1828168, 10.7682141 ], [ 107.1827208, 10.7682432 ], [ 107.1826225, 10.7682633 ], [ 107.1825407, 10.7682731 ], [ 107.1823758, 10.7682739 ], [ 107.182303, 10.7682553 ], [ 107.1822703, 10.7682366 ], [ 107.1822179, 10.7681836 ], [ 107.1821998, 10.768151 ], [ 107.1821829, 10.7680785 ], [ 107.1821849, 10.768041 ], [ 107.1822093, 10.7679702 ], [ 107.1822309, 10.7679392 ], [ 107.1823356, 10.7678575 ], [ 107.1823528, 10.7678281 ], [ 107.1823624, 10.7677614 ], [ 107.1823543, 10.7677284 ], [ 107.1823145, 10.7676733 ], [ 107.1822524, 10.7676441 ], [ 107.1818769, 10.767623 ], [ 107.1816969, 10.7675817 ], [ 107.1815028, 10.7675155 ], [ 107.1813995, 10.7674702 ], [ 107.1809526, 10.7672279 ], [ 107.1808773, 10.7671579 ], [ 107.1808481, 10.7671156 ], [ 107.1808092, 10.7670185 ], [ 107.180801, 10.7669655 ], [ 107.180817, 10.7667227 ], [ 107.1807986, 10.7665875 ], [ 107.1807537, 10.7664554 ], [ 107.1807217, 10.7663932 ], [ 107.1806404, 10.7662792 ], [ 107.1806192, 10.7662349 ], [ 107.1805922, 10.7661408 ], [ 107.1805868, 10.7660921 ], [ 107.1805927, 10.7659913 ], [ 107.1806044, 10.7659421 ], [ 107.1808013, 10.7653385 ], [ 107.1808321, 10.7652806 ], [ 107.1808543, 10.7652191 ], [ 107.1808674, 10.7651551 ], [ 107.1808713, 10.76509 ], [ 107.1808535, 10.7649701 ], [ 107.1807846, 10.7648094 ], [ 107.1807675, 10.7647494 ], [ 107.1807475, 10.7646225 ], [ 107.1807076, 10.7645695 ], [ 107.1806793, 10.7645513 ], [ 107.1806446, 10.7645395 ], [ 107.1806079, 10.7645367 ], [ 107.1805718, 10.7645432 ], [ 107.1802634, 10.7646497 ], [ 107.1800812, 10.7646868 ], [ 107.1799269, 10.7646982 ], [ 107.1798574, 10.7646788 ], [ 107.1798263, 10.7646603 ], [ 107.1797767, 10.7646086 ], [ 107.1797496, 10.7645468 ], [ 107.1797443, 10.7645135 ], [ 107.1797512, 10.7644465 ], [ 107.1797764, 10.764385 ], [ 107.1797928, 10.7643206 ], [ 107.1798001, 10.7642546 ], [ 107.1797982, 10.7641883 ], [ 107.1797719, 10.7640721 ], [ 107.1797177, 10.7639656 ], [ 107.1793476, 10.7634413 ], [ 107.1793256, 10.7634186 ], [ 107.1792985, 10.7633622 ], [ 107.1792947, 10.7633311 ], [ 107.1793073, 10.76327 ], [ 107.1793251, 10.7632403 ], [ 107.1793789, 10.763197 ], [ 107.1794119, 10.7631857 ], [ 107.1796346, 10.7631857 ], [ 107.1796674, 10.763174 ], [ 107.1797191, 10.7631287 ], [ 107.1797346, 10.763098 ], [ 107.1797408, 10.7630337 ], [ 107.1797181, 10.7629767 ], [ 107.1796975, 10.7629534 ], [ 107.1793533, 10.7627132 ], [ 107.1792921, 10.7626531 ], [ 107.1792528, 10.7625735 ], [ 107.1792438, 10.7625283 ], [ 107.1792485, 10.7623223 ], [ 107.1792317, 10.7622662 ], [ 107.1792143, 10.7622422 ], [ 107.1791672, 10.7622089 ], [ 107.1791116, 10.7621981 ], [ 107.1788728, 10.7622318 ], [ 107.1788153, 10.7622293 ], [ 107.1787044, 10.7622003 ], [ 107.1786533, 10.7621744 ], [ 107.1785649, 10.7621024 ], [ 107.1785031, 10.7620132 ], [ 107.1784693, 10.7619157 ], [ 107.1784624, 10.7618645 ], [ 107.1784659, 10.7617798 ], [ 107.1784503, 10.7617156 ], [ 107.178408, 10.7616643 ], [ 107.1783462, 10.7616358 ], [ 107.1783113, 10.7616325 ], [ 107.178244, 10.7616495 ], [ 107.1782151, 10.7616689 ], [ 107.1780375, 10.7618587 ], [ 107.1780127, 10.7618739 ], [ 107.1779558, 10.7618835 ], [ 107.1779273, 10.7618774 ], [ 107.1778855, 10.7618513 ], [ 107.1778082, 10.7617109 ], [ 107.177757, 10.7616771 ], [ 107.1777254, 10.7616711 ], [ 107.1776934, 10.7616735 ], [ 107.1774942, 10.7617522 ], [ 107.1774126, 10.7617721 ], [ 107.1773294, 10.761784 ], [ 107.1771616, 10.7617838 ], [ 107.1769944, 10.7617509 ], [ 107.1767605, 10.7616553 ], [ 107.176591, 10.7616121 ], [ 107.1764991, 10.761602 ], [ 107.1759579, 10.7615782 ], [ 107.1758226, 10.7615516 ], [ 107.1757081, 10.7614976 ], [ 107.1756177, 10.761426 ], [ 107.1755791, 10.7613833 ], [ 107.17537, 10.7610881 ], [ 107.1753189, 10.7610487 ], [ 107.1752572, 10.761032 ], [ 107.175225, 10.7610329 ], [ 107.1750404, 10.7610826 ], [ 107.1749989, 10.7610878 ], [ 107.1749167, 10.7610745 ], [ 107.1748433, 10.7610299 ], [ 107.1748139, 10.7609966 ], [ 107.1747921, 10.7609581 ], [ 107.1747787, 10.760916 ], [ 107.1747422, 10.7606402 ], [ 107.1747294, 10.7605982 ], [ 107.1746809, 10.7605249 ], [ 107.1746082, 10.7604746 ], [ 107.174521, 10.7604543 ], [ 107.174432, 10.7604676 ], [ 107.1743545, 10.7605128 ], [ 107.1742949, 10.7605731 ], [ 107.1742232, 10.7606087 ], [ 107.174143, 10.7606132 ], [ 107.1741039, 10.7606034 ], [ 107.1740396, 10.7605651 ], [ 107.1739945, 10.7605061 ], [ 107.1739751, 10.7604347 ], [ 107.1739523, 10.7598419 ], [ 107.1739211, 10.7596602 ], [ 107.1738598, 10.7594861 ], [ 107.1738133, 10.7593943 ], [ 107.1737585, 10.7593072 ], [ 107.1736957, 10.7592253 ], [ 107.1736256, 10.7591495 ], [ 107.1735486, 10.7590803 ], [ 107.1732134, 10.7588762 ], [ 107.1730739, 10.7587694 ], [ 107.1729571, 10.7586517 ], [ 107.1728546, 10.7585249 ], [ 107.172798, 10.7584676 ], [ 107.1726758, 10.7583755 ], [ 107.1725455, 10.7583109 ], [ 107.1719643, 10.7581113 ], [ 107.1718475, 10.7580407 ], [ 107.1717956, 10.7579966 ], [ 107.1717082, 10.7578937 ], [ 107.1716453, 10.7577755 ], [ 107.1716238, 10.7577121 ], [ 107.1715826, 10.7575045 ], [ 107.1715397, 10.7573728 ], [ 107.1710622, 10.7566929 ], [ 107.1710287, 10.7566035 ], [ 107.1710211, 10.7565563 ], [ 107.1710247, 10.756461 ], [ 107.1710363, 10.7564131 ], [ 107.1710783, 10.756324 ], [ 107.1713197, 10.756129 ], [ 107.171357, 10.7561077 ], [ 107.1713887, 10.756079 ], [ 107.1714134, 10.7560442 ], [ 107.1714297, 10.756005 ], [ 107.1714371, 10.7559632 ], [ 107.1714351, 10.7559208 ], [ 107.1714077, 10.7558486 ], [ 107.171354, 10.7557924 ], [ 107.1713197, 10.7557733 ], [ 107.1712097, 10.7557522 ], [ 107.1711723, 10.7557383 ], [ 107.1711387, 10.7557169 ], [ 107.1710897, 10.7556568 ], [ 107.1710703, 10.7555835 ], [ 107.1710649, 10.7554175 ], [ 107.1710527, 10.7553233 ], [ 107.1710169, 10.7552322 ], [ 107.1709578, 10.7551503 ], [ 107.1708798, 10.7550855 ], [ 107.1703485, 10.7547603 ], [ 107.1702307, 10.7546639 ], [ 107.1701074, 10.7545163 ], [ 107.169803, 10.7540394 ], [ 107.1697513, 10.7539706 ], [ 107.1696924, 10.7539075 ], [ 107.1696271, 10.7538509 ], [ 107.1695542, 10.7538001 ], [ 107.1694762, 10.7537574 ], [ 107.1693939, 10.7537232 ], [ 107.168944, 10.7536094 ], [ 107.1687469, 10.7535469 ], [ 107.1685599, 10.7534595 ], [ 107.1684353, 10.7533833 ], [ 107.1683756, 10.7533221 ], [ 107.1683532, 10.7532857 ], [ 107.168326, 10.753208 ], [ 107.168321, 10.7531672 ], [ 107.1683425, 10.7528852 ], [ 107.168339, 10.7528598 ], [ 107.1683125, 10.7528161 ], [ 107.1682915, 10.7528009 ], [ 107.1682405, 10.7527892 ], [ 107.1681907, 10.7528049 ], [ 107.1680652, 10.7529131 ], [ 107.1679693, 10.7530264 ], [ 107.1678691, 10.7531933 ], [ 107.1678415, 10.7532186 ], [ 107.1678081, 10.7532361 ], [ 107.1677714, 10.7532446 ], [ 107.1677336, 10.7532436 ], [ 107.1676772, 10.7532223 ], [ 107.1676344, 10.7531803 ], [ 107.1676066, 10.7531345 ], [ 107.167551, 10.7529977 ], [ 107.1675148, 10.7529774 ], [ 107.1674937, 10.7529767 ], [ 107.1674565, 10.7529944 ], [ 107.1674442, 10.7530107 ], [ 107.1674375, 10.7530503 ], [ 107.1674631, 10.7531168 ], [ 107.167517, 10.7532193 ], [ 107.1675271, 10.7532831 ], [ 107.1675254, 10.7533076 ], [ 107.1675016, 10.7533502 ], [ 107.1674815, 10.7533648 ], [ 107.1674334, 10.7533745 ], [ 107.1673876, 10.7533569 ], [ 107.1673363, 10.7533101 ], [ 107.1673045, 10.7532489 ], [ 107.1672815, 10.753168 ], [ 107.1672341, 10.7530982 ], [ 107.1672025, 10.7530697 ], [ 107.1671654, 10.7530456 ], [ 107.1670277, 10.7529968 ], [ 107.1669765, 10.7529703 ], [ 107.1669289, 10.7529379 ], [ 107.1668252, 10.7528322 ], [ 107.166784, 10.7528167 ], [ 107.1667412, 10.7528272 ], [ 107.1667125, 10.7528593 ], [ 107.1667066, 10.7528801 ], [ 107.1667144, 10.7529221 ], [ 107.1668994, 10.7531408 ], [ 107.1669293, 10.753197 ], [ 107.1669692, 10.7533174 ], [ 107.166981, 10.753419 ], [ 107.166977, 10.7539504 ], [ 107.1669668, 10.7539866 ], [ 107.1669263, 10.7540499 ], [ 107.1668967, 10.7540751 ], [ 107.1668256, 10.754106 ], [ 107.1665829, 10.7541184 ], [ 107.1665055, 10.7540992 ], [ 107.1664435, 10.7540499 ], [ 107.1664083, 10.7539802 ], [ 107.1664059, 10.7539024 ], [ 107.1664339, 10.7537076 ], [ 107.1664177, 10.7536244 ], [ 107.1663999, 10.7535856 ], [ 107.1663369, 10.7535093 ], [ 107.1662959, 10.7534807 ], [ 107.1660674, 10.7533664 ], [ 107.1659472, 10.7532735 ], [ 107.1658963, 10.7532172 ], [ 107.1658279, 10.7531122 ], [ 107.1658019, 10.7530553 ], [ 107.1657817, 10.7529961 ], [ 107.1657527, 10.7528524 ], [ 107.1656981, 10.752693 ], [ 107.1656121, 10.7525476 ], [ 107.1655583, 10.752482 ], [ 107.1654953, 10.7524195 ], [ 107.1654258, 10.7523639 ], [ 107.1653509, 10.7523158 ], [ 107.1652711, 10.7522756 ], [ 107.1651875, 10.752244 ], [ 107.1649831, 10.7521959 ], [ 107.1648754, 10.7521427 ], [ 107.1647803, 10.7520601 ], [ 107.1647402, 10.7520077 ], [ 107.1647079, 10.7519503 ], [ 107.1646839, 10.7518891 ], [ 107.1645793, 10.751399 ], [ 107.1644908, 10.7509379 ], [ 107.1644616, 10.7508492 ], [ 107.164405, 10.7507745 ], [ 107.1643234, 10.75072 ], [ 107.164228, 10.7506954 ], [ 107.1640773, 10.750697 ], [ 107.1639929, 10.7506782 ], [ 107.1639215, 10.7506341 ], [ 107.1638699, 10.7505711 ], [ 107.1638417, 10.7504952 ], [ 107.1637239, 10.7497544 ], [ 107.1636888, 10.7496766 ], [ 107.1636603, 10.7496443 ], [ 107.1635869, 10.7495992 ], [ 107.1635444, 10.7495881 ], [ 107.1634569, 10.7495915 ], [ 107.1634154, 10.7496059 ], [ 107.1631014, 10.7497995 ], [ 107.1630762, 10.7498111 ], [ 107.1630212, 10.7498165 ], [ 107.1629692, 10.7497977 ], [ 107.1629306, 10.7497585 ], [ 107.162919, 10.7497336 ], [ 107.1628962, 10.7495834 ], [ 107.1628704, 10.7495336 ], [ 107.1628211, 10.7495057 ], [ 107.1627913, 10.7495031 ], [ 107.1627358, 10.7495238 ], [ 107.1625851, 10.7496519 ], [ 107.1624589, 10.7497308 ], [ 107.1623182, 10.749781 ], [ 107.1622465, 10.7497943 ], [ 107.1621009, 10.7497983 ], [ 107.1617764, 10.7497402 ], [ 107.1617225, 10.7497216 ], [ 107.1616724, 10.7496946 ], [ 107.1616276, 10.7496598 ], [ 107.1615688, 10.7495895 ], [ 107.1615164, 10.7494754 ], [ 107.1614926, 10.749443 ], [ 107.161424, 10.7493871 ], [ 107.1613794, 10.7493673 ], [ 107.1613318, 10.7493562 ], [ 107.1612829, 10.7493541 ], [ 107.1609558, 10.7493875 ], [ 107.1608402, 10.7493769 ], [ 107.1607477, 10.7493488 ], [ 107.1606868, 10.7493023 ], [ 107.1606647, 10.749271 ], [ 107.1606418, 10.7491987 ], [ 107.1606422, 10.7491586 ], [ 107.1606684, 10.7490832 ], [ 107.160693, 10.7490513 ], [ 107.1607599, 10.7490063 ], [ 107.1607905, 10.7489773 ], [ 107.1608362, 10.7489072 ], [ 107.160858, 10.7488267 ], [ 107.1608591, 10.7487849 ], [ 107.1608387, 10.7486961 ], [ 107.1607933, 10.748625 ], [ 107.1607894, 10.7486189 ], [ 107.1603656, 10.748192 ], [ 107.1603282, 10.7481647 ], [ 107.1602426, 10.7481293 ], [ 107.1601966, 10.7481222 ], [ 107.1601045, 10.7481299 ], [ 107.1600196, 10.7481657 ], [ 107.1598095, 10.7482918 ], [ 107.1597245, 10.7483159 ], [ 107.1596732, 10.7483199 ], [ 107.1595716, 10.7483053 ], [ 107.1593046, 10.7481933 ], [ 107.1591935, 10.7481789 ], [ 107.1591363, 10.7481849 ], [ 107.1590808, 10.7481999 ], [ 107.1588808, 10.7482825 ], [ 107.1588153, 10.748279 ], [ 107.158766, 10.7482477 ], [ 107.1587486, 10.7482242 ], [ 107.1586501, 10.7479664 ], [ 107.1585906, 10.7478724 ], [ 107.1585477, 10.7478274 ], [ 107.1584488, 10.7477597 ], [ 107.1584451, 10.7477572 ], [ 107.1582466, 10.7476755 ], [ 107.158155, 10.7476301 ], [ 107.158056, 10.7475552 ], [ 107.1580057, 10.7475022 ], [ 107.1579623, 10.7474437 ], [ 107.1575407, 10.7467275 ], [ 107.157502, 10.7467044 ], [ 107.1574795, 10.7467005 ], [ 107.1574302, 10.7467118 ], [ 107.1574098, 10.7467269 ], [ 107.1573347, 10.7468481 ], [ 107.1573157, 10.7468906 ], [ 107.1572974, 10.7469056 ], [ 107.1572515, 10.7469166 ], [ 107.157205, 10.7468976 ], [ 107.1571799, 10.7468547 ], [ 107.1571706, 10.7464552 ], [ 107.1571486, 10.7461692 ], [ 107.1571711, 10.7460997 ], [ 107.157214, 10.746045 ], [ 107.157273, 10.7460075 ], [ 107.1573235, 10.7459877 ], [ 107.1573582, 10.7459467 ], [ 107.1573689, 10.7458943 ], [ 107.1573642, 10.7458678 ], [ 107.1573355, 10.7458217 ], [ 107.1573133, 10.7458054 ], [ 107.1572603, 10.7457911 ], [ 107.1571491, 10.7458012 ], [ 107.1570677, 10.7458388 ], [ 107.1570315, 10.7458699 ], [ 107.1570021, 10.7459073 ], [ 107.1569391, 10.7461486 ], [ 107.1568933, 10.7462145 ], [ 107.1568251, 10.7462578 ], [ 107.1567848, 10.7462689 ], [ 107.1567018, 10.7462662 ], [ 107.1565846, 10.7462147 ], [ 107.1564952, 10.7462025 ], [ 107.1564534, 10.7462069 ], [ 107.1563262, 10.7462504 ], [ 107.1562758, 10.746258 ], [ 107.1561749, 10.7462461 ], [ 107.1561277, 10.746227 ], [ 107.1560848, 10.7461999 ], [ 107.1560202, 10.7461303 ], [ 107.1559979, 10.7460884 ], [ 107.1559762, 10.7459967 ], [ 107.1559586, 10.7456142 ], [ 107.1559386, 10.74557 ], [ 107.1558998, 10.7455465 ], [ 107.1558769, 10.7455437 ], [ 107.1557602, 10.7455793 ], [ 107.1556881, 10.7455815 ], [ 107.1556186, 10.7455568 ], [ 107.1555881, 10.7455346 ], [ 107.1555626, 10.7455071 ], [ 107.1555032, 10.7454145 ], [ 107.155439, 10.7452903 ], [ 107.1554142, 10.7452275 ], [ 107.1553753, 10.745047 ], [ 107.1553562, 10.745015 ], [ 107.1553203, 10.7450035 ], [ 107.1553012, 10.7450079 ], [ 107.1552739, 10.7450347 ], [ 107.1552566, 10.7452782 ], [ 107.1552412, 10.7453158 ], [ 107.1552044, 10.7453416 ], [ 107.1551799, 10.7453454 ], [ 107.1551335, 10.7453297 ], [ 107.1550253, 10.745209 ], [ 107.1549556, 10.7450941 ], [ 107.154815, 10.7447234 ], [ 107.1547423, 10.7446024 ], [ 107.1546981, 10.7445476 ], [ 107.1544017, 10.7442406 ], [ 107.1543825, 10.7442287 ], [ 107.1543387, 10.7442182 ], [ 107.1543129, 10.7442208 ], [ 107.1542673, 10.7442439 ], [ 107.1541697, 10.7443921 ], [ 107.1541278, 10.7444312 ], [ 107.1540727, 10.7444484 ], [ 107.1540135, 10.7444394 ], [ 107.1539636, 10.7444035 ], [ 107.1539466, 10.7443778 ], [ 107.1538933, 10.7441335 ], [ 107.1538806, 10.7441064 ], [ 107.1538615, 10.7440832 ], [ 107.1538089, 10.744054 ], [ 107.1537483, 10.7440532 ], [ 107.1537198, 10.7440639 ], [ 107.1534857, 10.7442103 ], [ 107.1533857, 10.744251 ], [ 107.153273, 10.7442694 ], [ 107.1531168, 10.7442593 ], [ 107.153047, 10.7442781 ], [ 107.1529893, 10.7443229 ], [ 107.1529681, 10.7443534 ], [ 107.1529536, 10.7443875 ], [ 107.1529394, 10.7444603 ], [ 107.1529229, 10.7444938 ], [ 107.1528982, 10.744522 ], [ 107.152867, 10.7445431 ], [ 107.1528313, 10.7445555 ], [ 107.1527598, 10.744553 ], [ 107.1526981, 10.7445174 ], [ 107.1526757, 10.7444896 ], [ 107.1526014, 10.7443299 ], [ 107.1525594, 10.7442996 ], [ 107.152507, 10.7442972 ], [ 107.1524824, 10.7443073 ], [ 107.1524472, 10.7443459 ], [ 107.1523914, 10.744487 ], [ 107.1523426, 10.7445486 ], [ 107.1522756, 10.7445906 ], [ 107.1521982, 10.7446082 ], [ 107.1521196, 10.7445995 ], [ 107.1520484, 10.7445655 ], [ 107.1520182, 10.7445402 ], [ 107.151812, 10.7442498 ], [ 107.1517254, 10.7441698 ], [ 107.1516189, 10.7441181 ], [ 107.1515589, 10.744104 ], [ 107.1514975, 10.744099 ], [ 107.1514359, 10.7441033 ], [ 107.1513758, 10.7441168 ], [ 107.1513185, 10.7441391 ], [ 107.1507767, 10.7442867 ], [ 107.1486405, 10.74468 ], [ 107.1485118, 10.7446952 ], [ 107.1483823, 10.7447011 ], [ 107.1481438, 10.7446878 ], [ 107.1479288, 10.7446482 ], [ 107.1476257, 10.744556 ], [ 107.1475241, 10.7445341 ], [ 107.1473235, 10.7445099 ], [ 107.1471274, 10.7445099 ], [ 107.1384305, 10.7450088 ], [ 107.1389044, 10.7397513 ], [ 107.1388362, 10.7373386 ], [ 107.1390292, 10.7325411 ], [ 107.1441436, 10.732639 ], [ 107.1441972, 10.7322173 ], [ 107.1447846, 10.7319169 ], [ 107.1447887, 10.7318352 ], [ 107.1451521, 10.7316362 ], [ 107.1462893, 10.7310696 ], [ 107.1463028, 10.729839 ], [ 107.145423, 10.7298679 ], [ 107.1449026, 10.7301051 ], [ 107.1445633, 10.7299424 ], [ 107.1435126, 10.7291956 ], [ 107.1434516, 10.7291274 ], [ 107.1434216, 10.729047 ], [ 107.1434375, 10.7280884 ], [ 107.1438405, 10.7280983 ], [ 107.1438847, 10.728041 ], [ 107.143945, 10.7279991 ], [ 107.1439797, 10.7279854 ], [ 107.144132, 10.7279557 ], [ 107.1441873, 10.7279358 ], [ 107.1442401, 10.7279099 ], [ 107.1443291, 10.7278519 ], [ 107.1443685, 10.7277954 ], [ 107.144389, 10.7277109 ], [ 107.1444306, 10.7276398 ], [ 107.1444363, 10.7274428 ], [ 107.1444482, 10.7274084 ], [ 107.1444774, 10.7273871 ], [ 107.1445754, 10.7273871 ], [ 107.144617, 10.7273697 ], [ 107.1446416, 10.727336 ], [ 107.1447256, 10.7271259 ], [ 107.1447989, 10.7270349 ], [ 107.1448968, 10.726949 ], [ 107.1450208, 10.7268761 ], [ 107.1451923, 10.726807 ], [ 107.1452381, 10.7267789 ], [ 107.145277, 10.7267272 ], [ 107.1453328, 10.7265105 ], [ 107.1453456, 10.726485 ], [ 107.1453824, 10.7264488 ], [ 107.145465, 10.7264115 ], [ 107.145492, 10.7263786 ], [ 107.1455035, 10.7263392 ], [ 107.1455301, 10.725353 ], [ 107.1455067, 10.7252313 ], [ 107.1454847, 10.7251731 ], [ 107.145435, 10.7250845 ], [ 107.1454042, 10.725044 ], [ 107.1451012, 10.7247966 ], [ 107.1447819, 10.7245696 ], [ 107.1446018, 10.724455 ], [ 107.1440844, 10.7241647 ], [ 107.1440068, 10.7241348 ], [ 107.1438719, 10.7241014 ], [ 107.1436211, 10.7240827 ], [ 107.1435723, 10.7240636 ], [ 107.1435336, 10.7240249 ], [ 107.1435213, 10.7240004 ], [ 107.1435034, 10.7238664 ], [ 107.1434811, 10.7238251 ], [ 107.1434622, 10.7238088 ], [ 107.1434154, 10.7237922 ], [ 107.142494, 10.7237961 ], [ 107.1424533, 10.7238051 ], [ 107.1424216, 10.7238317 ], [ 107.1424065, 10.7238675 ], [ 107.1424162, 10.7241558 ], [ 107.142195, 10.7241743 ], [ 107.1421689, 10.7241827 ], [ 107.1421266, 10.7242165 ], [ 107.1421067, 10.7242581 ], [ 107.1420917, 10.7248845 ], [ 107.1420729, 10.7249913 ], [ 107.1420273, 10.7251599 ], [ 107.1419696, 10.7251915 ], [ 107.1418905, 10.7253839 ], [ 107.1410778, 10.7261772 ], [ 107.141002, 10.7266972 ], [ 107.1410108, 10.7267991 ], [ 107.1410262, 10.7268503 ], [ 107.141096, 10.7269767 ], [ 107.1411063, 10.7270126 ], [ 107.141101, 10.7270865 ], [ 107.1410646, 10.727149 ], [ 107.1410064, 10.7271893 ], [ 107.1409363, 10.727202 ], [ 107.1406654, 10.7271403 ], [ 107.1405764, 10.7271504 ], [ 107.1405331, 10.7271664 ], [ 107.1396475, 10.7277847 ], [ 107.1395899, 10.7278133 ], [ 107.1394685, 10.7278559 ], [ 107.1393864, 10.7278726 ], [ 107.139219, 10.7278796 ], [ 107.1393357, 10.7204848 ], [ 107.1395677, 10.7203477 ], [ 107.1396253, 10.7203076 ], [ 107.1396791, 10.7202627 ], [ 107.1397287, 10.7202133 ], [ 107.1397803, 10.7201512 ], [ 107.1398252, 10.7200842 ], [ 107.1398695, 10.7199722 ], [ 107.1398802, 10.7199477 ], [ 107.1398959, 10.7199258 ], [ 107.1399157, 10.7199076 ], [ 107.1399378, 10.7198943 ], [ 107.1399622, 10.7198855 ], [ 107.1399878, 10.7198815 ], [ 107.1400136, 10.7198826 ], [ 107.140079, 10.7198867 ], [ 107.1401444, 10.7198826 ], [ 107.1402059, 10.7198711 ], [ 107.1402655, 10.7198524 ], [ 107.1403224, 10.7198268 ], [ 107.1403757, 10.7197946 ], [ 107.1405856, 10.7196559 ], [ 107.1406101, 10.719629 ], [ 107.1406312, 10.7195994 ], [ 107.1406487, 10.7195676 ], [ 107.1406649, 10.7195257 ], [ 107.1406748, 10.7194819 ], [ 107.1406782, 10.7194372 ], [ 107.1407251, 10.7188403 ], [ 107.1407269, 10.7187908 ], [ 107.1407194, 10.7187418 ], [ 107.140703, 10.718695 ], [ 107.1406783, 10.7186521 ], [ 107.140646, 10.7186143 ], [ 107.1406073, 10.7185829 ], [ 107.1405635, 10.7185589 ], [ 107.1400934, 10.718416 ], [ 107.1395463, 10.7181893 ], [ 107.139648, 10.7142057 ], [ 107.1397673, 10.7096234 ], [ 107.1394819, 10.7096518 ], [ 107.1393944, 10.7096377 ], [ 107.139353, 10.7096218 ], [ 107.1392764, 10.7095716 ], [ 107.1392433, 10.7095375 ], [ 107.1391947, 10.7094566 ], [ 107.1389669, 10.7089293 ], [ 107.138747, 10.7089257 ], [ 107.138519, 10.7083617 ], [ 107.1384843, 10.7083048 ], [ 107.1384332, 10.7082616 ], [ 107.1383673, 10.7082356 ], [ 107.1383319, 10.7082311 ], [ 107.1379745, 10.7082803 ], [ 107.1379557, 10.7082774 ], [ 107.1379235, 10.7082537 ], [ 107.13789, 10.7081375 ], [ 107.1378556, 10.7081063 ], [ 107.137831, 10.7080995 ], [ 107.1376798, 10.7081113 ], [ 107.1374689, 10.7081627 ], [ 107.1372758, 10.7081759 ], [ 107.137233, 10.7078628 ], [ 107.1372357, 10.7077899 ], [ 107.1372476, 10.707718 ], [ 107.1372892, 10.7075996 ], [ 107.1373194, 10.7075444 ], [ 107.1375841, 10.7071662 ], [ 107.1376908, 10.7069351 ], [ 107.1377318, 10.7068147 ], [ 107.137778, 10.7066253 ], [ 107.1378063, 10.70641 ], [ 107.1378123, 10.7062905 ], [ 107.1378022, 10.7056657 ], [ 107.1376648, 10.705303 ], [ 107.1374974, 10.7049549 ], [ 107.1371753, 10.7040246 ], [ 107.1370664, 10.7034754 ], [ 107.1370288, 10.7033567 ], [ 107.1369243, 10.7025872 ], [ 107.1368574, 10.7017599 ], [ 107.1368544, 10.7014407 ], [ 107.1368295, 10.7009216 ], [ 107.1368797, 10.7005216 ], [ 107.1368685, 10.7004011 ], [ 107.1364084, 10.6996779 ], [ 107.1362651, 10.6994048 ], [ 107.1361533, 10.6991439 ], [ 107.1357018, 10.6979644 ], [ 107.1352065, 10.6968417 ], [ 107.1349049, 10.6961275 ], [ 107.1347618, 10.6958432 ], [ 107.1342181, 10.6949124 ], [ 107.1341946, 10.6948123 ], [ 107.1341965, 10.6947284 ], [ 107.1342047, 10.6946871 ], [ 107.1343374, 10.6942707 ], [ 107.1344072, 10.6939511 ], [ 107.1344474, 10.6936058 ], [ 107.1344634, 10.6931949 ], [ 107.1344421, 10.6929834 ], [ 107.134343, 10.6925047 ], [ 107.1343007, 10.6922397 ], [ 107.1341493, 10.69106 ], [ 107.1341094, 10.6909327 ], [ 107.1338885, 10.6904024 ], [ 107.133854, 10.6903024 ], [ 107.1338028, 10.6900974 ], [ 107.1337743, 10.6898637 ], [ 107.1337717, 10.6897339 ], [ 107.1337785, 10.6896043 ], [ 107.1339311, 10.6880202 ], [ 107.1339153, 10.6877893 ], [ 107.1338885, 10.6865722 ], [ 107.1338435, 10.6860658 ], [ 107.1338383, 10.6855855 ], [ 107.133832, 10.6853524 ], [ 107.1338375, 10.6850708 ], [ 107.1334142, 10.6848328 ], [ 107.1332842, 10.6847473 ], [ 107.1331841, 10.6845517 ], [ 107.1331036, 10.6843777 ], [ 107.1328405, 10.6841783 ], [ 107.1325323, 10.6839929 ], [ 107.1323821, 10.6839349 ], [ 107.1320924, 10.6839375 ], [ 107.1319181, 10.6839323 ], [ 107.1318446, 10.6839147 ], [ 107.1317581, 10.6838975 ], [ 107.1316123, 10.6837847 ], [ 107.1313199, 10.6835791 ], [ 107.1310088, 10.6834157 ], [ 107.1308452, 10.6833735 ], [ 107.1307272, 10.6834051 ], [ 107.1305126, 10.6835026 ], [ 107.1303517, 10.6835764 ], [ 107.130062, 10.6836634 ], [ 107.1299352, 10.6837105 ], [ 107.1297616, 10.6837188 ], [ 107.1296774, 10.6837445 ], [ 107.1295631, 10.6837161 ], [ 107.1294877, 10.6836923 ], [ 107.1293485, 10.6835896 ], [ 107.1292928, 10.6834586 ], [ 107.129252, 10.6833919 ], [ 107.1290152, 10.6832594 ], [ 107.1285391, 10.6830048 ], [ 107.1280485, 10.682764 ], [ 107.1277177, 10.6826803 ], [ 107.1272608, 10.6825985 ], [ 107.1268272, 10.682572 ], [ 107.1265376, 10.6824615 ], [ 107.1262443, 10.682318 ], [ 107.1260038, 10.6822823 ], [ 107.12558, 10.6823535 ], [ 107.1250476, 10.682453 ], [ 107.1250275, 10.6821901 ], [ 107.1249792, 10.6820056 ], [ 107.1249706, 10.6819426 ], [ 107.1249731, 10.681853 ], [ 107.125004, 10.6818103 ], [ 107.1250537, 10.6817917 ], [ 107.1251056, 10.6818034 ], [ 107.1251556, 10.681857 ], [ 107.1251762, 10.6818691 ], [ 107.1252233, 10.6818764 ], [ 107.125273, 10.6818565 ], [ 107.1253037, 10.6818132 ], [ 107.1253075, 10.6817631 ], [ 107.1253037, 10.681713 ], [ 107.1252821, 10.6816384 ], [ 107.1252394, 10.6815733 ], [ 107.1252082, 10.6815436 ], [ 107.1251335, 10.6815009 ], [ 107.1250493, 10.6814767 ], [ 107.1249711, 10.6814362 ], [ 107.1249164, 10.6813881 ], [ 107.1248711, 10.6813282 ], [ 107.1248538, 10.6813188 ], [ 107.1248154, 10.6813169 ], [ 107.1247418, 10.6813704 ], [ 107.1246786, 10.6813902 ], [ 107.1245876, 10.6813941 ], [ 107.1245265, 10.6813875 ], [ 107.1244669, 10.681373 ], [ 107.1244487, 10.6813555 ], [ 107.1244267, 10.6813109 ], [ 107.124424, 10.681286 ], [ 107.1244382, 10.6812336 ], [ 107.1244765, 10.6811945 ], [ 107.124563, 10.6811553 ], [ 107.1245884, 10.6811332 ], [ 107.1246241, 10.681077 ], [ 107.1246359, 10.6810119 ], [ 107.12461, 10.6809258 ], [ 107.1245548, 10.6808572 ], [ 107.1245196, 10.6808324 ], [ 107.1244546, 10.6808015 ], [ 107.1244264, 10.6807958 ], [ 107.1243703, 10.6808063 ], [ 107.1243328, 10.6808354 ], [ 107.1243197, 10.6808553 ], [ 107.1242978, 10.6809273 ], [ 107.1242589, 10.6809619 ], [ 107.1242335, 10.6809697 ], [ 107.1241864, 10.6809651 ], [ 107.1241652, 10.6809541 ], [ 107.1241267, 10.6809133 ], [ 107.1241007, 10.6808542 ], [ 107.1240967, 10.6808221 ], [ 107.1241083, 10.6807569 ], [ 107.1241563, 10.6806568 ], [ 107.1241611, 10.6805796 ], [ 107.1241515, 10.6805377 ], [ 107.1241076, 10.6804637 ], [ 107.1238232, 10.6802343 ], [ 107.1237807, 10.6801878 ], [ 107.1237599, 10.6801287 ], [ 107.1237588, 10.6800973 ], [ 107.1237799, 10.6800287 ], [ 107.1238315, 10.6799716 ], [ 107.1238366, 10.6799312 ], [ 107.1238282, 10.6799115 ], [ 107.1237939, 10.6798862 ], [ 107.1235979, 10.6798812 ], [ 107.1235583, 10.6798624 ], [ 107.1235337, 10.6798267 ], [ 107.1235308, 10.6797836 ], [ 107.1235387, 10.6797617 ], [ 107.123593, 10.6796958 ], [ 107.1236189, 10.6796222 ], [ 107.1236188, 10.6795469 ], [ 107.1236098, 10.6795115 ], [ 107.1235771, 10.6794507 ], [ 107.1235235, 10.6794137 ], [ 107.1234914, 10.6794061 ], [ 107.1234293, 10.6794143 ], [ 107.1233801, 10.6794476 ], [ 107.1233288, 10.6795368 ], [ 107.1232656, 10.6795978 ], [ 107.1232268, 10.6796191 ], [ 107.1231407, 10.6796399 ], [ 107.1230511, 10.6796292 ], [ 107.1229698, 10.6795868 ], [ 107.1229097, 10.6795183 ], [ 107.1228903, 10.6794771 ], [ 107.1228606, 10.6793647 ], [ 107.1228516, 10.6792945 ], [ 107.1228524, 10.6792237 ], [ 107.1228629, 10.6791537 ], [ 107.1228831, 10.6790851 ], [ 107.1229127, 10.6790199 ], [ 107.1229509, 10.6789592 ], [ 107.1229972, 10.6789042 ], [ 107.123105, 10.6788142 ], [ 107.1231339, 10.6787528 ], [ 107.1231365, 10.6787188 ], [ 107.1231198, 10.678658 ], [ 107.1230762, 10.6786091 ], [ 107.1230434, 10.6785542 ], [ 107.1230251, 10.6783975 ], [ 107.1229917, 10.6782048 ], [ 107.1229407, 10.6780207 ], [ 107.1228728, 10.6778418 ], [ 107.1228675, 10.6777941 ], [ 107.1228821, 10.6777025 ], [ 107.1229256, 10.6776237 ], [ 107.1230134, 10.6775333 ], [ 107.123044, 10.6774593 ], [ 107.123048, 10.6774194 ], [ 107.1230313, 10.6773378 ], [ 107.123011, 10.6773011 ], [ 107.1229005, 10.6771663 ], [ 107.1228295, 10.6770296 ], [ 107.1228049, 10.6769567 ], [ 107.1227878, 10.6768817 ], [ 107.1227769, 10.6767391 ], [ 107.1227816, 10.6766677 ], [ 107.1228152, 10.6764873 ], [ 107.1228093, 10.6763756 ], [ 107.1227735, 10.6762638 ], [ 107.1227449, 10.6762122 ], [ 107.1225518, 10.6759222 ], [ 107.1223426, 10.6755532 ], [ 107.1222085, 10.6753424 ], [ 107.1220905, 10.6751842 ], [ 107.1217847, 10.6748626 ], [ 107.1217164, 10.6747757 ], [ 107.1216145, 10.6746082 ], [ 107.1215379, 10.6744277 ], [ 107.121495, 10.6743671 ], [ 107.1213663, 10.6742722 ], [ 107.1213359, 10.6742301 ], [ 107.1213394, 10.6741787 ], [ 107.1213697, 10.6741441 ], [ 107.1213912, 10.674135 ], [ 107.1215185, 10.6741135 ], [ 107.1215864, 10.6740686 ], [ 107.1216298, 10.6740004 ], [ 107.1216412, 10.673919 ], [ 107.1216333, 10.6738775 ], [ 107.1216164, 10.6738387 ], [ 107.1215913, 10.6738044 ], [ 107.1214916, 10.6737311 ], [ 107.1214548, 10.6736711 ], [ 107.1214476, 10.67364 ], [ 107.1214467, 10.6734235 ], [ 107.1214394, 10.673381 ], [ 107.1214069, 10.6733011 ], [ 107.121347, 10.673228 ], [ 107.12126, 10.6731732 ], [ 107.1212107, 10.6731573 ], [ 107.1206469, 10.6731607 ], [ 107.1206067, 10.6731677 ], [ 107.1205321, 10.6731995 ], [ 107.1204689, 10.6732547 ], [ 107.1204073, 10.6733429 ], [ 107.1203806, 10.6733626 ], [ 107.1203174, 10.673383 ], [ 107.1202504, 10.6733749 ], [ 107.1202194, 10.6733599 ], [ 107.1201713, 10.6733119 ], [ 107.1201405, 10.6732562 ], [ 107.1201198, 10.6732349 ], [ 107.1200679, 10.6732059 ], [ 107.1200386, 10.6731995 ], [ 107.119967, 10.6732076 ], [ 107.1198549, 10.6732814 ], [ 107.1198243, 10.6732892 ], [ 107.1197616, 10.6732836 ], [ 107.1197059, 10.6732498 ], [ 107.1196713, 10.6731924 ], [ 107.1196657, 10.6731592 ], [ 107.1196733, 10.6729827 ], [ 107.119655, 10.6728937 ], [ 107.1196047, 10.6727979 ], [ 107.1195445, 10.6727284 ], [ 107.1195088, 10.6726631 ], [ 107.1194937, 10.6725916 ], [ 107.1194891, 10.672453 ], [ 107.1194762, 10.6724034 ], [ 107.1194396, 10.6723256 ], [ 107.1193873, 10.6722796 ], [ 107.1193185, 10.6722607 ], [ 107.1192821, 10.6722634 ], [ 107.1191996, 10.6722908 ], [ 107.1190974, 10.6723122 ], [ 107.1187216, 10.6723296 ], [ 107.1185172, 10.67235 ], [ 107.1182714, 10.6723849 ], [ 107.1181865, 10.672377 ], [ 107.1181074, 10.6723455 ], [ 107.1180378, 10.6722896 ], [ 107.1179887, 10.6722157 ], [ 107.1179733, 10.6721741 ], [ 107.1179412, 10.6718891 ], [ 107.1179062, 10.6718025 ], [ 107.1178794, 10.6717622 ], [ 107.1178104, 10.6716944 ], [ 107.1175285, 10.6715323 ], [ 107.1174805, 10.6714723 ], [ 107.1174583, 10.6713992 ], [ 107.1174582, 10.6713583 ], [ 107.1174663, 10.6713183 ], [ 107.1174993, 10.6712404 ], [ 107.1175066, 10.6711541 ], [ 107.1174846, 10.6710837 ], [ 107.1174647, 10.6710524 ], [ 107.1173643, 10.6709624 ], [ 107.1172035, 10.670851 ], [ 107.1170412, 10.6707639 ], [ 107.1168759, 10.6706922 ], [ 107.1167985, 10.6706506 ], [ 107.116728, 10.6706047 ], [ 107.1166441, 10.6705346 ], [ 107.1165987, 10.6705116 ], [ 107.1165459, 10.6705112 ], [ 107.1164975, 10.6705356 ], [ 107.1162513, 10.6707877 ], [ 107.1161643, 10.6708477 ], [ 107.1160662, 10.6708878 ], [ 107.1160094, 10.6709007 ], [ 107.1158933, 10.670906 ], [ 107.1158355, 10.6708984 ], [ 107.1156076, 10.670822 ], [ 107.1155534, 10.6707899 ], [ 107.1155329, 10.670766 ], [ 107.1155098, 10.6707082 ], [ 107.1155131, 10.6706487 ], [ 107.1155234, 10.6706218 ], [ 107.1155774, 10.6705533 ], [ 107.1155891, 10.6705261 ], [ 107.1155908, 10.6704676 ], [ 107.1155653, 10.6704166 ], [ 107.1155205, 10.6703837 ], [ 107.1154935, 10.6703756 ], [ 107.1154654, 10.6703739 ], [ 107.1144623, 10.6705294 ], [ 107.1131855, 10.6699495 ], [ 107.1130446, 10.66991 ], [ 107.1127572, 10.6698546 ], [ 107.1124781, 10.6698314 ], [ 107.1123444, 10.6698307 ], [ 107.1122108, 10.6698367 ], [ 107.1120216, 10.6698569 ], [ 107.1119084, 10.6698556 ], [ 107.111791, 10.6698302 ], [ 107.1117318, 10.6698072 ], [ 107.111595, 10.6697281 ], [ 107.1115137, 10.6697058 ], [ 107.1114215, 10.669703 ], [ 107.1112348, 10.6697432 ], [ 107.1111444, 10.6697334 ], [ 107.1110986, 10.669717 ], [ 107.1110183, 10.6696635 ], [ 107.1109892, 10.6696251 ], [ 107.1109679, 10.669582 ], [ 107.1109517, 10.6694977 ], [ 107.1109639, 10.6693803 ], [ 107.1109431, 10.6693415 ], [ 107.110903, 10.6693182 ], [ 107.1108372, 10.6693063 ], [ 107.1107648, 10.6692708 ], [ 107.1106911, 10.6692075 ], [ 107.1105905, 10.6690968 ], [ 107.1105049, 10.6690405 ], [ 107.1104185, 10.669015 ], [ 107.1102979, 10.6690152 ], [ 107.1102129, 10.6690015 ], [ 107.1101359, 10.6689637 ], [ 107.1100705, 10.668901 ], [ 107.1100286, 10.6688214 ], [ 107.1099254, 10.6683585 ], [ 107.1098967, 10.6682669 ], [ 107.1098172, 10.668098 ], [ 107.1097122, 10.6679499 ], [ 107.1096504, 10.667883 ], [ 107.1085574, 10.6670777 ], [ 107.1084836, 10.6670293 ], [ 107.1083528, 10.6669118 ], [ 107.1082491, 10.6667709 ], [ 107.1082087, 10.6666936 ], [ 107.1081344, 10.6664952 ], [ 107.1080711, 10.666399 ], [ 107.1079954, 10.6663252 ], [ 107.1078587, 10.6662435 ], [ 107.1078096, 10.6662046 ], [ 107.1077299, 10.6661091 ], [ 107.1076876, 10.6660209 ], [ 107.1076552, 10.6658787 ], [ 107.1076099, 10.6657934 ], [ 107.1075424, 10.6657324 ], [ 107.1073861, 10.6656589 ], [ 107.107335, 10.6656212 ], [ 107.1072577, 10.6655348 ], [ 107.1072096, 10.6654414 ], [ 107.1071944, 10.6653911 ], [ 107.1071559, 10.6650703 ], [ 107.1071233, 10.6650075 ], [ 107.1070646, 10.6649538 ], [ 107.1069816, 10.6649229 ], [ 107.1067303, 10.6649203 ], [ 107.1066542, 10.6649093 ], [ 107.106508, 10.6648629 ], [ 107.1064398, 10.664828 ], [ 107.1063337, 10.6647522 ], [ 107.1062441, 10.6646581 ], [ 107.106217, 10.6646181 ], [ 107.1061377, 10.6644504 ], [ 107.1061063, 10.6644012 ], [ 107.1060699, 10.6643663 ], [ 107.1059832, 10.6643237 ], [ 107.1059355, 10.664314 ], [ 107.1058492, 10.6643172 ], [ 107.1057679, 10.6643461 ], [ 107.1056945, 10.6643944 ], [ 107.1056091, 10.6644212 ], [ 107.1055641, 10.664422 ], [ 107.1054807, 10.6643995 ], [ 107.1054137, 10.6643509 ], [ 107.105388, 10.6643185 ], [ 107.105326, 10.6641684 ], [ 107.1052452, 10.6640294 ], [ 107.1051739, 10.6639425 ], [ 107.1051172, 10.6639139 ], [ 107.1050558, 10.6639148 ], [ 107.105028, 10.6639254 ], [ 107.1049491, 10.6639897 ], [ 107.1049101, 10.6640084 ], [ 107.1048336, 10.6640208 ], [ 107.1047661, 10.6640083 ], [ 107.1046668, 10.6639714 ], [ 107.1045327, 10.663945 ], [ 107.1041156, 10.6639349 ], [ 107.1039695, 10.6639397 ], [ 107.1038089, 10.6639562 ], [ 107.1037281, 10.6639561 ], [ 107.1035453, 10.6639347 ], [ 107.1034449, 10.66391 ], [ 107.1033472, 10.6638765 ], [ 107.1028402, 10.6636498 ], [ 107.1023601, 10.6632557 ], [ 107.1021206, 10.6630848 ], [ 107.1020007, 10.6629065 ], [ 107.1015619, 10.6628974 ], [ 107.1014938, 10.6628722 ], [ 107.1014248, 10.6628146 ], [ 107.1013999, 10.6627773 ], [ 107.101196, 10.6623042 ], [ 107.1011585, 10.6620972 ], [ 107.10107, 10.6620577 ], [ 107.1011102, 10.6618205 ], [ 107.1011223, 10.6609084 ], [ 107.1011845, 10.660872 ], [ 107.1010681, 10.6600605 ], [ 107.1010233, 10.6598208 ], [ 107.1007768, 10.6589306 ], [ 107.1006967, 10.658755 ], [ 107.1005239, 10.6585078 ], [ 107.1002746, 10.6582515 ], [ 107.0995274, 10.6575998 ], [ 107.0992565, 10.657306 ], [ 107.099023, 10.6569205 ], [ 107.098297, 10.6554014 ], [ 107.0972312, 10.6532583 ], [ 107.0969977, 10.6527489 ], [ 107.0966849, 10.6521339 ], [ 107.096489, 10.6519593 ], [ 107.0963254, 10.652049 ], [ 107.0960303, 10.6521465 ], [ 107.0957621, 10.6522387 ], [ 107.0955985, 10.6522915 ], [ 107.095274, 10.6524154 ], [ 107.0950165, 10.6525234 ], [ 107.0940965, 10.6529874 ], [ 107.0939624, 10.6530401 ], [ 107.0936968, 10.653106 ], [ 107.0935493, 10.6531218 ], [ 107.0926239, 10.653164 ], [ 107.0922431, 10.6531693 ], [ 107.0915376, 10.6532035 ], [ 107.0913177, 10.6532035 ], [ 107.0910758, 10.653221 ], [ 107.0910361, 10.6532167 ], [ 107.090902, 10.6532299 ], [ 107.0907652, 10.6532457 ], [ 107.0906311, 10.6532668 ], [ 107.0905184, 10.65328 ], [ 107.0904004, 10.6532879 ], [ 107.0900839, 10.65328 ], [ 107.0895555, 10.6532562 ], [ 107.0891451, 10.6532299 ], [ 107.0887374, 10.6532035 ], [ 107.0882251, 10.6531877 ], [ 107.087914, 10.6532009 ], [ 107.0873936, 10.6532431 ], [ 107.086479, 10.6533643 ], [ 107.0861035, 10.6534118 ], [ 107.0856609, 10.6534566 ], [ 107.0852854, 10.6534987 ], [ 107.0848884, 10.6535172 ], [ 107.0842984, 10.6535357 ], [ 107.0838504, 10.6535515 ], [ 107.0832533, 10.6535875 ], [ 107.0830189, 10.6536016 ], [ 107.0829852, 10.6536035 ], [ 107.0825925, 10.6536253 ], [ 107.0818897, 10.653649 ], [ 107.0816204, 10.653651 ], [ 107.0815437, 10.6536516 ], [ 107.0812004, 10.6536279 ], [ 107.0806586, 10.6535963 ], [ 107.0800256, 10.6535567 ], [ 107.0796555, 10.6535383 ], [ 107.0795302, 10.6535302 ], [ 107.0792451, 10.6535119 ], [ 107.0790455, 10.6534953 ], [ 107.0788347, 10.6534777 ], [ 107.0782875, 10.6534091 ], [ 107.0779898, 10.653388 ], [ 107.0778085, 10.6533899 ], [ 107.0772047, 10.6534664 ], [ 107.076851, 10.6535263 ], [ 107.0765136, 10.6535823 ], [ 107.0761802, 10.6536342 ], [ 107.0755948, 10.6537261 ], [ 107.075237, 10.653774 ], [ 107.0749403, 10.653818 ], [ 107.0747533, 10.653818 ], [ 107.0745215, 10.65381 ], [ 107.0741394, 10.653774 ], [ 107.0738792, 10.6537581 ], [ 107.0736312, 10.6537621 ], [ 107.0733791, 10.653782 ], [ 107.0730823, 10.653814 ], [ 107.0728587, 10.653814 ], [ 107.0726026, 10.653794 ], [ 107.0719887, 10.6537381 ], [ 107.0716719, 10.6536994 ], [ 107.0713017, 10.6536542 ], [ 107.0705821, 10.6535583 ], [ 107.0701873, 10.653523 ], [ 107.0694922, 10.6534868 ], [ 107.0692727, 10.653505 ], [ 107.0684997, 10.6535089 ], [ 107.0679052, 10.6535335 ], [ 107.0674415, 10.6535196 ], [ 107.0670415, 10.6535156 ], [ 107.0668936, 10.6535217 ], [ 107.0667334, 10.653555 ], [ 107.0665855, 10.6536065 ], [ 107.0664161, 10.6537004 ], [ 107.0662497, 10.6538124 ], [ 107.0661111, 10.6539244 ], [ 107.0659447, 10.6541031 ], [ 107.0657814, 10.6542757 ], [ 107.0656797, 10.654421 ], [ 107.065615, 10.6545209 ], [ 107.0655503, 10.6546602 ], [ 107.0654979, 10.6548116 ], [ 107.0654455, 10.6549781 ], [ 107.0653808, 10.6552083 ], [ 107.0653069, 10.6554505 ], [ 107.0652237, 10.6556746 ], [ 107.0651559, 10.6558714 ], [ 107.0650438, 10.656133 ], [ 107.0649294, 10.6563533 ], [ 107.0648266, 10.6565575 ], [ 107.0647332, 10.656709 ], [ 107.0646562, 10.6568283 ], [ 107.0645791, 10.6569063 ], [ 107.0644811, 10.656966 ], [ 107.0643947, 10.657005 ], [ 107.0642569, 10.6570555 ], [ 107.0641, 10.6571026 ], [ 107.0638992, 10.6571645 ], [ 107.063661, 10.6572426 ], [ 107.0633948, 10.6573137 ], [ 107.0632477, 10.6573504 ], [ 107.0630212, 10.6573917 ], [ 107.0626561, 10.6574366 ], [ 107.0625495, 10.6574514 ], [ 107.0624377, 10.6574652 ], [ 107.0622343, 10.6574812 ], [ 107.0621199, 10.6574858 ], [ 107.0620368, 10.6574844 ], [ 107.0619798, 10.6574835 ], [ 107.0618537, 10.6574697 ], [ 107.0616926, 10.6574445 ], [ 107.0615771, 10.6574249 ], [ 107.0615034, 10.6574124 ], [ 107.0610615, 10.657338 ], [ 107.0605359, 10.6572445 ], [ 107.0603509, 10.6572116 ], [ 107.0598558, 10.6571336 ], [ 107.0596037, 10.6570854 ], [ 107.0593071, 10.6570327 ], [ 107.0590549, 10.6569845 ], [ 107.0588363, 10.6569534 ], [ 107.0588121, 10.65695 ], [ 107.0586276, 10.6569156 ], [ 107.0584222, 10.6568973 ], [ 107.0582634, 10.6568904 ], [ 107.0581046, 10.6569041 ], [ 107.0579318, 10.6569363 ], [ 107.0577543, 10.6569753 ], [ 107.0574897, 10.6570671 ], [ 107.0571893, 10.657191 ], [ 107.057143, 10.6572122 ], [ 107.0561175, 10.6576821 ], [ 107.0560868, 10.6576941 ], [ 107.055906, 10.6577648 ], [ 107.0556598, 10.657861 ], [ 107.055438, 10.6579437 ], [ 107.0551928, 10.6580423 ], [ 107.0550159, 10.6580949 ], [ 107.054915, 10.6581249 ], [ 107.0547258, 10.6581708 ], [ 107.0545601, 10.6582007 ], [ 107.0543686, 10.6582144 ], [ 107.054023, 10.6581984 ], [ 107.0534826, 10.6581702 ], [ 107.0534423, 10.6581681 ], [ 107.0534066, 10.6581662 ], [ 107.0528952, 10.6581341 ], [ 107.052664, 10.6581318 ], [ 107.0524586, 10.6581433 ], [ 107.052064, 10.6581387 ], [ 107.0517568, 10.6581261 ], [ 107.0516859, 10.658119 ], [ 107.0515922, 10.6581096 ], [ 107.0512821, 10.6580786 ], [ 107.0510688, 10.6580518 ], [ 107.0505257, 10.6579837 ], [ 107.0503401, 10.6579602 ], [ 107.0498793, 10.657902 ], [ 107.0495327, 10.6578567 ], [ 107.0494813, 10.65785 ], [ 107.0494152, 10.6578414 ], [ 107.0490281, 10.657807 ], [ 107.0485274, 10.6577966 ], [ 107.0485066, 10.6577964 ], [ 107.0482129, 10.6577937 ], [ 107.0480588, 10.6577923 ], [ 107.0479481, 10.6577913 ], [ 107.0476416, 10.6577926 ], [ 107.0473042, 10.657794 ], [ 107.0472114, 10.6577873 ], [ 107.0470196, 10.657781 ], [ 107.0468269, 10.6577597 ], [ 107.0467479, 10.6577496 ], [ 107.046263, 10.6576878 ], [ 107.0461561, 10.6576742 ], [ 107.0451666, 10.6575435 ], [ 107.0450286, 10.6575272 ], [ 107.0449919, 10.6575229 ], [ 107.0446758, 10.6574855 ], [ 107.0444585, 10.6574539 ], [ 107.0441742, 10.6573722 ], [ 107.0440195, 10.6573207 ], [ 107.043617, 10.6571867 ], [ 107.0433427, 10.6570954 ], [ 107.0429889, 10.6569838 ], [ 107.0428331, 10.6569346 ], [ 107.0423315, 10.6567554 ], [ 107.0419721, 10.6566631 ], [ 107.0419056, 10.6566422 ], [ 107.0415856, 10.6565417 ], [ 107.0411232, 10.6563963 ], [ 107.0409715, 10.6563542 ], [ 107.0403957, 10.6561947 ], [ 107.0401588, 10.656142 ], [ 107.0398569, 10.6560784 ], [ 107.0396258, 10.656036 ], [ 107.0391765, 10.6559551 ], [ 107.0383733, 10.6558062 ], [ 107.0383116, 10.6557851 ], [ 107.0386514, 10.6550067 ], [ 107.0377243, 10.6545528 ], [ 107.0349945, 10.6532659 ], [ 107.0324218, 10.6520608 ], [ 107.0289125, 10.6503651 ], [ 107.0261928, 10.6490567 ], [ 107.0215096, 10.6468008 ], [ 107.0212337, 10.6466889 ], [ 107.0209852, 10.6470354 ], [ 107.0208177, 10.6472273 ], [ 107.0205953, 10.6473528 ], [ 107.0203759, 10.6474067 ], [ 107.0201526, 10.6473983 ], [ 107.0199239, 10.6473107 ], [ 107.0195514, 10.6470999 ], [ 107.019371, 10.6469287 ], [ 107.0192562, 10.6467272 ], [ 107.0192207, 10.6464852 ], [ 107.0192439, 10.6461712 ], [ 107.0192265, 10.6458743 ], [ 107.0191534, 10.6456438 ], [ 107.0190233, 10.645508 ], [ 107.0187387, 10.6453322 ], [ 107.0183322, 10.6451883 ], [ 107.0178443, 10.6451883 ], [ 107.0169499, 10.6449566 ], [ 107.014657, 10.6440935 ], [ 107.0139195, 10.6436473 ], [ 107.0139274, 10.6406386 ], [ 107.0159696, 10.6387026 ], [ 107.0175102, 10.6347118 ], [ 107.0180622, 10.6330091 ], [ 107.01806, 10.6326693 ], [ 107.0179587, 10.6321359 ], [ 107.0177852, 10.631773 ], [ 107.0175147, 10.6315562 ], [ 107.017, 10.6314138 ], [ 107.0164367, 10.6313204 ], [ 107.0157281, 10.6314705 ], [ 107.0150208, 10.6318148 ], [ 107.0142529, 10.6322529 ], [ 107.013109, 10.6332065 ], [ 107.0108951, 10.6352102 ], [ 107.0093354, 10.6361907 ], [ 107.0085933, 10.6365844 ], [ 107.007971, 10.6367742 ], [ 107.0073487, 10.6370272 ], [ 107.0065977, 10.6371538 ], [ 107.0040228, 10.6371959 ], [ 107.0026066, 10.6371327 ], [ 107.0009543, 10.636015 ], [ 106.9987656, 10.6342013 ], [ 106.9979717, 10.6321978 ], [ 106.997049, 10.6297725 ], [ 106.9968345, 10.6272207 ], [ 106.9972422, 10.6249641 ], [ 106.9975855, 10.6231715 ], [ 106.9991304, 10.6204087 ], [ 107.001964, 10.6179383 ], [ 107.0082867, 10.6130075 ], [ 107.0071184, 10.610515 ], [ 107.0070344, 10.6103618 ], [ 107.0069439, 10.610225 ], [ 107.0068303, 10.6101227 ], [ 107.0067344, 10.6100437 ], [ 107.0064605, 10.6099432 ], [ 107.0061942, 10.6098732 ], [ 107.0059494, 10.6098554 ], [ 107.0057363, 10.6098816 ], [ 107.0053748, 10.6099712 ], [ 107.0048659, 10.6102206 ], [ 107.0036269, 10.6108498 ], [ 107.00329, 10.6109797 ], [ 107.0030034, 10.6110529 ], [ 107.0027911, 10.6110412 ], [ 107.0025715, 10.6110157 ], [ 107.0023636, 10.6109303 ], [ 107.0022063, 10.6108245 ], [ 107.0021329, 10.610686 ], [ 107.0021126, 10.61056 ], [ 107.002102, 10.6104337 ], [ 107.0021205, 10.6102879 ], [ 107.0021781, 10.6101225 ], [ 107.0024421, 10.609468 ], [ 107.0025121, 10.6091597 ], [ 107.0025232, 10.6089839 ], [ 107.0024645, 10.6087938 ], [ 107.0023288, 10.6085962 ], [ 107.0021871, 10.6084907 ], [ 107.0016811, 10.6081929 ], [ 107.0013074, 10.6079428 ], [ 107.0010416, 10.6077113 ], [ 107.0008936, 10.6075277 ], [ 107.0007255, 10.6072568 ], [ 107.000607, 10.6071119 ], [ 107.0005059, 10.6070001 ], [ 107.0004197, 10.6069719 ], [ 107.0002961, 10.6069837 ], [ 106.9999845, 10.6071528 ], [ 106.9998081, 10.607281 ], [ 106.9993417, 10.6075647 ], [ 106.9990204, 10.6077064 ], [ 106.998644, 10.6078117 ], [ 106.9981438, 10.6077893 ], [ 106.9976256, 10.6075983 ], [ 106.9972958, 10.6073604 ], [ 106.9970537, 10.607054 ], [ 106.9967115, 10.606321 ], [ 106.996499, 10.6058795 ], [ 106.9962237, 10.6056106 ], [ 106.9959167, 10.6054216 ], [ 106.995586, 10.6053463 ], [ 106.9951279, 10.6053629 ], [ 106.9941641, 10.6055919 ], [ 106.9929152, 10.6057225 ], [ 106.9920265, 10.605717 ], [ 106.9913783, 10.6055535 ], [ 106.9913481, 10.605546 ], [ 106.9907667, 10.6051994 ], [ 106.9903366, 10.6046794 ], [ 106.9902792, 10.6044916 ], [ 106.9901955, 10.6041376 ], [ 106.9903196, 10.6032076 ], [ 106.9905114, 10.6026746 ], [ 106.9906869, 10.6021578 ], [ 106.9907499, 10.601819 ], [ 106.9907308, 10.601384 ], [ 106.9906464, 10.6009172 ], [ 106.9905627, 10.6005472 ], [ 106.9903814, 10.6002099 ], [ 106.9901027, 10.5998733 ], [ 106.9895668, 10.5993529 ], [ 106.9883231, 10.5982489 ], [ 106.9871145, 10.5971998 ], [ 106.986606, 10.5965585 ], [ 106.9863267, 10.5961251 ], [ 106.9862101, 10.5957231 ], [ 106.9862208, 10.5948907 ], [ 106.986361, 10.5939229 ], [ 106.9868485, 10.5914446 ], [ 106.9870997, 10.5900411 ], [ 106.9871892, 10.5887602 ], [ 106.987199, 10.587777 ], [ 106.9870643, 10.5870689 ], [ 106.9863868, 10.5850511 ], [ 106.9858388, 10.5833465 ], [ 106.9850002, 10.5814723 ], [ 106.9840947, 10.5798181 ], [ 106.9838641, 10.5793685 ], [ 106.9837336, 10.5792092 ], [ 106.9837328, 10.5792082 ], [ 106.9835542, 10.5792577 ], [ 106.9832467, 10.5795013 ], [ 106.9826966, 10.5799883 ], [ 106.9819033, 10.5806056 ], [ 106.9804859, 10.5814791 ], [ 106.9796263, 10.5819196 ], [ 106.9789932, 10.5821331 ], [ 106.9784405, 10.582201 ], [ 106.9778224, 10.5822371 ], [ 106.9773504, 10.5822079 ], [ 106.9766989, 10.5820991 ], [ 106.976292, 10.5820695 ], [ 106.9757061, 10.5820409 ], [ 106.9752676, 10.5821565 ], [ 106.9749271, 10.5823359 ], [ 106.9746033, 10.5825957 ], [ 106.973349, 10.5839155 ], [ 106.9720572, 10.5854544 ], [ 106.9702223, 10.5877144 ], [ 106.9694637, 10.5886699 ], [ 106.9687519, 10.5893028 ], [ 106.9680718, 10.5898066 ], [ 106.9676343, 10.5900994 ], [ 106.9666688, 10.5905204 ], [ 106.9658728, 10.5907187 ], [ 106.9650763, 10.5908526 ], [ 106.9643287, 10.5909701 ], [ 106.9636957, 10.5912158 ], [ 106.9630801, 10.5916386 ], [ 106.9620508, 10.5925251 ], [ 106.9611932, 10.5932718 ], [ 106.9605119, 10.5935822 ], [ 106.9597807, 10.5937479 ], [ 106.9591627, 10.5938001 ], [ 106.95791, 10.593824 ], [ 106.9553752, 10.5942063 ], [ 106.9537565, 10.5946652 ], [ 106.9498601, 10.596027 ], [ 106.9484245, 10.5966608 ], [ 106.9473843, 10.597156 ], [ 106.9466067, 10.5973811 ], [ 106.9460114, 10.5973527 ], [ 106.9449192, 10.5970373 ], [ 106.9438925, 10.5967857 ], [ 106.9427979, 10.5966517 ], [ 106.9421773, 10.5966184 ], [ 106.9413844, 10.5967216 ], [ 106.9408675, 10.5968927 ], [ 106.9405574, 10.5970635 ], [ 106.9400409, 10.5975069 ], [ 106.9394901, 10.5981207 ], [ 106.939077, 10.5986322 ], [ 106.9386019, 10.5993595 ], [ 106.9378418, 10.5999071 ], [ 106.9371973, 10.6001282 ], [ 106.936433, 10.6002134 ], [ 106.9358959, 10.6001845 ], [ 106.9352672, 10.6001579 ], [ 106.9351234, 10.6002994 ], [ 106.9348174, 10.6005629 ], [ 106.9344256, 10.6008482 ], [ 106.9341902, 10.6010047 ], [ 106.9337051, 10.6012953 ], [ 106.9334328, 10.601405 ], [ 106.9331574, 10.601507 ], [ 106.9328791, 10.601601 ], [ 106.9325982, 10.6016871 ], [ 106.9323148, 10.6017652 ], [ 106.9320293, 10.6018352 ], [ 106.9318023, 10.6018847 ], [ 106.9315741, 10.6019291 ], [ 106.9311209, 10.6020317 ], [ 106.9306698, 10.6021429 ], [ 106.9302209, 10.6022627 ], [ 106.9297745, 10.6023911 ], [ 106.9293308, 10.602528 ], [ 106.929092, 10.6026055 ], [ 106.928856, 10.6026911 ], [ 106.9286231, 10.6027847 ], [ 106.9283937, 10.602886 ], [ 106.928168, 10.6029951 ], [ 106.9279462, 10.6031117 ], [ 106.9277287, 10.6032358 ], [ 106.9275156, 10.6033671 ], [ 106.9273072, 10.6035056 ], [ 106.9271038, 10.6036511 ], [ 106.9269057, 10.6038033 ], [ 106.9267129, 10.6039622 ], [ 106.9265794, 10.604079 ], [ 106.9264489, 10.604199 ], [ 106.9261908, 10.6044423 ], [ 106.9259391, 10.6046917 ], [ 106.9256937, 10.6049473 ], [ 106.9254549, 10.6052088 ], [ 106.9252227, 10.605476 ], [ 106.9249974, 10.6057488 ], [ 106.9247791, 10.6060271 ], [ 106.9245679, 10.6063106 ], [ 106.9243639, 10.6065992 ], [ 106.9241674, 10.6068927 ], [ 106.9239783, 10.6071909 ], [ 106.9237968, 10.6074937 ], [ 106.923623, 10.6078008 ], [ 106.9235307, 10.6079716 ], [ 106.9234302, 10.6081379 ], [ 106.9233216, 10.6082993 ], [ 106.9232054, 10.6084554 ], [ 106.9230816, 10.6086058 ], [ 106.9229506, 10.6087502 ], [ 106.9228128, 10.6088883 ], [ 106.9226684, 10.6090197 ], [ 106.9225177, 10.6091442 ], [ 106.9223611, 10.6092614 ], [ 106.922199, 10.6093711 ], [ 106.9220318, 10.6094731 ], [ 106.9218597, 10.609567 ], [ 106.9216833, 10.6096528 ], [ 106.9215029, 10.6097301 ], [ 106.9213189, 10.6097988 ], [ 106.9211318, 10.6098588 ], [ 106.920942, 10.6099099 ], [ 106.9207499, 10.6099521 ], [ 106.920556, 10.6099851 ], [ 106.9203607, 10.6100089 ], [ 106.9201644, 10.6100235 ], [ 106.9199677, 10.6100289 ], [ 106.9197709, 10.6100249 ], [ 106.9195746, 10.6100117 ], [ 106.9193791, 10.6099893 ], [ 106.9191849, 10.6099577 ], [ 106.9189925, 10.609917 ], [ 106.9188023, 10.6098672 ], [ 106.9186148, 10.6098086 ], [ 106.9184303, 10.6097411 ], [ 106.9183246, 10.609698 ], [ 106.9182202, 10.6096519 ], [ 106.9180142, 10.6095541 ], [ 106.9178125, 10.6094478 ], [ 106.9176155, 10.6093333 ], [ 106.9174236, 10.6092107 ], [ 106.9172372, 10.6090803 ], [ 106.9170565, 10.6089423 ], [ 106.9168819, 10.6087969 ], [ 106.9167137, 10.6086444 ], [ 106.9165767, 10.6085102 ], [ 106.9164333, 10.6083825 ], [ 106.916284, 10.6082615 ], [ 106.916129, 10.6081477 ], [ 106.9159687, 10.6080412 ], [ 106.9158035, 10.6079423 ], [ 106.9156337, 10.6078512 ], [ 106.9154597, 10.6077682 ], [ 106.9152818, 10.6076933 ], [ 106.9151006, 10.6076267 ], [ 106.9149164, 10.6075687 ], [ 106.9147296, 10.6075193 ], [ 106.9145406, 10.6074786 ], [ 106.9143498, 10.6074468 ], [ 106.9141578, 10.6074239 ], [ 106.9139648, 10.60741 ], [ 106.9137714, 10.6074051 ], [ 106.913578, 10.6074091 ], [ 106.913385, 10.6074222 ], [ 106.9131929, 10.6074443 ], [ 106.913002, 10.6074752 ], [ 106.9128128, 10.607515 ], [ 106.9126257, 10.6075636 ], [ 106.9124412, 10.6076208 ], [ 106.9122597, 10.6076865 ], [ 106.9120815, 10.6077606 ], [ 106.9119072, 10.607843 ], [ 106.9118151, 10.6078905 ], [ 106.9117243, 10.6079404 ], [ 106.9115456, 10.6080451 ], [ 106.9113714, 10.6081568 ], [ 106.9112019, 10.6082753 ], [ 106.9110374, 10.6084005 ], [ 106.9108782, 10.6085321 ], [ 106.9107246, 10.60867 ], [ 106.9105768, 10.6088138 ], [ 106.9104351, 10.6089635 ], [ 106.9102996, 10.6091186 ], [ 106.9101706, 10.609279 ], [ 106.9100484, 10.6094444 ], [ 106.909933, 10.6096146 ], [ 106.9098344, 10.609773 ], [ 106.9097418, 10.609935 ], [ 106.9096553, 10.6101001 ], [ 106.9093863, 10.6105903 ], [ 106.909126, 10.6110851 ], [ 106.9088746, 10.6115842 ], [ 106.9086321, 10.6120876 ], [ 106.9083986, 10.6125951 ], [ 106.9081742, 10.6131066 ], [ 106.9079589, 10.6136218 ], [ 106.9077902, 10.6140446 ], [ 106.9076296, 10.6144705 ], [ 106.9074771, 10.6148992 ], [ 106.9073328, 10.6153307 ], [ 106.9071968, 10.6157647 ], [ 106.907069, 10.6162011 ], [ 106.9069496, 10.6166399 ], [ 106.9068385, 10.6170807 ], [ 106.9067359, 10.6175235 ], [ 106.906649, 10.6179322 ], [ 106.9065529, 10.618339 ], [ 106.9064479, 10.6187435 ], [ 106.9063338, 10.6191457 ], [ 106.9062107, 10.6195453 ], [ 106.9060788, 10.6199422 ], [ 106.905938, 10.6203361 ], [ 106.9057885, 10.6207269 ], [ 106.9056302, 10.6211144 ], [ 106.9054634, 10.6214983 ], [ 106.905288, 10.6218786 ], [ 106.9051042, 10.622255 ], [ 106.904912, 10.6226273 ], [ 106.9047592, 10.6229097 ], [ 106.9045983, 10.6231877 ], [ 106.9044296, 10.6234611 ], [ 106.9042531, 10.6237298 ], [ 106.9040689, 10.6239935 ], [ 106.9038773, 10.6242519 ], [ 106.9036784, 10.624505 ], [ 106.9034723, 10.6247525 ], [ 106.9032592, 10.6249941 ], [ 106.9030392, 10.6252298 ], [ 106.9028126, 10.6254593 ], [ 106.9025795, 10.6256824 ], [ 106.9023401, 10.625899 ], [ 106.9020946, 10.6261089 ], [ 106.9018432, 10.6263119 ], [ 106.901586, 10.6265079 ], [ 106.9013979, 10.6266442 ], [ 106.901207, 10.6267768 ], [ 106.9008327, 10.6270519 ], [ 106.900463, 10.627333 ], [ 106.9000982, 10.6276203 ], [ 106.8997383, 10.6279134 ], [ 106.8993835, 10.6282124 ], [ 106.8990338, 10.6285172 ], [ 106.8986892, 10.6288277 ], [ 106.8985086, 10.6289947 ], [ 106.8983342, 10.629168 ], [ 106.8981661, 10.6293472 ], [ 106.8980046, 10.6295321 ], [ 106.8978499, 10.6297226 ], [ 106.8977022, 10.6299184 ], [ 106.8975617, 10.6301192 ], [ 106.8974285, 10.6303248 ], [ 106.8973029, 10.6305349 ], [ 106.8971849, 10.6307493 ], [ 106.8970748, 10.6309677 ], [ 106.8969726, 10.6311897 ], [ 106.896886, 10.6313965 ], [ 106.896807, 10.6316062 ], [ 106.8967357, 10.6318186 ], [ 106.8966722, 10.6320333 ], [ 106.8966184, 10.6322428 ], [ 106.8965551, 10.6324497 ], [ 106.8964825, 10.6326537 ], [ 106.8964007, 10.6328543 ], [ 106.89631, 10.6330511 ], [ 106.8962104, 10.6332437 ], [ 106.8961022, 10.6334318 ], [ 106.8959856, 10.633615 ], [ 106.8958638, 10.6337888 ], [ 106.8957345, 10.6339573 ], [ 106.8955978, 10.63412 ], [ 106.8952131, 10.6346273 ], [ 106.8949888, 10.634926 ], [ 106.8947599, 10.6352212 ], [ 106.8945265, 10.635513 ], [ 106.894409, 10.6356564 ], [ 106.8942851, 10.6357944 ], [ 106.8941549, 10.6359267 ], [ 106.8940187, 10.6360531 ], [ 106.8938768, 10.6361732 ], [ 106.8937295, 10.6362869 ], [ 106.8935771, 10.6363939 ], [ 106.8934199, 10.636494 ], [ 106.8932583, 10.6365869 ], [ 106.8930925, 10.6366726 ], [ 106.8929229, 10.6367507 ], [ 106.8927499, 10.6368212 ], [ 106.8925738, 10.6368838 ], [ 106.8923903, 10.6369399 ], [ 106.8922043, 10.6369875 ], [ 106.8918371, 10.6370984 ], [ 106.8914722, 10.6372165 ], [ 106.8911097, 10.6373418 ], [ 106.8907499, 10.6374743 ], [ 106.8904141, 10.6376053 ], [ 106.8900809, 10.6377426 ], [ 106.8894085, 10.6380027 ], [ 106.8887329, 10.6382546 ], [ 106.8883215, 10.6384034 ], [ 106.8879125, 10.6385585 ], [ 106.887506, 10.6387198 ], [ 106.8871021, 10.6388873 ], [ 106.8869336, 10.6389593 ], [ 106.8867689, 10.6390392 ], [ 106.8866083, 10.6391269 ], [ 106.8864522, 10.6392222 ], [ 106.886301, 10.6393247 ], [ 106.8861551, 10.6394344 ], [ 106.8860147, 10.6395508 ], [ 106.8858802, 10.6396738 ], [ 106.8857519, 10.6398031 ], [ 106.8856301, 10.6399383 ], [ 106.8855152, 10.6400792 ], [ 106.8854073, 10.6402253 ], [ 106.8853068, 10.6403765 ], [ 106.8852138, 10.6405322 ], [ 106.8851664, 10.640619 ], [ 106.8851213, 10.640707 ], [ 106.8850365, 10.6408856 ], [ 106.8849597, 10.6410676 ], [ 106.8848911, 10.6412528 ], [ 106.8848307, 10.6414407 ], [ 106.8847786, 10.641631 ], [ 106.8847351, 10.6418234 ], [ 106.8847001, 10.6420174 ], [ 106.8846737, 10.6422128 ], [ 106.8846559, 10.6424091 ], [ 106.8846482, 10.642561 ], [ 106.8846456, 10.642713 ], [ 106.8846483, 10.6428651 ], [ 106.8846337, 10.643321 ], [ 106.8846123, 10.6437766 ], [ 106.8845839, 10.6442319 ], [ 106.8845486, 10.6446866 ], [ 106.8845323, 10.6448717 ], [ 106.8845066, 10.6450557 ], [ 106.8844715, 10.6452382 ], [ 106.8844272, 10.6454188 ], [ 106.8843737, 10.645597 ], [ 106.8843112, 10.6457723 ], [ 106.8842399, 10.6459443 ], [ 106.8841599, 10.6461126 ], [ 106.8840714, 10.6462768 ], [ 106.8839747, 10.6464364 ], [ 106.88387, 10.646591 ], [ 106.8837576, 10.6467403 ], [ 106.8836377, 10.6468839 ], [ 106.8835106, 10.6470214 ], [ 106.8833767, 10.6471525 ], [ 106.8832362, 10.6472768 ], [ 106.8830897, 10.6473941 ], [ 106.8829373, 10.647504 ], [ 106.8827795, 10.6476062 ], [ 106.8826167, 10.6477006 ], [ 106.8824494, 10.6477869 ], [ 106.8822778, 10.6478648 ], [ 106.8821025, 10.6479342 ], [ 106.8819583, 10.647984 ], [ 106.8818121, 10.648028 ], [ 106.8815194, 10.6481142 ], [ 106.8812245, 10.6481929 ], [ 106.8809276, 10.6482639 ], [ 106.8806289, 10.6483273 ], [ 106.8803286, 10.648383 ], [ 106.8800269, 10.648431 ], [ 106.8797241, 10.6484712 ], [ 106.8794203, 10.6485036 ], [ 106.8791604, 10.6485251 ], [ 106.8789001, 10.6485408 ], [ 106.8783794, 10.6485697 ], [ 106.8778583, 10.6485901 ], [ 106.8773369, 10.6486022 ], [ 106.8768153, 10.6486059 ], [ 106.8762938, 10.6486011 ], [ 106.8757725, 10.648588 ], [ 106.8755244, 10.6485788 ], [ 106.8752768, 10.6485608 ], [ 106.8750301, 10.6485342 ], [ 106.8747844, 10.648499 ], [ 106.8745403, 10.6484551 ], [ 106.8742978, 10.6484027 ], [ 106.8740574, 10.6483418 ], [ 106.8738194, 10.6482725 ], [ 106.8735841, 10.6481949 ], [ 106.8733517, 10.648109 ], [ 106.8731227, 10.6480151 ], [ 106.8728971, 10.6479131 ], [ 106.8727386, 10.6478356 ], [ 106.8725847, 10.6477497 ], [ 106.8724358, 10.6476556 ], [ 106.8722923, 10.6475536 ], [ 106.8721548, 10.647444 ], [ 106.8720236, 10.6473272 ], [ 106.8718991, 10.6472035 ], [ 106.8717817, 10.6470733 ], [ 106.8716718, 10.6469369 ], [ 106.8715696, 10.6467948 ], [ 106.8714755, 10.6466474 ], [ 106.8713897, 10.6464952 ], [ 106.8713126, 10.6463386 ], [ 106.8712444, 10.6461781 ], [ 106.8711852, 10.6460141 ], [ 106.8711352, 10.6458472 ], [ 106.8710947, 10.6456778 ], [ 106.871075, 10.645576 ], [ 106.8710588, 10.6454736 ], [ 106.8710138, 10.6452712 ], [ 106.8709599, 10.6450709 ], [ 106.8708971, 10.6448731 ], [ 106.8708255, 10.6446782 ], [ 106.8707454, 10.6444865 ], [ 106.8706567, 10.6442985 ], [ 106.8705598, 10.6441145 ], [ 106.8704548, 10.6439348 ], [ 106.870373, 10.6438066 ], [ 106.8702845, 10.6436827 ], [ 106.8701895, 10.6435636 ], [ 106.8700882, 10.6434496 ], [ 106.8699809, 10.643341 ], [ 106.8698679, 10.6432381 ], [ 106.8697496, 10.6431413 ], [ 106.8696262, 10.6430507 ], [ 106.8694958, 10.6429652 ], [ 106.869361, 10.6428868 ], [ 106.8692121, 10.6428108 ], [ 106.869059, 10.6427433 ], [ 106.8688854, 10.6426978 ], [ 106.8687099, 10.6426598 ], [ 106.8685328, 10.6426294 ], [ 106.8683546, 10.6426066 ], [ 106.8681755, 10.6425916 ], [ 106.867996, 10.6425842 ], [ 106.8678162, 10.6425846 ], [ 106.8676367, 10.6425927 ], [ 106.8675246, 10.6426018 ], [ 106.8674127, 10.6426138 ], [ 106.8671881, 10.6426271 ], [ 106.8669632, 10.6426325 ], [ 106.8667382, 10.6426301 ], [ 106.8665135, 10.64262 ], [ 106.8662722, 10.6426003 ], [ 106.8660318, 10.6425716 ], [ 106.8657927, 10.6425339 ], [ 106.8655552, 10.6424874 ], [ 106.8653197, 10.642432 ], [ 106.8650866, 10.6423678 ], [ 106.8649189, 10.6422877 ], [ 106.8647553, 10.6421997 ], [ 106.8645963, 10.6421039 ], [ 106.8644423, 10.6420007 ], [ 106.8642935, 10.6418903 ], [ 106.8641503, 10.6417729 ], [ 106.8640131, 10.6416488 ], [ 106.8638822, 10.6415183 ], [ 106.8637579, 10.6413817 ], [ 106.8636405, 10.6412393 ], [ 106.8635303, 10.6410915 ], [ 106.8633784, 10.6407876 ], [ 106.8632336, 10.6404804 ], [ 106.863096, 10.6401699 ], [ 106.8629657, 10.6398565 ], [ 106.8628427, 10.6395402 ], [ 106.8627271, 10.6392213 ], [ 106.862619, 10.6388998 ], [ 106.8625667, 10.6387347 ], [ 106.8625052, 10.6385728 ], [ 106.8624349, 10.6384144 ], [ 106.8623558, 10.63826 ], [ 106.8622683, 10.6381101 ], [ 106.8621725, 10.6379652 ], [ 106.8620687, 10.6378256 ], [ 106.8619574, 10.6376918 ], [ 106.8618388, 10.6375642 ], [ 106.8617132, 10.6374432 ], [ 106.8615811, 10.6373292 ], [ 106.8614428, 10.6372224 ], [ 106.8612987, 10.6371232 ], [ 106.8611494, 10.6370319 ], [ 106.8609952, 10.6369489 ], [ 106.8608366, 10.6368742 ], [ 106.8606741, 10.6368082 ], [ 106.8605081, 10.636751 ], [ 106.8603392, 10.6367029 ], [ 106.8601679, 10.6366639 ], [ 106.8599946, 10.6366342 ], [ 106.85982, 10.6366139 ], [ 106.8596445, 10.636603 ], [ 106.8594686, 10.6366016 ], [ 106.8592929, 10.6366097 ], [ 106.859193, 10.6366185 ], [ 106.8590935, 10.6366304 ], [ 106.8588952, 10.6366602 ], [ 106.8586986, 10.6366991 ], [ 106.858504, 10.6367469 ], [ 106.8583118, 10.6368035 ], [ 106.8581226, 10.6368689 ], [ 106.8579367, 10.6369428 ], [ 106.8577545, 10.6370252 ], [ 106.8575763, 10.6371158 ], [ 106.8574072, 10.6372118 ], [ 106.8572426, 10.6373152 ], [ 106.8569126, 10.6375204 ], [ 106.8565863, 10.6377314 ], [ 106.8562639, 10.637948 ], [ 106.8559455, 10.6381703 ], [ 106.8557426, 10.6383164 ], [ 106.8555343, 10.638455 ], [ 106.855321, 10.638586 ], [ 106.8551029, 10.6387091 ], [ 106.8548802, 10.6388242 ], [ 106.8546534, 10.6389312 ], [ 106.8544228, 10.6390299 ], [ 106.8541886, 10.6391201 ], [ 106.8539511, 10.6392017 ], [ 106.8537108, 10.6392746 ], [ 106.8534678, 10.6393388 ], [ 106.8532227, 10.6393941 ], [ 106.8529756, 10.6394404 ], [ 106.8527269, 10.6394778 ], [ 106.8525253, 10.6395013 ], [ 106.852323, 10.6395189 ], [ 106.8519183, 10.639551 ], [ 106.8515129, 10.6395739 ], [ 106.8511071, 10.6395877 ], [ 106.8507011, 10.6395924 ], [ 106.8502951, 10.639588 ], [ 106.8498892, 10.6395744 ], [ 106.8494838, 10.6395517 ], [ 106.8490791, 10.6395199 ], [ 106.848795, 10.6394922 ], [ 106.8485114, 10.6394599 ], [ 106.8479448, 10.6393913 ], [ 106.8473792, 10.6393143 ], [ 106.8468149, 10.6392288 ], [ 106.846252, 10.6391349 ], [ 106.8456907, 10.6390326 ], [ 106.8451309, 10.638922 ], [ 106.844573, 10.6388029 ], [ 106.8443769, 10.638759 ], [ 106.8441831, 10.6387064 ], [ 106.843992, 10.6386452 ], [ 106.8438038, 10.6385756 ], [ 106.8436191, 10.6384976 ], [ 106.8434381, 10.6384115 ], [ 106.8432613, 10.6383173 ], [ 106.843089, 10.6382154 ], [ 106.8429217, 10.638106 ], [ 106.8427595, 10.6379891 ], [ 106.8426029, 10.6378652 ], [ 106.8424522, 10.6377343 ], [ 106.8423077, 10.6375969 ], [ 106.8421697, 10.6374532 ], [ 106.8420756, 10.6373473 ], [ 106.841985, 10.6372384 ], [ 106.8418064, 10.6370185 ], [ 106.8416342, 10.6367938 ], [ 106.8414684, 10.6365645 ], [ 106.8413092, 10.6363307 ], [ 106.8411567, 10.6360926 ], [ 106.841011, 10.6358505 ], [ 106.8408636, 10.6355885 ], [ 106.8407241, 10.6353223 ], [ 106.8405928, 10.6350522 ], [ 106.8404697, 10.6347784 ], [ 106.8403549, 10.634501 ], [ 106.8402486, 10.6342205 ], [ 106.8401508, 10.633937 ], [ 106.8400615, 10.6336507 ], [ 106.839981, 10.633362 ], [ 106.8394858, 10.631599 ], [ 106.8389848, 10.6298377 ], [ 106.838478, 10.6280779 ], [ 106.8379655, 10.6263197 ], [ 106.8376215, 10.6264232 ], [ 106.8372748, 10.6265175 ], [ 106.8369257, 10.6266028 ], [ 106.8365744, 10.6266788 ], [ 106.8362211, 10.6267456 ], [ 106.8358662, 10.626803 ], [ 106.8355098, 10.6268512 ], [ 106.8351523, 10.6268899 ], [ 106.8347938, 10.6269193 ], [ 106.8344346, 10.6269393 ], [ 106.8340751, 10.6269498 ], [ 106.8337154, 10.6269508 ], [ 106.8332955, 10.6269401 ], [ 106.8328754, 10.6269388 ], [ 106.8324555, 10.6269469 ], [ 106.8320358, 10.6269644 ], [ 106.8316167, 10.6269912 ], [ 106.8311983, 10.6270275 ], [ 106.8307808, 10.627073 ], [ 106.8303645, 10.627128 ], [ 106.8299496, 10.6271922 ], [ 106.8295363, 10.6272657 ], [ 106.8291248, 10.6273484 ], [ 106.8287153, 10.6274403 ], [ 106.8279313, 10.6276435 ], [ 106.8275573, 10.6277549 ], [ 106.8271863, 10.6278756 ], [ 106.8268184, 10.6280053 ], [ 106.8264541, 10.6281441 ], [ 106.8260933, 10.6282919 ], [ 106.8257365, 10.6284485 ], [ 106.8253837, 10.6286139 ], [ 106.8250354, 10.6287879 ], [ 106.8246915, 10.6289705 ], [ 106.8243525, 10.6291615 ], [ 106.8240184, 10.6293608 ], [ 106.8236895, 10.6295683 ], [ 106.8233661, 10.6297838 ], [ 106.8230482, 10.6300073 ], [ 106.8227362, 10.6302386 ], [ 106.8224301, 10.6304774 ], [ 106.8221303, 10.6307238 ], [ 106.8218369, 10.6309775 ], [ 106.82155, 10.6312383 ], [ 106.8210209, 10.631756 ], [ 106.8202919, 10.6325225 ], [ 106.8198126, 10.6330395 ], [ 106.8188735, 10.6340907 ], [ 106.817961, 10.6351643 ], [ 106.817515, 10.6357093 ], [ 106.8166436, 10.6368153 ], [ 106.8162183, 10.6373762 ], [ 106.8158002, 10.6379421 ], [ 106.8151026, 10.6389202 ], [ 106.8148234, 10.6393323 ], [ 106.8142876, 10.6401707 ], [ 106.8140311, 10.6405969 ], [ 106.8135732, 10.6414039 ], [ 106.8131727, 10.6421662 ], [ 106.8127962, 10.6429403 ], [ 106.8123835, 10.644244 ], [ 106.812041, 10.6454255 ], [ 106.810925, 10.6495872 ], [ 106.8103731, 10.6517848 ], [ 106.8102876, 10.6520825 ], [ 106.810193, 10.6523775 ], [ 106.8100895, 10.6526696 ], [ 106.8099771, 10.6529585 ], [ 106.8098559, 10.6532439 ], [ 106.8097261, 10.6535257 ], [ 106.8095877, 10.6538035 ], [ 106.8094409, 10.6540771 ], [ 106.8092859, 10.6543463 ], [ 106.8091226, 10.6546107 ], [ 106.8089514, 10.6548702 ], [ 106.8087711, 10.6551263 ], [ 106.808583, 10.6553769 ], [ 106.8083873, 10.6556218 ], [ 106.8081841, 10.6558607 ], [ 106.8079737, 10.6560936 ], [ 106.8077563, 10.65632 ], [ 106.807532, 10.6565399 ], [ 106.807301, 10.6567531 ], [ 106.8070635, 10.6569593 ], [ 106.8068199, 10.6571583 ], [ 106.8065702, 10.6573501 ], [ 106.8063148, 10.6575343 ], [ 106.8017263, 10.6600398 ], [ 106.7961645, 10.6638976 ], [ 106.7956218, 10.6643367 ], [ 106.7945207, 10.6651959 ], [ 106.7939624, 10.6656158 ], [ 106.7928309, 10.6664359 ], [ 106.7916798, 10.6672293 ], [ 106.7910482, 10.667648 ], [ 106.790411, 10.6680587 ], [ 106.7897686, 10.6684614 ], [ 106.789121, 10.6688558 ], [ 106.7884682, 10.6692421 ], [ 106.7878105, 10.66962 ], [ 106.7871478, 10.6699896 ], [ 106.7864804, 10.6703509 ], [ 106.7858083, 10.6707036 ], [ 106.7851316, 10.6710478 ], [ 106.7844005, 10.6713904 ], [ 106.7836736, 10.6717413 ], [ 106.7829508, 10.6721004 ], [ 106.7822323, 10.6724678 ], [ 106.7815182, 10.6728433 ], [ 106.7811625, 10.6730337 ], [ 106.7802037, 10.6735658 ], [ 106.7796038, 10.673913 ], [ 106.7790089, 10.6742684 ], [ 106.7773447, 10.6752563 ], [ 106.7766777, 10.6756785 ], [ 106.7760155, 10.6761081 ], [ 106.7753583, 10.6765451 ], [ 106.7747063, 10.6769894 ], [ 106.7740594, 10.6774409 ], [ 106.7734178, 10.6778996 ], [ 106.7727815, 10.6783655 ], [ 106.7721507, 10.6788384 ], [ 106.7715253, 10.6793184 ], [ 106.7709056, 10.6798053 ], [ 106.7702915, 10.6802991 ], [ 106.7696832, 10.6807997 ], [ 106.7690807, 10.681307 ], [ 106.7684841, 10.6818211 ], [ 106.7678577, 10.6823503 ], [ 106.7672374, 10.6828864 ], [ 106.7666233, 10.6834294 ], [ 106.7660154, 10.6839791 ], [ 106.7654139, 10.6845354 ], [ 106.7648188, 10.6850984 ], [ 106.7642302, 10.685668 ], [ 106.7636482, 10.686244 ], [ 106.7630728, 10.6868265 ], [ 106.7625041, 10.6874152 ], [ 106.7619422, 10.6880102 ], [ 106.7613871, 10.6886114 ], [ 106.760839, 10.6892187 ], [ 106.7602978, 10.6898321 ], [ 106.7597637, 10.6904513 ], [ 106.7592368, 10.6910765 ], [ 106.758717, 10.6917074 ], [ 106.7582045, 10.692344 ], [ 106.7576994, 10.6929863 ], [ 106.7572016, 10.6936341 ], [ 106.7568067, 10.694159 ], [ 106.7566101, 10.694422 ], [ 106.7564167, 10.6946874 ], [ 106.7561235, 10.6951035 ], [ 106.7558384, 10.6955251 ], [ 106.7555617, 10.695952 ], [ 106.7552933, 10.696384 ], [ 106.7550334, 10.696821 ], [ 106.754782, 10.6972628 ], [ 106.7545393, 10.6977093 ], [ 106.7543054, 10.6981602 ], [ 106.7540803, 10.6986155 ], [ 106.7538641, 10.6990749 ], [ 106.753657, 10.6995383 ], [ 106.7534589, 10.7000056 ], [ 106.7532699, 10.7004764 ], [ 106.7530902, 10.7009507 ], [ 106.7529197, 10.7014284 ], [ 106.7527586, 10.7019091 ], [ 106.752607, 10.7023928 ], [ 106.7524647, 10.7028793 ], [ 106.752332, 10.7033683 ], [ 106.7522088, 10.7038598 ], [ 106.7520953, 10.7043535 ], [ 106.751906, 10.7051207 ], [ 106.7514967, 10.7070937 ], [ 106.751422, 10.7074537 ], [ 106.7512155, 10.7092477 ], [ 106.7511959, 10.7097118 ], [ 106.7511678, 10.7103776 ], [ 106.7511802, 10.7108142 ], [ 106.7512245, 10.7123764 ], [ 106.7512311, 10.7127242 ], [ 106.7512531, 10.713473 ], [ 106.7517273, 10.7166237 ], [ 106.7518073, 10.7174487 ], [ 106.7519171, 10.7185809 ], [ 106.752304, 10.7204199 ], [ 106.7528834, 10.7219417 ], [ 106.7536556, 10.7234634 ], [ 106.7547886, 10.7249862 ], [ 106.7550705, 10.7253651 ], [ 106.764866, 10.7377245 ], [ 106.7656121, 10.7388033 ], [ 106.7686561, 10.7431427 ], [ 106.7697018, 10.7442035 ], [ 106.7708469, 10.7452907 ], [ 106.7726629, 10.7466967 ], [ 106.774151, 10.7476922 ], [ 106.7773151, 10.7493683 ], [ 106.7834293, 10.7521969 ], [ 106.7834782, 10.7522195 ], [ 106.7853359, 10.7530425 ], [ 106.788688, 10.7543858 ], [ 106.790432, 10.7550895 ], [ 106.791652, 10.7556011 ], [ 106.7928651, 10.7561097 ], [ 106.7968881, 10.7577716 ], [ 106.7991459, 10.7589081 ], [ 106.7993177, 10.7589946 ], [ 106.7997835, 10.7592974 ], [ 106.8003974, 10.7596965 ], [ 106.8013778, 10.760408 ], [ 106.8018691, 10.760943 ], [ 106.8027078, 10.7621394 ], [ 106.8032183, 10.7628535 ], [ 106.8034011, 10.7631931 ], [ 106.8038509, 10.7643648 ], [ 106.8046622, 10.7670314 ], [ 106.8052142, 10.7686419 ], [ 106.8056713, 10.7695715 ], [ 106.8060649, 10.7703311 ], [ 106.8066849, 10.7712239 ], [ 106.807322, 10.7719553 ], [ 106.8096023, 10.7741724 ], [ 106.8100933, 10.7746693 ], [ 106.8107136, 10.775297 ], [ 106.8128045, 10.7772928 ], [ 106.8145391, 10.7786541 ], [ 106.8163172, 10.7797015 ], [ 106.8179665, 10.7803911 ], [ 106.8194156, 10.7808846 ], [ 106.8203384, 10.7810046 ], [ 106.8209711, 10.7810009 ], [ 106.8217297, 10.7808709 ], [ 106.8221987, 10.7807068 ], [ 106.8222278, 10.7806902 ], [ 106.8225319, 10.7805166 ], [ 106.8234677, 10.7798119 ], [ 106.8243479, 10.7788743 ], [ 106.8250649, 10.7778482 ], [ 106.8252961, 10.7772193 ], [ 106.8256227, 10.7759176 ], [ 106.8257376, 10.7739807 ], [ 106.8256022, 10.7725292 ], [ 106.8253325, 10.7712668 ], [ 106.8246696, 10.7692807 ], [ 106.8238146, 10.7668923 ], [ 106.8231484, 10.7643324 ], [ 106.8230167, 10.7634726 ], [ 106.8230374, 10.7624235 ], [ 106.8231949, 10.7615441 ], [ 106.8234613, 10.7607717 ], [ 106.8238554, 10.7601599 ], [ 106.8242511, 10.7598168 ], [ 106.8248281, 10.7595803 ], [ 106.8257854, 10.7594491 ], [ 106.8266356, 10.7595517 ], [ 106.8283027, 10.7602232 ], [ 106.8289198, 10.7606319 ], [ 106.8293199, 10.761024 ], [ 106.8296395, 10.7615509 ], [ 106.8304975, 10.7629443 ], [ 106.8311907, 10.7639801 ], [ 106.8313625, 10.7642026 ], [ 106.8355853, 10.7691959 ], [ 106.8363335, 10.7699108 ], [ 106.8377052, 10.7710232 ], [ 106.8390248, 10.771997 ], [ 106.8407189, 10.7731639 ], [ 106.8412183, 10.7734612 ], [ 106.8416745, 10.7737327 ], [ 106.8426174, 10.7741932 ], [ 106.8434153, 10.7745058 ], [ 106.8450574, 10.7750983 ], [ 106.8465768, 10.7754044 ], [ 106.8487105, 10.7754991 ], [ 106.8501931, 10.7753008 ], [ 106.8512722, 10.7751564 ], [ 106.8521205, 10.7749362 ], [ 106.8530668, 10.7744513 ], [ 106.8536416, 10.7741461 ], [ 106.8542618, 10.7735777 ], [ 106.8584194, 10.7691155 ], [ 106.8609354, 10.766716 ], [ 106.8624117, 10.765739 ], [ 106.8638538, 10.7650669 ], [ 106.8652882, 10.764637 ], [ 106.8668961, 10.7644838 ], [ 106.8682886, 10.7645651 ], [ 106.8694652, 10.7648269 ], [ 106.8707164, 10.7654647 ], [ 106.8717511, 10.7661577 ], [ 106.8726326, 10.7669322 ], [ 106.8731978, 10.7676997 ], [ 106.8738005, 10.7687001 ], [ 106.874022, 10.7694337 ], [ 106.8741548, 10.7704548 ], [ 106.8741142, 10.7711991 ], [ 106.873868, 10.7722942 ], [ 106.8733521, 10.7736419 ], [ 106.8722001, 10.7758989 ], [ 106.871809, 10.7765179 ], [ 106.8713587, 10.7772307 ], [ 106.8704794, 10.7782938 ], [ 106.8687108, 10.7802497 ], [ 106.8666452, 10.7823956 ], [ 106.8654422, 10.7837295 ], [ 106.8649947, 10.7844494 ], [ 106.8646648, 10.7851774 ], [ 106.8643661, 10.7865777 ], [ 106.8643611, 10.7866344 ], [ 106.8642654, 10.7884521 ], [ 106.8643995, 10.7891759 ], [ 106.8647338, 10.7899654 ], [ 106.8657355, 10.7912147 ], [ 106.8685382, 10.7931859 ], [ 106.8735364, 10.7969115 ], [ 106.875679, 10.7985086 ], [ 106.8786841, 10.8021248 ], [ 106.8806878, 10.8048208 ], [ 106.8815567, 10.8065311 ], [ 106.8817591, 10.8083737 ], [ 106.8816459, 10.8100813 ], [ 106.8815533, 10.8106588 ], [ 106.8810585, 10.8124723 ], [ 106.8794978, 10.8158428 ], [ 106.8781227, 10.81854 ], [ 106.8771366, 10.8198366 ], [ 106.8723797, 10.8246828 ], [ 106.8721138, 10.824932 ], [ 106.8718532, 10.8251866 ], [ 106.8715983, 10.8254466 ], [ 106.871349, 10.8257119 ], [ 106.8711054, 10.8259823 ], [ 106.8708442, 10.8262855 ], [ 106.8705903, 10.8265947 ], [ 106.8703438, 10.8269096 ], [ 106.8701048, 10.8272301 ], [ 106.8692181, 10.8283488 ], [ 106.8683245, 10.8294623 ], [ 106.8674243, 10.8305705 ], [ 106.8665172, 10.8316734 ], [ 106.8656035, 10.832771 ], [ 106.8646831, 10.8338632 ], [ 106.8637561, 10.8349499 ], [ 106.8627693, 10.8360924 ], [ 106.8617751, 10.8372288 ], [ 106.8607737, 10.838359 ], [ 106.8597649, 10.8394829 ], [ 106.858749, 10.8406005 ], [ 106.8577259, 10.8417119 ], [ 106.8575177, 10.8419335 ], [ 106.8573153, 10.8421602 ], [ 106.8571188, 10.8423919 ], [ 106.8569283, 10.8426284 ], [ 106.856744, 10.8428695 ], [ 106.8565537, 10.8431324 ], [ 106.8563708, 10.8434004 ], [ 106.8561952, 10.843673 ], [ 106.8557027, 10.8445337 ], [ 106.8552183, 10.8453988 ], [ 106.8547418, 10.8462681 ], [ 106.8542735, 10.8471417 ], [ 106.8538133, 10.8480194 ], [ 106.8533613, 10.8489013 ], [ 106.8529174, 10.8497871 ], [ 106.8524818, 10.8506768 ], [ 106.8520545, 10.8515705 ], [ 106.8516355, 10.8524679 ], [ 106.8512249, 10.853369 ], [ 106.8508067, 10.85431 ], [ 106.8503976, 10.8552548 ], [ 106.8499977, 10.8562035 ], [ 106.8496069, 10.8571557 ], [ 106.8492254, 10.8581116 ], [ 106.8488531, 10.859071 ], [ 106.8484901, 10.8600338 ], [ 106.8481364, 10.861 ], [ 106.847792, 10.8619694 ], [ 106.847457, 10.8629419 ], [ 106.8471315, 10.8639175 ], [ 106.8468153, 10.8648961 ], [ 106.8471247, 10.8653968 ], [ 106.8474257, 10.8659023 ], [ 106.8477183, 10.8664126 ], [ 106.8480023, 10.8669276 ], [ 106.8482777, 10.867447 ], [ 106.8485445, 10.8679708 ], [ 106.8488025, 10.8684988 ], [ 106.8490517, 10.8690308 ], [ 106.849292, 10.8695668 ], [ 106.8495233, 10.8701066 ], [ 106.8497456, 10.87065 ], [ 106.8499589, 10.8711969 ], [ 106.8501528, 10.871719 ], [ 106.8503385, 10.8722441 ], [ 106.8505158, 10.8727719 ], [ 106.8506848, 10.8733023 ], [ 106.8508455, 10.8738247 ], [ 106.8510747, 10.8745264 ], [ 106.8513221, 10.8753108 ], [ 106.8509472, 10.8757975 ], [ 106.8505759, 10.8762317 ], [ 106.8502112, 10.8766712 ], [ 106.8498531, 10.8771158 ], [ 106.8495016, 10.8775655 ], [ 106.8491569, 10.8780203 ], [ 106.8488189, 10.8784799 ], [ 106.8484879, 10.8789443 ], [ 106.8481637, 10.8794134 ], [ 106.8478466, 10.8798872 ], [ 106.8475366, 10.8803654 ], [ 106.8472337, 10.880848 ], [ 106.8469238, 10.8813588 ], [ 106.8466219, 10.8818741 ], [ 106.8463281, 10.882394 ], [ 106.8460424, 10.8829182 ], [ 106.845765, 10.8834466 ], [ 106.8454958, 10.8839792 ], [ 106.845235, 10.8845157 ], [ 106.8449825, 10.8850561 ], [ 106.8447386, 10.8856003 ], [ 106.8445031, 10.886148 ], [ 106.8442762, 10.8866992 ], [ 106.844058, 10.8872538 ], [ 106.843734, 10.8880122 ], [ 106.8434185, 10.8887739 ], [ 106.8431115, 10.889539 ], [ 106.8428129, 10.8903073 ], [ 106.8425229, 10.8910788 ], [ 106.8422415, 10.8918533 ], [ 106.8419687, 10.8926308 ], [ 106.8417045, 10.8934112 ], [ 106.841449, 10.8941943 ], [ 106.8412022, 10.8949801 ], [ 106.8409641, 10.8957685 ], [ 106.8407348, 10.8965594 ], [ 106.8405143, 10.8973527 ], [ 106.8403026, 10.8981484 ], [ 106.8401265, 10.8988461 ], [ 106.8399404, 10.8996004 ], [ 106.8397869, 10.9002559 ], [ 106.8396395, 10.9009128 ], [ 106.8394873, 10.9015656 ], [ 106.8394404, 10.9017613 ], [ 106.8393822, 10.9020984 ], [ 106.8393242, 10.9025461 ], [ 106.8392887, 10.9029983 ], [ 106.835851, 10.9033351 ], [ 106.8350524, 10.9035094 ], [ 106.8347489, 10.9035873 ], [ 106.8345714, 10.9036653 ], [ 106.8340118, 10.9041743 ], [ 106.8334665, 10.9046704 ], [ 106.8331938, 10.9050868 ], [ 106.8327651, 10.9061241 ], [ 106.8326707, 10.9063525 ], [ 106.832498, 10.9065634 ], [ 106.832115, 10.9067468 ], [ 106.8319554, 10.9067418 ], [ 106.8316807, 10.9067331 ], [ 106.8307841, 10.9062975 ], [ 106.8304712, 10.9058343 ], [ 106.8301816, 10.9052657 ], [ 106.8300135, 10.9050043 ], [ 106.8298454, 10.904853 ], [ 106.8292202, 10.9044691 ], [ 106.8286123, 10.9041012 ], [ 106.8280829, 10.9039136 ], [ 106.8273042, 10.9038943 ], [ 106.8265256, 10.9038206 ], [ 106.8261344, 10.903703 ], [ 106.8257537, 10.9036049 ], [ 106.8253098, 10.9033543 ], [ 106.8247543, 10.9031724 ], [ 106.8240236, 10.9029332 ], [ 106.823553, 10.9027958 ], [ 106.8231333, 10.9028379 ], [ 106.8227046, 10.9029541 ], [ 106.8223179, 10.903154 ], [ 106.822108, 10.9035586 ], [ 106.821839, 10.903836 ], [ 106.8216465, 10.9038357 ], [ 106.8214979, 10.9037038 ], [ 106.8213619, 10.9031744 ], [ 106.8188184, 10.9031667 ], [ 106.8172129, 10.9031602 ], [ 106.8164445, 10.9031986 ], [ 106.8161058, 10.9033521 ], [ 106.8157943, 10.9036694 ], [ 106.8155117, 10.9039789 ], [ 106.8153651, 10.9041374 ], [ 106.8152486, 10.9042634 ], [ 106.8149612, 10.9045417 ], [ 106.8148035, 10.9046944 ], [ 106.8147212, 10.9048707 ], [ 106.8146987, 10.9051866 ], [ 106.81468, 10.905451 ], [ 106.814695, 10.9056273 ], [ 106.8147663, 10.9059465 ], [ 106.8147726, 10.9061636 ], [ 106.8147266, 10.9063567 ], [ 106.8146391, 10.9065968 ], [ 106.8145362, 10.9067899 ], [ 106.8143675, 10.9069945 ], [ 106.81405, 10.9073046 ], [ 106.8139652, 10.9074109 ], [ 106.813948, 10.9075083 ], [ 106.8139688, 10.9076022 ], [ 106.8140491, 10.9077015 ], [ 106.8141844, 10.9077608 ], [ 106.8146491, 10.9077866 ], [ 106.8151445, 10.9078422 ], [ 106.815273, 10.9079723 ], [ 106.815196, 10.9081603 ], [ 106.8151686, 10.908363 ], [ 106.8151128, 10.9089525 ], [ 106.8150629, 10.9092266 ], [ 106.8150573, 10.9095273 ], [ 106.8151517, 10.909945 ], [ 106.8151867, 10.9103502 ], [ 106.8149033, 10.9106558 ], [ 106.8146322, 10.9110642 ], [ 106.8142932, 10.9118205 ], [ 106.8140498, 10.9124256 ], [ 106.813853, 10.912847 ], [ 106.8136999, 10.9131015 ], [ 106.8136169, 10.9131862 ], [ 106.8134194, 10.9133823 ], [ 106.8131718, 10.9136371 ], [ 106.8129821, 10.9137711 ], [ 106.8126065, 10.9139736 ], [ 106.8123867, 10.914157 ], [ 106.8123113, 10.9142923 ], [ 106.8122817, 10.9144456 ], [ 106.8121889, 10.9146407 ], [ 106.8119107, 10.9149979 ], [ 106.8116468, 10.9151525 ], [ 106.8115171, 10.9154174 ], [ 106.8114398, 10.9157008 ], [ 106.8114398, 10.9157966 ], [ 106.8115049, 10.9159204 ], [ 106.8116285, 10.9160761 ], [ 106.8117442, 10.9161719 ], [ 106.8117483, 10.9163985 ], [ 106.8116873, 10.9165105 ], [ 106.8116192, 10.9167384 ], [ 106.8116285, 10.9169329 ], [ 106.8116869, 10.9170299 ], [ 106.8118017, 10.9171259 ], [ 106.8119521, 10.9171618 ], [ 106.8120537, 10.9171938 ], [ 106.8120984, 10.9172776 ], [ 106.8121188, 10.9173934 ], [ 106.8121066, 10.9175251 ], [ 106.8120253, 10.9176329 ], [ 106.8118667, 10.9177686 ], [ 106.811513, 10.9176968 ], [ 106.8112935, 10.9177606 ], [ 106.8110333, 10.9178884 ], [ 106.8108381, 10.9180121 ], [ 106.8107731, 10.9181399 ], [ 106.810769, 10.9181997 ], [ 106.8107853, 10.9182716 ], [ 106.8108625, 10.9184712 ], [ 106.8108829, 10.9185271 ], [ 106.8108463, 10.9185869 ], [ 106.8107446, 10.9186428 ], [ 106.8106349, 10.9186069 ], [ 106.8104153, 10.918543 ], [ 106.8102121, 10.9185111 ], [ 106.8100738, 10.9185829 ], [ 106.8099722, 10.9186588 ], [ 106.8099031, 10.9187666 ], [ 106.809834, 10.9188065 ], [ 106.8098014, 10.9187506 ], [ 106.8095797, 10.9188695 ], [ 106.8094811, 10.9189119 ], [ 106.8093332, 10.9189361 ], [ 106.8093086, 10.9190147 ], [ 106.8093271, 10.9190994 ], [ 106.8091545, 10.9191478 ], [ 106.8091776, 10.919286 ], [ 106.809041, 10.9194327 ], [ 106.8089347, 10.919519 ], [ 106.8089147, 10.9195658 ], [ 106.8089163, 10.9196052 ], [ 106.8089763, 10.91964 ], [ 106.8091011, 10.919699 ], [ 106.8091258, 10.9197247 ], [ 106.8091165, 10.9197685 ], [ 106.809041, 10.9198396 ], [ 106.8090041, 10.9198427 ], [ 106.8089317, 10.9198185 ], [ 106.8088433, 10.9197193 ], [ 106.8087637, 10.9198003 ], [ 106.8086775, 10.9198185 ], [ 106.8086176, 10.9198163 ], [ 106.8085604, 10.9197988 ], [ 106.8085049, 10.9197685 ], [ 106.8084248, 10.9197443 ], [ 106.8083709, 10.9197549 ], [ 106.8083077, 10.9197806 ], [ 106.8082754, 10.9198033 ], [ 106.8082569, 10.9198351 ], [ 106.8081737, 10.9199017 ], [ 106.8080389, 10.9199218 ], [ 106.8079227, 10.9199365 ], [ 106.8077718, 10.9199622 ], [ 106.8077308, 10.9200278 ], [ 106.8077177, 10.9200786 ], [ 106.8077039, 10.9201316 ], [ 106.8076854, 10.9202163 ], [ 106.8075834, 10.9203497 ], [ 106.8075459, 10.9203797 ], [ 106.8074183, 10.92038 ], [ 106.80732, 10.9203862 ], [ 106.8071877, 10.9204182 ], [ 106.8070084, 10.9204644 ], [ 106.8069197, 10.9204754 ], [ 106.8068517, 10.9204403 ], [ 106.8067403, 10.9204411 ], [ 106.8066884, 10.9204916 ], [ 106.8066003, 10.9206064 ], [ 106.8065054, 10.9206737 ], [ 106.8063811, 10.9206912 ], [ 106.8062038, 10.9206909 ], [ 106.8060554, 10.9206607 ], [ 106.805859, 10.9206617 ], [ 106.8056225, 10.9206909 ], [ 106.8054327, 10.9207418 ], [ 106.8053152, 10.9207788 ], [ 106.8052364, 10.9207618 ], [ 106.8051725, 10.9207188 ], [ 106.8051689, 10.9206481 ], [ 106.8051757, 10.9205914 ], [ 106.805174, 10.920489 ], [ 106.8051213, 10.9204229 ], [ 106.8050241, 10.920413 ], [ 106.804933, 10.9204295 ], [ 106.804846, 10.9204437 ], [ 106.8047917, 10.9205081 ], [ 106.8046582, 10.920526 ], [ 106.8045414, 10.9204718 ], [ 106.8043763, 10.9204933 ], [ 106.8042935, 10.9204934 ], [ 106.8042139, 10.9204521 ], [ 106.8041494, 10.9203914 ], [ 106.8040366, 10.9202974 ], [ 106.8039428, 10.920294 ], [ 106.80383, 10.9202312 ], [ 106.8036318, 10.9201268 ], [ 106.8034555, 10.9200007 ], [ 106.8033938, 10.9199549 ], [ 106.8032507, 10.9199209 ], [ 106.802971, 10.9199431 ], [ 106.8028004, 10.9199661 ], [ 106.8026843, 10.9199737 ], [ 106.8025498, 10.91987 ], [ 106.8023806, 10.9197184 ], [ 106.8022671, 10.9196712 ], [ 106.802201, 10.9196896 ], [ 106.8020984, 10.9197558 ], [ 106.8019873, 10.9198131 ], [ 106.8018714, 10.9198638 ], [ 106.8018518, 10.9199083 ], [ 106.80177, 10.9199364 ], [ 106.8015833, 10.9199396 ], [ 106.8014584, 10.9199776 ], [ 106.8013282, 10.9200262 ], [ 106.8011304, 10.9200413 ], [ 106.8009874, 10.9201837 ], [ 106.8008751, 10.9202691 ], [ 106.8007159, 10.9204817 ], [ 106.8006651, 10.9205987 ], [ 106.8004939, 10.9206894 ], [ 106.7993854, 10.921396 ], [ 106.7991128, 10.9216978 ], [ 106.7987793, 10.9219455 ], [ 106.7986454, 10.9219704 ], [ 106.7983255, 10.9219541 ], [ 106.7981646, 10.9219254 ], [ 106.797925, 10.921868 ], [ 106.7976728, 10.9219603 ], [ 106.7976084, 10.9219833 ], [ 106.7972135, 10.9220793 ], [ 106.7970963, 10.922113 ], [ 106.7969598, 10.9222158 ], [ 106.7969424, 10.9222553 ], [ 106.7969195, 10.9222988 ], [ 106.7968608, 10.9223486 ], [ 106.7965749, 10.9225911 ], [ 106.7964408, 10.9226728 ], [ 106.796367, 10.9227031 ], [ 106.7962745, 10.922732 ], [ 106.7960733, 10.9227834 ], [ 106.7958051, 10.9228756 ], [ 106.7954296, 10.9229914 ], [ 106.7950715, 10.9230665 ], [ 106.7949629, 10.9230573 ], [ 106.794814, 10.9230217 ], [ 106.7946517, 10.9230362 ], [ 106.794578, 10.9230849 ], [ 106.7945498, 10.9231574 ], [ 106.7945565, 10.9232285 ], [ 106.7945606, 10.9233615 ], [ 106.7944724, 10.9236986 ], [ 106.7881823, 10.9221468 ], [ 106.7880575, 10.9228611 ], [ 106.788412, 10.923234 ], [ 106.7891991, 10.9242344 ], [ 106.7897203, 10.9247312 ], [ 106.7912024, 10.9261439 ], [ 106.7917716, 10.9265979 ], [ 106.791762, 10.926845 ], [ 106.7917284, 10.9272107 ], [ 106.7916852, 10.9275133 ], [ 106.7916465, 10.9276932 ], [ 106.791586, 10.9278457 ], [ 106.7914289, 10.9281009 ], [ 106.7913902, 10.9281757 ], [ 106.791373, 10.9282419 ], [ 106.7913499, 10.9283403 ], [ 106.7913505, 10.9284262 ], [ 106.7913716, 10.928491 ], [ 106.7917503, 10.9295358 ], [ 106.7917737, 10.9296215 ], [ 106.7917804, 10.9296978 ], [ 106.7917697, 10.9298467 ], [ 106.7917143, 10.9300488 ], [ 106.7916787, 10.9301751 ], [ 106.7916093, 10.9305576 ], [ 106.7914755, 10.9307669 ], [ 106.7912547, 10.9311121 ], [ 106.7908685, 10.9316683 ], [ 106.7907522, 10.9318458 ], [ 106.7905823, 10.9318597 ], [ 106.7904595, 10.9318901 ], [ 106.7903065, 10.9319686 ], [ 106.7901549, 10.9320904 ], [ 106.7897809, 10.9324512 ], [ 106.7895595, 10.9325364 ], [ 106.7892927, 10.9326329 ], [ 106.7890714, 10.9327475 ], [ 106.7888072, 10.93287 ], [ 106.7886276, 10.9329235 ], [ 106.788429, 10.9329358 ], [ 106.7879073, 10.9328884 ], [ 106.7876606, 10.9328502 ], [ 106.787453, 10.932811 ], [ 106.7873749, 10.9328054 ], [ 106.7872169, 10.9328198 ], [ 106.786587, 10.9329128 ], [ 106.7863323, 10.9329726 ], [ 106.786237, 10.9330188 ], [ 106.7861639, 10.933061 ], [ 106.7859902, 10.9331581 ], [ 106.7858742, 10.933215 ], [ 106.7857897, 10.9332545 ], [ 106.7856945, 10.9332926 ], [ 106.7856167, 10.9333045 ], [ 106.7855015, 10.9332972 ], [ 106.7853055, 10.9332312 ], [ 106.7850287, 10.933107 ], [ 106.7847065, 10.9329592 ], [ 106.7845814, 10.93287 ], [ 106.7836955, 10.9327519 ], [ 106.7837289, 10.9330855 ], [ 106.7836628, 10.9332905 ], [ 106.7835299, 10.9337561 ], [ 106.7833969, 10.9341985 ], [ 106.7833865, 10.9342447 ], [ 106.7833853, 10.9342863 ], [ 106.7833891, 10.9343407 ], [ 106.7833932, 10.9344198 ], [ 106.7834066, 10.9345027 ], [ 106.7834213, 10.9345449 ], [ 106.7834441, 10.9345784 ], [ 106.7835579, 10.9347995 ], [ 106.7835554, 10.9349478 ], [ 106.7835367, 10.9351085 ], [ 106.7834508, 10.935464 ], [ 106.7833506, 10.9358094 ], [ 106.7830512, 10.9361467 ], [ 106.7828995, 10.9363108 ], [ 106.7826645, 10.936631 ], [ 106.7825546, 10.936845 ], [ 106.7824099, 10.9371268 ], [ 106.7821964, 10.9376518 ], [ 106.7820358, 10.9382108 ], [ 106.7811681, 10.9379259 ], [ 106.7806975, 10.9377104 ], [ 106.7798089, 10.9370943 ], [ 106.7795979, 10.9372326 ], [ 106.7792968, 10.9368205 ], [ 106.7777732, 10.9377307 ], [ 106.7777353, 10.9378449 ], [ 106.7778202, 10.9379743 ], [ 106.7780205, 10.9382982 ], [ 106.7783024, 10.9384722 ], [ 106.7784331, 10.9389077 ], [ 106.7783206, 10.9391206 ], [ 106.77785, 10.939256 ], [ 106.7776854, 10.939127 ], [ 106.7773665, 10.9392626 ], [ 106.7769888, 10.9393231 ], [ 106.776612, 10.9388543 ], [ 106.7765633, 10.9388198 ], [ 106.7765293, 10.9387446 ], [ 106.7765142, 10.9386137 ], [ 106.7763847, 10.9386308 ], [ 106.7760347, 10.939322 ], [ 106.7757208, 10.9398025 ], [ 106.7754205, 10.9403084 ], [ 106.7745867, 10.9398988 ], [ 106.7739378, 10.9403625 ], [ 106.7734407, 10.9407131 ], [ 106.773075, 10.9409904 ], [ 106.7726604, 10.9412035 ], [ 106.7725681, 10.9413212 ], [ 106.7725437, 10.9414809 ], [ 106.772497, 10.9416638 ], [ 106.772426, 10.9417709 ], [ 106.7721388, 10.9420887 ], [ 106.771894, 10.9423195 ], [ 106.7714514, 10.94264 ], [ 106.77103, 10.9430974 ], [ 106.7709313, 10.9432076 ], [ 106.7708159, 10.9433366 ], [ 106.7705819, 10.9436315 ], [ 106.7705642, 10.9436539 ], [ 106.770353, 10.9439095 ], [ 106.7702931, 10.9439862 ], [ 106.7700984, 10.9442358 ], [ 106.7700045, 10.9445009 ], [ 106.769975, 10.9447425 ], [ 106.7699442, 10.9449626 ], [ 106.7698887, 10.9451965 ], [ 106.7698552, 10.9454841 ], [ 106.7698543, 10.9456901 ], [ 106.7698418, 10.9460524 ], [ 106.7698297, 10.9462944 ], [ 106.7698234, 10.9464198 ], [ 106.7695989, 10.9467795 ], [ 106.76954, 10.9471171 ], [ 106.769477, 10.947232 ], [ 106.7694326, 10.9473035 ], [ 106.7693645, 10.9474132 ], [ 106.7693154, 10.9475943 ], [ 106.7693207, 10.9477513 ], [ 106.7693606, 10.9478883 ], [ 106.7693965, 10.9479549 ], [ 106.7694646, 10.9480646 ], [ 106.7694841, 10.9481419 ], [ 106.7694542, 10.9483158 ], [ 106.7694542, 10.9484001 ], [ 106.7694694, 10.9485507 ], [ 106.7695224, 10.949078 ], [ 106.7696444, 10.9492257 ], [ 106.7699203, 10.9494889 ], [ 106.7699988, 10.9496477 ], [ 106.7699955, 10.9501379 ], [ 106.7700318, 10.9502718 ], [ 106.7700106, 10.9504095 ], [ 106.7698474, 10.9507131 ], [ 106.7698536, 10.9508757 ], [ 106.7698652, 10.9508954 ], [ 106.7699459, 10.9510326 ], [ 106.7702224, 10.95129 ], [ 106.7703992, 10.9513519 ], [ 106.7705842, 10.9513 ], [ 106.7707488, 10.9511543 ], [ 106.7708729, 10.9510345 ], [ 106.7710111, 10.9510126 ], [ 106.7710701, 10.9512041 ], [ 106.7710553, 10.9513979 ], [ 106.7709174, 10.9517086 ], [ 106.7709089, 10.9519394 ], [ 106.7708821, 10.9520361 ], [ 106.7706268, 10.9521641 ], [ 106.770448, 10.9523138 ], [ 106.770198, 10.9525134 ], [ 106.7701158, 10.9524956 ], [ 106.7700171, 10.9524595 ], [ 106.7697508, 10.9522719 ], [ 106.7695129, 10.9520883 ], [ 106.7693157, 10.9519206 ], [ 106.7691816, 10.9518428 ], [ 106.7687364, 10.9517248 ], [ 106.7684356, 10.9518488 ], [ 106.7681327, 10.9519047 ], [ 106.7678477, 10.9519874 ], [ 106.7674927, 10.9521241 ], [ 106.7672049, 10.9521242 ], [ 106.7669939, 10.9521621 ], [ 106.766799, 10.9521439 ], [ 106.7666, 10.95203 ], [ 106.7664, 10.95185 ], [ 106.7659061, 10.9518379 ], [ 106.7655166, 10.9519167 ], [ 106.7649982, 10.9519945 ], [ 106.7644555, 10.9521881 ], [ 106.7639086, 10.9526451 ], [ 106.7634482, 10.9530369 ], [ 106.7630927, 10.9531939 ], [ 106.7628212, 10.9534134 ], [ 106.7628782, 10.9536525 ], [ 106.7629861, 10.9538376 ], [ 106.7631149, 10.9543279 ], [ 106.763244, 10.9544193 ], [ 106.7633788, 10.954441 ], [ 106.7635205, 10.954567 ], [ 106.7637089, 10.9549087 ], [ 106.763835, 10.9552733 ], [ 106.7638376, 10.955281 ], [ 106.7638768, 10.955585 ], [ 106.764, 10.9558356 ], [ 106.7640247, 10.9559669 ], [ 106.7641327, 10.9560595 ], [ 106.7643152, 10.9560976 ], [ 106.7645371, 10.9560918 ], [ 106.7645432, 10.9562572 ], [ 106.7645266, 10.956369 ], [ 106.7645266, 10.9565686 ], [ 106.7647, 10.95673 ], [ 106.7648073, 10.9568483 ], [ 106.7647893, 10.956988 ], [ 106.7647217, 10.9573245 ], [ 106.7646486, 10.9576064 ], [ 106.7645926, 10.9578858 ], [ 106.7646567, 10.9581492 ], [ 106.7648412, 10.9583818 ], [ 106.7650388, 10.9584674 ], [ 106.7651569, 10.9585618 ], [ 106.7651518, 10.9589986 ], [ 106.765137, 10.9590997 ], [ 106.7649982, 10.9594959 ], [ 106.7648298, 10.9597913 ], [ 106.7644453, 10.960097 ], [ 106.7641987, 10.9602423 ], [ 106.76397, 10.9603041 ], [ 106.7637625, 10.9604037 ], [ 106.763519, 10.9605371 ], [ 106.7633271, 10.9606848 ], [ 106.7630976, 10.9608117 ], [ 106.7626112, 10.9609112 ], [ 106.76248, 10.9609698 ], [ 106.7624123, 10.9610318 ], [ 106.7621973, 10.9615616 ], [ 106.7620891, 10.9617284 ], [ 106.7619663, 10.9618707 ], [ 106.7619675, 10.9621265 ], [ 106.762024, 10.9622184 ], [ 106.76214, 10.9623867 ], [ 106.7622279, 10.962505 ], [ 106.7622899, 10.9629888 ], [ 106.7620874, 10.963298 ], [ 106.7625183, 10.9637131 ], [ 106.7636232, 10.9647232 ], [ 106.7641616, 10.9640191 ], [ 106.7641603, 10.9637659 ], [ 106.7642162, 10.9635746 ], [ 106.7642463, 10.963536 ], [ 106.7643162, 10.9634462 ], [ 106.7644239, 10.9634095 ], [ 106.7645202, 10.9634154 ], [ 106.7646877, 10.9634768 ], [ 106.7648034, 10.963554 ], [ 106.7648259, 10.9636387 ], [ 106.7648047, 10.9637607 ], [ 106.7650494, 10.9638934 ], [ 106.7654785, 10.964104 ], [ 106.7656878, 10.9642989 ], [ 106.7657789, 10.9644042 ], [ 106.7657864, 10.9643982 ], [ 106.7658979, 10.9643096 ], [ 106.7659842, 10.9641834 ], [ 106.7660639, 10.9640404 ], [ 106.7662061, 10.9639547 ], [ 106.7663047, 10.9640092 ], [ 106.7663329, 10.9641612 ], [ 106.766332, 10.9643774 ], [ 106.7663244, 10.96447 ], [ 106.7664036, 10.9645426 ], [ 106.7664924, 10.9645622 ], [ 106.7665634, 10.964489 ], [ 106.766619, 10.9644178 ], [ 106.7666923, 10.9643061 ], [ 106.7667285, 10.9641548 ], [ 106.7665354, 10.963849 ], [ 106.7664361, 10.9636387 ], [ 106.7665027, 10.9635086 ], [ 106.7666059, 10.9634518 ], [ 106.7668166, 10.963571 ], [ 106.766965, 10.9637458 ], [ 106.7670429, 10.9639116 ], [ 106.7673067, 10.9641113 ], [ 106.7676748, 10.9643267 ], [ 106.7679289, 10.9644446 ], [ 106.7681686, 10.9644933 ], [ 106.7684532, 10.9644354 ], [ 106.7686611, 10.9642858 ], [ 106.7687293, 10.9642284 ], [ 106.7688167, 10.9641806 ], [ 106.7690807, 10.9641429 ], [ 106.7692897, 10.9641577 ], [ 106.7695891, 10.9642621 ], [ 106.7696957, 10.9643622 ], [ 106.7698159, 10.9645384 ], [ 106.7699682, 10.9648409 ], [ 106.7700319, 10.9650007 ], [ 106.7702565, 10.9651524 ], [ 106.7705437, 10.9652438 ], [ 106.7707717, 10.9652767 ], [ 106.7709905, 10.9652796 ], [ 106.7713282, 10.9652616 ], [ 106.7714637, 10.9651229 ], [ 106.7715821, 10.9647367 ], [ 106.7713485, 10.9643823 ], [ 106.7712082, 10.9639723 ], [ 106.7711586, 10.9636993 ], [ 106.7711685, 10.9634296 ], [ 106.7715184, 10.9632773 ], [ 106.7717308, 10.9632029 ], [ 106.7720561, 10.9630891 ], [ 106.7725093, 10.9626172 ], [ 106.7727773, 10.9622371 ], [ 106.772882, 10.9620121 ], [ 106.7729443, 10.9617851 ], [ 106.7729805, 10.9611026 ], [ 106.7729561, 10.9602822 ], [ 106.7729977, 10.9598653 ], [ 106.7730766, 10.9597004 ], [ 106.7732134, 10.9594608 ], [ 106.7735571, 10.9592533 ], [ 106.7741918, 10.9592354 ], [ 106.7749433, 10.9592666 ], [ 106.7755185, 10.9592452 ], [ 106.7761495, 10.9595903 ], [ 106.7766071, 10.9601038 ], [ 106.777006, 10.9606814 ], [ 106.7773422, 10.961274 ], [ 106.777896, 10.9619561 ], [ 106.7783163, 10.9623321 ], [ 106.7789048, 10.9627997 ], [ 106.779758, 10.9632331 ], [ 106.780566, 10.9636663 ], [ 106.7806434, 10.9637078 ], [ 106.7823364, 10.9643168 ], [ 106.7832499, 10.9646174 ], [ 106.7834722, 10.9648734 ], [ 106.7837018, 10.9651231 ], [ 106.7839386, 10.9653663 ], [ 106.7841824, 10.9656028 ], [ 106.7844329, 10.9658323 ], [ 106.78469, 10.9660547 ], [ 106.7849534, 10.9662698 ], [ 106.785223, 10.9664775 ], [ 106.7854985, 10.9666775 ], [ 106.7857797, 10.9668698 ], [ 106.7860664, 10.9670541 ], [ 106.7863583, 10.9672303 ], [ 106.7866535, 10.9673972 ], [ 106.7869534, 10.9675559 ], [ 106.7872578, 10.9677062 ], [ 106.7875663, 10.967848 ], [ 106.7878789, 10.9679811 ], [ 106.7881951, 10.9681055 ], [ 106.7885148, 10.968221 ], [ 106.7888378, 10.9683275 ], [ 106.7891637, 10.9684251 ], [ 106.7894922, 10.9685135 ], [ 106.7901939, 10.9686785 ], [ 106.7905895, 10.9687962 ], [ 106.7910199, 10.9689381 ], [ 106.7918715, 10.9692472 ], [ 106.7927098, 10.9695896 ], [ 106.7935402, 10.9699679 ], [ 106.7943543, 10.9703789 ], [ 106.7947548, 10.9705964 ], [ 106.7951508, 10.9708218 ], [ 106.7955421, 10.971055 ], [ 106.7958749, 10.9712696 ], [ 106.7959369, 10.9713235 ], [ 106.7959933, 10.971383 ], [ 106.7960438, 10.9714475 ], [ 106.7960844, 10.9715104 ], [ 106.7961192, 10.9715767 ], [ 106.7961806, 10.9716961 ], [ 106.796222, 10.9717966 ], [ 106.7962639, 10.9719142 ], [ 106.7963067, 10.9720464 ], [ 106.7963311, 10.9721623 ], [ 106.7963723, 10.9724333 ], [ 106.7963791, 10.9727073 ], [ 106.7963699, 10.9728398 ], [ 106.7963272, 10.9731021 ], [ 106.7962724, 10.9732677 ], [ 106.7961798, 10.9734786 ], [ 106.7960133, 10.9738325 ], [ 106.7959233, 10.9740151 ], [ 106.795827, 10.9741945 ], [ 106.795616, 10.9745432 ], [ 106.7953813, 10.974877 ], [ 106.795251, 10.9750432 ], [ 106.7951149, 10.9752048 ], [ 106.7948257, 10.9755133 ], [ 106.7942509, 10.9760558 ], [ 106.7938222, 10.9764451 ], [ 106.7933872, 10.9768273 ], [ 106.7929458, 10.9772025 ], [ 106.7924983, 10.9775706 ], [ 106.7913238, 10.9785127 ], [ 106.7906079, 10.9790997 ], [ 106.7895414, 10.9799889 ], [ 106.7891907, 10.9802907 ], [ 106.7888381, 10.980604 ], [ 106.788148, 10.9812467 ], [ 106.7878107, 10.9815759 ], [ 106.7868662, 10.9825342 ], [ 106.7862765, 10.9830856 ], [ 106.7856644, 10.9836128 ], [ 106.7853501, 10.983867 ], [ 106.7847061, 10.9843562 ], [ 106.784437, 10.9845693 ], [ 106.7841742, 10.9847896 ], [ 106.7839177, 10.9850171 ], [ 106.7836677, 10.9852515 ], [ 106.7834246, 10.9854927 ], [ 106.7831884, 10.9857405 ], [ 106.7829594, 10.9859947 ], [ 106.7827377, 10.986255 ], [ 106.7825235, 10.9865213 ], [ 106.7823169, 10.9867935 ], [ 106.7821182, 10.9870711 ], [ 106.7819275, 10.9873541 ], [ 106.7813533, 10.9882728 ], [ 106.7809695, 10.988908 ], [ 106.7805935, 10.9895477 ], [ 106.7802256, 10.9901919 ], [ 106.7798656, 10.9908404 ], [ 106.7795138, 10.9914931 ], [ 106.77917, 10.99215 ], [ 106.7786919, 10.9931242 ], [ 106.7782441, 10.9941122 ], [ 106.7778272, 10.9951131 ], [ 106.7774414, 10.996126 ], [ 106.7768726, 10.9977111 ], [ 106.7760731, 10.9998515 ], [ 106.7756614, 11.0009173 ], [ 106.7747383, 11.0032427 ], [ 106.7746719, 11.0034486 ], [ 106.7746148, 11.0036572 ], [ 106.7745673, 11.0038681 ], [ 106.7745294, 11.0040809 ], [ 106.7745013, 11.0042951 ], [ 106.7744828, 11.0045103 ], [ 106.7744742, 11.0047262 ], [ 106.7744754, 11.0049422 ], [ 106.7744865, 11.0051579 ], [ 106.7745073, 11.0053729 ], [ 106.7745378, 11.0055868 ], [ 106.7745781, 11.0057992 ], [ 106.7746282, 11.0060104 ], [ 106.7746878, 11.0062193 ], [ 106.774757, 11.0064253 ], [ 106.7748355, 11.0066281 ], [ 106.7749231, 11.0068272 ], [ 106.7750198, 11.0070222 ], [ 106.7751253, 11.0072129 ], [ 106.7752393, 11.0073986 ], [ 106.7753617, 11.0075792 ], [ 106.7754923, 11.0077542 ], [ 106.7756307, 11.0079234 ], [ 106.7757766, 11.0080862 ], [ 106.7761216, 11.0084255 ], [ 106.7763198, 11.0086016 ], [ 106.7765243, 11.0087706 ], [ 106.7767349, 11.0089323 ], [ 106.7769512, 11.0090865 ], [ 106.7771731, 11.009233 ], [ 106.7774002, 11.0093716 ], [ 106.7776321, 11.009502 ], [ 106.7778688, 11.0096242 ], [ 106.7781097, 11.009738 ], [ 106.7787103, 11.0100043 ], [ 106.7794098, 11.0103505 ], [ 106.7797532, 11.0105355 ], [ 106.7799057, 11.0106245 ], [ 106.7804265, 11.0109287 ], [ 106.7810803, 11.0113522 ], [ 106.7817134, 11.0118052 ], [ 106.7821752, 11.0121618 ], [ 106.7823243, 11.0122865 ], [ 106.7824922, 11.0124381 ], [ 106.7826536, 11.0125963 ], [ 106.7828083, 11.0127609 ], [ 106.782956, 11.0129315 ], [ 106.7830964, 11.0131079 ], [ 106.7832294, 11.0132899 ], [ 106.7833547, 11.013477 ], [ 106.783472, 11.013669 ], [ 106.7835813, 11.0138656 ], [ 106.7836822, 11.0140664 ], [ 106.7837747, 11.014271 ], [ 106.7838586, 11.0144793 ], [ 106.7839337, 11.0146907 ], [ 106.7839999, 11.0149049 ], [ 106.7840571, 11.0151217 ], [ 106.7841518, 11.0155839 ], [ 106.7842234, 11.0160741 ], [ 106.7842484, 11.0163205 ], [ 106.7842769, 11.0168149 ], [ 106.7842963, 11.0169456 ], [ 106.7843251, 11.0170747 ], [ 106.7843632, 11.0172014 ], [ 106.7844104, 11.0173251 ], [ 106.7844664, 11.0174452 ], [ 106.784531, 11.0175611 ], [ 106.7846039, 11.0176722 ], [ 106.7846846, 11.0177779 ], [ 106.7847727, 11.0178777 ], [ 106.7848679, 11.0179711 ], [ 106.7849696, 11.0180577 ], [ 106.7850773, 11.0181369 ], [ 106.7851905, 11.0182084 ], [ 106.7853085, 11.0182718 ], [ 106.7854309, 11.0183267 ], [ 106.7855569, 11.0183731 ], [ 106.785686, 11.0184105 ], [ 106.7858175, 11.0184387 ], [ 106.7862403, 11.0185042 ], [ 106.7868158, 11.0186173 ], [ 106.7871014, 11.0186839 ], [ 106.7876673, 11.0188369 ], [ 106.7878893, 11.0189107 ], [ 106.788108, 11.0189934 ], [ 106.7883231, 11.0190849 ], [ 106.7885342, 11.0191848 ], [ 106.788741, 11.0192932 ], [ 106.7889431, 11.0194098 ], [ 106.7891402, 11.0195344 ], [ 106.7893319, 11.0196667 ], [ 106.7895179, 11.0198067 ], [ 106.789698, 11.019954 ], [ 106.7898717, 11.0201085 ], [ 106.7900389, 11.0202698 ], [ 106.7905858, 11.0208523 ], [ 106.7909649, 11.0212736 ], [ 106.7910846, 11.0214197 ], [ 106.7913365, 11.0217013 ], [ 106.7915138, 11.0218811 ], [ 106.7916979, 11.0220541 ], [ 106.7918888, 11.02222 ], [ 106.792086, 11.0223785 ], [ 106.7922893, 11.0225294 ], [ 106.7924985, 11.0226725 ], [ 106.792713, 11.0228075 ], [ 106.7929328, 11.0229344 ], [ 106.7931573, 11.0230527 ], [ 106.7933864, 11.0231625 ], [ 106.7936196, 11.0232636 ], [ 106.7938566, 11.0233557 ], [ 106.794097, 11.0234387 ], [ 106.7950677, 11.023727 ], [ 106.7965295, 11.0241303 ], [ 106.7972639, 11.0243191 ], [ 106.7983694, 11.0245876 ], [ 106.7987394, 11.024671 ], [ 106.7992508, 11.0247781 ], [ 106.799764, 11.024876 ], [ 106.800279, 11.0249647 ], [ 106.8007956, 11.0250442 ], [ 106.8013135, 11.0251145 ], [ 106.8018327, 11.0251755 ], [ 106.8023529, 11.0252273 ], [ 106.802874, 11.0252697 ], [ 106.8048495, 11.0253887 ], [ 106.8053116, 11.025422 ], [ 106.8059092, 11.0254923 ], [ 106.8062326, 11.0255433 ], [ 106.8065545, 11.0256031 ], [ 106.8068745, 11.0256717 ], [ 106.8071924, 11.0257492 ], [ 106.807508, 11.0258353 ], [ 106.807821, 11.0259301 ], [ 106.8082855, 11.0260873 ], [ 106.808659, 11.0262377 ], [ 106.8088759, 11.0263387 ], [ 106.8090883, 11.0264482 ], [ 106.8092962, 11.026566 ], [ 106.809499, 11.0266919 ], [ 106.8096965, 11.0268257 ], [ 106.8098884, 11.0269672 ], [ 106.8100743, 11.0271162 ], [ 106.8102539, 11.0272724 ], [ 106.810427, 11.0274356 ], [ 106.8105933, 11.0276054 ], [ 106.8107525, 11.0277817 ], [ 106.8109043, 11.0279641 ], [ 106.8110485, 11.0281524 ], [ 106.811388, 11.028648 ], [ 106.8116314, 11.0290337 ], [ 106.8117713, 11.0292658 ], [ 106.8119511, 11.0295814 ], [ 106.8122867, 11.0302254 ], [ 106.8125894, 11.0308848 ], [ 106.8127958, 11.0313881 ], [ 106.8129363, 11.0317932 ], [ 106.8130047, 11.0320311 ], [ 106.8130636, 11.0322714 ], [ 106.813113, 11.0325138 ], [ 106.8131528, 11.0327579 ], [ 106.8131829, 11.0330033 ], [ 106.8132033, 11.0332497 ], [ 106.8132139, 11.0334966 ], [ 106.8132148, 11.0337438 ], [ 106.8132059, 11.0339908 ], [ 106.8131872, 11.0342373 ], [ 106.8131589, 11.034483 ], [ 106.8131208, 11.0347273 ], [ 106.8129298, 11.0356697 ], [ 106.8126176, 11.0370637 ], [ 106.8124488, 11.0377579 ], [ 106.8121806, 11.0387955 ], [ 106.8119278, 11.0396896 ], [ 106.811761, 11.0402368 ], [ 106.8114015, 11.0413231 ], [ 106.811209, 11.0418621 ], [ 106.8109065, 11.0426657 ], [ 106.8106692, 11.0432271 ], [ 106.8105318, 11.0435198 ], [ 106.8102335, 11.0440939 ], [ 106.8100727, 11.0443749 ], [ 106.8097285, 11.0449238 ], [ 106.8095454, 11.0451912 ], [ 106.8091576, 11.0457113 ], [ 106.8087102, 11.0462495 ], [ 106.8084598, 11.0465293 ], [ 106.8082024, 11.0468028 ], [ 106.8079379, 11.0470698 ], [ 106.8076666, 11.0473302 ], [ 106.8073887, 11.0475837 ], [ 106.8071044, 11.0478303 ], [ 106.8068138, 11.0480697 ], [ 106.8065171, 11.0483018 ], [ 106.8062145, 11.0485265 ], [ 106.8044985, 11.0497407 ], [ 106.8041559, 11.0500026 ], [ 106.8038078, 11.0502572 ], [ 106.8034542, 11.0505044 ], [ 106.8027695, 11.0509526 ], [ 106.802106, 11.0513507 ], [ 106.8014275, 11.0517237 ], [ 106.8010829, 11.0519006 ], [ 106.8009069, 11.0519818 ], [ 106.800735, 11.052071 ], [ 106.8005645, 11.0521699 ], [ 106.8003991, 11.0522768 ], [ 106.800239, 11.0523914 ], [ 106.8000848, 11.0525134 ], [ 106.7999368, 11.0526425 ], [ 106.7997952, 11.0527785 ], [ 106.7996605, 11.052921 ], [ 106.7995329, 11.0530696 ], [ 106.7994127, 11.0532242 ], [ 106.7993003, 11.0533842 ], [ 106.7991958, 11.0535493 ], [ 106.7990995, 11.0537192 ], [ 106.7990117, 11.0538935 ], [ 106.7988554, 11.0542668 ], [ 106.7987867, 11.0544649 ], [ 106.7986755, 11.054869 ], [ 106.7986331, 11.0550741 ], [ 106.7985751, 11.0554888 ], [ 106.7985597, 11.0556975 ], [ 106.798556, 11.056116 ], [ 106.7985678, 11.056325 ], [ 106.7985874, 11.0564875 ], [ 106.7986162, 11.0566486 ], [ 106.798654, 11.056808 ], [ 106.7987007, 11.056965 ], [ 106.7987562, 11.0571193 ], [ 106.7988203, 11.0572703 ], [ 106.7988929, 11.0574176 ], [ 106.7989736, 11.0575607 ], [ 106.7990622, 11.0576993 ], [ 106.7991585, 11.0578328 ], [ 106.7992622, 11.0579609 ], [ 106.799373, 11.0580832 ], [ 106.7996718, 11.058369 ], [ 106.7998587, 11.0585328 ], [ 106.8002483, 11.0588418 ], [ 106.8004507, 11.0589868 ], [ 106.8008694, 11.0592569 ], [ 106.8010853, 11.0593818 ], [ 106.8015289, 11.0596103 ], [ 106.8018794, 11.0597752 ], [ 106.8022338, 11.0599318 ], [ 106.802592, 11.0600799 ], [ 106.8029537, 11.0602195 ], [ 106.8033188, 11.0603506 ], [ 106.803687, 11.0604729 ], [ 106.804058, 11.0605865 ], [ 106.8044318, 11.0606913 ], [ 106.804808, 11.0607872 ], [ 106.8051864, 11.0608742 ], [ 106.8055669, 11.0609522 ], [ 106.8067987, 11.0611802 ], [ 106.8076468, 11.0613467 ], [ 106.8093381, 11.0617025 ], [ 106.8110225, 11.0620884 ], [ 106.8126995, 11.0625042 ], [ 106.8144005, 11.0629594 ], [ 106.8152483, 11.0631965 ], [ 106.8160225, 11.0634553 ], [ 106.8167995, 11.063706 ], [ 106.8175792, 11.0639484 ], [ 106.8183419, 11.0641768 ], [ 106.8191069, 11.0643972 ], [ 106.8198742, 11.0646098 ], [ 106.8206438, 11.0648144 ], [ 106.8214156, 11.065011 ], [ 106.8221893, 11.0651997 ], [ 106.8226325, 11.0652962 ], [ 106.8229973, 11.0653699 ], [ 106.8232905, 11.0654025 ], [ 106.8235305, 11.0654055 ], [ 106.8238134, 11.0654055 ], [ 106.8240963, 11.065397 ], [ 106.8243788, 11.06538 ], [ 106.8246606, 11.0653547 ], [ 106.8249415, 11.065321 ], [ 106.8252212, 11.0652789 ], [ 106.8254995, 11.0652285 ], [ 106.8257761, 11.0651698 ], [ 106.8260546, 11.065102 ], [ 106.8263308, 11.0650257 ], [ 106.8266045, 11.0649411 ], [ 106.8268754, 11.0648483 ], [ 106.8271433, 11.0647474 ], [ 106.8274078, 11.0646384 ], [ 106.8276689, 11.0645215 ], [ 106.8279261, 11.0643968 ], [ 106.8281793, 11.0642643 ], [ 106.8283601, 11.0641134 ], [ 106.8285356, 11.0639565 ], [ 106.8287054, 11.0637937 ], [ 106.8288693, 11.0636253 ], [ 106.8290273, 11.0634515 ], [ 106.8291791, 11.0632724 ], [ 106.8293245, 11.0630883 ], [ 106.8294634, 11.0628994 ], [ 106.8295955, 11.0627059 ], [ 106.8297295, 11.0624939 ], [ 106.8298553, 11.0622772 ], [ 106.8299729, 11.062056 ], [ 106.8300822, 11.0618308 ], [ 106.8301829, 11.0616017 ], [ 106.8302749, 11.0613692 ], [ 106.8303581, 11.0611334 ], [ 106.8304324, 11.0608949 ], [ 106.8305457, 11.0604468 ], [ 106.8306674, 11.0600009 ], [ 106.8307973, 11.0595573 ], [ 106.8309355, 11.059116 ], [ 106.8310818, 11.0586773 ], [ 106.8312364, 11.0582413 ], [ 106.831399, 11.0578081 ], [ 106.8315697, 11.057378 ], [ 106.831755, 11.0569355 ], [ 106.8319488, 11.0564965 ], [ 106.832151, 11.0560612 ], [ 106.8323616, 11.0556297 ], [ 106.8325806, 11.0552022 ], [ 106.8328077, 11.0547789 ], [ 106.833043, 11.0543599 ], [ 106.8332863, 11.0539453 ], [ 106.8335973, 11.0534328 ], [ 106.8338998, 11.0529154 ], [ 106.8341937, 11.0523932 ], [ 106.834479, 11.0518665 ], [ 106.8347554, 11.0513352 ], [ 106.8350231, 11.0507996 ], [ 106.8352818, 11.0502598 ], [ 106.8355226, 11.0497361 ], [ 106.835755, 11.0492087 ], [ 106.8359789, 11.0486778 ], [ 106.8361944, 11.0481435 ], [ 106.8364013, 11.0476059 ], [ 106.8365888, 11.047118 ], [ 106.8367892, 11.0465849 ], [ 106.8369728, 11.0460572 ], [ 106.8371498, 11.0455902 ], [ 106.8373431, 11.0450556 ], [ 106.8375276, 11.044518 ], [ 106.8377034, 11.0439776 ], [ 106.8378703, 11.0434345 ], [ 106.8379855, 11.0430889 ], [ 106.8380606, 11.042873 ], [ 106.8381765, 11.0426121 ], [ 106.8383316, 11.042339 ], [ 106.8384937, 11.0420699 ], [ 106.8386625, 11.0418048 ], [ 106.8388379, 11.0415439 ], [ 106.83902, 11.0412875 ], [ 106.8392086, 11.0410355 ], [ 106.839423, 11.0407642 ], [ 106.8396449, 11.0404987 ], [ 106.8398741, 11.0402394 ], [ 106.8401105, 11.0399863 ], [ 106.8403539, 11.0397396 ], [ 106.840604, 11.0394996 ], [ 106.8408608, 11.0392664 ], [ 106.8410334, 11.039094 ], [ 106.8412116, 11.0389271 ], [ 106.8413953, 11.0387661 ], [ 106.8415842, 11.0386109 ], [ 106.8417781, 11.0384619 ], [ 106.8419769, 11.0383192 ], [ 106.8421802, 11.0381828 ], [ 106.842388, 11.0380531 ], [ 106.8426, 11.03793 ], [ 106.8428407, 11.0377837 ], [ 106.8438498, 11.0371665 ], [ 106.8445356, 11.0367758 ], [ 106.8452294, 11.0364122 ], [ 106.8459357, 11.0360728 ], [ 106.8462934, 11.0359124 ], [ 106.8465886, 11.0357693 ], [ 106.8468879, 11.0356348 ], [ 106.8471912, 11.0355089 ], [ 106.847498, 11.0353918 ], [ 106.8478082, 11.0352835 ], [ 106.8484192, 11.0350911 ], [ 106.8498551, 11.0347318 ], [ 106.8510194, 11.0344636 ], [ 106.8516038, 11.0343395 ], [ 106.8528492, 11.0340983 ], [ 106.8541002, 11.0338874 ], [ 106.8559, 11.0336284 ], [ 106.8562895, 11.0335351 ], [ 106.8565901, 11.0334327 ], [ 106.8568873, 11.0333212 ], [ 106.8571809, 11.0332007 ], [ 106.8574706, 11.0330715 ], [ 106.8577561, 11.0329335 ], [ 106.8580371, 11.0327869 ], [ 106.8583133, 11.0326319 ], [ 106.8585846, 11.0324687 ], [ 106.8588506, 11.0322973 ], [ 106.8591022, 11.0321242 ], [ 106.859589, 11.0317565 ], [ 106.8598239, 11.0315621 ], [ 106.8600527, 11.031361 ], [ 106.8604916, 11.030939 ], [ 106.8607012, 11.0307187 ], [ 106.8624906, 11.0287476 ], [ 106.8634403, 11.0276552 ], [ 106.8639305, 11.0270708 ], [ 106.8644135, 11.0264807 ], [ 106.8648892, 11.0258849 ], [ 106.8653575, 11.0252835 ], [ 106.8658183, 11.0246766 ], [ 106.8660307, 11.0243656 ], [ 106.8662717, 11.0240642 ], [ 106.8667437, 11.0235425 ], [ 106.8672427, 11.0230455 ], [ 106.8675019, 11.0228066 ], [ 106.8677673, 11.0225744 ], [ 106.8683159, 11.0221307 ], [ 106.8688873, 11.0217155 ], [ 106.869181, 11.0215189 ], [ 106.8694798, 11.0213298 ], [ 106.8697923, 11.0211433 ], [ 106.8701097, 11.020965 ], [ 106.8704319, 11.0207951 ], [ 106.8707586, 11.0206337 ], [ 106.8710896, 11.0204809 ], [ 106.8714245, 11.0203367 ], [ 106.8717633, 11.0202014 ], [ 106.8721057, 11.020075 ], [ 106.8724513, 11.0199576 ], [ 106.8727732, 11.0198704 ], [ 106.873017, 11.0198288 ], [ 106.8734527, 11.0198138 ], [ 106.8738882, 11.0198334 ], [ 106.8743207, 11.0198875 ], [ 106.8745349, 11.0199274 ], [ 106.8749575, 11.0200326 ], [ 106.8753071, 11.0201475 ], [ 106.8759965, 11.0204035 ], [ 106.876511, 11.0206022 ], [ 106.8775041, 11.0210146 ], [ 106.8779828, 11.0212274 ], [ 106.8789293, 11.021676 ], [ 106.8798602, 11.0221549 ], [ 106.8819817, 11.0232888 ], [ 106.8842091, 11.0244592 ], [ 106.8847753, 11.0247444 ], [ 106.885346, 11.0250209 ], [ 106.8859209, 11.0252887 ], [ 106.8865, 11.0255477 ], [ 106.8870831, 11.025798 ], [ 106.8876701, 11.0260393 ], [ 106.8888104, 11.0264787 ], [ 106.8899183, 11.0268693 ], [ 106.8910372, 11.0272287 ], [ 106.8921661, 11.0275565 ], [ 106.8927085, 11.0276949 ], [ 106.8932584, 11.0278011 ], [ 106.8935355, 11.027842 ], [ 106.8940929, 11.0278991 ], [ 106.8946528, 11.0279234 ], [ 106.8952131, 11.0279145 ], [ 106.8957918, 11.0278705 ], [ 106.8963667, 11.0277913 ], [ 106.8969353, 11.0276771 ], [ 106.8974957, 11.0275285 ], [ 106.8980455, 11.0273458 ], [ 106.8983337, 11.0272233 ], [ 106.8988988, 11.0269541 ], [ 106.8994471, 11.0266534 ], [ 106.8999769, 11.0263221 ], [ 106.9002342, 11.0261453 ], [ 106.9004952, 11.0259546 ], [ 106.9007502, 11.0257564 ], [ 106.9009992, 11.0255507 ], [ 106.9012417, 11.0253379 ], [ 106.9014777, 11.025118 ], [ 106.9017068, 11.0248913 ], [ 106.901929, 11.024658 ], [ 106.9023077, 11.0242428 ], [ 106.9026536, 11.0239091 ], [ 106.9030223, 11.0235999 ], [ 106.9032147, 11.023455 ], [ 106.9034121, 11.0233168 ], [ 106.9038211, 11.0230611 ], [ 106.9042543, 11.0228307 ], [ 106.9047103, 11.0226281 ], [ 106.9051799, 11.0224583 ], [ 106.9056608, 11.0223222 ], [ 106.9061505, 11.0222205 ], [ 106.9063978, 11.0221827 ], [ 106.906753, 11.0221425 ], [ 106.9068601, 11.0221389 ], [ 106.9070739, 11.0221541 ], [ 106.9072917, 11.0222015 ], [ 106.9075054, 11.0222721 ], [ 106.9077095, 11.0223568 ], [ 106.9078812, 11.0224332 ], [ 106.9080582, 11.0225148 ], [ 106.9082517, 11.022601 ], [ 106.9083883, 11.0226711 ], [ 106.9085434, 11.0227521 ], [ 106.9086954, 11.0228387 ], [ 106.908844, 11.0229308 ], [ 106.9089889, 11.0230282 ], [ 106.9091597, 11.0231534 ], [ 106.9093246, 11.0232859 ], [ 106.9094833, 11.0234257 ], [ 106.9096354, 11.0235722 ], [ 106.9097806, 11.0237254 ], [ 106.9099187, 11.0238848 ], [ 106.9100493, 11.0240501 ], [ 106.9101722, 11.024221 ], [ 106.9103086, 11.0244077 ], [ 106.910414, 11.0246031 ], [ 106.9105333, 11.0248134 ], [ 106.9106447, 11.0250278 ], [ 106.9107482, 11.0252459 ], [ 106.9108436, 11.0254676 ], [ 106.9109309, 11.0256925 ], [ 106.9110127, 11.0259294 ], [ 106.9110854, 11.0261691 ], [ 106.911149, 11.0264114 ], [ 106.9112032, 11.0266558 ], [ 106.9112481, 11.026902 ], [ 106.9113922, 11.0281129 ], [ 106.9114928, 11.0290769 ], [ 106.9115853, 11.0300417 ], [ 106.9116633, 11.0309295 ], [ 106.9117345, 11.0318178 ], [ 106.9117989, 11.0327066 ], [ 106.9118564, 11.0335959 ], [ 106.9118965, 11.0341276 ], [ 106.9119072, 11.0344856 ], [ 106.9118958, 11.0349666 ], [ 106.9118919, 11.0354477 ], [ 106.9118954, 11.0359287 ], [ 106.9119062, 11.0364097 ], [ 106.9119245, 11.0368905 ], [ 106.9119501, 11.0373709 ], [ 106.9119875, 11.0379076 ], [ 106.9120341, 11.0384435 ], [ 106.9120899, 11.0389786 ], [ 106.9121549, 11.0395127 ], [ 106.912229, 11.0400456 ], [ 106.9122707, 11.040235 ], [ 106.9123209, 11.0404224 ], [ 106.9123795, 11.0406075 ], [ 106.9124463, 11.0407898 ], [ 106.9125212, 11.040969 ], [ 106.9126041, 11.0411449 ], [ 106.9126948, 11.041317 ], [ 106.9127932, 11.041485 ], [ 106.912899, 11.0416485 ], [ 106.913012, 11.0418074 ], [ 106.9131321, 11.0419611 ], [ 106.913259, 11.0421096 ], [ 106.9133944, 11.0422544 ], [ 106.9135362, 11.0423931 ], [ 106.9136842, 11.0425254 ], [ 106.9138381, 11.0426511 ], [ 106.9139975, 11.0427699 ], [ 106.9141622, 11.0428816 ], [ 106.9143319, 11.042986 ], [ 106.9145061, 11.0430828 ], [ 106.9146846, 11.0431719 ], [ 106.9151736, 11.0433956 ], [ 106.9202544, 11.0454155 ], [ 106.9204742, 11.0455071 ], [ 106.9206907, 11.0456057 ], [ 106.9209039, 11.0457114 ], [ 106.9211133, 11.0458238 ], [ 106.9213188, 11.0459431 ], [ 106.9215202, 11.0460689 ], [ 106.9217324, 11.0462118 ], [ 106.9219393, 11.046362 ], [ 106.9221406, 11.0465194 ], [ 106.922336, 11.0466837 ], [ 106.9225254, 11.0468548 ], [ 106.9227084, 11.0470324 ], [ 106.9228848, 11.0472163 ], [ 106.9229847, 11.0473325 ], [ 106.9230598, 11.0474378 ], [ 106.9231081, 11.0475299 ], [ 106.9231568, 11.0476362 ], [ 106.923209, 11.0477743 ], [ 106.9232753, 11.0479625 ], [ 106.9233342, 11.048153 ], [ 106.9233857, 11.0483456 ], [ 106.9234295, 11.04854 ], [ 106.9234658, 11.0487359 ], [ 106.9234943, 11.0489331 ], [ 106.9235159, 11.0491397 ], [ 106.923529, 11.0493469 ], [ 106.9235336, 11.0495546 ], [ 106.9235297, 11.0497622 ], [ 106.9235174, 11.0499695 ], [ 106.9234967, 11.0501762 ], [ 106.9234568, 11.0504187 ], [ 106.9234031, 11.0506178 ], [ 106.923328, 11.0508232 ], [ 106.9232236, 11.0511133 ], [ 106.923026, 11.0516436 ], [ 106.9228373, 11.052177 ], [ 106.9226575, 11.0527133 ], [ 106.9225193, 11.0531468 ], [ 106.922387, 11.0535821 ], [ 106.9222659, 11.0539716 ], [ 106.9222152, 11.0541495 ], [ 106.9221778, 11.0542824 ], [ 106.9221483, 11.0544172 ], [ 106.9221269, 11.0545535 ], [ 106.9221136, 11.0546908 ], [ 106.9221086, 11.0548286 ], [ 106.9221117, 11.0549664 ], [ 106.922123, 11.0551039 ], [ 106.9221425, 11.0552404 ], [ 106.9221693, 11.0553725 ], [ 106.9222038, 11.0555029 ], [ 106.9222458, 11.0556311 ], [ 106.9222952, 11.0557568 ], [ 106.9223517, 11.0558795 ], [ 106.9224154, 11.0559988 ], [ 106.9225287, 11.056146 ], [ 106.9226678, 11.056287 ], [ 106.9228555, 11.0564535 ], [ 106.9230489, 11.0566137 ], [ 106.9232476, 11.0567675 ], [ 106.9234514, 11.0569147 ], [ 106.9236635, 11.0570572 ], [ 106.9238805, 11.0571927 ], [ 106.924102, 11.0573207 ], [ 106.9243278, 11.0574414 ], [ 106.9245577, 11.0575544 ], [ 106.9247914, 11.0576596 ], [ 106.9250178, 11.0577518 ], [ 106.9252653, 11.0578373 ], [ 106.9254991, 11.0579252 ], [ 106.9257298, 11.0580207 ], [ 106.9259572, 11.0581237 ], [ 106.926181, 11.0582341 ], [ 106.9264008, 11.0583517 ], [ 106.9266166, 11.0584765 ], [ 106.926828, 11.0586082 ], [ 106.9270348, 11.0587468 ], [ 106.9272401, 11.0588945 ], [ 106.9274402, 11.0590489 ], [ 106.9276348, 11.0592099 ], [ 106.9278237, 11.0593773 ], [ 106.9280068, 11.0595508 ], [ 106.9281838, 11.0597303 ], [ 106.9283545, 11.0599156 ], [ 106.9286165, 11.0603033 ], [ 106.9288738, 11.060694 ], [ 106.9291262, 11.0610878 ], [ 106.9293737, 11.0614845 ], [ 106.9296373, 11.0619192 ], [ 106.9298951, 11.0623572 ], [ 106.930147, 11.0627984 ], [ 106.930393, 11.0632429 ], [ 106.9305106, 11.0633967 ], [ 106.9306359, 11.0635444 ], [ 106.9307688, 11.0636858 ], [ 106.9309087, 11.0638203 ], [ 106.9310554, 11.0639477 ], [ 106.9312084, 11.0640677 ], [ 106.9313675, 11.06418 ], [ 106.9315321, 11.0642842 ], [ 106.9317019, 11.0643801 ], [ 106.9318688, 11.0644639 ], [ 106.9320396, 11.0645397 ], [ 106.932214, 11.0646072 ], [ 106.9323915, 11.0646664 ], [ 106.9325718, 11.0647171 ], [ 106.9327543, 11.0647592 ], [ 106.9329386, 11.0647926 ], [ 106.9331405, 11.0648224 ], [ 106.9333273, 11.0648434 ], [ 106.9335236, 11.0648595 ], [ 106.9336935, 11.0648567 ], [ 106.9338851, 11.0648562 ], [ 106.9340765, 11.0648474 ], [ 106.9342672, 11.0648303 ], [ 106.9344571, 11.0648049 ], [ 106.9346456, 11.0647714 ], [ 106.9348324, 11.0647297 ], [ 106.9350171, 11.06468 ], [ 106.9351995, 11.0646223 ], [ 106.9353888, 11.064553 ], [ 106.9355745, 11.0644751 ], [ 106.9357564, 11.0643888 ], [ 106.935934, 11.0642942 ], [ 106.9361069, 11.0641917 ], [ 106.9362747, 11.0640814 ], [ 106.9364372, 11.0639636 ], [ 106.9365939, 11.0638384 ], [ 106.9367444, 11.0637062 ], [ 106.9369433, 11.0635175 ], [ 106.9371358, 11.0633225 ], [ 106.9373218, 11.0631216 ], [ 106.9375011, 11.0629148 ], [ 106.9376735, 11.0627025 ], [ 106.9378388, 11.0624848 ], [ 106.9379837, 11.0622811 ], [ 106.9381223, 11.0620733 ], [ 106.9382547, 11.0618616 ], [ 106.9383806, 11.0616461 ], [ 106.9384999, 11.0614271 ], [ 106.9386126, 11.0612047 ], [ 106.9387185, 11.0609791 ], [ 106.938831, 11.0607019 ], [ 106.938949, 11.0604269 ], [ 106.9390725, 11.0601543 ], [ 106.9392013, 11.059884 ], [ 106.9393718, 11.0595463 ], [ 106.9395506, 11.0592128 ], [ 106.9397378, 11.0588837 ], [ 106.9398266, 11.0587229 ], [ 106.9399219, 11.0585656 ], [ 106.9400234, 11.0584122 ], [ 106.9401311, 11.0582628 ], [ 106.9402446, 11.0581177 ], [ 106.9403639, 11.0579771 ], [ 106.9404888, 11.0578413 ], [ 106.9406274, 11.0577023 ], [ 106.9407719, 11.0575692 ], [ 106.940922, 11.0574421 ], [ 106.9410773, 11.0573213 ], [ 106.9412377, 11.0572071 ], [ 106.9414028, 11.0570995 ], [ 106.9415939, 11.0570042 ], [ 106.941789, 11.0569448 ], [ 106.9420077, 11.0568992 ], [ 106.9422281, 11.0568623 ], [ 106.9424498, 11.0568342 ], [ 106.9426724, 11.0568148 ], [ 106.9428957, 11.0568041 ], [ 106.9431192, 11.0568023 ], [ 106.9433427, 11.0568094 ], [ 106.943569, 11.0568255 ], [ 106.9437945, 11.0568507 ], [ 106.9440188, 11.0568849 ], [ 106.9442415, 11.056928 ], [ 106.9444622, 11.05698 ], [ 106.9446805, 11.0570408 ], [ 106.9448961, 11.0571103 ], [ 106.9451087, 11.0571884 ], [ 106.9453178, 11.0572749 ], [ 106.9455232, 11.0573698 ], [ 106.9457352, 11.0574727 ], [ 106.9459105, 11.0575615 ], [ 106.946092, 11.0576587 ], [ 106.9462687, 11.0577643 ], [ 106.94644, 11.0578779 ], [ 106.9466058, 11.0579993 ], [ 106.9467655, 11.0581282 ], [ 106.9469188, 11.0582644 ], [ 106.9470655, 11.0584075 ], [ 106.9472051, 11.0585573 ], [ 106.947326, 11.0586994 ], [ 106.9474406, 11.0588466 ], [ 106.9475487, 11.0589984 ], [ 106.94765, 11.0591546 ], [ 106.9477443, 11.059315 ], [ 106.9478316, 11.0594792 ], [ 106.9479115, 11.059647 ], [ 106.947984, 11.059818 ], [ 106.948049, 11.0599919 ], [ 106.9481063, 11.0601683 ], [ 106.9481853, 11.0604014 ], [ 106.9482567, 11.0606368 ], [ 106.9483206, 11.0608743 ], [ 106.9483769, 11.0611136 ], [ 106.9484255, 11.0613545 ], [ 106.9484664, 11.0615969 ], [ 106.9484994, 11.0618403 ], [ 106.9485247, 11.0620847 ], [ 106.9485419, 11.0623257 ], [ 106.9485515, 11.0625672 ], [ 106.9485535, 11.0628088 ], [ 106.9485479, 11.0630504 ], [ 106.9485347, 11.0632917 ], [ 106.9485139, 11.0635325 ], [ 106.9484855, 11.0637725 ], [ 106.948455, 11.0640063 ], [ 106.9484386, 11.0642455 ], [ 106.9484353, 11.0644796 ], [ 106.9484398, 11.0647137 ], [ 106.9484521, 11.0649476 ], [ 106.9484721, 11.0651809 ], [ 106.9484998, 11.0654134 ], [ 106.9485352, 11.065645 ], [ 106.9485783, 11.0658753 ], [ 106.9486324, 11.0661181 ], [ 106.948695, 11.0663589 ], [ 106.9487661, 11.0665975 ], [ 106.9488455, 11.0668335 ], [ 106.9489331, 11.0670667 ], [ 106.949029, 11.0672967 ], [ 106.949192, 11.0675533 ], [ 106.9493627, 11.067805 ], [ 106.949541, 11.0680516 ], [ 106.9497266, 11.0682929 ], [ 106.9499195, 11.0685287 ], [ 106.9501006, 11.0687378 ], [ 106.9502875, 11.0689422 ], [ 106.9504799, 11.0691415 ], [ 106.9506777, 11.0693356 ], [ 106.9508807, 11.0695245 ], [ 106.9510004, 11.0696079 ], [ 106.9511211, 11.0696764 ], [ 106.951265, 11.0697507 ], [ 106.9514041, 11.0698334 ], [ 106.9515379, 11.0699241 ], [ 106.9516659, 11.0700225 ], [ 106.9517877, 11.0701282 ], [ 106.9519029, 11.0702409 ], [ 106.952011, 11.0703601 ], [ 106.9521117, 11.0704855 ], [ 106.9521982, 11.070607 ], [ 106.9522777, 11.0707332 ], [ 106.95235, 11.0708634 ], [ 106.9524148, 11.0709974 ], [ 106.9524719, 11.0711348 ], [ 106.9525211, 11.071275 ], [ 106.9525481, 11.0714215 ], [ 106.952567, 11.0715691 ], [ 106.9525777, 11.0717176 ], [ 106.9525802, 11.0718664 ], [ 106.9525738, 11.0720243 ], [ 106.9525582, 11.0721816 ], [ 106.9525334, 11.0723377 ], [ 106.9524994, 11.0724921 ], [ 106.9524565, 11.0726444 ], [ 106.9524047, 11.072794 ], [ 106.9523066, 11.0729562 ], [ 106.9521568, 11.0731199 ], [ 106.9519641, 11.0732939 ], [ 106.9517664, 11.0734623 ], [ 106.9515637, 11.0736251 ], [ 106.9513563, 11.0737819 ], [ 106.9511443, 11.0739328 ], [ 106.950928, 11.0740775 ], [ 106.9506935, 11.0742244 ], [ 106.9504545, 11.0743642 ], [ 106.9502113, 11.0744965 ], [ 106.949964, 11.0746215 ], [ 106.9497128, 11.0747388 ], [ 106.9494581, 11.0748485 ], [ 106.9492, 11.0749504 ], [ 106.9489389, 11.0750444 ], [ 106.9486856, 11.0751173 ], [ 106.9484569, 11.0751815 ], [ 106.948241, 11.0752403 ], [ 106.9480273, 11.0753065 ], [ 106.9478162, 11.0753802 ], [ 106.9476079, 11.0754613 ], [ 106.9474026, 11.0755496 ], [ 106.9472008, 11.0756451 ], [ 106.9470025, 11.0757476 ], [ 106.9468081, 11.0758569 ], [ 106.94661, 11.075978 ], [ 106.9464167, 11.0761062 ], [ 106.9462283, 11.0762414 ], [ 106.9460452, 11.0763834 ], [ 106.9458677, 11.076532 ], [ 106.9456958, 11.0766869 ], [ 106.94553, 11.0768481 ], [ 106.9453704, 11.0770151 ], [ 106.9452903, 11.0771696 ], [ 106.9452167, 11.0773271 ], [ 106.9451499, 11.0774876 ], [ 106.9450899, 11.0776506 ], [ 106.9450369, 11.0778159 ], [ 106.9449909, 11.0779832 ], [ 106.944952, 11.0781523 ], [ 106.9449202, 11.0783232 ], [ 106.9448957, 11.0784953 ], [ 106.9448785, 11.0786683 ], [ 106.9448687, 11.0788418 ], [ 106.9448662, 11.0790156 ], [ 106.9448726, 11.0791835 ], [ 106.9448866, 11.079351 ], [ 106.9449081, 11.0795176 ], [ 106.9449371, 11.0796832 ], [ 106.9449735, 11.0798474 ], [ 106.9450165, 11.0800074 ], [ 106.9450666, 11.0801655 ], [ 106.9451237, 11.0803212 ], [ 106.9452277, 11.0806648 ], [ 106.9453973, 11.0810687 ], [ 106.9455421, 11.081353 ], [ 106.9456618, 11.0815681 ], [ 106.9457618, 11.0817426 ], [ 106.9458685, 11.0819131 ], [ 106.945982, 11.0820795 ], [ 106.9461025, 11.0822422 ], [ 106.9462294, 11.0824001 ], [ 106.9463625, 11.082553 ], [ 106.9464479, 11.0826422 ], [ 106.9465275, 11.0827364 ], [ 106.9466011, 11.0828353 ], [ 106.9466683, 11.0829384 ], [ 106.9467289, 11.0830454 ], [ 106.9467828, 11.0831558 ], [ 106.9468295, 11.0832693 ], [ 106.9468698, 11.0833875 ], [ 106.9469024, 11.083508 ], [ 106.9469661, 11.0837492 ], [ 106.9470205, 11.0839927 ], [ 106.9470656, 11.0842379 ], [ 106.9470981, 11.0844597 ], [ 106.9471229, 11.0846825 ], [ 106.9471401, 11.0849059 ], [ 106.9471496, 11.0851299 ], [ 106.9471514, 11.0853539 ], [ 106.9471363, 11.0855827 ], [ 106.9471148, 11.085811 ], [ 106.9470869, 11.0860385 ], [ 106.9470526, 11.0862653 ], [ 106.9470119, 11.086491 ], [ 106.9469592, 11.0867412 ], [ 106.9468987, 11.0869898 ], [ 106.9468304, 11.0872363 ], [ 106.9467544, 11.0874807 ], [ 106.9467161, 11.0876551 ], [ 106.9466872, 11.0878312 ], [ 106.9466678, 11.0880086 ], [ 106.946658, 11.0881867 ], [ 106.9466579, 11.0883651 ], [ 106.9466658, 11.0885238 ], [ 106.9466814, 11.088682 ], [ 106.9467045, 11.0888392 ], [ 106.9467352, 11.0889952 ], [ 106.9467733, 11.0891497 ], [ 106.9468188, 11.0893022 ], [ 106.9468817, 11.0894636 ], [ 106.946953, 11.0896216 ], [ 106.9470326, 11.0897757 ], [ 106.9471203, 11.0899256 ], [ 106.9472158, 11.0900707 ], [ 106.947306, 11.0901943 ], [ 106.947402, 11.0903137 ], [ 106.9475033, 11.0904286 ], [ 106.94761, 11.0905389 ], [ 106.9482023, 11.0911275 ], [ 106.9485706, 11.0915065 ], [ 106.9489431, 11.0918816 ], [ 106.9491196, 11.0920451 ], [ 106.9492907, 11.0922141 ], [ 106.9494562, 11.0923883 ], [ 106.949616, 11.0925677 ], [ 106.9497698, 11.0927519 ], [ 106.9499175, 11.092941 ], [ 106.9500589, 11.0931345 ], [ 106.950184, 11.0933173 ], [ 106.9503035, 11.0935035 ], [ 106.9504173, 11.0936932 ], [ 106.9505254, 11.0938861 ], [ 106.9506276, 11.0940821 ], [ 106.9508312, 11.0944292 ], [ 106.9510279, 11.0947802 ], [ 106.9512176, 11.0951349 ], [ 106.9513939, 11.0954803 ], [ 106.9515636, 11.0958289 ], [ 106.9517266, 11.0961806 ], [ 106.9518828, 11.0965352 ], [ 106.9519305, 11.096677 ], [ 106.9519872, 11.0968155 ], [ 106.9520528, 11.0969503 ], [ 106.952127, 11.0970807 ], [ 106.9522094, 11.0972062 ], [ 106.9522998, 11.0973263 ], [ 106.9523978, 11.0974406 ], [ 106.9524944, 11.0975402 ], [ 106.9525968, 11.0976342 ], [ 106.9527046, 11.097722 ], [ 106.9528175, 11.0978036 ], [ 106.952935, 11.0978786 ], [ 106.9530568, 11.0979466 ], [ 106.9531824, 11.0980076 ], [ 106.9533114, 11.0980613 ], [ 106.9534434, 11.0981075 ], [ 106.953578, 11.098146 ], [ 106.9567859, 11.0986724 ], [ 106.9569778, 11.0987227 ], [ 106.9571672, 11.0987816 ], [ 106.9573537, 11.0988488 ], [ 106.9575368, 11.0989243 ], [ 106.9577163, 11.099008 ], [ 106.9578917, 11.0990995 ], [ 106.9580626, 11.0991988 ], [ 106.9582242, 11.0993025 ], [ 106.958381, 11.0994132 ], [ 106.9585326, 11.0995305 ], [ 106.9586788, 11.0996543 ], [ 106.9588192, 11.0997844 ], [ 106.9589537, 11.0999204 ], [ 106.9590819, 11.1000621 ], [ 106.9591702, 11.1001844 ], [ 106.9592505, 11.100312 ], [ 106.9593225, 11.1004443 ], [ 106.9593858, 11.1005807 ], [ 106.9594403, 11.1007208 ], [ 106.9594857, 11.1008639 ], [ 106.9595218, 11.1010096 ], [ 106.9595471, 11.1011483 ], [ 106.959564, 11.1012882 ], [ 106.9595725, 11.1014288 ], [ 106.9595725, 11.1015696 ], [ 106.959564, 11.1017102 ], [ 106.9595498, 11.1018606 ], [ 106.9595325, 11.1019993 ], [ 106.959513, 11.1021152 ], [ 106.9594896, 11.1022299 ], [ 106.9594598, 11.102348 ], [ 106.959421, 11.1024636 ], [ 106.9593735, 11.1025761 ], [ 106.9593176, 11.1026847 ], [ 106.9592535, 11.1027889 ], [ 106.9591886, 11.1028792 ], [ 106.9591175, 11.102965 ], [ 106.9590191, 11.103088 ], [ 106.9588224, 11.1032986 ], [ 106.9585991, 11.1035469 ], [ 106.9583853, 11.1037755 ], [ 106.9581671, 11.1040001 ], [ 106.9579661, 11.1041996 ], [ 106.9578436, 11.1043427 ], [ 106.9577492, 11.1044697 ], [ 106.9576619, 11.1046015 ], [ 106.9575817, 11.1047376 ], [ 106.957509, 11.1048777 ], [ 106.957444, 11.1050214 ], [ 106.9573867, 11.1051682 ], [ 106.9573374, 11.1053182 ], [ 106.9572962, 11.1054705 ], [ 106.9572633, 11.1056247 ], [ 106.9572387, 11.1057805 ], [ 106.9572227, 11.1059372 ], [ 106.9572151, 11.1060947 ], [ 106.9572371, 11.1062295 ], [ 106.9572673, 11.1063628 ], [ 106.9573057, 11.106494 ], [ 106.957352, 11.1066228 ], [ 106.9574061, 11.1067486 ], [ 106.9574678, 11.106871 ], [ 106.9575369, 11.1069895 ], [ 106.9576188, 11.1071117 ], [ 106.9577085, 11.1072284 ], [ 106.9578057, 11.1073392 ], [ 106.9579099, 11.1074436 ], [ 106.9580207, 11.1075413 ], [ 106.9581377, 11.1076317 ], [ 106.9583027, 11.107714 ], [ 106.9584717, 11.1077881 ], [ 106.9586441, 11.1078539 ], [ 106.9588197, 11.1079113 ], [ 106.958998, 11.1079601 ], [ 106.9591784, 11.1080002 ], [ 106.9593606, 11.1080315 ], [ 106.959544, 11.1080539 ], [ 106.9597284, 11.1080674 ], [ 106.9599132, 11.1080719 ], [ 106.960098, 11.1080675 ], [ 106.9602824, 11.1080541 ], [ 106.960482, 11.1080213 ], [ 106.9606907, 11.1079675 ], [ 106.9609179, 11.1079117 ], [ 106.9611471, 11.1078644 ], [ 106.9613779, 11.1078258 ], [ 106.9616101, 11.1077958 ], [ 106.9618433, 11.1077745 ], [ 106.9620771, 11.1077619 ], [ 106.9623113, 11.1077581 ], [ 106.9625576, 11.1077635 ], [ 106.9628035, 11.1077786 ], [ 106.9652578, 11.1080402 ], [ 106.9653558, 11.1082803 ], [ 106.9654573, 11.1085416 ], [ 106.9655514, 11.1088056 ], [ 106.9656472, 11.1091016 ], [ 106.9657177, 11.1093478 ], [ 106.9657555, 11.1095875 ], [ 106.9657686, 11.1097754 ], [ 106.965773, 11.1099636 ], [ 106.9657686, 11.1101519 ], [ 106.9657555, 11.1103398 ], [ 106.9657338, 11.1105269 ], [ 106.9657031, 11.110714 ], [ 106.9656638, 11.1108996 ], [ 106.9656158, 11.1110832 ], [ 106.9655593, 11.1112645 ], [ 106.9654945, 11.1114431 ], [ 106.9654214, 11.1116185 ], [ 106.9653401, 11.1117905 ], [ 106.965208, 11.1119902 ], [ 106.9649958, 11.112285 ], [ 106.9647479, 11.1126167 ], [ 106.9645075, 11.1129536 ], [ 106.9642746, 11.1132957 ], [ 106.9640631, 11.1136211 ], [ 106.9638584, 11.1139508 ], [ 106.9636607, 11.1142845 ], [ 106.9634914, 11.1145958 ], [ 106.9633184, 11.1149165 ], [ 106.9631753, 11.1152148 ], [ 106.9630408, 11.115517 ], [ 106.9629415, 11.1157561 ], [ 106.9628476, 11.1159973 ], [ 106.9627591, 11.1162405 ], [ 106.962676, 11.1164855 ], [ 106.9626012, 11.1166027 ], [ 106.9625195, 11.1167153 ], [ 106.9624312, 11.116823 ], [ 106.9623367, 11.1169255 ], [ 106.9622362, 11.1170224 ], [ 106.96213, 11.1171134 ], [ 106.9620186, 11.1171981 ], [ 106.9619023, 11.1172763 ], [ 106.9617816, 11.1173476 ], [ 106.9616568, 11.1174119 ], [ 106.9614, 11.1175464 ], [ 106.961147, 11.1176876 ], [ 106.9608979, 11.1178354 ], [ 106.960653, 11.1179897 ], [ 106.9604124, 11.1181503 ], [ 106.9601762, 11.1183173 ], [ 106.9599175, 11.1185115 ], [ 106.9596648, 11.1187132 ], [ 106.9594183, 11.1189222 ], [ 106.9591784, 11.1191384 ], [ 106.9589998, 11.1193297 ], [ 106.9588277, 11.1195266 ], [ 106.9586623, 11.1197289 ], [ 106.9585038, 11.1199365 ], [ 106.9583523, 11.1201491 ], [ 106.9582226, 11.1203438 ], [ 106.9580989, 11.1205421 ], [ 106.9579811, 11.120744 ], [ 106.9578695, 11.1209492 ], [ 106.9576617, 11.1213101 ], [ 106.9574601, 11.1216743 ], [ 106.9572647, 11.1220418 ], [ 106.9570756, 11.1224125 ], [ 106.9568764, 11.1228206 ], [ 106.9566847, 11.1232321 ], [ 106.9565008, 11.1236471 ], [ 106.956346, 11.1240547 ], [ 106.9562067, 11.1244884 ], [ 106.9560816, 11.1249095 ], [ 106.9559491, 11.1253285 ], [ 106.9557926, 11.1257932 ], [ 106.9556272, 11.1262549 ], [ 106.9555499, 11.1264188 ], [ 106.9554649, 11.126579 ], [ 106.9553724, 11.1267351 ], [ 106.9552727, 11.1268869 ], [ 106.9551659, 11.1270339 ], [ 106.9550609, 11.1271656 ], [ 106.9549503, 11.1272927 ], [ 106.9548342, 11.127415 ], [ 106.9547128, 11.1275324 ], [ 106.9545865, 11.1276445 ], [ 106.9544386, 11.12777 ], [ 106.9542944, 11.1278996 ], [ 106.9541541, 11.1280332 ], [ 106.9540179, 11.1281708 ], [ 106.9538853, 11.1283128 ], [ 106.953757, 11.1284584 ], [ 106.9536331, 11.1286076 ], [ 106.9535136, 11.1287604 ], [ 106.9534532, 11.128859 ], [ 106.9534007, 11.1289618 ], [ 106.9533565, 11.1290684 ], [ 106.9533209, 11.129178 ], [ 106.9532939, 11.1292899 ], [ 106.9532759, 11.1294036 ], [ 106.9532668, 11.1295183 ], [ 106.9532666, 11.1296256 ], [ 106.9532742, 11.1297327 ], [ 106.9532897, 11.1298389 ], [ 106.9533129, 11.1299437 ], [ 106.9533438, 11.1300467 ], [ 106.9533821, 11.1301472 ], [ 106.9534278, 11.1302447 ], [ 106.9534954, 11.1303649 ], [ 106.9535692, 11.1304817 ], [ 106.9536489, 11.1305947 ], [ 106.9537343, 11.1307035 ], [ 106.9538252, 11.130808 ], [ 106.9539213, 11.1309079 ], [ 106.9540332, 11.1310123 ], [ 106.9541508, 11.1311105 ], [ 106.9542738, 11.1312021 ], [ 106.9544018, 11.1312869 ], [ 106.9545344, 11.1313645 ], [ 106.9546712, 11.1314347 ], [ 106.9548118, 11.1314974 ], [ 106.955004, 11.1316277 ], [ 106.9551906, 11.1317658 ], [ 106.9553711, 11.1319113 ], [ 106.9555454, 11.1320641 ], [ 106.955713, 11.1322238 ], [ 106.9558743, 11.1323907 ], [ 106.9560284, 11.1325641 ], [ 106.956175, 11.1327437 ], [ 106.9563138, 11.1329291 ], [ 106.9564043, 11.1330892 ], [ 106.9564882, 11.1332527 ], [ 106.9565656, 11.1334193 ], [ 106.9566362, 11.1335887 ], [ 106.9567001, 11.1337607 ], [ 106.9567573, 11.133936 ], [ 106.9568075, 11.1341135 ], [ 106.9568504, 11.1342927 ], [ 106.9568862, 11.1344735 ], [ 106.9569147, 11.1346555 ], [ 106.9569418, 11.1348012 ], [ 106.956961, 11.1349482 ], [ 106.9569722, 11.1350959 ], [ 106.9569754, 11.135244 ], [ 106.9569705, 11.1353921 ], [ 106.9569576, 11.1355397 ], [ 106.9569357, 11.1356922 ], [ 106.9569052, 11.1358432 ], [ 106.9568663, 11.1359924 ], [ 106.9568191, 11.1361392 ], [ 106.9567636, 11.1362832 ], [ 106.9567001, 11.136424 ], [ 106.9566382, 11.1365512 ], [ 106.9565685, 11.1366744 ], [ 106.9564913, 11.1367932 ], [ 106.9564068, 11.1369071 ], [ 106.9563153, 11.1370158 ], [ 106.9562173, 11.1371188 ], [ 106.9561111, 11.1372173 ], [ 106.9559989, 11.1373091 ], [ 106.955881, 11.1373939 ], [ 106.955758, 11.1374714 ], [ 106.9556303, 11.1375412 ], [ 106.9554984, 11.137603 ], [ 106.9553536, 11.1376808 ], [ 106.955213, 11.1377657 ], [ 106.9550768, 11.1378575 ], [ 106.9549456, 11.1379559 ], [ 106.9548196, 11.1380606 ], [ 106.9546991, 11.1381714 ], [ 106.9545902, 11.138282 ], [ 106.9544867, 11.1383976 ], [ 106.954389, 11.138518 ], [ 106.9542973, 11.1386427 ], [ 106.9542118, 11.1387717 ], [ 106.9541326, 11.1389045 ], [ 106.9540703, 11.1390437 ], [ 106.9540141, 11.1391854 ], [ 106.9539642, 11.1393294 ], [ 106.9539355, 11.1394771 ], [ 106.9539147, 11.1396262 ], [ 106.9539018, 11.139776 ], [ 106.9538969, 11.1399264 ], [ 106.9538998, 11.1400768 ], [ 106.9539119, 11.1402375 ], [ 106.953933, 11.1403972 ], [ 106.9539631, 11.1405556 ], [ 106.9540022, 11.1407121 ], [ 106.9540501, 11.1408663 ], [ 106.954085, 11.1409812 ], [ 106.9541287, 11.1410932 ], [ 106.954181, 11.1412016 ], [ 106.9542414, 11.1413058 ], [ 106.9543098, 11.1414052 ], [ 106.9543856, 11.1414992 ], [ 106.9544685, 11.1415873 ], [ 106.9545559, 11.1416673 ], [ 106.9546491, 11.1417407 ], [ 106.9547476, 11.1418071 ], [ 106.9548508, 11.1418662 ], [ 106.9549583, 11.1419176 ], [ 106.9550693, 11.141961 ], [ 106.9553548, 11.1420102 ], [ 106.9556414, 11.1420529 ], [ 106.955929, 11.1420892 ], [ 106.9562173, 11.1421189 ], [ 106.9565653, 11.1421461 ], [ 106.9569139, 11.1421639 ], [ 106.9572629, 11.1421721 ], [ 106.957612, 11.1421709 ], [ 106.9579609, 11.1421602 ], [ 106.9583094, 11.14214 ], [ 106.9585738, 11.1421001 ], [ 106.9588394, 11.1420691 ], [ 106.9591059, 11.142047 ], [ 106.9593731, 11.1420339 ], [ 106.9596406, 11.1420298 ], [ 106.959908, 11.1420347 ], [ 106.9601805, 11.142049 ], [ 106.9604524, 11.1420726 ], [ 106.9607232, 11.1421054 ], [ 106.9615388, 11.1421716 ], [ 106.9622575, 11.142226 ], [ 106.9629067, 11.142261 ], [ 106.9632156, 11.1422814 ], [ 106.9634545, 11.1422931 ], [ 106.9636929, 11.1423121 ], [ 106.9639306, 11.1423382 ], [ 106.9641673, 11.1423716 ], [ 106.9644085, 11.1424131 ], [ 106.9646482, 11.1424621 ], [ 106.9648862, 11.1425184 ], [ 106.9651222, 11.1425821 ], [ 106.9652681, 11.1426587 ], [ 106.9654091, 11.1427436 ], [ 106.9655448, 11.1428366 ], [ 106.9656746, 11.1429372 ], [ 106.9657981, 11.1430453 ], [ 106.9659107, 11.1431559 ], [ 106.9660167, 11.1432727 ], [ 106.9661157, 11.1433952 ], [ 106.9662075, 11.143523 ], [ 106.9662917, 11.1436558 ], [ 106.9663665, 11.143785 ], [ 106.9664345, 11.1439177 ], [ 106.9664954, 11.1440537 ], [ 106.9665491, 11.1441927 ], [ 106.9665919, 11.1443222 ], [ 106.9666284, 11.1444536 ], [ 106.9666585, 11.1445865 ], [ 106.9666822, 11.1447207 ], [ 106.966694, 11.1448769 ], [ 106.9666766, 11.1450103 ], [ 106.9666476, 11.1451637 ], [ 106.9666122, 11.1453158 ], [ 106.9665706, 11.1454664 ], [ 106.9665193, 11.1456254 ], [ 106.9664609, 11.1457822 ], [ 106.9663958, 11.1459363 ], [ 106.9663131, 11.1461138 ], [ 106.9662479, 11.1462978 ], [ 106.9661778, 11.1465102 ], [ 106.9661137, 11.1467243 ], [ 106.9660556, 11.1469401 ], [ 106.9659991, 11.1471774 ], [ 106.9659498, 11.1474164 ], [ 106.9659078, 11.1476566 ], [ 106.9658732, 11.147898 ], [ 106.9658567, 11.1480384 ], [ 106.9658308, 11.1481775 ], [ 106.9657958, 11.1483146 ], [ 106.9657517, 11.1484492 ], [ 106.9656987, 11.1485807 ], [ 106.9656372, 11.1487085 ], [ 106.9655685, 11.1488302 ], [ 106.9654919, 11.1489473 ], [ 106.9654079, 11.1490593 ], [ 106.9653167, 11.1491658 ], [ 106.9652188, 11.1492664 ], [ 106.9651027, 11.1493714 ], [ 106.964982, 11.1494711 ], [ 106.9648568, 11.1495654 ], [ 106.9647274, 11.1496541 ], [ 106.9645941, 11.1497369 ], [ 106.964457, 11.1498138 ], [ 106.9643092, 11.149888 ], [ 106.964158, 11.1499552 ], [ 106.9640037, 11.1500154 ], [ 106.9638466, 11.1500682 ], [ 106.9636872, 11.1501137 ], [ 106.9635258, 11.1501517 ], [ 106.9633627, 11.1501822 ], [ 106.9626888, 11.1503457 ], [ 106.9620135, 11.1505038 ], [ 106.9613369, 11.1506563 ], [ 106.960659, 11.1508033 ], [ 106.9599623, 11.1509483 ], [ 106.9592643, 11.1510875 ], [ 106.959002, 11.1511542 ], [ 106.9587418, 11.1512287 ], [ 106.9584841, 11.1513109 ], [ 106.958229, 11.1514007 ], [ 106.9579768, 11.151498 ], [ 106.9577454, 11.151595 ], [ 106.9575169, 11.1516983 ], [ 106.9572914, 11.1518079 ], [ 106.9570691, 11.1519236 ], [ 106.9568503, 11.1520454 ], [ 106.9567247, 11.152117 ], [ 106.9566023, 11.1521936 ], [ 106.9564831, 11.152275 ], [ 106.9563675, 11.1523611 ], [ 106.9562299, 11.1524736 ], [ 106.9560984, 11.1525928 ], [ 106.9559731, 11.1527183 ], [ 106.9558543, 11.1528498 ], [ 106.9557425, 11.152987 ], [ 106.9556728, 11.1530953 ], [ 106.9556299, 11.1532059 ], [ 106.9555851, 11.1533969 ], [ 106.9555394, 11.1536655 ], [ 106.9555008, 11.1539351 ], [ 106.9554692, 11.1542057 ], [ 106.9554448, 11.1544769 ], [ 106.9554268, 11.1547629 ], [ 106.9554167, 11.1550493 ], [ 106.9554146, 11.1553358 ], [ 106.9554204, 11.1556223 ], [ 106.9554502, 11.1558769 ], [ 106.9554955, 11.1561272 ], [ 106.9555488, 11.1563479 ], [ 106.9555941, 11.1565704 ], [ 106.9556312, 11.1567943 ], [ 106.9556601, 11.1570193 ], [ 106.9556808, 11.1572453 ], [ 106.955694, 11.1574917 ], [ 106.9556973, 11.1577384 ], [ 106.9556909, 11.1579851 ], [ 106.9556746, 11.1582314 ], [ 106.9556486, 11.1584768 ], [ 106.9555931, 11.1587265 ], [ 106.955531, 11.1589746 ], [ 106.9554623, 11.1592211 ], [ 106.955387, 11.1594657 ], [ 106.9553053, 11.1597084 ], [ 106.9552154, 11.1599536 ], [ 106.9551189, 11.1601963 ], [ 106.9550158, 11.1604365 ], [ 106.9549063, 11.1606739 ], [ 106.954785, 11.160961 ], [ 106.9546757, 11.1612195 ], [ 106.9545552, 11.1615286 ], [ 106.9544289, 11.1618354 ], [ 106.9542968, 11.1621399 ], [ 106.9541462, 11.1624693 ], [ 106.9539888, 11.1627956 ], [ 106.9538247, 11.1631188 ], [ 106.9537266, 11.1632536 ], [ 106.9536216, 11.1633834 ], [ 106.9535099, 11.1635078 ], [ 106.9533919, 11.1636264 ], [ 106.9532678, 11.1637389 ], [ 106.9531381, 11.163845 ], [ 106.9529974, 11.1639485 ], [ 106.9528513, 11.1640444 ], [ 106.9527002, 11.1641325 ], [ 106.9525445, 11.1642127 ], [ 106.9523847, 11.1642846 ], [ 106.9522212, 11.1643481 ], [ 106.9520545, 11.1644029 ], [ 106.951388, 11.1647001 ], [ 106.9507241, 11.1650029 ], [ 106.9499983, 11.1653416 ], [ 106.9492757, 11.1656871 ], [ 106.9490676, 11.1657749 ], [ 106.9488566, 11.1658558 ], [ 106.9486429, 11.1659297 ], [ 106.9484268, 11.1659964 ], [ 106.9482085, 11.1660559 ], [ 106.9479883, 11.1661081 ], [ 106.9477759, 11.1661512 ], [ 106.9475621, 11.1661875 ], [ 106.9473473, 11.166217 ], [ 106.9471317, 11.1662397 ], [ 106.9469154, 11.1662554 ], [ 106.9465792, 11.1662577 ], [ 106.946243, 11.1662542 ], [ 106.9459069, 11.1662449 ], [ 106.9456098, 11.1662319 ], [ 106.9453129, 11.1662143 ], [ 106.9451196, 11.1662081 ], [ 106.9449453, 11.1662199 ], [ 106.9447321, 11.1662617 ], [ 106.9444494, 11.1663375 ], [ 106.9441686, 11.1664197 ], [ 106.9438898, 11.1665081 ], [ 106.9435851, 11.1666127 ], [ 106.9432831, 11.1667248 ], [ 106.9423298, 11.1670552 ], [ 106.9422148, 11.1670981 ], [ 106.9421029, 11.1671481 ], [ 106.9419945, 11.1672051 ], [ 106.94189, 11.1672688 ], [ 106.94179, 11.167339 ], [ 106.9416947, 11.1674153 ], [ 106.9416046, 11.1674975 ], [ 106.9415188, 11.1675866 ], [ 106.941439, 11.1676811 ], [ 106.9413658, 11.1677805 ], [ 106.9412993, 11.1678843 ], [ 106.9412398, 11.1679922 ], [ 106.9411845, 11.1681108 ], [ 106.9411374, 11.1682327 ], [ 106.9410986, 11.1683575 ], [ 106.9410683, 11.1684845 ], [ 106.9410467, 11.1686132 ], [ 106.9410348, 11.1687288 ], [ 106.94103, 11.1688449 ], [ 106.9410321, 11.1689611 ], [ 106.9410413, 11.169077 ], [ 106.9410574, 11.1691921 ], [ 106.9410825, 11.169282 ], [ 106.9411144, 11.1693698 ], [ 106.9411529, 11.169455 ], [ 106.9411979, 11.1695372 ], [ 106.941249, 11.1696157 ], [ 106.941306, 11.1696903 ], [ 106.9413686, 11.1697605 ], [ 106.9414274, 11.1698178 ], [ 106.94149, 11.1698712 ], [ 106.9415559, 11.1699204 ], [ 106.9416251, 11.1699653 ], [ 106.9418752, 11.1701776 ], [ 106.9421188, 11.1703971 ], [ 106.9423556, 11.1706236 ], [ 106.9425365, 11.170806 ], [ 106.9427129, 11.1709926 ], [ 106.9428849, 11.1711831 ], [ 106.9434178, 11.1717393 ], [ 106.9440749, 11.1724155 ], [ 106.9447374, 11.1730866 ], [ 106.9448716, 11.1732404 ], [ 106.944999, 11.1733998 ], [ 106.9451194, 11.1735643 ], [ 106.9452325, 11.1737336 ], [ 106.9453382, 11.1739075 ], [ 106.9454287, 11.1740712 ], [ 106.9455126, 11.1742382 ], [ 106.9455898, 11.1744083 ], [ 106.9456601, 11.1745812 ], [ 106.9457066, 11.1747662 ], [ 106.9457472, 11.1749525 ], [ 106.9457817, 11.17514 ], [ 106.9458103, 11.1753285 ], [ 106.945833, 11.1755198 ], [ 106.9458496, 11.1757118 ], [ 106.9458599, 11.1759042 ], [ 106.945864, 11.1760968 ], [ 106.9458557, 11.1762245 ], [ 106.9458374, 11.1763512 ], [ 106.9458094, 11.1764761 ], [ 106.9457716, 11.1765986 ], [ 106.9457245, 11.1767178 ], [ 106.9456682, 11.176833 ], [ 106.9456032, 11.1769437 ], [ 106.9455297, 11.1770492 ], [ 106.9454482, 11.1771488 ], [ 106.9453592, 11.177242 ], [ 106.9452631, 11.1773283 ], [ 106.9451259, 11.1773875 ], [ 106.9449859, 11.1774399 ], [ 106.9448435, 11.1774856 ], [ 106.9446989, 11.1775244 ], [ 106.9445526, 11.1775562 ], [ 106.9444048, 11.1775809 ], [ 106.9442588, 11.1775982 ], [ 106.944112, 11.1776086 ], [ 106.9439649, 11.1776121 ], [ 106.9438179, 11.1776086 ], [ 106.9436711, 11.1775982 ], [ 106.9435251, 11.1775809 ], [ 106.9433868, 11.1775377 ], [ 106.9432465, 11.1775012 ], [ 106.9431045, 11.1774717 ], [ 106.9429612, 11.1774491 ], [ 106.942817, 11.1774336 ], [ 106.9426536, 11.1774245 ], [ 106.9424899, 11.1774244 ], [ 106.9423265, 11.1774334 ], [ 106.9421639, 11.1774513 ], [ 106.9420025, 11.1774782 ], [ 106.9417748, 11.177562 ], [ 106.9415507, 11.1776548 ], [ 106.9413306, 11.1777564 ], [ 106.9411149, 11.1778666 ], [ 106.9409039, 11.1779854 ], [ 106.940698, 11.1781124 ], [ 106.9405928, 11.1781819 ], [ 106.940489, 11.1782535 ], [ 106.9402856, 11.1784022 ], [ 106.9400879, 11.1785582 ], [ 106.9398962, 11.1787213 ], [ 106.939711, 11.1788913 ], [ 106.9395353, 11.1790649 ], [ 106.9393662, 11.1792447 ], [ 106.9392039, 11.1794305 ], [ 106.9390487, 11.179622 ], [ 106.9389007, 11.1798189 ], [ 106.9387227, 11.180042 ], [ 106.9385737, 11.1802491 ], [ 106.9384124, 11.1804643 ], [ 106.9382691, 11.1806643 ], [ 106.9381011, 11.1808908 ], [ 106.9379407, 11.1811227 ], [ 106.9377867, 11.1813619 ], [ 106.9376409, 11.1816059 ], [ 106.9375035, 11.1818546 ], [ 106.9373745, 11.1821076 ], [ 106.9373077, 11.1822515 ], [ 106.9372353, 11.1824436 ], [ 106.9371512, 11.1827249 ], [ 106.9370404, 11.1830828 ], [ 106.9369215, 11.1834382 ], [ 106.936803, 11.1837683 ], [ 106.9366777, 11.184096 ], [ 106.9365455, 11.184421 ], [ 106.9364065, 11.1847433 ], [ 106.9362639, 11.1850261 ], [ 106.9361162, 11.1853064 ], [ 106.9359635, 11.185584 ], [ 106.9358057, 11.185859 ], [ 106.9356072, 11.1861892 ], [ 106.9354016, 11.1865152 ], [ 106.9351887, 11.1868366 ], [ 106.9349688, 11.1871535 ], [ 106.9348168, 11.1873737 ], [ 106.9346581, 11.1875893 ], [ 106.9344927, 11.1878 ], [ 106.9343209, 11.1880056 ], [ 106.9341427, 11.188206 ], [ 106.9339831, 11.1883756 ], [ 106.9338189, 11.1885409 ], [ 106.9336504, 11.188702 ], [ 106.9335097, 11.1888375 ], [ 106.9333631, 11.1889692 ], [ 106.9332367, 11.1890464 ], [ 106.9331201, 11.1891318 ], [ 106.9329979, 11.1892092 ], [ 106.9328706, 11.1892783 ], [ 106.9327388, 11.1893386 ], [ 106.9326031, 11.1893901 ], [ 106.932502, 11.1894218 ], [ 106.9323995, 11.1894486 ], [ 106.9322474, 11.1894809 ], [ 106.9319862, 11.1895427 ], [ 106.9317351, 11.1895953 ], [ 106.9314829, 11.1896426 ], [ 106.9312298, 11.1896848 ], [ 106.9309451, 11.1897407 ], [ 106.9306586, 11.1897877 ], [ 106.9303708, 11.1898256 ], [ 106.9300819, 11.1898545 ], [ 106.9297922, 11.1898742 ], [ 106.929529, 11.1898842 ], [ 106.9292657, 11.1898867 ], [ 106.9290024, 11.1898817 ], [ 106.9287394, 11.1898692 ], [ 106.9285144, 11.1898544 ], [ 106.9282955, 11.18984 ], [ 106.9279089, 11.1898097 ], [ 106.927757, 11.1897896 ], [ 106.9276067, 11.1897602 ], [ 106.9274586, 11.1897216 ], [ 106.9273233, 11.1896776 ], [ 106.9271908, 11.1896258 ], [ 106.9270616, 11.1895665 ], [ 106.9269361, 11.1895 ], [ 106.9268149, 11.1894263 ], [ 106.9266553, 11.189309 ], [ 106.9264947, 11.1891907 ], [ 106.9262957, 11.18903 ], [ 106.9261014, 11.1888638 ], [ 106.9258992, 11.1886805 ], [ 106.9257028, 11.1884914 ], [ 106.9255121, 11.1882965 ], [ 106.9253276, 11.1880961 ], [ 106.9251492, 11.1878904 ], [ 106.9249772, 11.1876795 ], [ 106.9248118, 11.1874636 ], [ 106.9246799, 11.1872693 ], [ 106.9245931, 11.1871644 ], [ 106.924526, 11.1870915 ], [ 106.9244525, 11.1870249 ], [ 106.924373, 11.1869653 ], [ 106.9242882, 11.186913 ], [ 106.9241989, 11.1868687 ], [ 106.9241059, 11.1868325 ], [ 106.924007, 11.1868042 ], [ 106.9239058, 11.1867852 ], [ 106.9238033, 11.1867757 ], [ 106.9237003, 11.1867757 ], [ 106.9235978, 11.1867852 ], [ 106.9234966, 11.1868042 ], [ 106.9233602, 11.1868509 ], [ 106.923212, 11.1869157 ], [ 106.92303, 11.1870067 ], [ 106.9228522, 11.1871054 ], [ 106.9226789, 11.1872114 ], [ 106.9225361, 11.1873068 ], [ 106.9223969, 11.1874073 ], [ 106.9222615, 11.1875127 ], [ 106.9221302, 11.1876229 ], [ 106.922003, 11.1877377 ], [ 106.9219206, 11.1878125 ], [ 106.9218445, 11.1878936 ], [ 106.9217754, 11.1879805 ], [ 106.9217137, 11.1880725 ], [ 106.9216597, 11.1881692 ], [ 106.9216179, 11.1882599 ], [ 106.921583, 11.1883533 ], [ 106.9215551, 11.188449 ], [ 106.9215304, 11.188536 ], [ 106.9215129, 11.1886215 ], [ 106.9214881, 11.1887445 ], [ 106.9214411, 11.1889719 ], [ 106.9214156, 11.189148 ], [ 106.92139, 11.1893423 ], [ 106.9213781, 11.1894795 ], [ 106.92137, 11.1896216 ], [ 106.9213532, 11.1899101 ], [ 106.9213556, 11.1901251 ], [ 106.9213502, 11.1903401 ], [ 106.9213371, 11.1905548 ], [ 106.9213164, 11.1907688 ], [ 106.9212909, 11.1909625 ], [ 106.9212591, 11.1911552 ], [ 106.9212211, 11.1913468 ], [ 106.9211769, 11.1915372 ], [ 106.9211262, 11.191662 ], [ 106.9210686, 11.1917839 ], [ 106.9210042, 11.1919025 ], [ 106.9209333, 11.1920175 ], [ 106.920856, 11.1921284 ], [ 106.9207726, 11.1922351 ], [ 106.9206834, 11.192337 ], [ 106.9205864, 11.1924361 ], [ 106.9204838, 11.1925297 ], [ 106.9203761, 11.1926175 ], [ 106.9202635, 11.1926992 ], [ 106.9201464, 11.1927746 ], [ 106.9200252, 11.1928434 ], [ 106.9198787, 11.1929054 ], [ 106.9197461, 11.1929463 ], [ 106.9195903, 11.19298 ], [ 106.919433, 11.1930065 ], [ 106.9192747, 11.1930258 ], [ 106.9191155, 11.1930377 ], [ 106.918956, 11.1930422 ], [ 106.9187938, 11.1930393 ], [ 106.9186319, 11.1930287 ], [ 106.9184707, 11.1930106 ], [ 106.9183106, 11.1929849 ], [ 106.9181519, 11.1929517 ], [ 106.917995, 11.1929112 ], [ 106.9178402, 11.1928633 ], [ 106.9176027, 11.1928323 ], [ 106.9173641, 11.1928097 ], [ 106.9171249, 11.1927955 ], [ 106.9168854, 11.1927896 ], [ 106.9166406, 11.1927923 ], [ 106.916396, 11.1928037 ], [ 106.9161521, 11.1928239 ], [ 106.915909, 11.1928527 ], [ 106.9155983, 11.1928981 ], [ 106.9152889, 11.1929519 ], [ 106.9149811, 11.1930139 ], [ 106.9146752, 11.1930843 ], [ 106.9144528, 11.1931515 ], [ 106.9142346, 11.1932164 ], [ 106.9140556, 11.1932579 ], [ 106.9138679, 11.193279 ], [ 106.913674, 11.193284 ], [ 106.9134241, 11.1932664 ], [ 106.9131749, 11.1932419 ], [ 106.9129264, 11.1932106 ], [ 106.9126459, 11.1931668 ], [ 106.912367, 11.1931144 ], [ 106.9120899, 11.1930533 ], [ 106.911815, 11.1929836 ], [ 106.9115424, 11.1929133 ], [ 106.9111825, 11.1928106 ], [ 106.9108247, 11.1927088 ], [ 106.9104689, 11.1926 ], [ 106.9101155, 11.1924844 ], [ 106.9097987, 11.1923742 ], [ 106.9094839, 11.1922584 ], [ 106.9091713, 11.1921371 ], [ 106.909027, 11.192092 ], [ 106.9088803, 11.1920546 ], [ 106.9087318, 11.192025 ], [ 106.9085819, 11.1920034 ], [ 106.908431, 11.1919897 ], [ 106.9082697, 11.191984 ], [ 106.9081083, 11.1919873 ], [ 106.9079473, 11.1919998 ], [ 106.9077873, 11.1920213 ], [ 106.9076386, 11.1920652 ], [ 106.907492, 11.1921157 ], [ 106.907348, 11.1921726 ], [ 106.9072067, 11.1922359 ], [ 106.9070685, 11.1923055 ], [ 106.9069094, 11.1923955 ], [ 106.9067555, 11.1924939 ], [ 106.9066071, 11.1926002 ], [ 106.9064935, 11.1927092 ], [ 106.906386, 11.1928241 ], [ 106.9062848, 11.1929444 ], [ 106.9061904, 11.1930699 ], [ 106.9061029, 11.1932001 ], [ 106.9060175, 11.1933437 ], [ 106.9059406, 11.1934919 ], [ 106.9058725, 11.1936442 ], [ 106.9058159, 11.1937763 ], [ 106.905757, 11.1939213 ], [ 106.9057095, 11.1940461 ], [ 106.9056708, 11.1941738 ], [ 106.9056411, 11.1943038 ], [ 106.9056206, 11.1944355 ], [ 106.9056094, 11.1945683 ], [ 106.9056073, 11.194696 ], [ 106.9056139, 11.1948235 ], [ 106.905629, 11.1949504 ], [ 106.9056525, 11.1950654 ], [ 106.9056737, 11.1951945 ], [ 106.9057002, 11.1953324 ], [ 106.905724, 11.1954638 ], [ 106.905756, 11.1955935 ], [ 106.9057959, 11.1957211 ], [ 106.9058437, 11.1958461 ], [ 106.905899, 11.1959681 ], [ 106.9059561, 11.1960763 ], [ 106.9060191, 11.1961812 ], [ 106.906088, 11.1962825 ], [ 106.9061625, 11.19638 ], [ 106.9062424, 11.1964732 ], [ 106.9063761, 11.1965952 ], [ 106.9065031, 11.1967237 ], [ 106.9066232, 11.1968586 ], [ 106.9067359, 11.1969995 ], [ 106.9068386, 11.1971424 ], [ 106.9069338, 11.1972903 ], [ 106.9070213, 11.1974428 ], [ 106.9071007, 11.1975994 ], [ 106.9071796, 11.1977792 ], [ 106.9072507, 11.1979622 ], [ 106.9073138, 11.1981479 ], [ 106.9073689, 11.1983361 ], [ 106.9074168, 11.198531 ], [ 106.9074561, 11.1987278 ], [ 106.9074866, 11.1989261 ], [ 106.9075084, 11.1991254 ], [ 106.9075391, 11.1993458 ], [ 106.9075641, 11.1995669 ], [ 106.9075835, 11.1997885 ], [ 106.9075999, 11.2000724 ], [ 106.9076071, 11.2003566 ], [ 106.9076049, 11.200641 ], [ 106.9075869, 11.2008787 ], [ 106.907563, 11.2011159 ], [ 106.9075333, 11.2013524 ], [ 106.9074976, 11.2015882 ], [ 106.9074457, 11.2018776 ], [ 106.9073848, 11.2021653 ], [ 106.9073152, 11.2024512 ], [ 106.9072499, 11.2026649 ], [ 106.9071779, 11.2028766 ], [ 106.9070996, 11.2030861 ], [ 106.9070148, 11.2032931 ], [ 106.9069212, 11.2035031 ], [ 106.9068211, 11.2037102 ], [ 106.9067144, 11.2039141 ], [ 106.9066383, 11.2040417 ], [ 106.9065549, 11.2041648 ], [ 106.9064645, 11.204283 ], [ 106.9063674, 11.2043961 ], [ 106.9062638, 11.2045034 ], [ 106.906147, 11.2046111 ], [ 106.9060238, 11.2047115 ], [ 106.9058946, 11.2048045 ], [ 106.9057598, 11.2048896 ], [ 106.9056201, 11.2049665 ], [ 106.9054281, 11.2050638 ], [ 106.9052335, 11.2051559 ], [ 106.9050363, 11.2052428 ], [ 106.9048369, 11.2053243 ], [ 106.9046046, 11.2054115 ], [ 106.9043697, 11.2054915 ], [ 106.9041323, 11.2055642 ], [ 106.9038927, 11.2056295 ], [ 106.9037246, 11.2056776 ], [ 106.9035592, 11.2057341 ], [ 106.9033969, 11.2057988 ], [ 106.9032383, 11.2058716 ], [ 106.9030876, 11.2059501 ], [ 106.9029411, 11.2060359 ], [ 106.9027991, 11.2061287 ], [ 106.902662, 11.2062284 ], [ 106.9025302, 11.2063347 ], [ 106.9024196, 11.2064262 ], [ 106.9023136, 11.2065229 ], [ 106.9022125, 11.2066244 ], [ 106.9021163, 11.2067305 ], [ 106.9020255, 11.206841 ], [ 106.9019401, 11.2069556 ], [ 106.9018524, 11.2070866 ], [ 106.9017719, 11.2072219 ], [ 106.9016987, 11.2073612 ], [ 106.9016331, 11.2075041 ], [ 106.9015753, 11.2076502 ], [ 106.9015224, 11.2078106 ], [ 106.9014761, 11.207973 ], [ 106.9014365, 11.2081372 ], [ 106.9014037, 11.2083027 ], [ 106.9013738, 11.2084991 ], [ 106.9013534, 11.2086967 ], [ 106.9013427, 11.208895 ], [ 106.9013415, 11.2090936 ], [ 106.901342, 11.2092604 ], [ 106.9013467, 11.2094063 ], [ 106.9013513, 11.2095207 ], [ 106.901364, 11.2096344 ], [ 106.9013845, 11.209747 ], [ 106.9014128, 11.209858 ], [ 106.9014488, 11.2099668 ], [ 106.9014923, 11.210073 ], [ 106.9015431, 11.210176 ], [ 106.9016015, 11.2102761 ], [ 106.9016668, 11.2103721 ], [ 106.9017386, 11.2104634 ], [ 106.9018167, 11.2105496 ], [ 106.9019345, 11.2106252 ], [ 106.9020573, 11.2106928 ], [ 106.9021845, 11.2107518 ], [ 106.9023156, 11.2108022 ], [ 106.9024518, 11.2108441 ], [ 106.9025906, 11.2108766 ], [ 106.9027314, 11.2108995 ], [ 106.9029111, 11.2109232 ], [ 106.9032415, 11.2109393 ], [ 106.9036099, 11.2109604 ], [ 106.9039786, 11.2109758 ], [ 106.9043969, 11.2109866 ], [ 106.9048153, 11.2109902 ], [ 106.9052337, 11.2109865 ], [ 106.9056519, 11.2109757 ], [ 106.90607, 11.2109576 ], [ 106.9064876, 11.2109324 ], [ 106.9069047, 11.2109 ], [ 106.9070384, 11.2108879 ], [ 106.9071725, 11.210885 ], [ 106.9073066, 11.2108913 ], [ 106.9074399, 11.2109069 ], [ 106.9075717, 11.2109316 ], [ 106.9077015, 11.2109653 ], [ 106.9078258, 11.2110069 ], [ 106.9079469, 11.2110567 ], [ 106.9080642, 11.2111146 ], [ 106.9081772, 11.2111803 ], [ 106.9082854, 11.2112534 ], [ 106.9083881, 11.2113337 ], [ 106.9086028, 11.2115625 ], [ 106.9088103, 11.2117976 ], [ 106.9090104, 11.2120388 ], [ 106.9092004, 11.2122824 ], [ 106.9093828, 11.2125316 ], [ 106.9095576, 11.212786 ], [ 106.9096929, 11.2129333 ], [ 106.9098337, 11.2130755 ], [ 106.9099798, 11.2132125 ], [ 106.910131, 11.2133441 ], [ 106.9102871, 11.21347 ], [ 106.910447, 11.2135895 ], [ 106.9106114, 11.2137031 ], [ 106.9107799, 11.2138107 ], [ 106.9109523, 11.213912 ], [ 106.9111483, 11.213963 ], [ 106.9113461, 11.2140064 ], [ 106.9115455, 11.214042 ], [ 106.9117463, 11.2140699 ], [ 106.9119575, 11.2140907 ], [ 106.9121694, 11.2141029 ], [ 106.9123816, 11.2141065 ], [ 106.9125777, 11.2140936 ], [ 106.9127958, 11.2140656 ], [ 106.912999, 11.2140371 ], [ 106.9132031, 11.214016 ], [ 106.9134079, 11.2140024 ], [ 106.9136131, 11.2139962 ], [ 106.9138092, 11.2139973 ], [ 106.9140051, 11.2140053 ], [ 106.9142006, 11.21402 ], [ 106.9143954, 11.2140416 ], [ 106.9145894, 11.2140699 ], [ 106.9147217, 11.2141039 ], [ 106.9148517, 11.214146 ], [ 106.9149787, 11.2141959 ], [ 106.9151022, 11.2142534 ], [ 106.9152219, 11.2143185 ], [ 106.9153372, 11.2143907 ], [ 106.9154477, 11.2144698 ], [ 106.9155497, 11.2145527 ], [ 106.9156463, 11.2146415 ], [ 106.9157374, 11.2147358 ], [ 106.9158224, 11.2148353 ], [ 106.9159012, 11.2149398 ], [ 106.9159734, 11.2150486 ], [ 106.9161009, 11.2152512 ], [ 106.9162222, 11.2154574 ], [ 106.9163371, 11.2156671 ], [ 106.9164455, 11.21588 ], [ 106.9165569, 11.2161171 ], [ 106.9166602, 11.2163577 ], [ 106.9167554, 11.2166015 ], [ 106.9168424, 11.2168482 ], [ 106.9169586, 11.2171917 ], [ 106.9170838, 11.217532 ], [ 106.917218, 11.217869 ], [ 106.9173531, 11.2181847 ], [ 106.9174962, 11.2184969 ], [ 106.9176471, 11.2188057 ], [ 106.9177286, 11.2189709 ], [ 106.9178034, 11.2191391 ], [ 106.9178714, 11.2193101 ], [ 106.9179324, 11.2194836 ], [ 106.9179865, 11.2196593 ], [ 106.9180334, 11.219837 ], [ 106.9180728, 11.2200151 ], [ 106.9181051, 11.2201946 ], [ 106.9181303, 11.2203753 ], [ 106.9181481, 11.2205567 ], [ 106.9181588, 11.2207387 ], [ 106.9181621, 11.2209209 ], [ 106.9181769, 11.2211144 ], [ 106.9181832, 11.2213083 ], [ 106.9181811, 11.2215023 ], [ 106.9181704, 11.221696 ], [ 106.9181514, 11.2218891 ], [ 106.9181234, 11.2220841 ], [ 106.9180868, 11.2222778 ], [ 106.9180417, 11.2224697 ], [ 106.917988, 11.2226595 ], [ 106.9179261, 11.2228468 ], [ 106.9178775, 11.2229862 ], [ 106.9178209, 11.2231227 ], [ 106.9177563, 11.2232558 ], [ 106.917684, 11.2233849 ], [ 106.9176042, 11.2235098 ], [ 106.9175197, 11.2236267 ], [ 106.9174285, 11.2237388 ], [ 106.9173312, 11.2238457 ], [ 106.9172278, 11.2239471 ], [ 106.9171189, 11.2240426 ], [ 106.9170046, 11.2241319 ], [ 106.9168612, 11.2242359 ], [ 106.9164321, 11.224524 ], [ 106.91607, 11.2247831 ], [ 106.9158447, 11.2249357 ], [ 106.9156094, 11.22508 ], [ 106.9152858, 11.225273 ], [ 106.9149864, 11.2254356 ], [ 106.9148726, 11.2254953 ], [ 106.9147637, 11.2255633 ], [ 106.9146604, 11.2256391 ], [ 106.9145631, 11.2257223 ], [ 106.9144726, 11.2258126 ], [ 106.9143893, 11.2259092 ], [ 106.9143136, 11.2260118 ], [ 106.9142461, 11.2261196 ], [ 106.9141932, 11.2262193 ], [ 106.9141473, 11.2263222 ], [ 106.9141085, 11.2264279 ], [ 106.914077, 11.226536 ], [ 106.9140556, 11.2266537 ], [ 106.9140629, 11.2267613 ], [ 106.9140797, 11.226876 ], [ 106.9141033, 11.2269895 ], [ 106.9141336, 11.2271015 ], [ 106.9141705, 11.2272115 ], [ 106.9142139, 11.2273193 ], [ 106.914267, 11.227431 ], [ 106.9143271, 11.2275393 ], [ 106.914394, 11.2276437 ], [ 106.9144673, 11.2277438 ], [ 106.9145469, 11.2278392 ], [ 106.9146323, 11.2279297 ], [ 106.9147264, 11.2280479 ], [ 106.9148146, 11.2281704 ], [ 106.9148967, 11.228297 ], [ 106.9149725, 11.2284273 ], [ 106.9150418, 11.228561 ], [ 106.9151044, 11.2286979 ], [ 106.9151629, 11.2288448 ], [ 106.9152137, 11.2289944 ], [ 106.9152567, 11.2291463 ], [ 106.9152972, 11.2292817 ], [ 106.9153216, 11.2294135 ], [ 106.9153374, 11.2295384 ], [ 106.9153472, 11.2296226 ], [ 106.9153482, 11.2297074 ], [ 106.9153404, 11.2297918 ], [ 106.9153238, 11.229875 ], [ 106.9152987, 11.2299562 ], [ 106.9152653, 11.2300344 ], [ 106.9152214, 11.2301129 ], [ 106.9151691, 11.2301863 ], [ 106.9151091, 11.2302538 ], [ 106.915042, 11.2303146 ], [ 106.9149686, 11.2303679 ], [ 106.9148898, 11.2304132 ], [ 106.9147799, 11.2304502 ], [ 106.9146674, 11.2304788 ], [ 106.914553, 11.2304989 ], [ 106.9144374, 11.2305104 ], [ 106.9143212, 11.2305132 ], [ 106.9142029, 11.230507 ], [ 106.9140855, 11.2304918 ], [ 106.9139697, 11.2304677 ], [ 106.9138561, 11.2304348 ], [ 106.9137724, 11.2303985 ], [ 106.9136788, 11.2303566 ], [ 106.913532, 11.2305983 ], [ 106.9134163, 11.2308558 ], [ 106.9133334, 11.2311251 ], [ 106.9133046, 11.231263 ], [ 106.9132748, 11.2315107 ], [ 106.9132724, 11.2317602 ], [ 106.913377, 11.232139 ], [ 106.9134059, 11.2322035 ], [ 106.9134786, 11.2323249 ], [ 106.9135844, 11.2324487 ], [ 106.9136536, 11.2325098 ], [ 106.9137286, 11.2325637 ], [ 106.9150534, 11.2332887 ], [ 106.915351, 11.2334755 ], [ 106.915492, 11.2335799 ], [ 106.9157553, 11.2338079 ], [ 106.915877, 11.2339307 ], [ 106.916154, 11.2342561 ], [ 106.9162435, 11.234347 ], [ 106.9164383, 11.2345122 ], [ 106.9166519, 11.2346536 ], [ 106.9168829, 11.2347698 ], [ 106.9170044, 11.2348178 ], [ 106.917255, 11.2348918 ], [ 106.917513, 11.2349356 ], [ 106.9180771, 11.234937 ], [ 106.9181871, 11.2349661 ], [ 106.9182823, 11.2350274 ], [ 106.9183533, 11.2351149 ], [ 106.9183928, 11.2352197 ], [ 106.9183993, 11.2352727 ], [ 106.9183877, 11.2353785 ], [ 106.9183698, 11.2354289 ], [ 106.9183121, 11.235519 ], [ 106.9182735, 11.2355567 ], [ 106.9181814, 11.2356129 ], [ 106.9181299, 11.2356301 ], [ 106.9179046, 11.2356722 ], [ 106.9176164, 11.2357065 ], [ 106.9140707, 11.2359313 ], [ 106.9133837, 11.2359092 ], [ 106.9130407, 11.2358861 ], [ 106.9126984, 11.2358551 ], [ 106.9120076, 11.235771 ], [ 106.9119087, 11.2357828 ], [ 106.9118615, 11.2357986 ], [ 106.9117758, 11.2358485 ], [ 106.9117414, 11.2358791 ], [ 106.9116859, 11.2359521 ], [ 106.9116658, 11.2359932 ], [ 106.9116547, 11.2360452 ], [ 106.9116528, 11.2360984 ], [ 106.9116736, 11.2361929 ], [ 106.9116927, 11.2362325 ], [ 106.911747, 11.2363017 ], [ 106.9117811, 11.2363299 ], [ 106.9119171, 11.236413 ], [ 106.9120576, 11.2364885 ], [ 106.9122022, 11.2365562 ], [ 106.9126344, 11.2367318 ], [ 106.912846, 11.2368298 ], [ 106.9130991, 11.2369595 ], [ 106.9131386, 11.2369904 ], [ 106.9132005, 11.2370684 ], [ 106.9132349, 11.2371612 ], [ 106.9132386, 11.2372583 ], [ 106.9132121, 11.237352 ], [ 106.913116, 11.2374327 ], [ 106.9130069, 11.2374954 ], [ 106.9129317, 11.2375251 ], [ 106.9128536, 11.2375462 ], [ 106.9126422, 11.2375907 ], [ 106.9123873, 11.2376795 ], [ 106.9122643, 11.237736 ], [ 106.9120306, 11.2378716 ], [ 106.9114485, 11.2380989 ], [ 106.9113725, 11.2381358 ], [ 106.9113001, 11.2381792 ], [ 106.9111687, 11.2382842 ], [ 106.9111108, 11.238345 ], [ 106.9110127, 11.2384806 ], [ 106.9109382, 11.2386387 ], [ 106.9109126, 11.2387223 ], [ 106.910886, 11.2388945 ], [ 106.9108853, 11.2389817 ], [ 106.9109061, 11.2391381 ], [ 106.910917, 11.2392954 ], [ 106.9109182, 11.2394531 ], [ 106.9109094, 11.2396105 ], [ 106.9108917, 11.2397613 ], [ 106.9108649, 11.2399107 ], [ 106.9107847, 11.2402037 ], [ 106.9107357, 11.2402937 ], [ 106.9106612, 11.2404841 ], [ 106.9106363, 11.2405831 ], [ 106.9106123, 11.2407715 ], [ 106.9106113, 11.2408594 ], [ 106.9106285, 11.2410344 ], [ 106.9106466, 11.2411206 ], [ 106.910709, 11.241259 ], [ 106.9107968, 11.2413836 ], [ 106.9109132, 11.2414952 ], [ 106.9109793, 11.2415419 ], [ 106.911124, 11.2416151 ], [ 106.9112449, 11.2416944 ], [ 106.9114855, 11.2418731 ], [ 106.9116041, 11.2419729 ], [ 106.9116661, 11.2420124 ], [ 106.9117324, 11.2420447 ], [ 106.911874, 11.2420857 ], [ 106.9119474, 11.2420939 ], [ 106.9120891, 11.2420863 ], [ 106.9122256, 11.2420483 ], [ 106.9122898, 11.2420184 ], [ 106.9126993, 11.241737 ], [ 106.9130409, 11.2415384 ], [ 106.913235, 11.241441 ], [ 106.9134334, 11.2413521 ], [ 106.9136059, 11.241286 ], [ 106.9137686, 11.2411995 ], [ 106.9139259, 11.2410883 ], [ 106.9139986, 11.2410255 ], [ 106.9141307, 11.2408864 ], [ 106.9142053, 11.2407835 ], [ 106.9143043, 11.2407027 ], [ 106.9144211, 11.2406494 ], [ 106.9144837, 11.2406343 ], [ 106.9146103, 11.2406283 ], [ 106.9147324, 11.240653 ], [ 106.9148445, 11.2407067 ], [ 106.9149395, 11.240786 ], [ 106.9150115, 11.2408859 ], [ 106.9151008, 11.2411235 ], [ 106.915158, 11.2413073 ], [ 106.91527, 11.2417452 ], [ 106.9153161, 11.2418343 ], [ 106.9153856, 11.2419061 ], [ 106.9154723, 11.2419553 ], [ 106.915686, 11.2420362 ], [ 106.9158497, 11.2421073 ], [ 106.9161965, 11.2422787 ], [ 106.9163783, 11.2423808 ], [ 106.9167298, 11.2426043 ], [ 106.9169133, 11.2426938 ], [ 106.9170095, 11.2427288 ], [ 106.917207, 11.2427778 ], [ 106.9174674, 11.2428043 ], [ 106.9175849, 11.2427909 ], [ 106.917641, 11.2427723 ], [ 106.9177422, 11.242714 ], [ 106.9178229, 11.2426315 ], [ 106.9178778, 11.2425306 ], [ 106.9178867, 11.2422937 ], [ 106.9178824, 11.2421753 ], [ 106.9178526, 11.2419152 ], [ 106.9177882, 11.2416358 ], [ 106.9177437, 11.2414994 ], [ 106.9176837, 11.2413783 ], [ 106.9176648, 11.2413134 ], [ 106.9176507, 11.2411846 ], [ 106.9176651, 11.2410608 ], [ 106.9177061, 11.240943 ], [ 106.9177762, 11.2408075 ], [ 106.9178697, 11.2406865 ], [ 106.9179865, 11.2405816 ], [ 106.9181207, 11.2404993 ], [ 106.9182554, 11.2404457 ], [ 106.9183862, 11.2404252 ], [ 106.9184525, 11.2404267 ], [ 106.9185896, 11.2404558 ], [ 106.9187146, 11.2405181 ], [ 106.9187519, 11.2405463 ], [ 106.918815, 11.2406145 ], [ 106.9188617, 11.2406992 ], [ 106.9188773, 11.2407471 ], [ 106.918889, 11.2408468 ], [ 106.9188628, 11.2412692 ], [ 106.9188579, 11.2414861 ], [ 106.9188265, 11.2417185 ], [ 106.9187478, 11.2420264 ], [ 106.9187397, 11.2421575 ], [ 106.9187619, 11.2422887 ], [ 106.9188144, 11.2424132 ], [ 106.9188943, 11.2425227 ], [ 106.9189307, 11.2425585 ], [ 106.9190159, 11.2426148 ], [ 106.9190633, 11.2426345 ], [ 106.9191623, 11.2426553 ], [ 106.9192634, 11.2426512 ], [ 106.9193128, 11.2426398 ], [ 106.9194687, 11.2425617 ], [ 106.9195421, 11.2425148 ], [ 106.9196816, 11.2424036 ], [ 106.9198036, 11.2422741 ], [ 106.9198407, 11.2422094 ], [ 106.9198906, 11.2420804 ], [ 106.9199249, 11.2418851 ], [ 106.9199437, 11.2418173 ], [ 106.9200063, 11.2416845 ], [ 106.9200853, 11.2415812 ], [ 106.9201724, 11.2415191 ], [ 106.920274, 11.2414872 ], [ 106.9203807, 11.241488 ], [ 106.9205646, 11.2415253 ], [ 106.920698, 11.2415408 ], [ 106.9208322, 11.2415474 ], [ 106.9209679, 11.2415448 ], [ 106.921103, 11.241533 ], [ 106.9212369, 11.2415119 ], [ 106.9213691, 11.2414818 ], [ 106.9214988, 11.2414428 ], [ 106.9215973, 11.2414241 ], [ 106.9217968, 11.2414036 ], [ 106.9220118, 11.2414073 ], [ 106.922126, 11.24142 ], [ 106.9223504, 11.2414678 ], [ 106.9233428, 11.2417388 ], [ 106.9234706, 11.2418001 ], [ 106.9235811, 11.241888 ], [ 106.9236687, 11.2419979 ], [ 106.9237055, 11.2420659 ], [ 106.9237333, 11.2421379 ], [ 106.9237519, 11.2422127 ], [ 106.9237699, 11.2424838 ], [ 106.9237884, 11.2426004 ], [ 106.9238154, 11.2427155 ], [ 106.923894, 11.2429384 ], [ 106.9239419, 11.2430388 ], [ 106.9240578, 11.243229 ], [ 106.9241252, 11.243318 ], [ 106.9242775, 11.2434816 ], [ 106.924385, 11.2435528 ], [ 106.9245914, 11.2437066 ], [ 106.9248489, 11.2439354 ], [ 106.9249214, 11.2439871 ], [ 106.9250756, 11.2440813 ], [ 106.9252405, 11.2441617 ], [ 106.925376, 11.2442477 ], [ 106.9256445, 11.244437 ], [ 106.9257769, 11.2445405 ], [ 106.9262008, 11.2447658 ], [ 106.9264661, 11.2448921 ], [ 106.9265601, 11.2449279 ], [ 106.926657, 11.2449554 ], [ 106.9268462, 11.2449845 ], [ 106.9270278, 11.2449832 ], [ 106.927118, 11.244972 ], [ 106.9272667, 11.2449027 ], [ 106.9273996, 11.2448075 ], [ 106.9275188, 11.2446815 ], [ 106.9276103, 11.2445349 ], [ 106.9277644, 11.2441249 ], [ 106.9278815, 11.243897 ], [ 106.9279817, 11.2437404 ], [ 106.9280636, 11.2436591 ], [ 106.9281119, 11.243627 ], [ 106.9282203, 11.2435823 ], [ 106.9283381, 11.2435668 ], [ 106.9284558, 11.2435823 ], [ 106.9295803, 11.2439144 ], [ 106.9297013, 11.2439479 ], [ 106.9298245, 11.2439724 ], [ 106.9299492, 11.2439878 ], [ 106.9301787, 11.2439922 ], [ 106.9303853, 11.2439696 ], [ 106.9306524, 11.2439103 ], [ 106.9307183, 11.2439056 ], [ 106.9308496, 11.2439183 ], [ 106.9309736, 11.2439591 ], [ 106.9310308, 11.2439891 ], [ 106.9311333, 11.244067 ], [ 106.9312379, 11.2441814 ], [ 106.9313398, 11.2443366 ], [ 106.9314662, 11.2445958 ], [ 106.9315199, 11.2447295 ], [ 106.931608, 11.2450035 ], [ 106.93167, 11.2452864 ], [ 106.9317044, 11.2455738 ], [ 106.9317202, 11.2458417 ], [ 106.9317138, 11.2459033 ], [ 106.9316796, 11.2460223 ], [ 106.9316147, 11.2461358 ], [ 106.9315189, 11.2462348 ], [ 106.9312766, 11.2463882 ], [ 106.9311573, 11.2464762 ], [ 106.9309348, 11.2466714 ], [ 106.9307613, 11.2468595 ], [ 106.9306076, 11.2470634 ], [ 106.9305587, 11.2471455 ], [ 106.9305018, 11.2472225 ], [ 106.9304374, 11.2472936 ], [ 106.9303029, 11.2474056 ], [ 106.9301657, 11.2474847 ], [ 106.9294314, 11.2477566 ], [ 106.9293451, 11.2477823 ], [ 106.9292569, 11.2478011 ], [ 106.9290774, 11.2478171 ], [ 106.928913, 11.2478064 ], [ 106.9288319, 11.2477921 ], [ 106.9285693, 11.2477099 ], [ 106.9284419, 11.2476579 ], [ 106.9281974, 11.2475331 ], [ 106.9280809, 11.2474606 ], [ 106.927857, 11.2472929 ], [ 106.9277529, 11.2471998 ], [ 106.9276545, 11.2471009 ], [ 106.9274357, 11.2468374 ], [ 106.9273895, 11.2467928 ], [ 106.9272821, 11.246722 ], [ 106.9272226, 11.2466968 ], [ 106.9270965, 11.2466687 ], [ 106.9269671, 11.2466714 ], [ 106.9269001, 11.2466853 ], [ 106.9268355, 11.2467077 ], [ 106.9267178, 11.2467758 ], [ 106.9266666, 11.2468205 ], [ 106.9265637, 11.2469422 ], [ 106.9265116, 11.2470174 ], [ 106.9264264, 11.2471788 ], [ 106.9263938, 11.247264 ], [ 106.9263498, 11.2474402 ], [ 106.9263348, 11.2476211 ], [ 106.9263405, 11.2477004 ], [ 106.9263551, 11.2477787 ], [ 106.9264103, 11.247928 ], [ 106.9264501, 11.2479973 ], [ 106.9265398, 11.2481086 ], [ 106.9265926, 11.2481572 ], [ 106.9267116, 11.248238 ], [ 106.9268128, 11.2482893 ], [ 106.9269178, 11.2483324 ], [ 106.9270261, 11.2483671 ], [ 106.9272251, 11.2484075 ], [ 106.9274037, 11.2484195 ], [ 106.9275357, 11.2484177 ], [ 106.9276012, 11.2484262 ], [ 106.9277282, 11.2484616 ], [ 106.9277968, 11.2484923 ], [ 106.9278614, 11.2485306 ], [ 106.9279751, 11.2486276 ], [ 106.9280632, 11.2487474 ], [ 106.9281211, 11.2488838 ], [ 106.9281459, 11.2490297 ], [ 106.9281453, 11.2491038 ], [ 106.9281183, 11.2492493 ], [ 106.9280581, 11.2493849 ], [ 106.9277228, 11.2499742 ], [ 106.9277031, 11.2500224 ], [ 106.9276795, 11.2501236 ], [ 106.9276789, 11.2502371 ], [ 106.9276897, 11.2502979 ], [ 106.9277618, 11.2505192 ], [ 106.9277832, 11.2506884 ], [ 106.9277751, 11.2508341 ], [ 106.927762, 11.2509059 ], [ 106.9277158, 11.2510711 ], [ 106.9277085, 11.2511845 ], [ 106.9277698, 11.2515487 ], [ 106.927788, 11.2517051 ], [ 106.9278046, 11.2520196 ], [ 106.9277985, 11.2521138 ], [ 106.9277664, 11.2522029 ], [ 106.9277108, 11.25228 ], [ 106.9276257, 11.252345 ], [ 106.9275244, 11.2523815 ], [ 106.9274707, 11.2523878 ], [ 106.9266408, 11.2523892 ], [ 106.9265276, 11.2524009 ], [ 106.9264157, 11.2524215 ], [ 106.9263058, 11.2524508 ], [ 106.9261988, 11.2524888 ], [ 106.9259957, 11.2525894 ], [ 106.925901, 11.2526514 ], [ 106.9258118, 11.2527206 ], [ 106.9257272, 11.252798 ], [ 106.9256493, 11.252882 ], [ 106.9255787, 11.2529719 ], [ 106.9255158, 11.2530671 ], [ 106.9254611, 11.2531671 ], [ 106.925415, 11.2532712 ], [ 106.9253776, 11.2533786 ], [ 106.9253494, 11.2534887 ], [ 106.9252464, 11.2541426 ], [ 106.9252034, 11.2545756 ], [ 106.9251938, 11.254793 ], [ 106.9251981, 11.2552185 ], [ 106.9252316, 11.255633 ], [ 106.9252719, 11.2558943 ], [ 106.9252915, 11.2559473 ], [ 106.92535, 11.2560442 ], [ 106.9254322, 11.2561247 ], [ 106.925481, 11.2561571 ], [ 106.9255891, 11.2562023 ], [ 106.9257604, 11.2562375 ], [ 106.9259351, 11.2562457 ], [ 106.9260226, 11.2562396 ], [ 106.9261946, 11.2562071 ], [ 106.9262781, 11.2561809 ], [ 106.9263592, 11.2561483 ], [ 106.9265262, 11.2560598 ], [ 106.9265759, 11.2560474 ], [ 106.9266271, 11.256044 ], [ 106.9266781, 11.2560497 ], [ 106.9267279, 11.2560645 ], [ 106.9267741, 11.256088 ], [ 106.9268152, 11.2561194 ], [ 106.9268498, 11.2561575 ], [ 106.9268941, 11.2562307 ], [ 106.9269653, 11.2563857 ], [ 106.9270151, 11.2565633 ], [ 106.9270296, 11.2566616 ], [ 106.9270351, 11.2569983 ], [ 106.9270458, 11.2571363 ], [ 106.9270839, 11.2573787 ], [ 106.9271368, 11.257586 ], [ 106.9272494, 11.2579095 ], [ 106.9273138, 11.2581515 ], [ 106.9273209, 11.2582881 ], [ 106.9273116, 11.258356 ], [ 106.9272678, 11.2584859 ], [ 106.9271931, 11.2586014 ], [ 106.9271514, 11.2586458 ], [ 106.9270546, 11.2587202 ], [ 106.9269437, 11.2587724 ], [ 106.926823, 11.2587882 ], [ 106.9267022, 11.2587729 ], [ 106.9266444, 11.2587539 ], [ 106.9265365, 11.2586929 ], [ 106.9264472, 11.258604 ], [ 106.9263873, 11.2585128 ], [ 106.9263174, 11.2584523 ], [ 106.9262299, 11.2584207 ], [ 106.9261833, 11.2584172 ], [ 106.9260975, 11.2584334 ], [ 106.9260223, 11.2584771 ], [ 106.925971, 11.2585329 ], [ 106.9259243, 11.2585924 ], [ 106.9258453, 11.2587211 ], [ 106.9258143, 11.2587877 ], [ 106.9257679, 11.2589269 ], [ 106.9257528, 11.2589986 ], [ 106.9257505, 11.2590752 ], [ 106.9257664, 11.2592275 ], [ 106.9258091, 11.2593748 ], [ 106.9258791, 11.2595156 ], [ 106.9259736, 11.2596419 ], [ 106.926029, 11.2596983 ], [ 106.9269589, 11.2603321 ], [ 106.9270052, 11.2603787 ], [ 106.9270774, 11.2604876 ], [ 106.9271171, 11.2606057 ], [ 106.927126, 11.2607243 ], [ 106.9271065, 11.2607929 ], [ 106.9270782, 11.2608586 ], [ 106.9270416, 11.2609202 ], [ 106.926948, 11.2610256 ], [ 106.9268332, 11.2611038 ], [ 106.9267693, 11.261132 ], [ 106.9261316, 11.2614878 ], [ 106.9260604, 11.2615334 ], [ 106.9259155, 11.2616469 ], [ 106.9257769, 11.2617896 ], [ 106.9257239, 11.2618853 ], [ 106.9256339, 11.2620842 ], [ 106.925564, 11.2622989 ], [ 106.9255374, 11.2624127 ], [ 106.9255043, 11.2626438 ], [ 106.9254847, 11.2629959 ], [ 106.9254684, 11.2631128 ], [ 106.9254282, 11.2633022 ], [ 106.9253898, 11.2633626 ], [ 106.9252932, 11.2634687 ], [ 106.9251747, 11.2635506 ], [ 106.925109, 11.263581 ], [ 106.9249848, 11.2636165 ], [ 106.9248558, 11.2636265 ], [ 106.9241195, 11.2636191 ], [ 106.9240529, 11.2636283 ], [ 106.9239247, 11.2636674 ], [ 106.9238178, 11.2637254 ], [ 106.9237331, 11.2637941 ], [ 106.9236884, 11.2639309 ], [ 106.9236794, 11.2640743 ], [ 106.9237057, 11.2642129 ], [ 106.9237652, 11.2643413 ], [ 106.9238393, 11.2644432 ], [ 106.9240063, 11.2646322 ], [ 106.9241963, 11.264799 ], [ 106.9244063, 11.264941 ], [ 106.9246358, 11.2650571 ], [ 106.9248785, 11.2651435 ], [ 106.9251305, 11.2651988 ], [ 106.9252615, 11.2652117 ], [ 106.9255248, 11.2652107 ], [ 106.92573, 11.265185 ], [ 106.9258312, 11.265164 ], [ 106.925901, 11.2651411 ], [ 106.926032, 11.265076 ], [ 106.9261542, 11.2649811 ], [ 106.9262589, 11.2648563 ], [ 106.9263335, 11.2647122 ], [ 106.9263938, 11.2645254 ], [ 106.9264316, 11.2644695 ], [ 106.926477, 11.2644193 ], [ 106.9265291, 11.2643758 ], [ 106.9265869, 11.26434 ], [ 106.9267078, 11.2642951 ], [ 106.9268364, 11.264283 ], [ 106.9269008, 11.2642896 ], [ 106.927601, 11.2644739 ], [ 106.9276597, 11.2645012 ], [ 106.9277639, 11.264577 ], [ 106.9278076, 11.2646242 ], [ 106.9278744, 11.2647332 ], [ 106.9279096, 11.2648511 ], [ 106.9279137, 11.2649738 ], [ 106.9278865, 11.2650937 ], [ 106.9278617, 11.2651502 ], [ 106.9277913, 11.2652518 ], [ 106.9276974, 11.265333 ], [ 106.9261497, 11.2667956 ], [ 106.9255294, 11.2672757 ], [ 106.9254772, 11.2673608 ], [ 106.9254636, 11.2674088 ], [ 106.9254591, 11.2674584 ], [ 106.925472, 11.2675413 ], [ 106.9254879, 11.2675804 ], [ 106.9255368, 11.2676492 ], [ 106.9256397, 11.2676989 ], [ 106.9257604, 11.2677343 ], [ 106.9258972, 11.2677489 ], [ 106.9262418, 11.2677409 ], [ 106.9265177, 11.2677431 ], [ 106.9269518, 11.2677623 ], [ 106.9271513, 11.2677783 ], [ 106.9271915, 11.2677886 ], [ 106.9272649, 11.2678264 ], [ 106.927328, 11.2678904 ], [ 106.9273682, 11.2679786 ], [ 106.9273887, 11.2681119 ], [ 106.9274336, 11.2682969 ], [ 106.9275069, 11.2684922 ], [ 106.9275105, 11.2685768 ], [ 106.9274908, 11.2687448 ], [ 106.9274705, 11.2688184 ], [ 106.9274094, 11.2689586 ], [ 106.9273691, 11.2690238 ], [ 106.9272709, 11.269142 ], [ 106.9270532, 11.2693482 ], [ 106.9268093, 11.269531 ], [ 106.9266777, 11.2696127 ], [ 106.9265416, 11.2696866 ], [ 106.9264011, 11.2697525 ], [ 106.926257, 11.2698101 ], [ 106.9249722, 11.2704572 ], [ 106.9248226, 11.2705489 ], [ 106.9246888, 11.2706705 ], [ 106.9246296, 11.2707427 ], [ 106.9245779, 11.2708202 ], [ 106.9245492, 11.2709128 ], [ 106.9245484, 11.2710096 ], [ 106.9245732, 11.2710973 ], [ 106.9246209, 11.2711753 ], [ 106.9248086, 11.2713253 ], [ 106.9249039, 11.2713904 ], [ 106.9251037, 11.2715068 ], [ 106.9252049, 11.2715794 ], [ 106.9253987, 11.2717356 ], [ 106.9255016, 11.2718289 ], [ 106.9256951, 11.2720276 ], [ 106.925752, 11.2720757 ], [ 106.9258133, 11.2721184 ], [ 106.9259467, 11.2721858 ], [ 106.9260907, 11.2722275 ], [ 106.9261665, 11.2722384 ], [ 106.9263195, 11.2722386 ], [ 106.9264697, 11.2722101 ], [ 106.9267186, 11.2721112 ], [ 106.9269038, 11.2720614 ], [ 106.9270918, 11.2720372 ], [ 106.9272788, 11.2720379 ], [ 106.927464, 11.2720631 ], [ 106.9277237, 11.2721228 ], [ 106.9279736, 11.2722144 ], [ 106.9281893, 11.2723244 ], [ 106.9283905, 11.2724583 ], [ 106.9285744, 11.2726142 ], [ 106.9289521, 11.2729036 ], [ 106.9289974, 11.2729452 ], [ 106.92907, 11.2730436 ], [ 106.9291147, 11.273157 ], [ 106.9291287, 11.2732778 ], [ 106.9291237, 11.2733385 ], [ 106.9290823, 11.2735388 ], [ 106.9290768, 11.2736104 ], [ 106.9290774, 11.2736822 ], [ 106.9290953, 11.2738199 ], [ 106.929135, 11.2739531 ], [ 106.9291755, 11.2740284 ], [ 106.9292242, 11.2740988 ], [ 106.9292807, 11.2741634 ], [ 106.9293442, 11.2742214 ], [ 106.9294102, 11.2742697 ], [ 106.9295559, 11.2743443 ], [ 106.9297144, 11.2743871 ], [ 106.929996, 11.2744082 ], [ 106.9301191, 11.2744422 ], [ 106.9302294, 11.2745055 ], [ 106.9303203, 11.2745947 ], [ 106.9303851, 11.2747036 ], [ 106.9304064, 11.2747633 ], [ 106.930429, 11.2748678 ], [ 106.9304506, 11.2750802 ], [ 106.9304407, 11.2752939 ], [ 106.9304239, 11.2753996 ], [ 106.9303671, 11.2756061 ], [ 106.9303273, 11.2757057 ], [ 106.9301086, 11.2761706 ], [ 106.9299654, 11.2765504 ], [ 106.9299048, 11.276744 ], [ 106.9298125, 11.2771063 ], [ 106.929746, 11.2774741 ], [ 106.9297138, 11.2777427 ], [ 106.9297159, 11.27791 ], [ 106.9297439, 11.278075 ], [ 106.9297661, 11.2781517 ], [ 106.9298273, 11.2782994 ], [ 106.9298659, 11.2783696 ], [ 106.9299872, 11.2785328 ], [ 106.9301288, 11.2786794 ], [ 106.9302754, 11.2787978 ], [ 106.9304211, 11.2788904 ], [ 106.9304757, 11.2789083 ], [ 106.9305899, 11.2789202 ], [ 106.9307028, 11.2788996 ], [ 106.9307572, 11.2788769 ], [ 106.9308528, 11.278809 ], [ 106.9308919, 11.2787655 ], [ 106.9310322, 11.2784221 ], [ 106.9310773, 11.278242 ], [ 106.9310934, 11.2780621 ], [ 106.9310908, 11.2778883 ], [ 106.9311193, 11.2778071 ], [ 106.9311735, 11.2777396 ], [ 106.9312491, 11.2776928 ], [ 106.9313363, 11.2776736 ], [ 106.931425, 11.2776844 ], [ 106.9314746, 11.2777267 ], [ 106.9315544, 11.277829 ], [ 106.9315831, 11.277887 ], [ 106.9316154, 11.2780119 ], [ 106.9316185, 11.2780725 ], [ 106.9316013, 11.2781925 ], [ 106.9315145, 11.2784049 ], [ 106.9314889, 11.2784852 ], [ 106.9314547, 11.2786421 ], [ 106.9314404, 11.2787944 ], [ 106.9314458, 11.2788496 ], [ 106.9314802, 11.2789549 ], [ 106.9315086, 11.2790029 ], [ 106.9315847, 11.2790846 ], [ 106.9316843, 11.2791432 ], [ 106.9318003, 11.2791711 ], [ 106.9318601, 11.2791719 ], [ 106.9319372, 11.2791601 ], [ 106.9320864, 11.2791164 ], [ 106.9322252, 11.2790471 ], [ 106.9323428, 11.27896 ], [ 106.9324384, 11.2788611 ], [ 106.9325114, 11.2787633 ], [ 106.9325914, 11.2786925 ], [ 106.9326883, 11.2786462 ], [ 106.9327408, 11.2786334 ], [ 106.9328485, 11.27863 ], [ 106.9329078, 11.278641 ], [ 106.9329645, 11.2786608 ], [ 106.9330174, 11.2786892 ], [ 106.9330651, 11.2787252 ], [ 106.9331065, 11.2787681 ], [ 106.9331406, 11.2788169 ], [ 106.9332328, 11.2789969 ], [ 106.9333447, 11.2792595 ], [ 106.9334284, 11.2795321 ], [ 106.9334593, 11.2796712 ], [ 106.9334957, 11.2799184 ], [ 106.9335043, 11.2800254 ], [ 106.9334903, 11.2800975 ], [ 106.9334418, 11.2802362 ], [ 106.9333632, 11.2803699 ], [ 106.9332536, 11.280491 ], [ 106.9328646, 11.2808487 ], [ 106.9322115, 11.2814321 ], [ 106.9321511, 11.2815175 ], [ 106.9321318, 11.281566 ], [ 106.932117, 11.2816645 ], [ 106.9321311, 11.2817589 ], [ 106.9321663, 11.2818046 ], [ 106.9322531, 11.2818812 ], [ 106.9323446, 11.2819291 ], [ 106.9324449, 11.2819555 ], [ 106.9330652, 11.2820477 ], [ 106.9331712, 11.2820882 ], [ 106.9332187, 11.2821192 ], [ 106.9332978, 11.2821995 ], [ 106.933347, 11.282289 ], [ 106.933371, 11.2823879 ], [ 106.9333772, 11.2830619 ], [ 106.9334087, 11.2832312 ], [ 106.9334638, 11.2833859 ], [ 106.9335377, 11.2835237 ], [ 106.9339442, 11.2840867 ], [ 106.934289, 11.2846282 ], [ 106.9343797, 11.2848251 ], [ 106.9344331, 11.2850182 ], [ 106.9344553, 11.2852008 ], [ 106.9344565, 11.2852928 ], [ 106.9344416, 11.2853936 ], [ 106.9343918, 11.2855913 ], [ 106.934311, 11.2857922 ], [ 106.9342571, 11.2858936 ], [ 106.9341274, 11.2860835 ], [ 106.933971, 11.2862528 ], [ 106.933264, 11.287188 ], [ 106.9332242, 11.2872764 ], [ 106.933216, 11.2873727 ], [ 106.9332242, 11.2874209 ], [ 106.9332643, 11.2875099 ], [ 106.9332951, 11.2875483 ], [ 106.933355, 11.28759 ], [ 106.9334197, 11.2876239 ], [ 106.9334882, 11.2876495 ], [ 106.9336251, 11.287674 ], [ 106.9337639, 11.2876658 ], [ 106.9340223, 11.2875964 ], [ 106.9344096, 11.2875128 ], [ 106.9348199, 11.2874579 ], [ 106.9350265, 11.2874431 ], [ 106.935205, 11.2874058 ], [ 106.9353765, 11.2873444 ], [ 106.9354657, 11.2873013 ], [ 106.9355512, 11.2872517 ], [ 106.9357398, 11.2871137 ], [ 106.9358632, 11.2870578 ], [ 106.9359291, 11.2870406 ], [ 106.936065, 11.2870291 ], [ 106.936133, 11.287035 ], [ 106.9362, 11.2870485 ], [ 106.936287, 11.2871006 ], [ 106.9363232, 11.287136 ], [ 106.9363768, 11.287221 ], [ 106.9363929, 11.2872686 ], [ 106.9364017, 11.2873648 ], [ 106.9363953, 11.2874111 ], [ 106.9363625, 11.2874985 ], [ 106.9362, 11.2877298 ], [ 106.9361699, 11.2878032 ], [ 106.9361652, 11.2878426 ], [ 106.9361771, 11.2879209 ], [ 106.9362175, 11.2879925 ], [ 106.9362481, 11.2880226 ], [ 106.9362839, 11.2880466 ], [ 106.9363659, 11.2880729 ], [ 106.9364521, 11.2880678 ], [ 106.9371284, 11.2880733 ], [ 106.9372088, 11.2880872 ], [ 106.9372871, 11.2881099 ], [ 106.9374334, 11.2881803 ], [ 106.9374996, 11.2882272 ], [ 106.9376139, 11.2883413 ], [ 106.9376604, 11.2884071 ], [ 106.9377238, 11.2885359 ], [ 106.9377596, 11.2886745 ], [ 106.9377992, 11.2892017 ], [ 106.9378402, 11.28931 ], [ 106.9379091, 11.2894035 ], [ 106.9380011, 11.2894756 ], [ 106.9380498, 11.2895003 ], [ 106.9381546, 11.2895308 ], [ 106.9382639, 11.2895348 ], [ 106.9386435, 11.2895184 ], [ 106.9387139, 11.2895242 ], [ 106.9387829, 11.2895392 ], [ 106.9388492, 11.2895632 ], [ 106.9389116, 11.2895957 ], [ 106.938969, 11.2896362 ], [ 106.9390203, 11.289684 ], [ 106.9390963, 11.2897887 ], [ 106.9391409, 11.2898992 ], [ 106.9391584, 11.2900168 ], [ 106.9391706, 11.2903099 ], [ 106.9391522, 11.2906027 ], [ 106.9390991, 11.2909112 ], [ 106.9390571, 11.2910723 ], [ 106.9390056, 11.2912307 ], [ 106.9389449, 11.2913781 ], [ 106.9389254, 11.2914553 ], [ 106.938909, 11.2916134 ], [ 106.9389253, 11.291784 ], [ 106.9389662, 11.2919381 ], [ 106.9389931, 11.2920066 ], [ 106.9390675, 11.2921339 ], [ 106.9391142, 11.2921913 ], [ 106.9392242, 11.2922907 ], [ 106.9392868, 11.292332 ], [ 106.9394234, 11.2923947 ], [ 106.9394959, 11.2924155 ], [ 106.9400074, 11.2925143 ], [ 106.9405096, 11.2926292 ], [ 106.9408566, 11.2927232 ], [ 106.9410418, 11.2928077 ], [ 106.9411281, 11.2928615 ], [ 106.9412847, 11.2929902 ], [ 106.9413538, 11.293064 ], [ 106.9414186, 11.293147 ], [ 106.9414754, 11.2932354 ], [ 106.9415239, 11.2933285 ], [ 106.9415634, 11.2934255 ], [ 106.9416659, 11.2937493 ], [ 106.9416905, 11.2938642 ], [ 106.9417162, 11.2940974 ], [ 106.9417109, 11.294326 ], [ 106.941677, 11.2945462 ], [ 106.9416541, 11.2946018 ], [ 106.941589, 11.2947033 ], [ 106.9415477, 11.2947476 ], [ 106.941455, 11.2948178 ], [ 106.9413535, 11.2948641 ], [ 106.9411728, 11.2949218 ], [ 106.9409274, 11.2950275 ], [ 106.9406816, 11.2951672 ], [ 106.9404015, 11.2953502 ], [ 106.9400626, 11.2955377 ], [ 106.9397292, 11.2956917 ], [ 106.9394049, 11.2958153 ], [ 106.9392513, 11.2958528 ], [ 106.9389398, 11.2959086 ], [ 106.9386488, 11.295937 ], [ 106.9383746, 11.2959526 ], [ 106.938121, 11.2959916 ], [ 106.9378861, 11.2960521 ], [ 106.9376712, 11.2961296 ], [ 106.9376068, 11.2961637 ], [ 106.9375475, 11.2962057 ], [ 106.9374943, 11.2962549 ], [ 106.9374481, 11.2963105 ], [ 106.9374096, 11.2963716 ], [ 106.9373653, 11.29648 ], [ 106.9373453, 11.2965951 ], [ 106.9373536, 11.29694 ], [ 106.9373746, 11.2970276 ], [ 106.9374162, 11.2971046 ], [ 106.937474, 11.2971672 ], [ 106.9375433, 11.2972027 ], [ 106.9376913, 11.2972514 ], [ 106.937851, 11.2972687 ], [ 106.9380265, 11.2972499 ], [ 106.938212, 11.2971992 ], [ 106.9383873, 11.2971212 ], [ 106.9385448, 11.2970204 ], [ 106.9386173, 11.2969616 ], [ 106.9390827, 11.2964965 ], [ 106.939187, 11.2964319 ], [ 106.9392444, 11.2964096 ], [ 106.9393656, 11.2963867 ], [ 106.9394887, 11.2963937 ], [ 106.9396077, 11.2964308 ], [ 106.9397146, 11.2964967 ], [ 106.9398012, 11.2965868 ], [ 106.939835, 11.2966392 ], [ 106.9398716, 11.2967771 ], [ 106.9399009, 11.2969166 ], [ 106.9399359, 11.2971801 ], [ 106.939945, 11.2974266 ], [ 106.9399294, 11.2974961 ], [ 106.9398795, 11.2976297 ], [ 106.9398456, 11.2976927 ], [ 106.9397621, 11.2978079 ], [ 106.9396597, 11.2979062 ], [ 106.9394748, 11.2980454 ], [ 106.9394179, 11.2981015 ], [ 106.9393197, 11.2982271 ], [ 106.939241, 11.298376 ], [ 106.9392109, 11.2984597 ], [ 106.9391759, 11.2986336 ], [ 106.9391632, 11.298807 ], [ 106.9391601, 11.2989809 ], [ 106.9391665, 11.2991547 ], [ 106.9391826, 11.299328 ], [ 106.9392047, 11.2994804 ], [ 106.9392712, 11.2997812 ], [ 106.9393153, 11.299929 ], [ 106.9396868, 11.3009317 ], [ 106.9397632, 11.3011069 ], [ 106.9398119, 11.3012913 ], [ 106.9398317, 11.3014808 ], [ 106.9398304, 11.3015809 ], [ 106.9398035, 11.3017793 ], [ 106.9397703, 11.3018457 ], [ 106.939745, 11.3018734 ], [ 106.9396815, 11.3019132 ], [ 106.9396041, 11.3019282 ], [ 106.9395232, 11.3019126 ], [ 106.9394867, 11.3018934 ], [ 106.9389059, 11.3014223 ], [ 106.9388206, 11.3013881 ], [ 106.9387285, 11.3013828 ], [ 106.9386388, 11.3014075 ], [ 106.9385979, 11.3014306 ], [ 106.9385308, 11.3014952 ], [ 106.9385042, 11.3015619 ], [ 106.9384679, 11.3017004 ], [ 106.9384547, 11.3018505 ], [ 106.9384583, 11.3019296 ], [ 106.9384805, 11.3020803 ], [ 106.9385258, 11.3022191 ], [ 106.9385996, 11.3023457 ], [ 106.9386967, 11.302453 ], [ 106.9388122, 11.3025374 ], [ 106.9389425, 11.3025973 ], [ 106.9393811, 11.302713 ], [ 106.9397056, 11.3028182 ], [ 106.9397489, 11.302843 ], [ 106.9397886, 11.3028731 ], [ 106.9398547, 11.3029468 ], [ 106.939902, 11.3030416 ], [ 106.9399214, 11.3031532 ], [ 106.9399068, 11.3032654 ], [ 106.9398256, 11.3034749 ], [ 106.9397137, 11.3036704 ], [ 106.939583, 11.3038368 ], [ 106.9394301, 11.3039838 ], [ 106.9393462, 11.3040492 ], [ 106.938873, 11.3043171 ], [ 106.9384382, 11.3045299 ], [ 106.9379176, 11.3047572 ], [ 106.9377915, 11.3048263 ], [ 106.9376703, 11.3049034 ], [ 106.9374695, 11.3050581 ], [ 106.9373107, 11.3052102 ], [ 106.9372373, 11.3052919 ], [ 106.9372086, 11.3053442 ], [ 106.9371708, 11.3054567 ], [ 106.9371607, 11.305577 ], [ 106.9371667, 11.3056383 ], [ 106.9372012, 11.3057564 ], [ 106.9375277, 11.3063716 ], [ 106.9380351, 11.3074134 ], [ 106.9380967, 11.3075999 ], [ 106.938122, 11.3077737 ], [ 106.9381204, 11.3079286 ], [ 106.9381043, 11.3080299 ], [ 106.9380641, 11.3080903 ], [ 106.9379649, 11.3081969 ], [ 106.9378448, 11.3082802 ], [ 106.9377073, 11.3083371 ], [ 106.9375583, 11.3083636 ], [ 106.9374445, 11.3083633 ], [ 106.937361, 11.3083433 ], [ 106.9372789, 11.3082947 ], [ 106.9371856, 11.3081967 ], [ 106.9371107, 11.3081645 ], [ 106.937029, 11.3081643 ], [ 106.936954, 11.3081961 ], [ 106.936898, 11.3082545 ], [ 106.9368803, 11.3082909 ], [ 106.9368705, 11.30833 ], [ 106.9368775, 11.3084583 ], [ 106.9368719, 11.3085063 ], [ 106.9368395, 11.3085974 ], [ 106.9367816, 11.3086753 ], [ 106.936692, 11.3087591 ], [ 106.9366019, 11.3088753 ], [ 106.9365647, 11.3089386 ], [ 106.9365362, 11.3090423 ], [ 106.9365408, 11.3091497 ], [ 106.9365556, 11.3092016 ], [ 106.9366084, 11.3092957 ], [ 106.9366946, 11.3093785 ], [ 106.9368078, 11.3094443 ], [ 106.9368698, 11.3094664 ], [ 106.9369997, 11.3094869 ], [ 106.9371307, 11.3094752 ], [ 106.9371903, 11.3094757 ], [ 106.9372491, 11.3094853 ], [ 106.9373057, 11.3095036 ], [ 106.9373587, 11.3095302 ], [ 106.9374578, 11.309591 ], [ 106.9375119, 11.3096102 ], [ 106.9376255, 11.3096257 ], [ 106.9376829, 11.3096218 ], [ 106.9377932, 11.3095909 ], [ 106.9378565, 11.3095446 ], [ 106.9379227, 11.3094589 ], [ 106.9379798, 11.3094352 ], [ 106.9380414, 11.3094414 ], [ 106.9380924, 11.309476 ], [ 106.9381518, 11.3095563 ], [ 106.9382487, 11.3096552 ], [ 106.9383028, 11.3096987 ], [ 106.9384118, 11.3097586 ], [ 106.9385317, 11.309793 ], [ 106.9385938, 11.3098 ], [ 106.9387186, 11.3097934 ], [ 106.9388464, 11.3098059 ], [ 106.9389656, 11.3098528 ], [ 106.9390669, 11.3099303 ], [ 106.9391081, 11.3099788 ], [ 106.939142, 11.3100325 ], [ 106.9391789, 11.3101201 ], [ 106.9391866, 11.3101906 ], [ 106.9391673, 11.3102671 ], [ 106.9391473, 11.3103014 ], [ 106.93909, 11.3103566 ], [ 106.9390546, 11.3103755 ], [ 106.9389348, 11.310409 ], [ 106.938768, 11.3104328 ], [ 106.9386837, 11.3104352 ], [ 106.9386328, 11.3104469 ], [ 106.9385844, 11.3104661 ], [ 106.9384994, 11.3105251 ], [ 106.9384366, 11.3106066 ], [ 106.9384021, 11.310703 ], [ 106.9383989, 11.3108051 ], [ 106.9384275, 11.3109033 ], [ 106.9384992, 11.3110451 ], [ 106.9385093, 11.3110795 ], [ 106.9385102, 11.3111711 ], [ 106.938497, 11.3112152 ], [ 106.938446, 11.3112919 ], [ 106.9382941, 11.3114223 ], [ 106.9380748, 11.3116371 ], [ 106.9379795, 11.3117654 ], [ 106.9379032, 11.3119054 ], [ 106.9378654, 11.3119579 ], [ 106.9377403, 11.3120788 ], [ 106.937702, 11.3121583 ], [ 106.9376935, 11.3122016 ], [ 106.9376989, 11.3122895 ], [ 106.9377127, 11.3123315 ], [ 106.9377329, 11.3123628 ], [ 106.9377919, 11.3124082 ], [ 106.9378653, 11.3124233 ], [ 106.938098, 11.3123649 ], [ 106.9382628, 11.3123544 ], [ 106.9384268, 11.3123738 ], [ 106.938771, 11.3124627 ], [ 106.9388607, 11.3124787 ], [ 106.9390239, 11.312486 ], [ 106.9391858, 11.3124654 ], [ 106.9392648, 11.3124449 ], [ 106.9393796, 11.3124025 ], [ 106.9394669, 11.3123508 ], [ 106.9395129, 11.3123113 ], [ 106.939587, 11.3122161 ], [ 106.9396552, 11.3120595 ], [ 106.9396962, 11.3119951 ], [ 106.9397402, 11.3119569 ], [ 106.9397702, 11.3119433 ], [ 106.9398357, 11.3119357 ], [ 106.9398986, 11.3119549 ], [ 106.9399255, 11.3119738 ], [ 106.9399587, 11.3120196 ], [ 106.9399695, 11.3120747 ], [ 106.9399623, 11.3121684 ], [ 106.939977, 11.3122992 ], [ 106.94002, 11.3124239 ], [ 106.9400688, 11.3125103 ], [ 106.9401267, 11.3125731 ], [ 106.94017, 11.3126029 ], [ 106.9402689, 11.3126389 ], [ 106.9403743, 11.3126404 ], [ 106.9404256, 11.312628 ], [ 106.9404741, 11.3126072 ], [ 106.9405971, 11.3125249 ], [ 106.9407726, 11.3124289 ], [ 106.9409683, 11.3123544 ], [ 106.9410697, 11.3123276 ], [ 106.9411728, 11.3123078 ], [ 106.9412382, 11.3123052 ], [ 106.9413679, 11.3123224 ], [ 106.9414303, 11.312342 ], [ 106.9414595, 11.3123647 ], [ 106.9414817, 11.312394 ], [ 106.9414955, 11.312428 ], [ 106.9414999, 11.3124643 ], [ 106.9414946, 11.3125005 ], [ 106.94148, 11.3125341 ], [ 106.9414571, 11.3125629 ], [ 106.941378, 11.3126314 ], [ 106.9413321, 11.3126571 ], [ 106.9411739, 11.3127104 ], [ 106.9410679, 11.3127726 ], [ 106.9409802, 11.3128577 ], [ 106.9409448, 11.3129075 ], [ 106.9409198, 11.3129588 ], [ 106.9409034, 11.3130134 ], [ 106.940896, 11.3130699 ], [ 106.9408978, 11.3131268 ], [ 106.9409088, 11.3131827 ], [ 106.9409287, 11.3132362 ], [ 106.9409554, 11.3132828 ], [ 106.9410294, 11.3133608 ], [ 106.9410749, 11.3133903 ], [ 106.9412121, 11.313458 ], [ 106.9412957, 11.3135103 ], [ 106.9415266, 11.3136875 ], [ 106.9416095, 11.3137335 ], [ 106.9416968, 11.3137707 ], [ 106.9417876, 11.3137988 ], [ 106.9418809, 11.3138175 ], [ 106.9419263, 11.313838 ], [ 106.9420043, 11.3138988 ], [ 106.942035, 11.3139376 ], [ 106.9420758, 11.3140267 ], [ 106.9420849, 11.3140749 ], [ 106.9420861, 11.3141239 ], [ 106.9420661, 11.3142154 ], [ 106.9420462, 11.3142559 ], [ 106.941989, 11.3143255 ], [ 106.9417752, 11.3144669 ], [ 106.9417521, 11.3144908 ], [ 106.9417248, 11.3145526 ], [ 106.941729, 11.3146199 ], [ 106.941743, 11.314651 ], [ 106.9417639, 11.314678 ], [ 106.9418219, 11.3147143 ], [ 106.9418984, 11.3147453 ], [ 106.9420579, 11.314788 ], [ 106.9421969, 11.3148463 ], [ 106.9423184, 11.3149344 ], [ 106.942416, 11.3150476 ], [ 106.9425287, 11.3152667 ], [ 106.9426431, 11.3154433 ], [ 106.9427155, 11.3155303 ], [ 106.9427951, 11.3156109 ], [ 106.9428813, 11.3156848 ], [ 106.94294, 11.3157492 ], [ 106.9429912, 11.3158193 ], [ 106.9430346, 11.3158944 ], [ 106.9430695, 11.3159736 ], [ 106.9430955, 11.316056 ], [ 106.9431125, 11.3161407 ], [ 106.9431221, 11.3163225 ], [ 106.943106, 11.3165137 ], [ 106.9430879, 11.316608 ], [ 106.9430907, 11.316661 ], [ 106.9431025, 11.3167129 ], [ 106.9431231, 11.316762 ], [ 106.943188, 11.3168467 ], [ 106.9432303, 11.3168798 ], [ 106.9432778, 11.3169055 ], [ 106.9433824, 11.3169317 ], [ 106.9434969, 11.3169231 ], [ 106.9436605, 11.3168676 ], [ 106.9437115, 11.3168604 ], [ 106.9438142, 11.3168667 ], [ 106.9439113, 11.3168999 ], [ 106.9439485, 11.3169259 ], [ 106.9439797, 11.3169588 ], [ 106.9440035, 11.3169971 ], [ 106.9440189, 11.3170393 ], [ 106.9440255, 11.3170836 ], [ 106.9440228, 11.3171284 ], [ 106.9439905, 11.3172118 ], [ 106.9438764, 11.3173733 ], [ 106.9438413, 11.317476 ], [ 106.9438349, 11.3175299 ], [ 106.9438361, 11.3175842 ], [ 106.9438611, 11.3176897 ], [ 106.9439176, 11.3177902 ], [ 106.9439574, 11.3178366 ], [ 106.9440034, 11.3178773 ], [ 106.9441529, 11.3179707 ], [ 106.9441898, 11.3180092 ], [ 106.9442412, 11.3181018 ], [ 106.9442978, 11.3181626 ], [ 106.9443741, 11.318197 ], [ 106.9444158, 11.3182024 ], [ 106.9444579, 11.3181997 ], [ 106.9445363, 11.3181702 ], [ 106.9446356, 11.3181007 ], [ 106.9446785, 11.3180581 ], [ 106.9447482, 11.3179598 ], [ 106.9447634, 11.3178795 ], [ 106.9447577, 11.3178387 ], [ 106.9447003, 11.3177198 ], [ 106.944686, 11.3176719 ], [ 106.944679, 11.3175726 ], [ 106.9446865, 11.3175232 ], [ 106.9447016, 11.3174753 ], [ 106.9447535, 11.3173891 ], [ 106.9448089, 11.3173532 ], [ 106.9448745, 11.317343 ], [ 106.945177, 11.3174332 ], [ 106.9452993, 11.3174585 ], [ 106.945696, 11.3175057 ], [ 106.9459887, 11.3175676 ], [ 106.9462636, 11.3176563 ], [ 106.946635, 11.3178138 ], [ 106.9467542, 11.3178528 ], [ 106.9469985, 11.3179099 ], [ 106.9470833, 11.3179367 ], [ 106.9472438, 11.3180123 ], [ 106.9473182, 11.3180604 ], [ 106.9474523, 11.3181754 ], [ 106.9475636, 11.3183133 ], [ 106.9476612, 11.3184969 ], [ 106.9476771, 11.3185542 ], [ 106.9476781, 11.3185954 ], [ 106.9476553, 11.3186744 ], [ 106.9476031, 11.3187385 ], [ 106.9475296, 11.3187778 ], [ 106.9474384, 11.3187883 ], [ 106.947405, 11.3187984 ], [ 106.9473503, 11.3188402 ], [ 106.9473214, 11.318902 ], [ 106.9473251, 11.31897 ], [ 106.9473702, 11.3190804 ], [ 106.9474159, 11.3192439 ], [ 106.9474503, 11.3194665 ], [ 106.9474528, 11.3195606 ], [ 106.9474652, 11.3196062 ], [ 106.9475101, 11.3196878 ], [ 106.9475782, 11.3197522 ], [ 106.9476191, 11.3197759 ], [ 106.9477636, 11.3198215 ], [ 106.9478155, 11.3198453 ], [ 106.9479316, 11.3199271 ], [ 106.9479713, 11.3199803 ], [ 106.9479917, 11.3200533 ], [ 106.9479825, 11.3201283 ], [ 106.947945, 11.3201944 ], [ 106.9478847, 11.3202416 ], [ 106.9477648, 11.3202987 ], [ 106.9476987, 11.3203514 ], [ 106.9476645, 11.320392 ], [ 106.9476169, 11.3204861 ], [ 106.9476006, 11.3205899 ], [ 106.9476059, 11.3207346 ], [ 106.9475993, 11.3208266 ], [ 106.9476259, 11.3209122 ], [ 106.9476505, 11.3209502 ], [ 106.9477181, 11.3210104 ], [ 106.9477591, 11.3210306 ], [ 106.9478487, 11.3210481 ], [ 106.9479546, 11.3210446 ], [ 106.9480447, 11.3210514 ], [ 106.9481141, 11.3210745 ], [ 106.9481498, 11.3210986 ], [ 106.9482028, 11.3211654 ], [ 106.9482592, 11.3213578 ], [ 106.9483139, 11.3214248 ], [ 106.9483902, 11.3214668 ], [ 106.9484331, 11.3214764 ], [ 106.9485204, 11.321471 ], [ 106.9485617, 11.3214562 ], [ 106.9486725, 11.3213788 ], [ 106.9487165, 11.3213587 ], [ 106.9488114, 11.3213394 ], [ 106.94886, 11.3213406 ], [ 106.9489538, 11.3213646 ], [ 106.949089, 11.3214263 ], [ 106.9491848, 11.3214569 ], [ 106.9492831, 11.3214783 ], [ 106.9493831, 11.3214901 ], [ 106.9494838, 11.3214924 ], [ 106.9495842, 11.3214851 ], [ 106.9496834, 11.3214683 ], [ 106.9497471, 11.321468 ], [ 106.9498103, 11.3214758 ], [ 106.9499309, 11.3215148 ], [ 106.9500374, 11.3215828 ], [ 106.9500831, 11.3216263 ], [ 106.9501403, 11.3217012 ], [ 106.9501748, 11.321777 ], [ 106.9501862, 11.3218277 ], [ 106.950185, 11.3219312 ], [ 106.9502046, 11.3219996 ], [ 106.9502509, 11.3220542 ], [ 106.9503159, 11.3220857 ], [ 106.9503883, 11.3220884 ], [ 106.9504556, 11.322062 ], [ 106.9505061, 11.322011 ], [ 106.9505498, 11.3219044 ], [ 106.9505766, 11.3218692 ], [ 106.9506103, 11.3218401 ], [ 106.9507331, 11.3217838 ], [ 106.9507699, 11.321756 ], [ 106.950826, 11.3216839 ], [ 106.9508595, 11.3216492 ], [ 106.9508991, 11.3216214 ], [ 106.9509436, 11.3216018 ], [ 106.950991, 11.321591 ], [ 106.9510397, 11.3215894 ], [ 106.9510878, 11.3215971 ], [ 106.9511334, 11.3216139 ], [ 106.9511749, 11.321639 ], [ 106.9512106, 11.3216715 ], [ 106.9512391, 11.3217102 ], [ 106.951498, 11.3221139 ], [ 106.9516951, 11.3223783 ], [ 106.9518031, 11.3225369 ], [ 106.9518319, 11.3225939 ], [ 106.9518629, 11.3227044 ], [ 106.9518678, 11.3227615 ], [ 106.9518656, 11.3228189 ], [ 106.9518337, 11.3229838 ], [ 106.9518364, 11.3230373 ], [ 106.9518681, 11.3231396 ], [ 106.9518961, 11.3231855 ], [ 106.9519731, 11.3232611 ], [ 106.95202, 11.3232887 ], [ 106.952179, 11.3233388 ], [ 106.9522789, 11.3233966 ], [ 106.952343, 11.3234546 ], [ 106.9523766, 11.3235114 ], [ 106.952386, 11.3235851 ], [ 106.9523786, 11.3236218 ], [ 106.9523411, 11.3236864 ], [ 106.9523129, 11.3237115 ], [ 106.9522239, 11.3237544 ], [ 106.9521653, 11.3237714 ], [ 106.9520438, 11.3237827 ], [ 106.9519689, 11.3238136 ], [ 106.9519134, 11.3238719 ], [ 106.9518962, 11.3239082 ], [ 106.9518865, 11.3239873 ], [ 106.9518945, 11.3240266 ], [ 106.9519343, 11.3240961 ], [ 106.9519996, 11.3241435 ], [ 106.9520731, 11.3241745 ], [ 106.9521306, 11.3242271 ], [ 106.9521669, 11.3242955 ], [ 106.9521875, 11.3244073 ], [ 106.9522269, 11.3244693 ], [ 106.9522551, 11.3244934 ], [ 106.9523233, 11.324523 ], [ 106.9524492, 11.324528 ], [ 106.9525462, 11.3245612 ], [ 106.9526255, 11.3246252 ], [ 106.9526553, 11.3246664 ], [ 106.9526733, 11.3247077 ], [ 106.9526825, 11.3247518 ], [ 106.9526734, 11.3248408 ], [ 106.9526554, 11.3248822 ], [ 106.9526294, 11.3249192 ], [ 106.9525589, 11.3249945 ], [ 106.9525024, 11.3250947 ], [ 106.9524731, 11.3252056 ], [ 106.9524693, 11.3252628 ], [ 106.952495, 11.325462 ], [ 106.9525057, 11.3257505 ], [ 106.9525194, 11.3258662 ], [ 106.9525697, 11.3260937 ], [ 106.9526769, 11.3264039 ], [ 106.9527067, 11.3265913 ], [ 106.9527102, 11.3267337 ], [ 106.9526885, 11.3268291 ], [ 106.9526656, 11.3268743 ], [ 106.9525989, 11.3269507 ], [ 106.9525105, 11.3270018 ], [ 106.9524009, 11.3270381 ], [ 106.9523442, 11.3270491 ], [ 106.9523048, 11.3270666 ], [ 106.9522401, 11.3271219 ], [ 106.9522017, 11.3271973 ], [ 106.9521953, 11.3272813 ], [ 106.9522292, 11.3274056 ], [ 106.9522608, 11.3274862 ], [ 106.9523204, 11.3276018 ], [ 106.9523867, 11.3276927 ], [ 106.952488, 11.3277872 ], [ 106.952661, 11.3278959 ], [ 106.9527109, 11.3279378 ], [ 106.9527961, 11.3280356 ], [ 106.9528592, 11.3281485 ], [ 106.9529323, 11.3283605 ], [ 106.9529996, 11.328482 ], [ 106.9530415, 11.3285377 ], [ 106.953077, 11.3285723 ], [ 106.9531596, 11.3286271 ], [ 106.9532022, 11.3286825 ], [ 106.9532128, 11.3287158 ], [ 106.9532097, 11.3287852 ], [ 106.9531756, 11.328846 ], [ 106.95311, 11.3289108 ], [ 106.9530771, 11.3289573 ], [ 106.9530509, 11.3290076 ], [ 106.9530023, 11.329163 ], [ 106.9529777, 11.3292066 ], [ 106.9529471, 11.3292464 ], [ 106.9528333, 11.3293475 ], [ 106.9527808, 11.3294357 ], [ 106.95276, 11.3295357 ], [ 106.9527719, 11.3296724 ], [ 106.9527474, 11.3297386 ], [ 106.9527255, 11.3297667 ], [ 106.9526667, 11.329807 ], [ 106.9525527, 11.3298332 ], [ 106.9525122, 11.3298533 ], [ 106.9524471, 11.3299146 ], [ 106.9524107, 11.3299956 ], [ 106.9524052, 11.3300397 ], [ 106.9524195, 11.33014 ], [ 106.9524627, 11.3302454 ], [ 106.9525319, 11.3303366 ], [ 106.9526446, 11.3304418 ], [ 106.9526905, 11.3305239 ], [ 106.9527017, 11.330617 ], [ 106.9526936, 11.3306634 ], [ 106.9526514, 11.3307474 ], [ 106.9526189, 11.3307821 ], [ 106.9525802, 11.33081 ], [ 106.9525056, 11.3308357 ], [ 106.9524265, 11.3308332 ], [ 106.9523886, 11.3308213 ], [ 106.9522857, 11.3307595 ], [ 106.9522041, 11.3307456 ], [ 106.9521235, 11.3307646 ], [ 106.9520572, 11.3308135 ], [ 106.952033, 11.3308468 ], [ 106.9520238, 11.3308727 ], [ 106.9520239, 11.3309272 ], [ 106.9520483, 11.3309762 ], [ 106.9521263, 11.3310392 ], [ 106.9521538, 11.3310748 ], [ 106.9521732, 11.3311151 ], [ 106.9521839, 11.3311585 ], [ 106.9521853, 11.3312031 ], [ 106.9521773, 11.3312471 ], [ 106.9521604, 11.3312885 ], [ 106.9521352, 11.3313256 ], [ 106.9521028, 11.331357 ], [ 106.9520376, 11.3313904 ], [ 106.9520014, 11.3313978 ], [ 106.951928, 11.3313928 ], [ 106.9518614, 11.3313622 ], [ 106.9518378, 11.3313411 ], [ 106.9518056, 11.3312873 ], [ 106.951788, 11.3311876 ], [ 106.9517711, 11.3311525 ], [ 106.9517469, 11.3311217 ], [ 106.9516816, 11.3310783 ], [ 106.9516039, 11.3310653 ], [ 106.9515277, 11.331085 ], [ 106.9514666, 11.3311338 ], [ 106.9514316, 11.3312031 ], [ 106.9514289, 11.3312803 ], [ 106.9514777, 11.3313978 ], [ 106.951495, 11.3314953 ], [ 106.9514849, 11.3315937 ], [ 106.9514416, 11.3317511 ], [ 106.9514227, 11.331863 ], [ 106.9514132, 11.3319761 ], [ 106.9514132, 11.3320896 ], [ 106.9514227, 11.3322027 ], [ 106.9514416, 11.3323147 ], [ 106.9514698, 11.3324247 ], [ 106.9515317, 11.3325489 ], [ 106.9516209, 11.332656 ], [ 106.9517326, 11.3327403 ], [ 106.9517929, 11.3328167 ], [ 106.9518114, 11.3328617 ], [ 106.9518221, 11.3329577 ], [ 106.9518139, 11.3330055 ], [ 106.951772, 11.3330929 ], [ 106.9517008, 11.3331598 ], [ 106.9516572, 11.3331826 ], [ 106.9516101, 11.3331972 ], [ 106.951481, 11.3332056 ], [ 106.9513228, 11.3331839 ], [ 106.9512466, 11.3331599 ], [ 106.9510327, 11.3330545 ], [ 106.9509574, 11.3330291 ], [ 106.9508007, 11.3330015 ], [ 106.9506416, 11.3330059 ], [ 106.9504867, 11.3330421 ], [ 106.950413, 11.3330717 ], [ 106.9503458, 11.3331313 ], [ 106.9503052, 11.3332107 ], [ 106.9502965, 11.3332991 ], [ 106.9503047, 11.333343 ], [ 106.9503449, 11.3334226 ], [ 106.9504144, 11.3335079 ], [ 106.9504465, 11.3335645 ], [ 106.9504881, 11.3336871 ], [ 106.9504929, 11.3337952 ], [ 106.9504842, 11.3338488 ], [ 106.9504262, 11.3340079 ], [ 106.9504109, 11.3341282 ], [ 106.9504262, 11.3342485 ], [ 106.9504713, 11.3343615 ], [ 106.9505537, 11.3344777 ], [ 106.9507155, 11.3346447 ], [ 106.9507831, 11.3347653 ], [ 106.9508507, 11.3348377 ], [ 106.9508932, 11.334864 ], [ 106.950989, 11.3348924 ], [ 106.951146, 11.3348847 ], [ 106.9512585, 11.3349035 ], [ 106.9513621, 11.3349502 ], [ 106.9514499, 11.3350216 ], [ 106.951519, 11.335117 ], [ 106.9515638, 11.3352309 ], [ 106.9515749, 11.3352911 ], [ 106.9515732, 11.3354132 ], [ 106.9515403, 11.335531 ], [ 106.9514657, 11.3356653 ], [ 106.951353, 11.3358116 ], [ 106.9512176, 11.3359383 ], [ 106.9511849, 11.3359802 ], [ 106.9511392, 11.3360754 ], [ 106.9511272, 11.3361269 ], [ 106.9511227, 11.3361794 ], [ 106.9511367, 11.3362838 ], [ 106.9511801, 11.3363801 ], [ 106.9512016, 11.3364752 ], [ 106.9511885, 11.3365717 ], [ 106.9511578, 11.3366662 ], [ 106.9511609, 11.3367672 ], [ 106.9511984, 11.3368613 ], [ 106.9512921, 11.3369743 ], [ 106.9513227, 11.3370581 ], [ 106.9513262, 11.3371027 ], [ 106.9513091, 11.3371901 ], [ 106.951289, 11.3372302 ], [ 106.951262, 11.3372663 ], [ 106.9511596, 11.3373507 ], [ 106.951134, 11.3373846 ], [ 106.9511024, 11.3374627 ], [ 106.9510998, 11.3375467 ], [ 106.951137, 11.3376713 ], [ 106.9511326, 11.3377623 ], [ 106.9511178, 11.3378057 ], [ 106.9510656, 11.3378812 ], [ 106.9509404, 11.3379914 ], [ 106.950663, 11.3382618 ], [ 106.9505718, 11.3383775 ], [ 106.9505066, 11.3385149 ], [ 106.9504858, 11.3385907 ], [ 106.9504609, 11.338804 ], [ 106.9504156, 11.338911 ], [ 106.9503822, 11.3389589 ], [ 106.9502971, 11.3390393 ], [ 106.950193, 11.3390941 ], [ 106.9500639, 11.3391291 ], [ 106.9499302, 11.3391362 ], [ 106.9498815, 11.3391459 ], [ 106.9497926, 11.3391886 ], [ 106.9497233, 11.3392579 ], [ 106.9496986, 11.3393002 ], [ 106.9496546, 11.3394562 ], [ 106.9496229, 11.339537 ], [ 106.9496122, 11.3395562 ], [ 106.9495727, 11.3395899 ], [ 106.9495135, 11.3396008 ], [ 106.9494839, 11.3395936 ], [ 106.9494082, 11.3395379 ], [ 106.9493761, 11.3395256 ], [ 106.9493077, 11.3395235 ], [ 106.9492451, 11.3395508 ], [ 106.9492011, 11.3396023 ], [ 106.9491715, 11.3397212 ], [ 106.9491518, 11.339773 ], [ 106.9491107, 11.3398454 ], [ 106.9490618, 11.3398975 ], [ 106.9490256, 11.3399223 ], [ 106.9489434, 11.3399528 ], [ 106.9488996, 11.3399578 ], [ 106.9488124, 11.3399464 ], [ 106.9487715, 11.3399304 ], [ 106.9487463, 11.3399107 ], [ 106.9487142, 11.3398564 ], [ 106.9487078, 11.3397619 ], [ 106.9486956, 11.3397322 ], [ 106.9486516, 11.3396854 ], [ 106.9485905, 11.3396638 ], [ 106.9485262, 11.3396724 ], [ 106.9484975, 11.3396877 ], [ 106.9484165, 11.3397799 ], [ 106.948353, 11.3398778 ], [ 106.9483038, 11.3400064 ], [ 106.948285, 11.3401426 ], [ 106.9482976, 11.3402794 ], [ 106.9483155, 11.3403459 ], [ 106.9483401, 11.3404133 ], [ 106.9484319, 11.3405959 ], [ 106.9484735, 11.3407417 ], [ 106.9484739, 11.340817 ], [ 106.9484633, 11.3408609 ], [ 106.9484195, 11.3409398 ], [ 106.9483877, 11.3409723 ], [ 106.948309, 11.3410185 ], [ 106.9482647, 11.3410306 ], [ 106.94814, 11.3410366 ], [ 106.9479832, 11.3410183 ], [ 106.9479069, 11.3409985 ], [ 106.9478327, 11.3409718 ], [ 106.9477533, 11.3409222 ], [ 106.947708, 11.3409087 ], [ 106.9476135, 11.3409066 ], [ 106.947524, 11.3409377 ], [ 106.9474851, 11.3409647 ], [ 106.9474245, 11.3410363 ], [ 106.9474037, 11.3410783 ], [ 106.947384, 11.3411693 ], [ 106.9473948, 11.3412618 ], [ 106.9474348, 11.3413461 ], [ 106.9475453, 11.341461 ], [ 106.9476201, 11.3415679 ], [ 106.9476716, 11.3416873 ], [ 106.9476879, 11.3417503 ], [ 106.9477074, 11.3418545 ], [ 106.9477249, 11.3420306 ], [ 106.9477072, 11.3421068 ], [ 106.9476869, 11.3421447 ], [ 106.9476601, 11.3421785 ], [ 106.9475901, 11.3422292 ], [ 106.9475063, 11.3422523 ], [ 106.9474626, 11.3422523 ], [ 106.9474196, 11.3422447 ], [ 106.9473492, 11.3422115 ], [ 106.9472943, 11.342157 ], [ 106.9472748, 11.3421237 ], [ 106.9472198, 11.3420805 ], [ 106.9471507, 11.3420672 ], [ 106.9470831, 11.3420869 ], [ 106.946891, 11.3422306 ], [ 106.9467938, 11.3423288 ], [ 106.9467538, 11.3423863 ], [ 106.9466664, 11.3425664 ], [ 106.9465908, 11.342662 ], [ 106.9464951, 11.3427384 ], [ 106.9463843, 11.3427917 ], [ 106.9462912, 11.3428584 ], [ 106.9462227, 11.3429494 ], [ 106.9461851, 11.3430562 ], [ 106.9461817, 11.3431693 ], [ 106.9462129, 11.3432781 ], [ 106.9462407, 11.3433278 ], [ 106.9463175, 11.3434122 ], [ 106.9464667, 11.3435029 ], [ 106.9465523, 11.3435858 ], [ 106.9465863, 11.3436346 ], [ 106.9466341, 11.3437428 ], [ 106.9466525, 11.3438594 ], [ 106.9466474, 11.3438994 ], [ 106.9466164, 11.343974 ], [ 106.9465916, 11.3440062 ], [ 106.9465268, 11.3440556 ], [ 106.9464888, 11.3440713 ], [ 106.9463918, 11.3440864 ], [ 106.9463346, 11.3440848 ], [ 106.946175, 11.3440523 ], [ 106.9460775, 11.3440587 ], [ 106.9459858, 11.3440915 ], [ 106.9459444, 11.3441171 ], [ 106.9459196, 11.3441433 ], [ 106.9458906, 11.3442085 ], [ 106.9458931, 11.3442795 ], [ 106.9459267, 11.3443425 ], [ 106.9459848, 11.344385 ], [ 106.9460729, 11.3444189 ], [ 106.9461682, 11.3444847 ], [ 106.9462425, 11.3445727 ], [ 106.9462701, 11.3446231 ], [ 106.9463038, 11.3447325 ], [ 106.9463082, 11.3448522 ], [ 106.9462811, 11.3449689 ], [ 106.9462242, 11.345075 ], [ 106.9461526, 11.3451737 ], [ 106.9461261, 11.3452293 ], [ 106.9460946, 11.3453479 ], [ 106.946093, 11.3454705 ], [ 106.9461214, 11.3455898 ], [ 106.9461751, 11.3457055 ], [ 106.9461807, 11.3457388 ], [ 106.9461701, 11.3458052 ], [ 106.9461324, 11.3458614 ], [ 106.9460744, 11.3458972 ], [ 106.9458333, 11.3459404 ], [ 106.9456333, 11.3460053 ], [ 106.9455371, 11.3460488 ], [ 106.9454445, 11.3460992 ], [ 106.9452722, 11.3462198 ], [ 106.9451934, 11.3462893 ], [ 106.9451236, 11.3463817 ], [ 106.9450964, 11.3464327 ], [ 106.9450323, 11.3466043 ], [ 106.9449965, 11.3466624 ], [ 106.9449527, 11.346715 ], [ 106.9449018, 11.346761 ], [ 106.9447748, 11.3468526 ], [ 106.9447084, 11.3469099 ], [ 106.9445388, 11.3470806 ], [ 106.9444317, 11.3471571 ], [ 106.9444011, 11.3471894 ], [ 106.9443773, 11.3472267 ], [ 106.944353, 11.3473109 ], [ 106.9443533, 11.3473549 ], [ 106.9443789, 11.3474389 ], [ 106.9444032, 11.3474758 ], [ 106.9444707, 11.3475332 ], [ 106.9446271, 11.347587 ], [ 106.9446956, 11.3476201 ], [ 106.9447916, 11.3476819 ], [ 106.9448179, 11.3477094 ], [ 106.9448469, 11.3477739 ], [ 106.9448499, 11.3478092 ], [ 106.9448322, 11.3478776 ], [ 106.9448124, 11.3479072 ], [ 106.9447556, 11.3479504 ], [ 106.9446462, 11.3479797 ], [ 106.9445694, 11.3479883 ], [ 106.9444922, 11.3479876 ], [ 106.9444156, 11.3479776 ], [ 106.9442728, 11.3479543 ], [ 106.9442046, 11.3479278 ], [ 106.9441312, 11.347925 ], [ 106.9440893, 11.3479346 ], [ 106.9440152, 11.3479767 ], [ 106.9439859, 11.3480076 ], [ 106.9439484, 11.3480831 ], [ 106.9439417, 11.3481248 ], [ 106.9439406, 11.3482557 ], [ 106.9439288, 11.3483437 ], [ 106.9438791, 11.3485141 ], [ 106.943873, 11.348624 ], [ 106.9439007, 11.3487307 ], [ 106.9439876, 11.3488761 ], [ 106.9440077, 11.3489311 ], [ 106.9440197, 11.3489884 ], [ 106.944018, 11.3491051 ], [ 106.9439827, 11.3492165 ], [ 106.9438485, 11.3494201 ], [ 106.9437909, 11.3495539 ], [ 106.9437709, 11.3496339 ], [ 106.9437606, 11.3497158 ], [ 106.94376, 11.3497982 ], [ 106.9437692, 11.3498801 ], [ 106.9437879, 11.3499605 ], [ 106.9437853, 11.3500779 ], [ 106.9437485, 11.3501897 ], [ 106.9436539, 11.3503336 ], [ 106.9436351, 11.3503842 ], [ 106.9436231, 11.3504908 ], [ 106.9436457, 11.3505959 ], [ 106.9437007, 11.3506887 ], [ 106.9437826, 11.3507599 ], [ 106.9438587, 11.3508099 ], [ 106.943914, 11.3508359 ], [ 106.9439651, 11.3508837 ], [ 106.9439999, 11.3509543 ], [ 106.9440055, 11.3510324 ], [ 106.9439969, 11.3510709 ], [ 106.9439463, 11.351174 ], [ 106.9439059, 11.3512378 ], [ 106.9438094, 11.3513542 ], [ 106.9437771, 11.3514053 ], [ 106.9437531, 11.3514606 ], [ 106.9437379, 11.3515189 ], [ 106.9437318, 11.3515787 ], [ 106.9437351, 11.3516387 ], [ 106.9437475, 11.3516975 ], [ 106.9437689, 11.3517539 ], [ 106.9437987, 11.3518064 ], [ 106.9438362, 11.3518539 ], [ 106.9439491, 11.3519572 ], [ 106.944083, 11.3520327 ], [ 106.9441991, 11.3521179 ], [ 106.9442921, 11.3522271 ], [ 106.9443569, 11.3523543 ], [ 106.94439, 11.3524928 ], [ 106.9443923, 11.3526437 ], [ 106.9443687, 11.3528014 ], [ 106.944319, 11.3529531 ], [ 106.9443096, 11.3530059 ], [ 106.9443142, 11.3531127 ], [ 106.9443282, 11.3531645 ], [ 106.9443779, 11.3532596 ], [ 106.9445186, 11.3534036 ], [ 106.9445782, 11.3534752 ], [ 106.9446784, 11.3536316 ], [ 106.944736, 11.3537466 ], [ 106.9447848, 11.3538656 ], [ 106.9448245, 11.3539877 ], [ 106.944855, 11.3541123 ], [ 106.944876, 11.3542388 ], [ 106.9446862, 11.3542791 ], [ 106.9444986, 11.3543287 ], [ 106.9443137, 11.3543874 ], [ 106.9441321, 11.354455 ], [ 106.9439541, 11.3545314 ], [ 106.9437802, 11.3546164 ], [ 106.9436109, 11.3547098 ], [ 106.9432113, 11.3549499 ], [ 106.9427955, 11.3551621 ], [ 106.9423984, 11.3553326 ], [ 106.9419908, 11.3554776 ], [ 106.9417767, 11.3555849 ], [ 106.9416762, 11.3556498 ], [ 106.9415702, 11.3557481 ], [ 106.9413632, 11.3559168 ], [ 106.9412452, 11.3560036 ], [ 106.9410217, 11.356139 ], [ 106.9409044, 11.3561971 ], [ 106.9406605, 11.3562928 ], [ 106.9405719, 11.3563132 ], [ 106.9403908, 11.3563275 ], [ 106.9402104, 11.3563064 ], [ 106.9401226, 11.3562827 ], [ 106.9399566, 11.3562104 ], [ 106.9398085, 11.3561072 ], [ 106.9396082, 11.3559024 ], [ 106.9395261, 11.355834 ], [ 106.9393456, 11.355719 ], [ 106.9392486, 11.3556732 ], [ 106.9391479, 11.3556357 ], [ 106.9390444, 11.3556066 ], [ 106.9389387, 11.3555863 ], [ 106.9385858, 11.3555616 ], [ 106.9384486, 11.3555425 ], [ 106.9383129, 11.355515 ], [ 106.9379162, 11.3553998 ], [ 106.9377825, 11.3553716 ], [ 106.9375113, 11.3553382 ], [ 106.9373747, 11.355333 ], [ 106.9343358, 11.3553251 ], [ 106.9343447, 11.3543351 ], [ 106.9342311, 11.3542384 ], [ 106.9340437, 11.3541283 ], [ 106.9339442, 11.3540839 ], [ 106.9338336, 11.3540444 ], [ 106.9337201, 11.3540139 ], [ 106.9336044, 11.3539925 ], [ 106.9334874, 11.3539803 ], [ 106.9331215, 11.3539841 ], [ 106.9329909, 11.3539768 ], [ 106.9327322, 11.3539398 ], [ 106.9325419, 11.3538933 ], [ 106.9323835, 11.3538364 ], [ 106.9322903, 11.3537923 ], [ 106.9322008, 11.3537415 ], [ 106.9319469, 11.3535643 ], [ 106.9318544, 11.3535156 ], [ 106.9317578, 11.3534752 ], [ 106.9316579, 11.3534436 ], [ 106.9315555, 11.3534209 ], [ 106.9314514, 11.3534074 ], [ 106.9313465, 11.3534031 ], [ 106.9312417, 11.3534082 ], [ 106.9311377, 11.3534225 ], [ 106.9310355, 11.3534459 ], [ 106.9309358, 11.3534783 ], [ 106.9308396, 11.3535194 ], [ 106.9307475, 11.3535689 ], [ 106.9306604, 11.3536263 ], [ 106.9305393, 11.3537381 ], [ 106.9304436, 11.3538714 ], [ 106.9304064, 11.3539445 ], [ 106.9303261, 11.3541812 ], [ 106.9302904, 11.3542603 ], [ 106.9302002, 11.3544088 ], [ 106.9301464, 11.3544773 ], [ 106.9300399, 11.3546 ], [ 106.929929, 11.3546934 ], [ 106.9298032, 11.3547549 ], [ 106.9296661, 11.3547851 ], [ 106.9295256, 11.3547823 ], [ 106.9293898, 11.3547466 ], [ 106.9291545, 11.3546511 ], [ 106.9289042, 11.3545319 ], [ 106.9286227, 11.3544258 ], [ 106.9284753, 11.3543839 ], [ 106.9283254, 11.3543512 ], [ 106.9281737, 11.354328 ], [ 106.9280208, 11.3543143 ], [ 106.9278674, 11.3543102 ], [ 106.927714, 11.3543156 ], [ 106.9275612, 11.3543306 ], [ 106.9271358, 11.3544083 ], [ 106.9270104, 11.35442 ], [ 106.9267586, 11.3544201 ], [ 106.9265087, 11.3543894 ], [ 106.9261475, 11.3543159 ], [ 106.9256676, 11.354242 ], [ 106.9253053, 11.3542024 ], [ 106.9250268, 11.3541904 ], [ 106.9248695, 11.3541938 ], [ 106.9245562, 11.3542227 ], [ 106.924401, 11.3542481 ], [ 106.9240951, 11.3543206 ], [ 106.9239711, 11.3543423 ], [ 106.9238458, 11.354355 ], [ 106.9237198, 11.3543585 ], [ 106.923594, 11.3543528 ], [ 106.9234689, 11.3543379 ], [ 106.9233453, 11.3543139 ], [ 106.9232238, 11.354281 ], [ 106.9230467, 11.3542162 ], [ 106.922918, 11.3541469 ], [ 106.9228504, 11.3540981 ], [ 106.9227309, 11.3539828 ], [ 106.9225134, 11.3536824 ], [ 106.9223732, 11.3535317 ], [ 106.9223027, 11.3534721 ], [ 106.9221471, 11.3533721 ], [ 106.9219008, 11.3532622 ], [ 106.92183, 11.3532163 ], [ 106.9217647, 11.3531632 ], [ 106.9217056, 11.3531034 ], [ 106.9216535, 11.3530378 ], [ 106.921609, 11.352967 ], [ 106.9215447, 11.3528133 ], [ 106.9215139, 11.3526608 ], [ 106.9215041, 11.3525166 ], [ 106.9214756, 11.3523993 ], [ 106.9214184, 11.3522925 ], [ 106.9213361, 11.3522029 ], [ 106.9212871, 11.3521663 ], [ 106.9211772, 11.3521123 ], [ 106.9207692, 11.3520117 ], [ 106.9206612, 11.3519779 ], [ 106.9204527, 11.3518907 ], [ 106.9203657, 11.3518615 ], [ 106.9201852, 11.3518277 ], [ 106.9200014, 11.3518277 ], [ 106.9199103, 11.3518404 ], [ 106.9197339, 11.3518907 ], [ 106.919681, 11.3518974 ], [ 106.919575, 11.3518879 ], [ 106.9194236, 11.3518318 ], [ 106.9193688, 11.3518229 ], [ 106.9193133, 11.351822 ], [ 106.919205, 11.3518443 ], [ 106.9191545, 11.351867 ], [ 106.9190666, 11.351933 ], [ 106.9188327, 11.3521957 ], [ 106.9187678, 11.3522824 ], [ 106.9187107, 11.3523741 ], [ 106.9186618, 11.3524702 ], [ 106.9186213, 11.3525701 ], [ 106.9185897, 11.352673 ], [ 106.9185671, 11.3527781 ], [ 106.9185301, 11.3530159 ], [ 106.9184989, 11.3531456 ], [ 106.9184602, 11.3532733 ], [ 106.9183127, 11.3536535 ], [ 106.9182735, 11.3537886 ], [ 106.9182434, 11.3539259 ], [ 106.9182125, 11.3541346 ], [ 106.918216, 11.3542747 ], [ 106.9182498, 11.3544105 ], [ 106.9183123, 11.3545362 ], [ 106.9183293, 11.3546247 ], [ 106.9183254, 11.3546697 ], [ 106.9182933, 11.354754 ], [ 106.9182328, 11.3548217 ], [ 106.9181557, 11.3548804 ], [ 106.918123, 11.3549198 ], [ 106.9180785, 11.3550112 ], [ 106.9180653, 11.3551116 ], [ 106.9180709, 11.3551621 ], [ 106.9181003, 11.3552295 ], [ 106.9181514, 11.355283 ], [ 106.918165, 11.3553068 ], [ 106.9181702, 11.3553606 ], [ 106.9181613, 11.3553865 ], [ 106.918124, 11.3554263 ], [ 106.9180288, 11.3554526 ], [ 106.9179542, 11.3554971 ], [ 106.9179002, 11.3555643 ], [ 106.9178528, 11.3556597 ], [ 106.9178164, 11.3557121 ], [ 106.9177276, 11.3558037 ], [ 106.9176672, 11.3558483 ], [ 106.9175322, 11.3559148 ], [ 106.917385, 11.3559479 ], [ 106.9173095, 11.3559513 ], [ 106.9172341, 11.3559457 ], [ 106.9169229, 11.3559089 ], [ 106.9167514, 11.3559158 ], [ 106.9165842, 11.355954 ], [ 106.9165041, 11.3559845 ], [ 106.9162875, 11.3560962 ], [ 106.9161453, 11.35613 ], [ 106.9160722, 11.3561337 ], [ 106.9159272, 11.3561147 ], [ 106.9158576, 11.3560922 ], [ 106.9157296, 11.356023 ], [ 106.9155551, 11.3558867 ], [ 106.9155121, 11.3558616 ], [ 106.9154656, 11.3558431 ], [ 106.9153668, 11.3558276 ], [ 106.9152678, 11.3558417 ], [ 106.9151776, 11.3558841 ], [ 106.9151044, 11.355951 ], [ 106.9150556, 11.3560119 ], [ 106.9150316, 11.3560583 ], [ 106.9149835, 11.3560965 ], [ 106.9149141, 11.35611 ], [ 106.9148792, 11.3561033 ], [ 106.9148201, 11.3560653 ], [ 106.9147999, 11.3560365 ], [ 106.9147662, 11.3559615 ], [ 106.9147387, 11.355923 ], [ 106.9147058, 11.3558886 ], [ 106.914627, 11.3558353 ], [ 106.9145664, 11.3557692 ], [ 106.9145474, 11.3557287 ], [ 106.9145371, 11.3556853 ], [ 106.9145264, 11.3555802 ], [ 106.9145085, 11.3555217 ], [ 106.9144486, 11.3554148 ], [ 106.9144078, 11.3553686 ], [ 106.9143609, 11.3553284 ], [ 106.9142521, 11.3552693 ], [ 106.9141409, 11.3552434 ], [ 106.9140369, 11.3552462 ], [ 106.9139913, 11.3552408 ], [ 106.9139078, 11.3552048 ], [ 106.9138447, 11.3551402 ], [ 106.9137938, 11.3550249 ], [ 106.9137407, 11.3549745 ], [ 106.9137075, 11.3549582 ], [ 106.9136532, 11.3549461 ], [ 106.913607, 11.3549523 ], [ 106.9135601, 11.3549821 ], [ 106.9135187, 11.3550246 ], [ 106.9134896, 11.3550384 ], [ 106.9134258, 11.3550432 ], [ 106.9133675, 11.3550174 ], [ 106.9133001, 11.3549324 ], [ 106.9132655, 11.3549027 ], [ 106.9131834, 11.3548634 ], [ 106.9131383, 11.354855 ], [ 106.9130471, 11.3548618 ], [ 106.9129022, 11.3549246 ], [ 106.9128374, 11.3549414 ], [ 106.9127709, 11.3549491 ], [ 106.9127039, 11.3549475 ], [ 106.9126377, 11.3549367 ], [ 106.9124499, 11.3548682 ], [ 106.9123177, 11.3548522 ], [ 106.9122511, 11.3548568 ], [ 106.9121226, 11.3548911 ], [ 106.9119877, 11.3549675 ], [ 106.9119551, 11.3549787 ], [ 106.9119207, 11.3549823 ], [ 106.9118541, 11.3549663 ], [ 106.9118017, 11.3549229 ], [ 106.9117746, 11.3548611 ], [ 106.9117725, 11.3548273 ], [ 106.9118106, 11.3545257 ], [ 106.9118025, 11.3543245 ], [ 106.9117863, 11.354225 ], [ 106.9117499, 11.354078 ], [ 106.9117302, 11.3540313 ], [ 106.9116643, 11.3539429 ], [ 106.9116212, 11.3539078 ], [ 106.9115205, 11.3538605 ], [ 106.9114656, 11.3538495 ], [ 106.9114096, 11.3538475 ], [ 106.9113004, 11.3538701 ], [ 106.9111334, 11.3539664 ], [ 106.9110582, 11.3539986 ], [ 106.9109799, 11.3540225 ], [ 106.9108993, 11.3540375 ], [ 106.9108174, 11.3540437 ], [ 106.9107354, 11.3540408 ], [ 106.910575, 11.3540084 ], [ 106.9104985, 11.3539792 ], [ 106.9104258, 11.3539418 ], [ 106.9103579, 11.3538966 ], [ 106.9102956, 11.3538443 ], [ 106.9102129, 11.3537548 ], [ 106.9101687, 11.3536734 ], [ 106.9101554, 11.3536229 ], [ 106.9101556, 11.353519 ], [ 106.9101691, 11.3534685 ], [ 106.9101586, 11.3534021 ], [ 106.9101189, 11.3533473 ], [ 106.9100584, 11.3533156 ], [ 106.9099634, 11.3533092 ], [ 106.9099031, 11.3533167 ], [ 106.909789, 11.3533575 ], [ 106.909738, 11.3533899 ], [ 106.9096925, 11.3534295 ], [ 106.9096535, 11.3534754 ], [ 106.9095751, 11.3535917 ], [ 106.9094664, 11.3537105 ], [ 106.9093603, 11.3537772 ], [ 106.9092395, 11.3538125 ], [ 106.9091135, 11.3538138 ], [ 106.9090516, 11.3538015 ], [ 106.908936, 11.3537523 ], [ 106.9088846, 11.3537163 ], [ 106.9087964, 11.3536237 ], [ 106.9087315, 11.3535106 ], [ 106.908703, 11.3534767 ], [ 106.9086686, 11.3534486 ], [ 106.9085867, 11.3534139 ], [ 106.9084976, 11.3534114 ], [ 106.9084139, 11.3534414 ], [ 106.9083778, 11.3534674 ], [ 106.9082884, 11.3535774 ], [ 106.9082467, 11.3536117 ], [ 106.9081491, 11.3536579 ], [ 106.9080415, 11.3536704 ], [ 106.9079355, 11.3536479 ], [ 106.9078868, 11.3536242 ], [ 106.9078046, 11.353555 ], [ 106.9077134, 11.3534081 ], [ 106.9076696, 11.3533585 ], [ 106.9076192, 11.3533152 ], [ 106.9075632, 11.3532793 ], [ 106.9073749, 11.3532037 ], [ 106.9073152, 11.3531679 ], [ 106.907212, 11.3530758 ], [ 106.90717, 11.3530209 ], [ 106.9071086, 11.352898 ], [ 106.9070803, 11.352764 ], [ 106.907082, 11.3526127 ], [ 106.9071007, 11.3524482 ], [ 106.907094, 11.3524043 ], [ 106.907055, 11.3523247 ], [ 106.9070242, 11.3522921 ], [ 106.9069875, 11.3522661 ], [ 106.9069022, 11.3522378 ], [ 106.9068217, 11.3522437 ], [ 106.9067838, 11.3522579 ], [ 106.9067198, 11.3523062 ], [ 106.9066556, 11.3523299 ], [ 106.9065876, 11.352321 ], [ 106.906532, 11.3522815 ], [ 106.9065022, 11.3522209 ], [ 106.9065062, 11.3521054 ], [ 106.9064987, 11.3520578 ], [ 106.9064592, 11.3519697 ], [ 106.9063916, 11.3519001 ], [ 106.9062925, 11.3518328 ], [ 106.9062406, 11.3517845 ], [ 106.9061946, 11.3517309 ], [ 106.9061226, 11.35161 ], [ 106.9060975, 11.3515443 ], [ 106.9060498, 11.3513112 ], [ 106.90602, 11.3512179 ], [ 106.9059348, 11.3510413 ], [ 106.9058801, 11.3509595 ], [ 106.9058179, 11.350883 ], [ 106.9055395, 11.3505915 ], [ 106.9054269, 11.3504878 ], [ 106.9053358, 11.3503654 ], [ 106.9052943, 11.3502883 ], [ 106.9052614, 11.3502072 ], [ 106.9052376, 11.3501231 ], [ 106.9052229, 11.3500371 ], [ 106.9052178, 11.3499499 ], [ 106.9052035, 11.3498897 ], [ 106.9051499, 11.349778 ], [ 106.9050667, 11.3496853 ], [ 106.9050159, 11.3496485 ], [ 106.9048371, 11.3495654 ], [ 106.9047777, 11.3495255 ], [ 106.9046763, 11.3494255 ], [ 106.9046361, 11.3493669 ], [ 106.9045796, 11.3492373 ], [ 106.9045643, 11.3491683 ], [ 106.9045579, 11.3490979 ], [ 106.9045589, 11.3488333 ], [ 106.9045418, 11.3487455 ], [ 106.9044911, 11.3486605 ], [ 106.9043804, 11.348567 ], [ 106.9043334, 11.3484904 ], [ 106.9043205, 11.3484474 ], [ 106.9043178, 11.3483582 ], [ 106.904328, 11.3483145 ], [ 106.9043822, 11.3481992 ], [ 106.9043855, 11.3481613 ], [ 106.9043655, 11.3480884 ], [ 106.9043434, 11.3480572 ], [ 106.9042805, 11.3480136 ], [ 106.9042431, 11.3480034 ], [ 106.9041299, 11.3480074 ], [ 106.9040632, 11.3479793 ], [ 106.9040167, 11.3479247 ], [ 106.9040045, 11.347891 ], [ 106.9040042, 11.3477769 ], [ 106.9039794, 11.3476947 ], [ 106.9039566, 11.347658 ], [ 106.9038936, 11.3475987 ], [ 106.9038552, 11.3475779 ], [ 106.9037785, 11.3475403 ], [ 106.9036192, 11.347478 ], [ 106.9035896, 11.3474537 ], [ 106.9035492, 11.3473897 ], [ 106.9035393, 11.3473151 ], [ 106.9035618, 11.3472431 ], [ 106.9035842, 11.3472123 ], [ 106.9036835, 11.3471376 ], [ 106.9037152, 11.3471016 ], [ 106.9037572, 11.3470164 ], [ 106.9037662, 11.3469697 ], [ 106.9037669, 11.3469222 ], [ 106.9037432, 11.3468304 ], [ 106.9036564, 11.3467018 ], [ 106.9036311, 11.3466477 ], [ 106.9036036, 11.346532 ], [ 106.9036019, 11.3464725 ], [ 106.9036227, 11.3463555 ], [ 106.9036449, 11.3463 ], [ 106.9037108, 11.3462003 ], [ 106.9037974, 11.3461023 ], [ 106.903863, 11.3459775 ], [ 106.9038835, 11.34591 ], [ 106.9038954, 11.3458407 ], [ 106.9038929, 11.3456095 ], [ 106.9039017, 11.3455192 ], [ 106.903919, 11.34543 ], [ 106.9039786, 11.3452584 ], [ 106.9039952, 11.345188 ], [ 106.9040023, 11.3451161 ], [ 106.9039997, 11.3450439 ], [ 106.9039876, 11.3449726 ], [ 106.9039205, 11.3447841 ], [ 106.9039126, 11.3446734 ], [ 106.9039201, 11.3446183 ], [ 106.9039572, 11.3445135 ], [ 106.9040215, 11.3444222 ], [ 106.9040641, 11.344328 ], [ 106.9040733, 11.3442255 ], [ 106.9040481, 11.3441255 ], [ 106.9040233, 11.3440799 ], [ 106.9039527, 11.3440037 ], [ 106.9038057, 11.3439036 ], [ 106.9036084, 11.3437489 ], [ 106.9035251, 11.3436701 ], [ 106.9034967, 11.3436188 ], [ 106.9034741, 11.3435995 ], [ 106.9034192, 11.3435788 ], [ 106.9033614, 11.3435844 ], [ 106.9033122, 11.3436145 ], [ 106.9032818, 11.343663 ], [ 106.9032596, 11.3437345 ], [ 106.9032046, 11.3438093 ], [ 106.9031262, 11.3438602 ], [ 106.9030812, 11.3438744 ], [ 106.9029717, 11.3438828 ], [ 106.9029091, 11.3438786 ], [ 106.9028472, 11.343868 ], [ 106.9026748, 11.343814 ], [ 106.9026197, 11.3438067 ], [ 106.9025087, 11.343812 ], [ 106.9024706, 11.3438061 ], [ 106.9024347, 11.3437923 ], [ 106.9023761, 11.3437438 ], [ 106.9023438, 11.3436755 ], [ 106.9023397, 11.3436379 ], [ 106.9023564, 11.3435645 ], [ 106.9024031, 11.3435049 ], [ 106.902507, 11.3434485 ], [ 106.9025629, 11.3433874 ], [ 106.9025917, 11.3433103 ], [ 106.9025917, 11.3431803 ], [ 106.9026033, 11.3431336 ], [ 106.9026237, 11.3430899 ], [ 106.9026521, 11.3430508 ], [ 106.9026875, 11.3430176 ], [ 106.9027287, 11.3429915 ], [ 106.9027697, 11.3429775 ], [ 106.9028129, 11.3429727 ], [ 106.902856, 11.3429775 ], [ 106.9028971, 11.3429915 ], [ 106.9029339, 11.3430141 ], [ 106.9029647, 11.3430441 ], [ 106.902992, 11.3430572 ], [ 106.903052, 11.3430603 ], [ 106.9031052, 11.3430328 ], [ 106.9031365, 11.3429825 ], [ 106.9031409, 11.3429531 ], [ 106.9031372, 11.3429236 ], [ 106.903107, 11.3428726 ], [ 106.9029486, 11.3427391 ], [ 106.9029043, 11.3427162 ], [ 106.9028563, 11.3427021 ], [ 106.9028065, 11.3426973 ], [ 106.9027566, 11.3427021 ], [ 106.9027086, 11.3427162 ], [ 106.9026643, 11.3427391 ], [ 106.9025974, 11.3427428 ], [ 106.9025365, 11.3427153 ], [ 106.902496, 11.3426628 ], [ 106.9024856, 11.3425979 ], [ 106.902511, 11.3424576 ], [ 106.9025248, 11.3422394 ], [ 106.9025388, 11.3421794 ], [ 106.9025921, 11.3420683 ], [ 106.902675, 11.3419764 ], [ 106.9026317, 11.3418888 ], [ 106.9025813, 11.3418048 ], [ 106.9024605, 11.3416503 ], [ 106.9023133, 11.3415151 ], [ 106.9021455, 11.3414054 ], [ 106.9020092, 11.3413407 ], [ 106.9018963, 11.3413084 ], [ 106.9018297, 11.3412997 ], [ 106.9016956, 11.3413041 ], [ 106.9015658, 11.3413374 ], [ 106.9015045, 11.3413644 ], [ 106.9013981, 11.3414326 ], [ 106.901353, 11.3414716 ], [ 106.9012749, 11.3415609 ], [ 106.9012052, 11.3416047 ], [ 106.9011652, 11.3416158 ], [ 106.9010824, 11.3416142 ], [ 106.9010066, 11.3415816 ], [ 106.9009492, 11.3415231 ], [ 106.9009191, 11.3414474 ], [ 106.9009211, 11.3413023 ], [ 106.900912, 11.3412389 ], [ 106.9008483, 11.3410576 ], [ 106.9008377, 11.3409942 ], [ 106.9008355, 11.34093 ], [ 106.9008604, 11.3407446 ], [ 106.9008549, 11.3406857 ], [ 106.9008403, 11.3406284 ], [ 106.9008169, 11.340574 ], [ 106.9007851, 11.3405238 ], [ 106.9007459, 11.340479 ], [ 106.9007001, 11.3404407 ], [ 106.9006487, 11.3404097 ], [ 106.9005932, 11.3403869 ], [ 106.900481, 11.3403622 ], [ 106.9004116, 11.3403581 ], [ 106.8893218, 11.3405781 ], [ 106.8841276, 11.3395939 ], [ 106.8840074, 11.3394313 ], [ 106.8839537, 11.3393458 ], [ 106.8839123, 11.3392728 ], [ 106.8838501, 11.3391174 ], [ 106.8838159, 11.3389447 ], [ 106.8838113, 11.3388522 ], [ 106.8838159, 11.3387597 ], [ 106.8838298, 11.3386681 ], [ 106.8838253, 11.3386169 ], [ 106.8837909, 11.3385201 ], [ 106.8837262, 11.3384397 ], [ 106.8836845, 11.3384085 ], [ 106.8836382, 11.3383845 ], [ 106.8834925, 11.3383297 ], [ 106.8834006, 11.3382827 ], [ 106.8833135, 11.3382276 ], [ 106.8832319, 11.3381649 ], [ 106.8831565, 11.3380952 ], [ 106.8830879, 11.338019 ], [ 106.8830267, 11.337937 ], [ 106.8828745, 11.3376665 ], [ 106.8827452, 11.3374969 ], [ 106.8826708, 11.3374201 ], [ 106.8824092, 11.3372039 ], [ 106.8823188, 11.3371174 ], [ 106.8821553, 11.3369288 ], [ 106.8820167, 11.336722 ], [ 106.8819445, 11.3366245 ], [ 106.8818651, 11.3365326 ], [ 106.8817787, 11.3364469 ], [ 106.881686, 11.3363679 ], [ 106.8815875, 11.3362959 ], [ 106.8814722, 11.3361762 ], [ 106.8813837, 11.3360362 ], [ 106.8813256, 11.3358816 ], [ 106.8813002, 11.3357188 ], [ 106.8813086, 11.3355543 ], [ 106.8812949, 11.3354089 ], [ 106.8812746, 11.3353386 ], [ 106.8812456, 11.3352712 ], [ 106.8811883, 11.3351769 ], [ 106.8811637, 11.3351493 ], [ 106.8811288, 11.3351209 ], [ 106.8810464, 11.3350841 ], [ 106.8809562, 11.3350777 ], [ 106.880865, 11.335087 ], [ 106.8808189, 11.3350797 ], [ 106.8807344, 11.335042 ], [ 106.8806985, 11.3350128 ], [ 106.8806685, 11.3349778 ], [ 106.8805484, 11.334762 ], [ 106.8804601, 11.3345815 ], [ 106.8803805, 11.3343972 ], [ 106.880324, 11.3342992 ], [ 106.8802594, 11.334206 ], [ 106.8801873, 11.3341184 ], [ 106.880108, 11.3340369 ], [ 106.8800222, 11.3339621 ], [ 106.8799305, 11.3338944 ], [ 106.8797193, 11.333755 ], [ 106.8795068, 11.3335769 ], [ 106.8794091, 11.3334788 ], [ 106.879159, 11.3331864 ], [ 106.8789956, 11.3330427 ], [ 106.8788133, 11.3329231 ], [ 106.8784901, 11.3327669 ], [ 106.8783691, 11.3326962 ], [ 106.878253, 11.3326179 ], [ 106.8780379, 11.3324397 ], [ 106.877807, 11.3321985 ], [ 106.8776794, 11.3320521 ], [ 106.8775569, 11.3319015 ], [ 106.8771882, 11.3313999 ], [ 106.8770431, 11.3312151 ], [ 106.8768931, 11.3310342 ], [ 106.8764484, 11.3305352 ], [ 106.8758529, 11.3299053 ], [ 106.8754096, 11.3294793 ], [ 106.8750649, 11.3291724 ], [ 106.8747889, 11.3289524 ], [ 106.8746267, 11.3288367 ], [ 106.8744602, 11.3287271 ], [ 106.8742033, 11.3285737 ], [ 106.8740047, 11.3284758 ], [ 106.8736331, 11.3283336 ], [ 106.8734923, 11.3282698 ], [ 106.8732214, 11.328122 ], [ 106.8729669, 11.3279486 ], [ 106.8728499, 11.3278531 ], [ 106.8727391, 11.3277507 ], [ 106.872635, 11.3276418 ], [ 106.8725378, 11.3275269 ], [ 106.8724059, 11.3273442 ], [ 106.8723035, 11.3271681 ], [ 106.872201, 11.3269326 ], [ 106.8720952, 11.326588 ], [ 106.8720014, 11.3264018 ], [ 106.8718778, 11.3262331 ], [ 106.8716362, 11.3259931 ], [ 106.8715518, 11.3258936 ], [ 106.8714747, 11.3257884 ], [ 106.8714055, 11.3256782 ], [ 106.8713443, 11.3255634 ], [ 106.8712917, 11.3254446 ], [ 106.8712477, 11.3253225 ], [ 106.8711547, 11.325015 ], [ 106.8710893, 11.3248347 ], [ 106.8710673, 11.32466 ], [ 106.8709982, 11.3243147 ], [ 106.8708962, 11.3239773 ], [ 106.8707705, 11.3236688 ], [ 106.8706173, 11.3233724 ], [ 106.8704797, 11.3230728 ], [ 106.8702899, 11.3225412 ], [ 106.8702004, 11.3223236 ], [ 106.870102, 11.3221096 ], [ 106.869995, 11.3218996 ], [ 106.8699475, 11.321777 ], [ 106.8699091, 11.3216514 ], [ 106.8698801, 11.3215233 ], [ 106.8698605, 11.3213936 ], [ 106.8698438, 11.3210189 ], [ 106.8698318, 11.3209067 ], [ 106.8697911, 11.3206845 ], [ 106.8697886, 11.3206136 ], [ 106.8697953, 11.3205428 ], [ 106.8698113, 11.3204735 ], [ 106.8698362, 11.3204068 ], [ 106.8698696, 11.3203438 ], [ 106.8699109, 11.3202855 ], [ 106.8699596, 11.3202328 ], [ 106.8700147, 11.3201868 ], [ 106.870217, 11.320052 ], [ 106.8703547, 11.3199507 ], [ 106.8705551, 11.319791 ], [ 106.8706173, 11.3197325 ], [ 106.870734, 11.319588 ], [ 106.8708215, 11.3194248 ], [ 106.8708533, 11.319338 ], [ 106.8709164, 11.3192448 ], [ 106.8710022, 11.3191712 ], [ 106.8711495, 11.3190806 ], [ 106.8712417, 11.3190104 ], [ 106.871328, 11.3189332 ], [ 106.8714077, 11.3188495 ], [ 106.8714803, 11.3187598 ], [ 106.8716977, 11.318452 ], [ 106.8717548, 11.3183858 ], [ 106.8718564, 11.3182439 ], [ 106.8719512, 11.3180666 ], [ 106.8719889, 11.3179736 ], [ 106.8721189, 11.3175204 ], [ 106.8721712, 11.3174163 ], [ 106.872248, 11.3173181 ], [ 106.8722604, 11.3172879 ], [ 106.8722636, 11.3172232 ], [ 106.8722542, 11.317192 ], [ 106.8722038, 11.3171129 ], [ 106.8722047, 11.3170559 ], [ 106.8722373, 11.3170087 ], [ 106.8723272, 11.31697 ], [ 106.8723589, 11.3169461 ], [ 106.8724031, 11.3168811 ], [ 106.8724134, 11.3168432 ], [ 106.8724082, 11.3167652 ], [ 106.8723807, 11.3166789 ], [ 106.8723779, 11.3166274 ], [ 106.8723846, 11.3165763 ], [ 106.8724005, 11.3165272 ], [ 106.8724534, 11.3164168 ], [ 106.8724752, 11.3163496 ], [ 106.8724904, 11.3162805 ], [ 106.8725101, 11.3160603 ], [ 106.8725288, 11.3159823 ], [ 106.8725559, 11.3159067 ], [ 106.8726748, 11.3156901 ], [ 106.8727092, 11.315611 ], [ 106.8727589, 11.3154461 ], [ 106.8728031, 11.3151623 ], [ 106.8728572, 11.3145716 ], [ 106.8728946, 11.3142874 ], [ 106.8729403, 11.3140937 ], [ 106.8729743, 11.313996 ], [ 106.8730153, 11.3139009 ], [ 106.8731171, 11.3137202 ], [ 106.8732666, 11.3135032 ], [ 106.8733478, 11.3133993 ], [ 106.8734527, 11.3132237 ], [ 106.8734947, 11.3131306 ], [ 106.8735977, 11.3128158 ], [ 106.8736456, 11.3126978 ], [ 106.8737622, 11.312471 ], [ 106.8738306, 11.312363 ], [ 106.8739647, 11.3121933 ], [ 106.874194, 11.3119626 ], [ 106.8742607, 11.3118771 ], [ 106.8743198, 11.3117865 ], [ 106.8743709, 11.3116913 ], [ 106.8744135, 11.3115921 ], [ 106.8744939, 11.3113269 ], [ 106.8745318, 11.3111618 ], [ 106.8746102, 11.3106675 ], [ 106.8746475, 11.3105097 ], [ 106.8746935, 11.310354 ], [ 106.8748173, 11.3099922 ], [ 106.874941, 11.3095698 ], [ 106.8750262, 11.3093646 ], [ 106.8750781, 11.3092661 ], [ 106.8751358, 11.3091708 ], [ 106.8753858, 11.3088206 ], [ 106.8754462, 11.3086913 ], [ 106.8754781, 11.3085477 ], [ 106.8754802, 11.3083638 ], [ 106.8754735, 11.3082615 ], [ 106.8754374, 11.3080511 ], [ 106.8754144, 11.307961 ], [ 106.8753482, 11.307787 ], [ 106.8752988, 11.3076924 ], [ 106.8752413, 11.3076023 ], [ 106.8751763, 11.3075172 ], [ 106.8750254, 11.3073648 ], [ 106.8750235, 11.3074418 ], [ 106.8750162, 11.3075184 ], [ 106.8749852, 11.3076693 ], [ 106.8749208, 11.3078413 ], [ 106.874828, 11.3080005 ], [ 106.8747718, 11.3080738 ], [ 106.8746669, 11.3081879 ], [ 106.8745842, 11.3083131 ], [ 106.874521, 11.3084599 ], [ 106.8744984, 11.3085441 ], [ 106.874475, 11.3085851 ], [ 106.8744079, 11.3086518 ], [ 106.8742278, 11.3087415 ], [ 106.8741056, 11.3088378 ], [ 106.8740602, 11.3088594 ], [ 106.8739, 11.3088971 ], [ 106.8738408, 11.3089216 ], [ 106.8737354, 11.308993 ], [ 106.8736439, 11.3090955 ], [ 106.8735071, 11.3093078 ], [ 106.8734428, 11.3093913 ], [ 106.8733506, 11.3094976 ], [ 106.8732968, 11.3095435 ], [ 106.8732143, 11.3095802 ], [ 106.8731242, 11.309589 ], [ 106.8730359, 11.3095691 ], [ 106.8729015, 11.30949 ], [ 106.8727764, 11.3094481 ], [ 106.8726445, 11.3094391 ], [ 106.8725146, 11.3094635 ], [ 106.8723111, 11.309558 ], [ 106.8722232, 11.3095879 ], [ 106.8721769, 11.3095942 ], [ 106.8720951, 11.3096306 ], [ 106.872062, 11.3096582 ], [ 106.8720136, 11.3097286 ], [ 106.872, 11.3097691 ], [ 106.8719889, 11.30989 ], [ 106.8719743, 11.3099239 ], [ 106.8719249, 11.3099787 ], [ 106.8718924, 11.3099972 ], [ 106.8718194, 11.310012 ], [ 106.8717467, 11.3099957 ], [ 106.8715925, 11.3098986 ], [ 106.8713951, 11.3098077 ], [ 106.871171, 11.3097315 ], [ 106.8710466, 11.3097005 ], [ 106.8707935, 11.3096604 ], [ 106.8706655, 11.3096514 ], [ 106.8705054, 11.3096684 ], [ 106.8703519, 11.3097163 ], [ 106.8702112, 11.3097932 ], [ 106.8701474, 11.3098416 ], [ 106.8700206, 11.3099684 ], [ 106.8699579, 11.3100456 ], [ 106.8698507, 11.3102126 ], [ 106.8697145, 11.3105091 ], [ 106.8696517, 11.3106213 ], [ 106.8695042, 11.3108323 ], [ 106.8694494, 11.3108905 ], [ 106.869326, 11.3109923 ], [ 106.8691868, 11.3110722 ], [ 106.8691125, 11.3111032 ], [ 106.8690355, 11.3111254 ], [ 106.8689563, 11.3111386 ], [ 106.8687056, 11.3111393 ], [ 106.8685271, 11.3111673 ], [ 106.8683568, 11.311227 ], [ 106.8682006, 11.3113162 ], [ 106.868136, 11.311345 ], [ 106.8679981, 11.3113771 ], [ 106.8678565, 11.3113736 ], [ 106.8676548, 11.3113213 ], [ 106.8675878, 11.3113172 ], [ 106.867521, 11.3113223 ], [ 106.8674555, 11.3113365 ], [ 106.8673927, 11.3113596 ], [ 106.8673338, 11.3113911 ], [ 106.86728, 11.3114304 ], [ 106.8671767, 11.3115392 ], [ 106.8670443, 11.311723 ], [ 106.866931, 11.3118215 ], [ 106.8668566, 11.3118583 ], [ 106.8668051, 11.3118717 ], [ 106.8666991, 11.3118733 ], [ 106.8666473, 11.3118615 ], [ 106.8665529, 11.3118143 ], [ 106.8664787, 11.31174 ], [ 106.8664518, 11.311695 ], [ 106.8663998, 11.3115645 ], [ 106.8663857, 11.3114957 ], [ 106.8663734, 11.3111571 ], [ 106.8663606, 11.3110585 ], [ 106.8663427, 11.3109853 ], [ 106.8662862, 11.3108455 ], [ 106.8662481, 11.3107801 ], [ 106.8661805, 11.3106887 ], [ 106.8661117, 11.310627 ], [ 106.8660648, 11.3105988 ], [ 106.8659612, 11.3105636 ], [ 106.8659066, 11.3105572 ], [ 106.8657974, 11.3105676 ], [ 106.8656956, 11.3106078 ], [ 106.8656096, 11.3106745 ], [ 106.865521, 11.3107219 ], [ 106.8653459, 11.3107556 ], [ 106.8652723, 11.3107794 ], [ 106.8652019, 11.3108113 ], [ 106.865164, 11.3108408 ], [ 106.8651078, 11.3109177 ], [ 106.8650836, 11.3110093 ], [ 106.8650847, 11.3110567 ], [ 106.8651113, 11.3112112 ], [ 106.8651187, 11.3114293 ], [ 106.8651382, 11.3116117 ], [ 106.8651831, 11.3117897 ], [ 106.8652488, 11.3119386 ], [ 106.8653389, 11.3120748 ], [ 106.8655205, 11.3122947 ], [ 106.8657479, 11.3125887 ], [ 106.8659747, 11.3128388 ], [ 106.866196, 11.313064 ], [ 106.8663874, 11.3132862 ], [ 106.8664788, 11.31344 ], [ 106.8665417, 11.313607 ], [ 106.8665936, 11.3138612 ], [ 106.8666168, 11.31403 ], [ 106.8666395, 11.314256 ], [ 106.8666369, 11.3143698 ], [ 106.866602, 11.3144969 ], [ 106.8665354, 11.3146112 ], [ 106.8664413, 11.3147052 ], [ 106.866326, 11.3147726 ], [ 106.8662627, 11.3147949 ], [ 106.8657222, 11.3149247 ], [ 106.8656148, 11.3149366 ], [ 106.8655068, 11.3149393 ], [ 106.8653989, 11.3149326 ], [ 106.865292, 11.3149167 ], [ 106.865187, 11.3148917 ], [ 106.8650845, 11.3148578 ], [ 106.8649856, 11.3148152 ], [ 106.8648908, 11.3147643 ], [ 106.864797, 11.3147251 ], [ 106.8646999, 11.3146947 ], [ 106.864397, 11.3146427 ], [ 106.8641979, 11.3145838 ], [ 106.864102, 11.3145443 ], [ 106.8638292, 11.3144024 ], [ 106.8636388, 11.314337 ], [ 106.8635402, 11.3143157 ], [ 106.8633394, 11.3142965 ], [ 106.8631094, 11.3142966 ], [ 106.8627079, 11.3142678 ], [ 106.862419, 11.3142784 ], [ 106.8622756, 11.3142963 ], [ 106.861999, 11.3143531 ], [ 106.8617345, 11.3144307 ], [ 106.8614403, 11.3145304 ], [ 106.8612733, 11.3145764 ], [ 106.8611046, 11.3146153 ], [ 106.8606082, 11.3147024 ], [ 106.8603041, 11.314784 ], [ 106.8600807, 11.3148606 ], [ 106.8600091, 11.3148932 ], [ 106.8598716, 11.3149829 ], [ 106.8597375, 11.3150928 ], [ 106.859577, 11.3151816 ], [ 106.8594024, 11.3152394 ], [ 106.8593118, 11.3152561 ], [ 106.8592415, 11.3152599 ], [ 106.8591021, 11.315244 ], [ 106.8589698, 11.3151978 ], [ 106.8588515, 11.3151237 ], [ 106.8587032, 11.315001 ], [ 106.8586015, 11.3149319 ], [ 106.8584948, 11.3148704 ], [ 106.8582248, 11.3147341 ], [ 106.8578011, 11.3144885 ], [ 106.857623, 11.3144017 ], [ 106.8575603, 11.3143803 ], [ 106.8575001, 11.3143683 ], [ 106.8573774, 11.3143677 ], [ 106.8573171, 11.314379 ], [ 106.8572034, 11.314424 ], [ 106.8571052, 11.314496 ], [ 106.8570641, 11.3145407 ], [ 106.8570367, 11.3145807 ], [ 106.8569982, 11.3146692 ], [ 106.8569836, 11.3147643 ], [ 106.8569775, 11.3149021 ], [ 106.8569923, 11.3151775 ], [ 106.8570408, 11.3155463 ], [ 106.8570587, 11.3157795 ], [ 106.8570787, 11.3159183 ], [ 106.8571055, 11.3160559 ], [ 106.8572109, 11.3164614 ], [ 106.8572339, 11.3165978 ], [ 106.8572545, 11.3168736 ], [ 106.8572491, 11.3169855 ], [ 106.8572344, 11.3170967 ], [ 106.8572107, 11.3172063 ], [ 106.8571779, 11.3173136 ], [ 106.8568292, 11.3181308 ], [ 106.8566537, 11.3186068 ], [ 106.8565779, 11.3188515 ], [ 106.8565117, 11.3190989 ], [ 106.856432, 11.3194707 ], [ 106.8563694, 11.3197114 ], [ 106.8562726, 11.3199772 ], [ 106.8560809, 11.3203788 ], [ 106.8559617, 11.3206793 ], [ 106.8559185, 11.3208177 ], [ 106.8558544, 11.3211001 ], [ 106.8558259, 11.3211961 ], [ 106.8557904, 11.3212898 ], [ 106.8556588, 11.3215565 ], [ 106.8556262, 11.3216476 ], [ 106.8556013, 11.321741 ], [ 106.8555754, 11.3219323 ], [ 106.8555745, 11.3220288 ], [ 106.855588, 11.322173 ], [ 106.8556204, 11.3223077 ], [ 106.8556527, 11.3223921 ], [ 106.8557615, 11.3225969 ], [ 106.8559987, 11.3229734 ], [ 106.8560792, 11.3231138 ], [ 106.8562517, 11.3234525 ], [ 106.8563425, 11.3236512 ], [ 106.8564768, 11.3238926 ], [ 106.8565518, 11.3240089 ], [ 106.8566517, 11.3242012 ], [ 106.8567122, 11.3243519 ], [ 106.8567532, 11.324503 ], [ 106.8567683, 11.3246044 ], [ 106.8567739, 11.3247067 ], [ 106.85677, 11.3248091 ], [ 106.8567566, 11.3249107 ], [ 106.8567339, 11.3250107 ], [ 106.856702, 11.3251082 ], [ 106.8566388, 11.325212 ], [ 106.8565203, 11.3253365 ], [ 106.8564778, 11.3254265 ], [ 106.8564446, 11.3257076 ], [ 106.8563764, 11.3260081 ], [ 106.8563525, 11.3262547 ], [ 106.8563538, 11.3263786 ], [ 106.8563787, 11.3266169 ], [ 106.856423, 11.326844 ], [ 106.8564289, 11.3269242 ], [ 106.8564254, 11.3270046 ], [ 106.8564127, 11.327084 ], [ 106.8563909, 11.3271616 ], [ 106.8563418, 11.3272721 ], [ 106.8562761, 11.3273689 ], [ 106.8560962, 11.3275435 ], [ 106.8559755, 11.3276955 ], [ 106.8558056, 11.3279998 ], [ 106.8555752, 11.3283532 ], [ 106.8554681, 11.3285482 ], [ 106.8554126, 11.3287176 ], [ 106.8553925, 11.3288946 ], [ 106.8554089, 11.3290718 ], [ 106.8554306, 11.3291584 ], [ 106.8555262, 11.3294488 ], [ 106.8555862, 11.3295897 ], [ 106.8557822, 11.3299912 ], [ 106.8558872, 11.3301555 ], [ 106.8560251, 11.3303159 ], [ 106.8561026, 11.3303882 ], [ 106.856228, 11.3304867 ], [ 106.8563395, 11.3305504 ], [ 106.8565456, 11.3306266 ], [ 106.8566609, 11.3307014 ], [ 106.8567554, 11.3308004 ], [ 106.8568735, 11.3309886 ], [ 106.8569469, 11.3311237 ], [ 106.857164, 11.3316078 ], [ 106.8573183, 11.3320158 ], [ 106.8574691, 11.3324878 ], [ 106.857723, 11.3333915 ], [ 106.8578733, 11.3338256 ], [ 106.8580372, 11.3342306 ], [ 106.8582094, 11.3346075 ], [ 106.8583814, 11.3350605 ], [ 106.8584889, 11.3352626 ], [ 106.8585861, 11.3354045 ], [ 106.8586896, 11.3355196 ], [ 106.8587634, 11.3355832 ], [ 106.8588432, 11.3356396 ], [ 106.8589282, 11.335688 ], [ 106.8590176, 11.3357281 ], [ 106.8592306, 11.3357916 ], [ 106.8593526, 11.3358153 ], [ 106.8596003, 11.3358367 ], [ 106.8597246, 11.3358344 ], [ 106.8599713, 11.3358035 ], [ 106.860343, 11.3357107 ], [ 106.8608379, 11.3355596 ], [ 106.8610566, 11.3354802 ], [ 106.8611276, 11.3354491 ], [ 106.861251, 11.3353807 ], [ 106.8612922, 11.3353693 ], [ 106.8613775, 11.3353718 ], [ 106.861418, 11.3353855 ], [ 106.8614845, 11.3354325 ], [ 106.8615281, 11.3354966 ], [ 106.8617499, 11.3360435 ], [ 106.8618688, 11.3363075 ], [ 106.8622649, 11.3369639 ], [ 106.8624955, 11.3373321 ], [ 106.8625759, 11.3374788 ], [ 106.8626475, 11.3376297 ], [ 106.8627689, 11.3379116 ], [ 106.8629866, 11.338319 ], [ 106.8630617, 11.3384839 ], [ 106.8631285, 11.3386523 ], [ 106.8631744, 11.3387906 ], [ 106.8632442, 11.3390731 ], [ 106.8632845, 11.3393611 ], [ 106.8632948, 11.3396516 ], [ 106.8632897, 11.3398871 ], [ 106.8632754, 11.3401221 ], [ 106.8632304, 11.3405277 ], [ 106.8632036, 11.3408719 ], [ 106.8631986, 11.3410367 ], [ 106.8632036, 11.3413663 ], [ 106.8631996, 11.3415464 ], [ 106.8631858, 11.3417259 ], [ 106.8631481, 11.3419936 ], [ 106.8630957, 11.3421918 ], [ 106.8630542, 11.342299 ], [ 106.8630042, 11.3424028 ], [ 106.86287, 11.3426433 ], [ 106.8627047, 11.3429179 ], [ 106.8625945, 11.3430821 ], [ 106.8623556, 11.3433979 ], [ 106.8621117, 11.3436946 ], [ 106.8618947, 11.3439961 ], [ 106.861728, 11.344185 ], [ 106.8616354, 11.344271 ], [ 106.8614341, 11.3444241 ], [ 106.8610853, 11.3446348 ], [ 106.86072, 11.3448444 ], [ 106.860391, 11.3450153 ], [ 106.860182, 11.3451123 ], [ 106.8597543, 11.3452847 ], [ 106.8593505, 11.3454181 ], [ 106.8590427, 11.3455027 ], [ 106.8587871, 11.3455556 ], [ 106.85848, 11.3455925 ], [ 106.8581708, 11.3456013 ], [ 106.8580162, 11.345595 ], [ 106.8579134, 11.345581 ], [ 106.8577127, 11.3455294 ], [ 106.8576161, 11.3454922 ], [ 106.8573774, 11.3453703 ], [ 106.8572968, 11.3453597 ], [ 106.8572168, 11.3453739 ], [ 106.8571201, 11.345423 ], [ 106.8570657, 11.3454635 ], [ 106.8568253, 11.3457265 ], [ 106.8567452, 11.3458511 ], [ 106.856696, 11.3459903 ], [ 106.8566806, 11.3461368 ], [ 106.8567052, 11.3463846 ], [ 106.8567342, 11.3465575 ], [ 106.8568062, 11.3468143 ], [ 106.856911, 11.34706 ], [ 106.8569752, 11.3471774 ], [ 106.8571258, 11.3473991 ], [ 106.8572505, 11.3475242 ], [ 106.8573956, 11.3476261 ], [ 106.8575953, 11.347739 ], [ 106.857711, 11.3478183 ], [ 106.8578211, 11.347905 ], [ 106.8579995, 11.3480753 ], [ 106.858217, 11.3483341 ], [ 106.8583067, 11.3484213 ], [ 106.8584027, 11.3485017 ], [ 106.8585045, 11.3485748 ], [ 106.8586117, 11.3486403 ], [ 106.858709, 11.3486917 ], [ 106.8588601, 11.3487587 ], [ 106.8590001, 11.3488005 ], [ 106.85909, 11.3488153 ], [ 106.8592721, 11.3488182 ], [ 106.8594512, 11.3487857 ], [ 106.8595374, 11.3487566 ], [ 106.8597152, 11.3486768 ], [ 106.8598386, 11.3486463 ], [ 106.8599884, 11.348642 ], [ 106.8600993, 11.3486609 ], [ 106.8601948, 11.3486972 ], [ 106.860301, 11.3487701 ], [ 106.8603457, 11.3488164 ], [ 106.8604141, 11.3489243 ], [ 106.8604449, 11.3489959 ], [ 106.8604841, 11.3491463 ], [ 106.8604923, 11.3493013 ], [ 106.8604693, 11.3494548 ], [ 106.8604058, 11.349636 ], [ 106.8603015, 11.3498395 ], [ 106.8601485, 11.3500756 ], [ 106.8599743, 11.3502971 ], [ 106.8598479, 11.3504393 ], [ 106.8596494, 11.3506447 ], [ 106.8594996, 11.3507635 ], [ 106.8593756, 11.3508372 ], [ 106.8593305, 11.3508546 ], [ 106.8592323, 11.3508667 ], [ 106.8591831, 11.3508605 ], [ 106.8590911, 11.3508246 ], [ 106.8590165, 11.3507609 ], [ 106.8589675, 11.3506765 ], [ 106.8589379, 11.3505312 ], [ 106.8589194, 11.3504834 ], [ 106.8588248, 11.3503334 ], [ 106.8587928, 11.3502661 ], [ 106.8587278, 11.350059 ], [ 106.8586811, 11.3499669 ], [ 106.85866, 11.3499394 ], [ 106.8585931, 11.3498907 ], [ 106.8585121, 11.3498715 ], [ 106.8584298, 11.349885 ], [ 106.8583925, 11.3499035 ], [ 106.8580544, 11.350138 ], [ 106.8579191, 11.3502511 ], [ 106.8578188, 11.3503555 ], [ 106.8577662, 11.3504235 ], [ 106.8576138, 11.3506736 ], [ 106.8575422, 11.3507719 ], [ 106.8571016, 11.3513169 ], [ 106.8560227, 11.3525758 ], [ 106.8559152, 11.3527576 ], [ 106.8558263, 11.3529678 ], [ 106.8557909, 11.3530854 ], [ 106.8557644, 11.3532052 ], [ 106.8557471, 11.3533265 ], [ 106.8557437, 11.3534152 ], [ 106.8557598, 11.3535917 ], [ 106.8558061, 11.3537631 ], [ 106.8559134, 11.3540523 ], [ 106.8559482, 11.3541643 ], [ 106.855976, 11.3542782 ], [ 106.8560276, 11.3546005 ], [ 106.8560514, 11.3546897 ], [ 106.856151, 11.3549646 ], [ 106.8561757, 11.3550693 ], [ 106.8562149, 11.3554319 ], [ 106.8563079, 11.3558711 ], [ 106.8563695, 11.3563095 ], [ 106.8563963, 11.3564516 ], [ 106.8565732, 11.3571817 ], [ 106.856702, 11.3576445 ], [ 106.8567275, 11.3578458 ], [ 106.8567247, 11.3580486 ], [ 106.8567127, 11.3581494 ], [ 106.8566639, 11.358296 ], [ 106.8566201, 11.3583574 ], [ 106.8565466, 11.3584078 ], [ 106.856504, 11.3584219 ], [ 106.8564143, 11.3584256 ], [ 106.8563706, 11.358415 ], [ 106.8562931, 11.3583708 ], [ 106.8561119, 11.358181 ], [ 106.8560367, 11.3580926 ], [ 106.8558973, 11.3579075 ], [ 106.8558016, 11.3578208 ], [ 106.8556889, 11.3577567 ], [ 106.8555647, 11.3577181 ], [ 106.8554419, 11.3577136 ], [ 106.8553226, 11.3577424 ], [ 106.8552407, 11.3577842 ], [ 106.8551799, 11.3578373 ], [ 106.8551281, 11.3579227 ], [ 106.8549746, 11.3584334 ], [ 106.8548083, 11.3590225 ], [ 106.8546367, 11.3597272 ], [ 106.8544479, 11.3604227 ], [ 106.8543945, 11.3606926 ], [ 106.8543616, 11.3610185 ], [ 106.8543631, 11.3610841 ], [ 106.8543725, 11.361151 ], [ 106.8544149, 11.3612793 ], [ 106.8544865, 11.3613944 ], [ 106.8545678, 11.3614596 ], [ 106.8546665, 11.3614947 ], [ 106.854719, 11.3614995 ], [ 106.8548227, 11.3614831 ], [ 106.8549149, 11.361434 ], [ 106.8549534, 11.3613987 ], [ 106.8550487, 11.3612873 ], [ 106.8551942, 11.3611658 ], [ 106.8555835, 11.3609183 ], [ 106.8557878, 11.3607629 ], [ 106.8559812, 11.3605758 ], [ 106.8561838, 11.3603501 ], [ 106.8563633, 11.3601708 ], [ 106.8564956, 11.3600699 ], [ 106.8566415, 11.3599956 ], [ 106.8567985, 11.3599481 ], [ 106.8569617, 11.3599312 ], [ 106.857125, 11.3599462 ], [ 106.8572822, 11.3599926 ], [ 106.8574853, 11.3600789 ], [ 106.8577319, 11.3602058 ], [ 106.8579568, 11.3603586 ], [ 106.8581611, 11.3605371 ], [ 106.8582736, 11.360674 ], [ 106.8583216, 11.3607483 ], [ 106.8583997, 11.3609064 ], [ 106.8584737, 11.3611346 ], [ 106.8585531, 11.361504 ], [ 106.8585688, 11.3616521 ], [ 106.858556, 11.3618344 ], [ 106.8585083, 11.362011 ], [ 106.8584276, 11.3621757 ], [ 106.8583757, 11.3622517 ], [ 106.8582927, 11.3623322 ], [ 106.8581937, 11.3623928 ], [ 106.8580597, 11.3624554 ], [ 106.8579846, 11.362504 ], [ 106.8579151, 11.3625602 ], [ 106.8578521, 11.3626233 ], [ 106.8577962, 11.3626925 ], [ 106.857748, 11.3627671 ], [ 106.8577168, 11.3628307 ], [ 106.8576753, 11.3629657 ], [ 106.8576629, 11.3631061 ], [ 106.8576679, 11.3631766 ], [ 106.8577473, 11.3635024 ], [ 106.8577627, 11.3635983 ], [ 106.8577856, 11.3636927 ], [ 106.8578504, 11.3638693 ], [ 106.8579697, 11.3640993 ], [ 106.8580052, 11.3642357 ], [ 106.8580109, 11.3643764 ], [ 106.8580013, 11.3644688 ], [ 106.8579823, 11.3645598 ], [ 106.8579542, 11.3646485 ], [ 106.8579171, 11.3647339 ], [ 106.8578715, 11.3648153 ], [ 106.8575978, 11.3652284 ], [ 106.8575292, 11.3653214 ], [ 106.8573779, 11.3654966 ], [ 106.857326, 11.3655679 ], [ 106.8572438, 11.3657231 ], [ 106.8571925, 11.3658907 ], [ 106.857174, 11.3660646 ], [ 106.857175, 11.3661915 ], [ 106.8571857, 11.366318 ], [ 106.8572339, 11.3665862 ], [ 106.8573028, 11.3668693 ], [ 106.8573234, 11.3669892 ], [ 106.8573348, 11.3671102 ], [ 106.8573368, 11.3672318 ], [ 106.8573153, 11.3676489 ], [ 106.8573159, 11.3678822 ], [ 106.8573373, 11.3681507 ], [ 106.8573564, 11.368284 ], [ 106.85736, 11.3683824 ], [ 106.8573406, 11.3685783 ], [ 106.8572867, 11.3687678 ], [ 106.8572162, 11.3689005 ], [ 106.8571205, 11.3690171 ], [ 106.8570033, 11.3691128 ], [ 106.8568412, 11.3692014 ], [ 106.8567409, 11.3692438 ], [ 106.8565319, 11.3693056 ], [ 106.8564244, 11.3693247 ], [ 106.855977, 11.369374 ], [ 106.8557085, 11.3694303 ], [ 106.8556344, 11.3694621 ], [ 106.8555683, 11.369522 ], [ 106.8555442, 11.3695595 ], [ 106.8555179, 11.3696439 ], [ 106.8555172, 11.3698435 ], [ 106.8555272, 11.3699985 ], [ 106.8555456, 11.370124 ], [ 106.8555733, 11.3702479 ], [ 106.8556099, 11.3703694 ], [ 106.8556554, 11.3704881 ], [ 106.8557771, 11.3707267 ], [ 106.8559354, 11.3709598 ], [ 106.8562309, 11.3712939 ], [ 106.8565282, 11.3716595 ], [ 106.8566288, 11.3717637 ], [ 106.8568468, 11.3719549 ], [ 106.8569015, 11.3720147 ], [ 106.8569916, 11.3721487 ], [ 106.857053, 11.3722975 ], [ 106.8570721, 11.3723756 ], [ 106.8570152, 11.3724297 ], [ 106.8569824, 11.3725005 ], [ 106.8569782, 11.3725781 ], [ 106.8569968, 11.3726747 ], [ 106.8569962, 11.3727239 ], [ 106.8569743, 11.3728532 ], [ 106.856978, 11.3728942 ], [ 106.856989, 11.3729338 ], [ 106.8570314, 11.3730043 ], [ 106.8570614, 11.373033 ], [ 106.8571084, 11.3730623 ], [ 106.8571759, 11.3731292 ], [ 106.8572066, 11.3732023 ], [ 106.8572051, 11.3732813 ], [ 106.8571717, 11.3733532 ], [ 106.8571169, 11.3734032 ], [ 106.8569607, 11.3734571 ], [ 106.8569064, 11.3734883 ], [ 106.8568112, 11.3735687 ], [ 106.8566943, 11.3737291 ], [ 106.8566131, 11.3738132 ], [ 106.8565544, 11.3738902 ], [ 106.8565134, 11.373979 ], [ 106.8564928, 11.3740743 ], [ 106.8565085, 11.3741881 ], [ 106.8565571, 11.3742925 ], [ 106.8566289, 11.3743739 ], [ 106.8567679, 11.3744702 ], [ 106.8568012, 11.3745095 ], [ 106.8568184, 11.3745532 ], [ 106.8568264, 11.3746396 ], [ 106.8568146, 11.3747369 ], [ 106.8567717, 11.3748372 ], [ 106.856701, 11.374921 ], [ 106.8566086, 11.374981 ], [ 106.8565566, 11.3750005 ], [ 106.8565023, 11.3750123 ], [ 106.8563914, 11.375012 ], [ 106.8562724, 11.374979 ], [ 106.8562101, 11.3749517 ], [ 106.8560958, 11.3748789 ], [ 106.8559465, 11.3747572 ], [ 106.8558698, 11.3747183 ], [ 106.8557763, 11.3747023 ], [ 106.8556824, 11.3747158 ], [ 106.8555976, 11.3747576 ], [ 106.8555614, 11.3747878 ], [ 106.8555305, 11.3748233 ], [ 106.8554541, 11.3749562 ], [ 106.8554091, 11.3750525 ], [ 106.8553887, 11.3751189 ], [ 106.8553703, 11.3752563 ], [ 106.855391, 11.3755046 ], [ 106.8553883, 11.3756706 ], [ 106.8553664, 11.3758104 ], [ 106.855311, 11.375974 ], [ 106.855272, 11.3760513 ], [ 106.8551731, 11.3761989 ], [ 106.8550122, 11.3763935 ], [ 106.8549436, 11.3764586 ], [ 106.8547932, 11.3765736 ], [ 106.8546276, 11.3766664 ], [ 106.8545401, 11.3767038 ], [ 106.8541923, 11.376559 ], [ 106.8541204, 11.3765379 ], [ 106.8540466, 11.376525 ], [ 106.8539109, 11.3765233 ], [ 106.8537777, 11.3765493 ], [ 106.8535659, 11.3766221 ], [ 106.853238, 11.3767148 ], [ 106.8529684, 11.3767784 ], [ 106.8527712, 11.3768019 ], [ 106.8525591, 11.3767924 ], [ 106.8524544, 11.3767742 ], [ 106.8522518, 11.3767117 ], [ 106.8520632, 11.376616 ], [ 106.8518253, 11.3764622 ], [ 106.8516701, 11.3763751 ], [ 106.8514241, 11.3762715 ], [ 106.8512962, 11.3762323 ], [ 106.8511659, 11.3762018 ], [ 106.8510337, 11.3761801 ], [ 106.8504939, 11.376138 ], [ 106.8502915, 11.3761148 ], [ 106.8500522, 11.3760798 ], [ 106.849578, 11.375986 ], [ 106.8494049, 11.3759599 ], [ 106.8492307, 11.375943 ], [ 106.8490557, 11.3759353 ], [ 106.8488806, 11.3759369 ], [ 106.8486188, 11.3759563 ], [ 106.848404, 11.3759889 ], [ 106.8482772, 11.3760157 ], [ 106.8480277, 11.3760859 ], [ 106.8479382, 11.3761033 ], [ 106.8478476, 11.3761131 ], [ 106.8476654, 11.3761093 ], [ 106.8474866, 11.3760747 ], [ 106.8474001, 11.3760461 ], [ 106.8473165, 11.3760103 ], [ 106.8469763, 11.3758203 ], [ 106.8468965, 11.3757849 ], [ 106.8467723, 11.3757427 ], [ 106.8466714, 11.3757278 ], [ 106.8465554, 11.375739 ], [ 106.8464593, 11.375732 ], [ 106.8463111, 11.3756678 ], [ 106.8462107, 11.375636 ], [ 106.8461079, 11.375613 ], [ 106.8457716, 11.375582 ], [ 106.8455218, 11.3755372 ], [ 106.8452315, 11.3754533 ], [ 106.844924, 11.3753502 ], [ 106.8447798, 11.3753118 ], [ 106.8444872, 11.3752523 ], [ 106.8440972, 11.3751592 ], [ 106.8439361, 11.3751329 ], [ 106.8434896, 11.3750893 ], [ 106.8428057, 11.3750354 ], [ 106.8420076, 11.3749906 ], [ 106.8417271, 11.3749954 ], [ 106.84158, 11.3750093 ], [ 106.8414339, 11.375031 ], [ 106.8411463, 11.3750974 ], [ 106.8407693, 11.3752249 ], [ 106.8405365, 11.375317 ], [ 106.8403076, 11.3754181 ], [ 106.8399715, 11.3755847 ], [ 106.8398631, 11.3756467 ], [ 106.8397364, 11.3757291 ], [ 106.8396152, 11.375819 ], [ 106.8395, 11.3759162 ], [ 106.8391428, 11.3762772 ], [ 106.8389902, 11.3764175 ], [ 106.8387505, 11.376616 ], [ 106.838556, 11.376751 ], [ 106.8384412, 11.3768185 ], [ 106.8383228, 11.3768797 ], [ 106.8381397, 11.3769604 ], [ 106.8379897, 11.377006 ], [ 106.8379009, 11.377022 ], [ 106.8377208, 11.3770311 ], [ 106.8376309, 11.3770243 ], [ 106.8373504, 11.376969 ], [ 106.8372453, 11.3769578 ], [ 106.8370339, 11.3769585 ], [ 106.8368249, 11.3769897 ], [ 106.836481, 11.3770916 ], [ 106.8361908, 11.3771469 ], [ 106.8355179, 11.3771982 ], [ 106.8355863, 11.3775933 ], [ 106.8356091, 11.3777924 ], [ 106.8356251, 11.3780077 ], [ 106.8356305, 11.3784393 ], [ 106.8356462, 11.3787793 ], [ 106.8357015, 11.3792577 ], [ 106.8357039, 11.3793212 ], [ 106.8356818, 11.3794032 ], [ 106.8356288, 11.3794778 ], [ 106.8342704, 11.3805518 ], [ 106.8338588, 11.3805587 ], [ 106.8330644, 11.3805524 ], [ 106.8317894, 11.3805052 ], [ 106.8307616, 11.3804529 ], [ 106.8302695, 11.3804489 ], [ 106.8295719, 11.38047 ], [ 106.8281954, 11.3805586 ], [ 106.8274981, 11.3805902 ], [ 106.8267371, 11.380636 ], [ 106.8255347, 11.3826833 ], [ 106.825465, 11.3828161 ], [ 106.8253377, 11.3830985 ], [ 106.8252277, 11.3833984 ], [ 106.8251806, 11.383551 ], [ 106.8251343, 11.3837237 ], [ 106.8250462, 11.38418 ], [ 106.8246732, 11.3839214 ], [ 106.8243374, 11.3836521 ], [ 106.8240374, 11.383377 ], [ 106.8234995, 11.3828114 ], [ 106.8232985, 11.3826138 ], [ 106.8230917, 11.3824221 ], [ 106.8219689, 11.3814492 ], [ 106.8215771, 11.3811513 ], [ 106.8210012, 11.380766 ], [ 106.8207006, 11.3805345 ], [ 106.8204311, 11.3802964 ], [ 106.8201922, 11.3800543 ], [ 106.8200791, 11.3799276 ], [ 106.819977, 11.3798283 ], [ 106.8198687, 11.3797357 ], [ 106.8197545, 11.37965 ], [ 106.8196349, 11.3795717 ], [ 106.8195105, 11.3795011 ], [ 106.8193817, 11.3794385 ], [ 106.8191616, 11.3793059 ], [ 106.8189586, 11.3791492 ], [ 106.8186855, 11.3788879 ], [ 106.8184912, 11.378739 ], [ 106.8184314, 11.3786817 ], [ 106.8183787, 11.3786181 ], [ 106.8183336, 11.378549 ], [ 106.8182968, 11.3784754 ], [ 106.8182568, 11.3783588 ], [ 106.8182498, 11.3783183 ], [ 106.8182482, 11.3782648 ], [ 106.8182706, 11.3781604 ], [ 106.8183249, 11.3780679 ], [ 106.8183625, 11.3780291 ], [ 106.8183928, 11.3779626 ], [ 106.8183951, 11.3778898 ], [ 106.818369, 11.3778215 ], [ 106.818317, 11.3777649 ], [ 106.8182465, 11.3777258 ], [ 106.8182074, 11.3777153 ], [ 106.8180836, 11.3777084 ], [ 106.8180043, 11.3776756 ], [ 106.8179708, 11.3776489 ], [ 106.8179214, 11.3775799 ], [ 106.8178856, 11.3774531 ], [ 106.8178616, 11.377412 ], [ 106.81783, 11.3773763 ], [ 106.8177919, 11.3773471 ], [ 106.8177489, 11.3773256 ], [ 106.8177025, 11.3773126 ], [ 106.8173164, 11.3772823 ], [ 106.817107, 11.3772782 ], [ 106.8168977, 11.3772835 ], [ 106.8166888, 11.3772981 ], [ 106.8164888, 11.3772823 ], [ 106.8163903, 11.3772636 ], [ 106.8161988, 11.377205 ], [ 106.8160182, 11.3771193 ], [ 106.815832, 11.3770502 ], [ 106.8156366, 11.3770126 ], [ 106.8154375, 11.3770075 ], [ 106.8151301, 11.3770462 ], [ 106.8150192, 11.3770478 ], [ 106.8149086, 11.37704 ], [ 106.8147991, 11.3770228 ], [ 106.8146915, 11.3769965 ], [ 106.8145867, 11.3769611 ], [ 106.8144853, 11.3769169 ], [ 106.8142003, 11.3767515 ], [ 106.8141003, 11.3767073 ], [ 106.8139968, 11.3766715 ], [ 106.8137825, 11.376626 ], [ 106.8136731, 11.3766166 ], [ 106.813454, 11.3766249 ], [ 106.8132554, 11.3766148 ], [ 106.8131575, 11.3765973 ], [ 106.8129681, 11.3765382 ], [ 106.8127916, 11.3764484 ], [ 106.8125281, 11.3762543 ], [ 106.8123041, 11.3761226 ], [ 106.8120646, 11.3760201 ], [ 106.8116906, 11.3758863 ], [ 106.8116004, 11.3758427 ], [ 106.8115515, 11.3758307 ], [ 106.8114476, 11.3758278 ], [ 106.811344, 11.3758559 ], [ 106.8112537, 11.375913 ], [ 106.8111516, 11.3760265 ], [ 106.8111135, 11.3760538 ], [ 106.8110269, 11.3760896 ], [ 106.8109333, 11.376098 ], [ 106.8108866, 11.3760915 ], [ 106.8106538, 11.3760307 ], [ 106.8105555, 11.3760172 ], [ 106.8104563, 11.3760129 ], [ 106.8103572, 11.3760181 ], [ 106.810259, 11.3760325 ], [ 106.8101154, 11.3760711 ], [ 106.8099851, 11.3761273 ], [ 106.8098306, 11.3762279 ], [ 106.8096988, 11.3763558 ], [ 106.809643, 11.3764285 ], [ 106.8095541, 11.3765881 ], [ 106.8095173, 11.3766405 ], [ 106.8094254, 11.3767298 ], [ 106.8093138, 11.376794 ], [ 106.8092528, 11.3768155 ], [ 106.809038, 11.3768514 ], [ 106.8089533, 11.3768764 ], [ 106.8088718, 11.3769101 ], [ 106.8087944, 11.376952 ], [ 106.808722, 11.3770018 ], [ 106.8086554, 11.3770588 ], [ 106.8085953, 11.3771224 ], [ 106.8085424, 11.3771919 ], [ 106.8084973, 11.3772665 ], [ 106.8084098, 11.3773656 ], [ 106.8083026, 11.3774439 ], [ 106.8080904, 11.377541 ], [ 106.8080047, 11.3775925 ], [ 106.8079245, 11.377652 ], [ 106.8078507, 11.3777188 ], [ 106.8077838, 11.3777924 ], [ 106.8076634, 11.3778808 ], [ 106.8075959, 11.3779138 ], [ 106.8074514, 11.3779547 ], [ 106.8071994, 11.377967 ], [ 106.8070987, 11.3779826 ], [ 106.8070001, 11.3780076 ], [ 106.8069043, 11.3780415 ], [ 106.8068122, 11.3780842 ], [ 106.8067246, 11.3781353 ], [ 106.8064737, 11.3783304 ], [ 106.8063763, 11.3783935 ], [ 106.8061688, 11.3784979 ], [ 106.805948, 11.3785715 ], [ 106.8057185, 11.3786128 ], [ 106.8055158, 11.378663 ], [ 106.8053216, 11.3787388 ], [ 106.8050323, 11.3788919 ], [ 106.8049214, 11.3789363 ], [ 106.8048072, 11.3789718 ], [ 106.8046905, 11.3789982 ], [ 106.804572, 11.3790153 ], [ 106.8044525, 11.379023 ], [ 106.8042282, 11.3790621 ], [ 106.8041188, 11.3790933 ], [ 106.8039083, 11.3791786 ], [ 106.8037124, 11.3792926 ], [ 106.8035352, 11.3794329 ], [ 106.8032505, 11.3797331 ], [ 106.8029291, 11.3801113 ], [ 106.8028232, 11.3802484 ], [ 106.8026984, 11.3803693 ], [ 106.8026126, 11.380435 ], [ 106.8025212, 11.380493 ], [ 106.8024248, 11.3805428 ], [ 106.8023244, 11.3805841 ], [ 106.8022206, 11.3806164 ], [ 106.8019156, 11.380673 ], [ 106.8017405, 11.3807336 ], [ 106.8016572, 11.3807741 ], [ 106.8013983, 11.3809383 ], [ 106.8012903, 11.3809954 ], [ 106.8010636, 11.3810871 ], [ 106.8006281, 11.3811982 ], [ 106.800448, 11.3812186 ], [ 106.8004831, 11.3812429 ], [ 106.8005377, 11.3813077 ], [ 106.8005554, 11.3813461 ], [ 106.800566, 11.3813869 ], [ 106.8005647, 11.3814703 ], [ 106.8005529, 11.3815105 ], [ 106.800509, 11.3815819 ], [ 106.8003514, 11.3817025 ], [ 106.8003342, 11.3817302 ], [ 106.8003235, 11.3817938 ], [ 106.8003306, 11.3818255 ], [ 106.8003677, 11.3818788 ], [ 106.8004594, 11.3819271 ], [ 106.8005079, 11.3819849 ], [ 106.8005211, 11.3820203 ], [ 106.8005221, 11.3820952 ], [ 106.8005098, 11.3821309 ], [ 106.8004628, 11.38219 ], [ 106.8003542, 11.382245 ], [ 106.8002887, 11.3823078 ], [ 106.8002655, 11.3823466 ], [ 106.8002415, 11.3824333 ], [ 106.8002415, 11.3824783 ], [ 106.8002656, 11.3825649 ], [ 106.8002712, 11.382642 ], [ 106.8002635, 11.38268 ], [ 106.8002281, 11.382749 ], [ 106.7985544, 11.3825281 ], [ 106.798616, 11.381642 ], [ 106.7974788, 11.3816367 ], [ 106.797055, 11.3807112 ], [ 106.7965507, 11.3806954 ], [ 106.7961752, 11.3795437 ], [ 106.7936754, 11.3795437 ], [ 106.7936057, 11.383004 ], [ 106.7894053, 11.3829252 ], [ 106.7892873, 11.3859017 ], [ 106.7884826, 11.3858807 ], [ 106.7885899, 11.3896091 ], [ 106.7886541, 11.3915445 ], [ 106.7887628, 11.3944275 ], [ 106.7888984, 11.3973026 ], [ 106.7889601, 11.3992378 ], [ 106.7890352, 11.4012203 ], [ 106.7811351, 11.4012588 ], [ 106.7809188, 11.4012676 ], [ 106.7807035, 11.401286 ], [ 106.7747175, 11.4020669 ], [ 106.7744628, 11.4021221 ], [ 106.7742758, 11.4021802 ], [ 106.7700366, 11.4038239 ], [ 106.7694551, 11.4040494 ], [ 106.7697228, 11.4046754 ], [ 106.7699647, 11.4053114 ], [ 106.7700763, 11.4056343 ], [ 106.7702794, 11.4062863 ], [ 106.7703708, 11.4066152 ], [ 106.7706208, 11.4076169 ], [ 106.7707162, 11.4079537 ], [ 106.7709299, 11.4086206 ], [ 106.7710483, 11.4089503 ], [ 106.7711177, 11.4091774 ], [ 106.7711783, 11.4094071 ], [ 106.7712299, 11.4096388 ], [ 106.7712724, 11.4098722 ], [ 106.7713058, 11.4101071 ], [ 106.7713241, 11.4103001 ], [ 106.7713361, 11.4106875 ], [ 106.7713155, 11.4110746 ], [ 106.7712624, 11.4114587 ], [ 106.7711546, 11.4119638 ], [ 106.77113, 11.4122197 ], [ 106.7711281, 11.4123483 ], [ 106.7711733, 11.4133433 ], [ 106.7711946, 11.414082 ], [ 106.7712161, 11.4155597 ], [ 106.7712092, 11.4170376 ], [ 106.7711703, 11.4186234 ], [ 106.7710988, 11.4202081 ], [ 106.7710508, 11.4209998 ], [ 106.7709428, 11.4224365 ], [ 106.770823, 11.4237261 ], [ 106.7707461, 11.4248076 ], [ 106.7707044, 11.4258911 ], [ 106.7706967, 11.4264331 ], [ 106.7708068, 11.4265227 ], [ 106.7710429, 11.4266811 ], [ 106.7711725, 11.4267515 ], [ 106.7713063, 11.4268138 ], [ 106.7714439, 11.4268675 ], [ 106.7715847, 11.4269125 ], [ 106.7718208, 11.4270124 ], [ 106.7719799, 11.4270528 ], [ 106.7720618, 11.4270608 ], [ 106.7722259, 11.4270521 ], [ 106.7723064, 11.4270354 ], [ 106.7724601, 11.4269782 ], [ 106.7725986, 11.4268914 ], [ 106.7727271, 11.4267945 ], [ 106.7727863, 11.42674 ], [ 106.7729211, 11.426649 ], [ 106.773073, 11.4265856 ], [ 106.7731531, 11.4265656 ], [ 106.7733175, 11.4265496 ], [ 106.77341, 11.4265543 ], [ 106.7736859, 11.4266075 ], [ 106.773878, 11.4266127 ], [ 106.7740678, 11.4265828 ], [ 106.7741597, 11.4265549 ], [ 106.774304, 11.4265392 ], [ 106.7744482, 11.4265558 ], [ 106.7745848, 11.4266039 ], [ 106.7746481, 11.4266391 ], [ 106.7747869, 11.4267459 ], [ 106.7749321, 11.4268914 ], [ 106.7749783, 11.4269258 ], [ 106.7750824, 11.4269754 ], [ 106.775196, 11.4269969 ], [ 106.7753305, 11.427003 ], [ 106.7755396, 11.4270473 ], [ 106.7756611, 11.4270418 ], [ 106.7757771, 11.4270062 ], [ 106.7758801, 11.4269428 ], [ 106.7759246, 11.4269019 ], [ 106.7759945, 11.4268066 ], [ 106.7760627, 11.4266432 ], [ 106.7761346, 11.4265484 ], [ 106.7761797, 11.426509 ], [ 106.7762298, 11.4264759 ], [ 106.776365, 11.4264194 ], [ 106.776449, 11.4263977 ], [ 106.7765348, 11.4263851 ], [ 106.7766216, 11.4263817 ], [ 106.7767081, 11.4263875 ], [ 106.7767936, 11.4264024 ], [ 106.7769376, 11.4264466 ], [ 106.7770725, 11.4265128 ], [ 106.7772468, 11.4266213 ], [ 106.77733, 11.4266811 ], [ 106.7773938, 11.4267148 ], [ 106.7775309, 11.4267599 ], [ 106.7776748, 11.4267734 ], [ 106.7779374, 11.4267385 ], [ 106.7780573, 11.4267297 ], [ 106.7783004, 11.4267361 ], [ 106.7784222, 11.4267527 ], [ 106.7785425, 11.4267782 ], [ 106.7786604, 11.4268126 ], [ 106.7788668, 11.4268477 ], [ 106.7789715, 11.426854 ], [ 106.7792698, 11.4268457 ], [ 106.7793584, 11.4268555 ], [ 106.7795306, 11.4268995 ], [ 106.7796913, 11.4269745 ], [ 106.7798943, 11.4270997 ], [ 106.7800268, 11.4271701 ], [ 106.7805476, 11.4273981 ], [ 106.7807901, 11.4275119 ], [ 106.7810227, 11.4275959 ], [ 106.7812622, 11.4276591 ], [ 106.7813253, 11.427685 ], [ 106.7814409, 11.4277564 ], [ 106.7814919, 11.4278011 ], [ 106.7815376, 11.427851 ], [ 106.7816448, 11.4280055 ], [ 106.7817295, 11.4280715 ], [ 106.7818302, 11.4281104 ], [ 106.7818838, 11.4281185 ], [ 106.7819917, 11.4281113 ], [ 106.7820935, 11.4281205 ], [ 106.7821877, 11.4281593 ], [ 106.7822291, 11.4281887 ], [ 106.7822961, 11.4282644 ], [ 106.7823366, 11.4283563 ], [ 106.7823647, 11.4284685 ], [ 106.7824252, 11.4285849 ], [ 106.7825128, 11.4286833 ], [ 106.7826222, 11.4287579 ], [ 106.7827468, 11.4288043 ], [ 106.7829942, 11.4288449 ], [ 106.7833596, 11.4288895 ], [ 106.7835017, 11.4289153 ], [ 106.7836419, 11.4289499 ], [ 106.783914, 11.4290447 ], [ 106.784045, 11.4291046 ], [ 106.784294, 11.4292481 ], [ 106.7844111, 11.4293312 ], [ 106.7844876, 11.4293974 ], [ 106.7846232, 11.4295467 ], [ 106.7846814, 11.4296289 ], [ 106.7847768, 11.4298056 ], [ 106.7848834, 11.4300597 ], [ 106.7849611, 11.4302169 ], [ 106.7851389, 11.4305196 ], [ 106.7852386, 11.4306644 ], [ 106.7854585, 11.4309393 ], [ 106.7855781, 11.4310687 ], [ 106.7858366, 11.4313119 ], [ 106.7861179, 11.4315325 ], [ 106.7864182, 11.4317273 ], [ 106.7867353, 11.4318949 ], [ 106.7872737, 11.4321241 ], [ 106.787477, 11.4322227 ], [ 106.7876761, 11.4323294 ], [ 106.7878705, 11.4324439 ], [ 106.78806, 11.4325661 ], [ 106.7882442, 11.4326959 ], [ 106.7884229, 11.4328329 ], [ 106.7885957, 11.4329769 ], [ 106.7887623, 11.4331278 ], [ 106.7892003, 11.4335484 ], [ 106.7897741, 11.4340556 ], [ 106.7903709, 11.4345366 ], [ 106.7907513, 11.4348248 ], [ 106.7911376, 11.4351052 ], [ 106.7914029, 11.4352815 ], [ 106.7915296, 11.4353779 ], [ 106.7916708, 11.4354957 ], [ 106.7918059, 11.4356203 ], [ 106.7920566, 11.4358881 ], [ 106.7922791, 11.4361789 ], [ 106.7924714, 11.4364897 ], [ 106.7925556, 11.4366516 ], [ 106.7927799, 11.4371693 ], [ 106.7928678, 11.4373486 ], [ 106.7929626, 11.4375244 ], [ 106.7931726, 11.4378648 ], [ 106.7934086, 11.4381884 ], [ 106.7937483, 11.4386105 ], [ 106.7939551, 11.4388819 ], [ 106.7946242, 11.4398163 ], [ 106.7949032, 11.4401914 ], [ 106.7956897, 11.4412227 ], [ 106.7960167, 11.4416684 ], [ 106.7964106, 11.4421661 ], [ 106.7968781, 11.4427093 ], [ 106.7973694, 11.4432321 ], [ 106.7976236, 11.4434855 ], [ 106.7980013, 11.4438962 ], [ 106.7983562, 11.4443259 ], [ 106.7991841, 11.4453882 ], [ 106.7993832, 11.4456201 ], [ 106.7995117, 11.4457512 ], [ 106.7997881, 11.4459936 ], [ 106.7999351, 11.4461044 ], [ 106.8000876, 11.4462079 ], [ 106.8002452, 11.4463038 ], [ 106.8004075, 11.4463918 ], [ 106.8007824, 11.4465655 ], [ 106.8012071, 11.4467348 ], [ 106.8015815, 11.4469012 ], [ 106.8020331, 11.447142 ], [ 106.8022028, 11.4472602 ], [ 106.8022818, 11.4473288 ], [ 106.8024237, 11.4474816 ], [ 106.8024858, 11.4475652 ], [ 106.8026709, 11.4478762 ], [ 106.8027583, 11.4480034 ], [ 106.8029549, 11.4482418 ], [ 106.8031784, 11.4484565 ], [ 106.8032992, 11.4485539 ], [ 106.803709, 11.4488601 ], [ 106.804136, 11.4491428 ], [ 106.8042626, 11.4492385 ], [ 106.8043832, 11.4493414 ], [ 106.8044973, 11.4494512 ], [ 106.8046046, 11.4495674 ], [ 106.8047047, 11.4496896 ], [ 106.8049354, 11.44998 ], [ 106.8053027, 11.4504711 ], [ 106.8053781, 11.4505746 ], [ 106.80559, 11.4508785 ], [ 106.8056994, 11.4510564 ], [ 106.8058499, 11.4513309 ], [ 106.8059633, 11.4515795 ], [ 106.8060746, 11.4518982 ], [ 106.8061179, 11.4520612 ], [ 106.8061793, 11.4523927 ], [ 106.8061973, 11.4525602 ], [ 106.8062603, 11.4538116 ], [ 106.806312, 11.454485 ], [ 106.8063462, 11.454821 ], [ 106.8063512, 11.4550012 ], [ 106.806347, 11.4551814 ], [ 106.8063337, 11.4553612 ], [ 106.8063112, 11.4555401 ], [ 106.8062389, 11.4558935 ], [ 106.8061283, 11.4562865 ], [ 106.8060633, 11.4564801 ], [ 106.8060238, 11.4565745 ], [ 106.805969, 11.4567692 ], [ 106.8059538, 11.4568683 ], [ 106.8059477, 11.4570683 ], [ 106.8059569, 11.4571681 ], [ 106.8059994, 11.4573639 ], [ 106.8060324, 11.4574587 ], [ 106.8061747, 11.4577554 ], [ 106.80622, 11.4578752 ], [ 106.8062844, 11.4581225 ], [ 106.8063322, 11.4583817 ], [ 106.8063702, 11.4585122 ], [ 106.8064172, 11.45864 ], [ 106.8064729, 11.4587643 ], [ 106.806537, 11.4588846 ], [ 106.8066094, 11.4590004 ], [ 106.8069012, 11.4594097 ], [ 106.8075401, 11.4603512 ], [ 106.8076685, 11.4605007 ], [ 106.8078431, 11.4606531 ], [ 106.8080636, 11.4607633 ], [ 106.8083042, 11.4608724 ], [ 106.8085097, 11.4609935 ], [ 106.808723, 11.4611345 ], [ 106.8084965, 11.4614098 ], [ 106.8082777, 11.4616911 ], [ 106.808067, 11.4619782 ], [ 106.8077004, 11.462521 ], [ 106.8073905, 11.463032 ], [ 106.8072125, 11.4633565 ], [ 106.8071669, 11.4634774 ], [ 106.8070564, 11.4638465 ], [ 106.8069734, 11.4640348 ], [ 106.8068618, 11.4642082 ], [ 106.806796, 11.4642881 ], [ 106.8067241, 11.4643627 ], [ 106.8065914, 11.4644747 ], [ 106.8064982, 11.4645781 ], [ 106.8064615, 11.464637 ], [ 106.8063749, 11.4648493 ], [ 106.8063347, 11.4649188 ], [ 106.806165, 11.465129 ], [ 106.8061151, 11.4652095 ], [ 106.8060733, 11.4652944 ], [ 106.80604, 11.4653828 ], [ 106.8060155, 11.4654739 ], [ 106.8059936, 11.4656609 ], [ 106.8059965, 11.4657551 ], [ 106.8060085, 11.4658486 ], [ 106.8060297, 11.4659405 ], [ 106.8060968, 11.4661604 ], [ 106.8061176, 11.4662734 ], [ 106.8061332, 11.4665024 ], [ 106.806114, 11.4667311 ], [ 106.8060914, 11.4668437 ], [ 106.8060208, 11.4670625 ], [ 106.8059732, 11.4671675 ], [ 106.8058549, 11.4673655 ], [ 106.8057078, 11.467544 ], [ 106.8056102, 11.4676374 ], [ 106.8055193, 11.4677371 ], [ 106.8054353, 11.4678424 ], [ 106.8053587, 11.4679531 ], [ 106.8052899, 11.4680685 ], [ 106.8052292, 11.4681882 ], [ 106.8051767, 11.4683116 ], [ 106.8050605, 11.4686306 ], [ 106.804913, 11.4689369 ], [ 106.8047316, 11.4692338 ], [ 106.8046275, 11.4693781 ], [ 106.804238, 11.4699729 ], [ 106.8040833, 11.4702304 ], [ 106.8039542, 11.4705011 ], [ 106.8038517, 11.4707825 ], [ 106.803777, 11.471071 ], [ 106.8037303, 11.471365 ], [ 106.8036869, 11.4715282 ], [ 106.8036214, 11.4716682 ], [ 106.803497, 11.4718445 ], [ 106.8033995, 11.4728251 ], [ 106.8033336, 11.4732879 ], [ 106.8031586, 11.4743338 ], [ 106.8031277, 11.4744556 ], [ 106.8030413, 11.4746918 ], [ 106.8029863, 11.4748052 ], [ 106.8028486, 11.475046 ], [ 106.8028036, 11.4751899 ], [ 106.8027931, 11.4752645 ], [ 106.8027907, 11.4753399 ], [ 106.8028105, 11.4754891 ], [ 106.8028325, 11.4755613 ], [ 106.8029084, 11.475751 ], [ 106.8029519, 11.4759502 ], [ 106.8029617, 11.4761537 ], [ 106.8029376, 11.476356 ], [ 106.80289, 11.4765253 ], [ 106.8028601, 11.476593 ], [ 106.8027805, 11.476718 ], [ 106.8026743, 11.4768507 ], [ 106.8025975, 11.4770017 ], [ 106.802571, 11.4770821 ], [ 106.8025436, 11.4772486 ], [ 106.8025428, 11.477333 ], [ 106.8025514, 11.4774219 ], [ 106.8025929, 11.4775956 ], [ 106.8026254, 11.477679 ], [ 106.8027127, 11.4778356 ], [ 106.8027667, 11.4779075 ], [ 106.8029123, 11.4780663 ], [ 106.8029712, 11.4781762 ], [ 106.8029894, 11.4782358 ], [ 106.8030022, 11.4783593 ], [ 106.8029829, 11.478482 ], [ 106.8029326, 11.4785959 ], [ 106.8028621, 11.4786864 ], [ 106.8028109, 11.4787769 ], [ 106.8027953, 11.4788264 ], [ 106.8027859, 11.4789294 ], [ 106.8028057, 11.4790311 ], [ 106.8028873, 11.47921 ], [ 106.8029398, 11.4793991 ], [ 106.8029886, 11.4797456 ], [ 106.8030227, 11.4799173 ], [ 106.8031248, 11.4803442 ], [ 106.8031556, 11.480606 ], [ 106.8031592, 11.4807377 ], [ 106.8031429, 11.4810007 ], [ 106.8030953, 11.4812601 ], [ 106.8030612, 11.4813835 ], [ 106.8029372, 11.4817474 ], [ 106.802847, 11.4819873 ], [ 106.8027495, 11.4822245 ], [ 106.8025749, 11.4826049 ], [ 106.802352, 11.4830373 ], [ 106.8020141, 11.4836437 ], [ 106.8018611, 11.4839798 ], [ 106.8017362, 11.4843268 ], [ 106.8016845, 11.4845037 ], [ 106.8015626, 11.4849833 ], [ 106.8015055, 11.4851039 ], [ 106.8014212, 11.4852079 ], [ 106.8013703, 11.4852519 ], [ 106.8012543, 11.4853209 ], [ 106.801118, 11.4853712 ], [ 106.8010855, 11.4853924 ], [ 106.8010358, 11.4854439 ], [ 106.8009192, 11.4856786 ], [ 106.8008197, 11.4859683 ], [ 106.800727, 11.4861552 ], [ 106.8006089, 11.4863278 ], [ 106.8004358, 11.4865402 ], [ 106.8002495, 11.4868205 ], [ 106.8001836, 11.4868961 ], [ 106.8000329, 11.4870288 ], [ 106.7998222, 11.4871645 ], [ 106.7997131, 11.4872662 ], [ 106.7996033, 11.4873917 ], [ 106.79954, 11.4874463 ], [ 106.7993281, 11.4875887 ], [ 106.7992651, 11.4876465 ], [ 106.7992088, 11.4877107 ], [ 106.79916, 11.4877806 ], [ 106.7991193, 11.4878552 ], [ 106.7990872, 11.4879338 ], [ 106.799064, 11.4880153 ], [ 106.799026, 11.4882084 ], [ 106.7989594, 11.4883938 ], [ 106.7988858, 11.4885281 ], [ 106.7988387, 11.4885888 ], [ 106.7987855, 11.4886445 ], [ 106.7986627, 11.488738 ], [ 106.7985946, 11.488775 ], [ 106.7984273, 11.4888484 ], [ 106.79827, 11.4889405 ], [ 106.7981676, 11.4890215 ], [ 106.7981246, 11.4890704 ], [ 106.7980577, 11.4891815 ], [ 106.7980196, 11.4893049 ], [ 106.7980124, 11.4894337 ], [ 106.7980549, 11.4896591 ], [ 106.7980582, 11.4897416 ], [ 106.7980522, 11.4898239 ], [ 106.7980369, 11.489905 ], [ 106.7980126, 11.489984 ], [ 106.7979391, 11.4901325 ], [ 106.7978386, 11.4902648 ], [ 106.7977146, 11.4903763 ], [ 106.7975409, 11.4904895 ], [ 106.7974553, 11.4905778 ], [ 106.797421, 11.4906287 ], [ 106.797393, 11.4906832 ], [ 106.7973577, 11.490797 ], [ 106.7973497, 11.4909157 ], [ 106.7973561, 11.4909749 ], [ 106.7973639, 11.491033 ], [ 106.797258, 11.4910882 ], [ 106.797143, 11.4911355 ], [ 106.7969042, 11.4912057 ], [ 106.7966578, 11.4912421 ], [ 106.7964134, 11.4912444 ], [ 106.7962918, 11.4912331 ], [ 106.795645, 11.4911368 ], [ 106.7954564, 11.491092 ], [ 106.7952497, 11.4910179 ], [ 106.7951273, 11.4910076 ], [ 106.7950661, 11.4910145 ], [ 106.7949491, 11.4910513 ], [ 106.7948954, 11.4910807 ], [ 106.7948019, 11.491159 ], [ 106.7947135, 11.4912565 ], [ 106.7946601, 11.4912958 ], [ 106.794602, 11.4913279 ], [ 106.7944752, 11.491368 ], [ 106.7943422, 11.491374 ], [ 106.7942762, 11.491364 ], [ 106.7940569, 11.4912961 ], [ 106.7939446, 11.4912717 ], [ 106.7937536, 11.491245 ], [ 106.7935202, 11.4912345 ], [ 106.7933645, 11.4912387 ], [ 106.7932094, 11.4912521 ], [ 106.7930553, 11.4912746 ], [ 106.7929029, 11.4913062 ], [ 106.7926335, 11.491386 ], [ 106.7925026, 11.491437 ], [ 106.7922507, 11.4915602 ], [ 106.79192, 11.4917625 ], [ 106.7916922, 11.4918611 ], [ 106.7915733, 11.4918977 ], [ 106.791452, 11.4919257 ], [ 106.791329, 11.4919447 ], [ 106.7912048, 11.4919548 ], [ 106.7910802, 11.4919559 ], [ 106.7909559, 11.4919479 ], [ 106.7908325, 11.4919309 ], [ 106.7907107, 11.4919051 ], [ 106.7905912, 11.4918704 ], [ 106.7904747, 11.4918273 ], [ 106.7903617, 11.4917758 ], [ 106.7902529, 11.4917162 ], [ 106.7901552, 11.4916533 ], [ 106.7898772, 11.4914438 ], [ 106.7896983, 11.4912964 ], [ 106.7895259, 11.4911417 ], [ 106.7893602, 11.4909802 ], [ 106.7890203, 11.4906195 ], [ 106.7889208, 11.490532 ], [ 106.788706, 11.4903762 ], [ 106.7885915, 11.4903085 ], [ 106.7883506, 11.490195 ], [ 106.7882252, 11.4901496 ], [ 106.7880308, 11.490096 ], [ 106.7878392, 11.4900334 ], [ 106.7876508, 11.489962 ], [ 106.7874661, 11.4898821 ], [ 106.7872854, 11.4897937 ], [ 106.7871091, 11.4896971 ], [ 106.7866377, 11.4894015 ], [ 106.7863193, 11.4892416 ], [ 106.785986, 11.4891144 ], [ 106.7858148, 11.4890635 ], [ 106.7854655, 11.4889878 ], [ 106.7852884, 11.4889631 ], [ 106.7851102, 11.4889474 ], [ 106.784578, 11.4889367 ], [ 106.7844018, 11.4889228 ], [ 106.7840524, 11.4888711 ], [ 106.7837093, 11.4887879 ], [ 106.783541, 11.4887348 ], [ 106.783213, 11.4886059 ], [ 106.7830539, 11.4885305 ], [ 106.7825984, 11.4882912 ], [ 106.7821289, 11.4880794 ], [ 106.7816471, 11.4878961 ], [ 106.7814022, 11.4878154 ], [ 106.7809847, 11.4876961 ], [ 106.7808173, 11.4876414 ], [ 106.7806531, 11.487578 ], [ 106.7804926, 11.487506 ], [ 106.7803362, 11.4874258 ], [ 106.7801845, 11.4873375 ], [ 106.7800378, 11.4872413 ], [ 106.7798966, 11.4871376 ], [ 106.7797612, 11.4870267 ], [ 106.779632, 11.4869088 ], [ 106.7795095, 11.4867843 ], [ 106.779394, 11.4866536 ], [ 106.7792857, 11.486517 ], [ 106.7791851, 11.4863749 ], [ 106.7790923, 11.4862278 ], [ 106.7790077, 11.486076 ], [ 106.7789315, 11.48592 ], [ 106.778864, 11.4857602 ], [ 106.7787722, 11.4854907 ], [ 106.7786821, 11.4852866 ], [ 106.7785617, 11.4850981 ], [ 106.7784909, 11.485011 ], [ 106.7783305, 11.4848537 ], [ 106.7781477, 11.4847219 ], [ 106.7779468, 11.4846184 ], [ 106.7777324, 11.4845457 ], [ 106.7775422, 11.4845093 ], [ 106.7771684, 11.4844099 ], [ 106.7769855, 11.4843473 ], [ 106.7768058, 11.4842762 ], [ 106.7766298, 11.4841968 ], [ 106.7764579, 11.4841093 ], [ 106.7762904, 11.4840138 ], [ 106.7761278, 11.4839107 ], [ 106.7759703, 11.4838 ], [ 106.7758184, 11.4836822 ], [ 106.7754294, 11.483343 ], [ 106.775299, 11.4832461 ], [ 106.7750226, 11.4830748 ], [ 106.7748774, 11.4830009 ], [ 106.7747282, 11.4829351 ], [ 106.7745755, 11.4828776 ], [ 106.7742614, 11.4827884 ], [ 106.773939, 11.4827344 ], [ 106.773776, 11.4827208 ], [ 106.7736125, 11.4827163 ], [ 106.7733012, 11.4827326 ], [ 106.7729895, 11.4827394 ], [ 106.7726778, 11.4827366 ], [ 106.7723663, 11.4827242 ], [ 106.7720553, 11.4827023 ], [ 106.7717452, 11.4826709 ], [ 106.7714363, 11.48263 ], [ 106.7709427, 11.4825444 ], [ 106.7705761, 11.4824509 ], [ 106.7702188, 11.4823275 ], [ 106.7700445, 11.4822547 ], [ 106.7698178, 11.4821468 ], [ 106.7696974, 11.482114 ], [ 106.769635, 11.4821097 ], [ 106.7695112, 11.4821258 ], [ 106.769452, 11.4821459 ], [ 106.7693446, 11.4822083 ], [ 106.7692579, 11.4822965 ], [ 106.7691538, 11.482482 ], [ 106.7691063, 11.4825415 ], [ 106.7690517, 11.4825947 ], [ 106.7689908, 11.4826408 ], [ 106.7689246, 11.4826792 ], [ 106.7688539, 11.4827093 ], [ 106.76878, 11.4827305 ], [ 106.7687041, 11.4827426 ], [ 106.7686278, 11.4827453 ], [ 106.7685518, 11.4827389 ], [ 106.7684772, 11.4827234 ], [ 106.7684051, 11.482699 ], [ 106.7683366, 11.4826661 ], [ 106.7682727, 11.4826252 ], [ 106.7682145, 11.4825769 ], [ 106.7681628, 11.482522 ], [ 106.7681183, 11.4824612 ], [ 106.7680442, 11.4823325 ], [ 106.7678431, 11.4818857 ], [ 106.7676893, 11.4814878 ], [ 106.7676202, 11.4812408 ], [ 106.7675813, 11.4809894 ], [ 106.7675732, 11.4808625 ], [ 106.7676251, 11.4808165 ], [ 106.7677084, 11.4807068 ], [ 106.7677583, 11.4805864 ], [ 106.7677711, 11.480526 ], [ 106.7677746, 11.4804028 ], [ 106.7677654, 11.4803417 ], [ 106.7677428, 11.4802669 ], [ 106.7676742, 11.4801264 ], [ 106.7675768, 11.4800032 ], [ 106.7674552, 11.479903 ], [ 106.7673869, 11.4798629 ], [ 106.7672404, 11.4798054 ], [ 106.7670862, 11.4797793 ], [ 106.7670078, 11.4797783 ], [ 106.7669297, 11.4797852 ], [ 106.7667779, 11.4798229 ], [ 106.7662364, 11.4801245 ], [ 106.7659274, 11.4802672 ], [ 106.7657691, 11.4803303 ], [ 106.7655988, 11.480387 ], [ 106.7654258, 11.4804357 ], [ 106.7650738, 11.4805085 ], [ 106.7647302, 11.4805468 ], [ 106.7643986, 11.4805543 ], [ 106.7642328, 11.4805473 ], [ 106.7638763, 11.4805117 ], [ 106.7635344, 11.4804442 ], [ 106.7631738, 11.4803429 ], [ 106.7629976, 11.4802798 ], [ 106.7626686, 11.4801361 ], [ 106.7623668, 11.4799714 ], [ 106.7620809, 11.4797816 ], [ 106.7614454, 11.4792963 ], [ 106.7604321, 11.4785527 ], [ 106.7593641, 11.4778025 ], [ 106.7590321, 11.4776049 ], [ 106.7587762, 11.4774872 ], [ 106.7586436, 11.4774391 ], [ 106.7583733, 11.4773657 ], [ 106.7580986, 11.4773223 ], [ 106.7579598, 11.4773119 ], [ 106.7577563, 11.4773142 ], [ 106.7574933, 11.4773366 ], [ 106.7568958, 11.4773622 ], [ 106.7563567, 11.4773581 ], [ 106.7560874, 11.4773464 ], [ 106.7558845, 11.4773236 ], [ 106.7554814, 11.4772591 ], [ 106.7550834, 11.4771694 ], [ 106.7546541, 11.4770425 ], [ 106.7542779, 11.4769127 ], [ 106.7540734, 11.4767978 ], [ 106.7539307, 11.4766821 ], [ 106.7538679, 11.4766152 ], [ 106.7538141, 11.4765467 ], [ 106.7537256, 11.4763972 ], [ 106.7536645, 11.4762351 ], [ 106.75363, 11.4758895 ], [ 106.7536217, 11.4755759 ], [ 106.7535802, 11.4749816 ], [ 106.7535097, 11.4744219 ], [ 106.7534632, 11.4741437 ], [ 106.7534372, 11.4739629 ], [ 106.7533618, 11.4736054 ], [ 106.7532555, 11.4732555 ], [ 106.753119, 11.4729158 ], [ 106.7529589, 11.4725987 ], [ 106.7528689, 11.4724453 ], [ 106.7525344, 11.471951 ], [ 106.7522951, 11.4716768 ], [ 106.7520238, 11.4713487 ], [ 106.7514115, 11.4706436 ], [ 106.7507641, 11.4699756 ], [ 106.7505888, 11.469756 ], [ 106.7504378, 11.4695197 ], [ 106.7503073, 11.4692564 ], [ 106.750207, 11.4689806 ], [ 106.7501685, 11.4688391 ], [ 106.7501076, 11.4685431 ], [ 106.7500523, 11.4682746 ], [ 106.7499888, 11.4678899 ], [ 106.749974, 11.467722 ], [ 106.7499689, 11.4675535 ], [ 106.7499734, 11.4673851 ], [ 106.750005, 11.4670876 ], [ 106.7500666, 11.4667946 ], [ 106.7501084, 11.4666507 ], [ 106.7502137, 11.46637 ], [ 106.7502832, 11.4661615 ], [ 106.7503615, 11.4659561 ], [ 106.7504485, 11.4657541 ], [ 106.750544, 11.4655558 ], [ 106.7506478, 11.4653616 ], [ 106.7507599, 11.4651718 ], [ 106.7508799, 11.4649867 ], [ 106.7510077, 11.4648067 ], [ 106.7511431, 11.4646321 ], [ 106.7514194, 11.4643172 ], [ 106.751546, 11.4641653 ], [ 106.7516653, 11.4640078 ], [ 106.7517771, 11.463845 ], [ 106.751977, 11.4635053 ], [ 106.7521441, 11.4631489 ], [ 106.7522257, 11.4629348 ], [ 106.7522981, 11.4627176 ], [ 106.7523613, 11.4624976 ], [ 106.752415, 11.4622752 ], [ 106.7524592, 11.4620508 ], [ 106.7524938, 11.4618248 ], [ 106.7525188, 11.4615976 ], [ 106.7525341, 11.4613695 ], [ 106.7525397, 11.4611411 ], [ 106.7525356, 11.4609126 ], [ 106.7525217, 11.4606844 ], [ 106.7524981, 11.4604571 ], [ 106.7524107, 11.4598412 ], [ 106.752354, 11.4592219 ], [ 106.7523288, 11.4586369 ], [ 106.7523388, 11.458088 ], [ 106.7523846, 11.4575408 ], [ 106.752466, 11.4569976 ], [ 106.752528, 11.4567203 ], [ 106.7526235, 11.4564522 ], [ 106.7526834, 11.4563229 ], [ 106.7528263, 11.4560759 ], [ 106.7529984, 11.4558475 ], [ 106.7531971, 11.4556409 ], [ 106.7534196, 11.4554591 ], [ 106.7536371, 11.4553191 ], [ 106.7541476, 11.4550575 ], [ 106.7547688, 11.4547605 ], [ 106.7552246, 11.4545613 ], [ 106.7553614, 11.4544931 ], [ 106.7554937, 11.4544169 ], [ 106.7556211, 11.4543329 ], [ 106.755743, 11.4542415 ], [ 106.755859, 11.454143 ], [ 106.7559687, 11.4540378 ], [ 106.7560716, 11.4539262 ], [ 106.7561675, 11.4538087 ], [ 106.7562558, 11.4536857 ], [ 106.7563364, 11.4535576 ], [ 106.7564089, 11.453425 ], [ 106.756473, 11.4532883 ], [ 106.7565285, 11.4531481 ], [ 106.7565752, 11.4530047 ], [ 106.7566129, 11.4528589 ], [ 106.7566415, 11.4527111 ], [ 106.7566609, 11.4525619 ], [ 106.7566709, 11.4524118 ], [ 106.7566717, 11.4522613 ], [ 106.7566631, 11.4521111 ], [ 106.7566452, 11.4519617 ], [ 106.756618, 11.4518137 ], [ 106.7565808, 11.4516642 ], [ 106.7564415, 11.4512237 ], [ 106.75634, 11.4509328 ], [ 106.7562298, 11.4506449 ], [ 106.7561109, 11.4503604 ], [ 106.7559835, 11.4500795 ], [ 106.7558477, 11.4498023 ], [ 106.7557036, 11.4495292 ], [ 106.7555513, 11.4492604 ], [ 106.755391, 11.4489962 ], [ 106.7552228, 11.4487367 ], [ 106.7550468, 11.4484821 ], [ 106.7548633, 11.4482328 ], [ 106.7546723, 11.4479889 ], [ 106.754474, 11.4477507 ], [ 106.7540564, 11.4472919 ], [ 106.7536118, 11.4468581 ], [ 106.7533799, 11.4466511 ], [ 106.7529946, 11.4463328 ], [ 106.7525434, 11.4459902 ], [ 106.7522365, 11.4457697 ], [ 106.7516084, 11.4453487 ], [ 106.7509621, 11.4449551 ], [ 106.7502987, 11.4445896 ], [ 106.7496709, 11.4442789 ], [ 106.7490282, 11.4439991 ], [ 106.7483721, 11.4437508 ], [ 106.7480395, 11.4436388 ], [ 106.7473664, 11.4434391 ], [ 106.746684, 11.4432724 ], [ 106.7460829, 11.4431543 ], [ 106.7455666, 11.4430738 ], [ 106.7446082, 11.4429048 ], [ 106.7444236, 11.442862 ], [ 106.7442413, 11.4428103 ], [ 106.7440618, 11.4427498 ], [ 106.7438856, 11.4426808 ], [ 106.7437131, 11.4426033 ], [ 106.7435447, 11.4425176 ], [ 106.7433808, 11.4424238 ], [ 106.7432218, 11.4423222 ], [ 106.7430681, 11.4422131 ], [ 106.7429202, 11.4420966 ], [ 106.7427782, 11.4419732 ], [ 106.7426426, 11.441843 ], [ 106.7425138, 11.4417065 ], [ 106.742392, 11.4415638 ], [ 106.7422775, 11.4414155 ], [ 106.7421706, 11.4412618 ], [ 106.7420716, 11.4411032 ], [ 106.7419806, 11.4409399 ], [ 106.741898, 11.4407724 ], [ 106.7418133, 11.4405744 ], [ 106.7416689, 11.4401689 ], [ 106.7415587, 11.4397532 ], [ 106.7414834, 11.4393302 ], [ 106.7414436, 11.4389025 ], [ 106.7414371, 11.4386878 ], [ 106.7414509, 11.4382585 ], [ 106.7415005, 11.4378318 ], [ 106.7415385, 11.4376203 ], [ 106.7416408, 11.4372027 ], [ 106.7417049, 11.4369973 ], [ 106.7418961, 11.4364592 ], [ 106.7420292, 11.4360401 ], [ 106.7420657, 11.4358902 ], [ 106.7420932, 11.4357385 ], [ 106.7421118, 11.4355856 ], [ 106.7421216, 11.4352777 ], [ 106.7420949, 11.4349709 ], [ 106.7420681, 11.4348191 ], [ 106.7420322, 11.4346691 ], [ 106.7419343, 11.4343764 ], [ 106.7418725, 11.4342348 ], [ 106.7417243, 11.4339632 ], [ 106.741545, 11.4337103 ], [ 106.7414444, 11.4335919 ], [ 106.7412232, 11.4333732 ], [ 106.7409775, 11.4331811 ], [ 106.7407103, 11.4330179 ], [ 106.7402878, 11.4328085 ], [ 106.7400018, 11.432678 ], [ 106.7397116, 11.4325564 ], [ 106.7394177, 11.4324439 ], [ 106.7391202, 11.4323406 ], [ 106.7388196, 11.4322465 ], [ 106.7385161, 11.4321619 ], [ 106.73821, 11.4320867 ], [ 106.7379017, 11.432021 ], [ 106.7375913, 11.431965 ], [ 106.7372793, 11.4319186 ], [ 106.736966, 11.4318819 ], [ 106.7360545, 11.4318137 ], [ 106.7357571, 11.4317807 ], [ 106.7350278, 11.4316776 ], [ 106.7348098, 11.4316603 ], [ 106.7345911, 11.4316522 ], [ 106.7343724, 11.4316531 ], [ 106.7341538, 11.4316632 ], [ 106.7339359, 11.4316824 ], [ 106.733719, 11.4317107 ], [ 106.7335036, 11.431748 ], [ 106.73329, 11.4317943 ], [ 106.7330785, 11.4318494 ], [ 106.7328697, 11.4319133 ], [ 106.7326638, 11.4319859 ], [ 106.7324613, 11.4320669 ], [ 106.7322624, 11.4321564 ], [ 106.7320677, 11.4322541 ], [ 106.7318773, 11.4323598 ], [ 106.7314842, 11.4325906 ], [ 106.7312811, 11.4326946 ], [ 106.7308633, 11.432879 ], [ 106.7304322, 11.433031 ], [ 106.7299903, 11.4331498 ], [ 106.7295403, 11.4332347 ], [ 106.7291542, 11.4332796 ], [ 106.7288348, 11.4332837 ], [ 106.7285171, 11.433252 ], [ 106.7282052, 11.4331851 ], [ 106.727903, 11.4330837 ], [ 106.7276147, 11.4329492 ], [ 106.7273438, 11.4327833 ], [ 106.7272161, 11.4326893 ], [ 106.7269781, 11.4324805 ], [ 106.7268686, 11.4323665 ], [ 106.7266705, 11.432121 ], [ 106.7265824, 11.4319904 ], [ 106.7265022, 11.431855 ], [ 106.7264034, 11.4316587 ], [ 106.7262247, 11.4312575 ], [ 106.7259738, 11.4306489 ], [ 106.725797, 11.4301677 ], [ 106.7257446, 11.4299918 ], [ 106.7257013, 11.4298135 ], [ 106.7256673, 11.4296334 ], [ 106.7256426, 11.4294518 ], [ 106.7256272, 11.4292692 ], [ 106.7256213, 11.429086 ], [ 106.7256249, 11.4289029 ], [ 106.7256379, 11.4287201 ], [ 106.7256603, 11.4285382 ], [ 106.725692, 11.4283576 ], [ 106.725733, 11.4281788 ], [ 106.7257831, 11.4280023 ], [ 106.7258423, 11.4278285 ], [ 106.7259104, 11.4276579 ], [ 106.7261554, 11.4271505 ], [ 106.7262906, 11.4267963 ], [ 106.7263914, 11.4264313 ], [ 106.726457, 11.4260586 ], [ 106.7264764, 11.4258705 ], [ 106.7264869, 11.4256816 ], [ 106.7264807, 11.4253035 ], [ 106.7264657, 11.4251288 ], [ 106.7264125, 11.4247823 ], [ 106.7263397, 11.4244731 ], [ 106.7262477, 11.424191 ], [ 106.726158, 11.4239842 ], [ 106.7260914, 11.4238636 ], [ 106.7260162, 11.423748 ], [ 106.7259328, 11.4236379 ], [ 106.7258417, 11.4235338 ], [ 106.7257432, 11.4234364 ], [ 106.725638, 11.4233461 ], [ 106.7255264, 11.4232633 ], [ 106.7254092, 11.4231885 ], [ 106.7252868, 11.4231221 ], [ 106.7251224, 11.4230485 ], [ 106.7249323, 11.4229839 ], [ 106.7244691, 11.4228469 ], [ 106.7239972, 11.4227424 ], [ 106.723519, 11.4226707 ], [ 106.7230368, 11.4226323 ], [ 106.7228032, 11.4226258 ], [ 106.7223362, 11.4226361 ], [ 106.7218709, 11.4226777 ], [ 106.7214096, 11.4227502 ], [ 106.7211812, 11.422798 ], [ 106.7207299, 11.4229163 ], [ 106.7205386, 11.4229471 ], [ 106.7203461, 11.4229701 ], [ 106.7199591, 11.4229927 ], [ 106.7197652, 11.4229922 ], [ 106.7193979, 11.4229696 ], [ 106.7190336, 11.4229188 ], [ 106.7187766, 11.4228687 ], [ 106.7186279, 11.4228225 ], [ 106.7184885, 11.4227538 ], [ 106.7183541, 11.4226577 ], [ 106.7182382, 11.4225407 ], [ 106.718144, 11.4224062 ], [ 106.7180674, 11.4222634 ], [ 106.7179338, 11.4219685 ], [ 106.7178771, 11.421817 ], [ 106.7177843, 11.4215074 ], [ 106.7177474, 11.4213445 ], [ 106.7176964, 11.4210144 ], [ 106.7176825, 11.420848 ], [ 106.7176764, 11.4206812 ], [ 106.717684, 11.420232 ], [ 106.7177236, 11.4196687 ], [ 106.7177995, 11.419109 ], [ 106.7179051, 11.4185829 ], [ 106.718043, 11.4180641 ], [ 106.7181238, 11.4178079 ], [ 106.7186861, 11.4161543 ], [ 106.7187586, 11.4159153 ], [ 106.7188052, 11.4156701 ], [ 106.7188195, 11.4155339 ], [ 106.7188242, 11.4152601 ], [ 106.7188145, 11.4151234 ], [ 106.7187896, 11.4149936 ], [ 106.7187554, 11.4148658 ], [ 106.7187122, 11.4147407 ], [ 106.7186601, 11.4146189 ], [ 106.7185995, 11.4145009 ], [ 106.7184606, 11.4142879 ], [ 106.717827, 11.4135482 ], [ 106.717353, 11.4130366 ], [ 106.717118, 11.4128017 ], [ 106.7168764, 11.4125733 ], [ 106.7166284, 11.4123516 ], [ 106.7163742, 11.4121368 ], [ 106.7158186, 11.4116864 ], [ 106.715547, 11.4114539 ], [ 106.7148317, 11.4108145 ], [ 106.7143658, 11.4104324 ], [ 106.7138065, 11.4100168 ], [ 106.7131519, 11.4095723 ], [ 106.7123736, 11.4090806 ], [ 106.7119475, 11.4087753 ], [ 106.7115408, 11.4084455 ], [ 106.7111835, 11.4081198 ], [ 106.7106091, 11.4076133 ], [ 106.7101983, 11.407227 ], [ 106.7100006, 11.4070262 ], [ 106.7096688, 11.4066649 ], [ 106.7094084, 11.4063386 ], [ 106.7092878, 11.4061685 ], [ 106.7092016, 11.4060381 ], [ 106.709051, 11.4057646 ], [ 106.7089309, 11.405477 ], [ 106.7088828, 11.4053288 ], [ 106.708811, 11.4050262 ], [ 106.7087723, 11.4047177 ], [ 106.7087657, 11.4045624 ], [ 106.708774, 11.4042943 ], [ 106.7087896, 11.4041826 ], [ 106.7088476, 11.4039645 ], [ 106.7089399, 11.403758 ], [ 106.7089983, 11.4036608 ], [ 106.7090643, 11.4035684 ], [ 106.7091376, 11.4034815 ], [ 106.7094029, 11.4032143 ], [ 106.7095258, 11.4030719 ], [ 106.7096418, 11.4029241 ], [ 106.709852, 11.4026133 ], [ 106.7100313, 11.4022846 ], [ 106.7101089, 11.4021143 ], [ 106.7102167, 11.4018325 ], [ 106.7102694, 11.4016093 ], [ 106.7102833, 11.4014955 ], [ 106.710289, 11.401381 ], [ 106.7102751, 11.4011524 ], [ 106.710228, 11.400928 ], [ 106.7101923, 11.4008189 ], [ 106.7101487, 11.4007125 ], [ 106.7100388, 11.4005104 ], [ 106.7099785, 11.400423 ], [ 106.7097791, 11.4001741 ], [ 106.7094924, 11.3998596 ], [ 106.7091805, 11.3995691 ], [ 106.708939, 11.3993765 ], [ 106.7088121, 11.399288 ], [ 106.7085475, 11.3991274 ], [ 106.7083928, 11.399047 ], [ 106.7076006, 11.3986842 ], [ 106.7071313, 11.3984543 ], [ 106.7064347, 11.3981484 ], [ 106.7060918, 11.3979842 ], [ 106.7053747, 11.3976133 ], [ 106.7048782, 11.3973368 ], [ 106.7047321, 11.3972352 ], [ 106.7046245, 11.3971454 ], [ 106.7044774, 11.396979 ], [ 106.7043541, 11.396802 ], [ 106.7043017, 11.3967111 ], [ 106.7042128, 11.3965216 ], [ 106.7040589, 11.3965508 ], [ 106.7039202, 11.3966074 ], [ 106.7038586, 11.3966437 ], [ 106.7036176, 11.3968188 ], [ 106.703514, 11.3969131 ], [ 106.7034706, 11.3969679 ], [ 106.7034334, 11.397027 ], [ 106.7033514, 11.397215 ], [ 106.7033172, 11.3972737 ], [ 106.7032761, 11.397331 ], [ 106.7032279, 11.3973826 ], [ 106.7031734, 11.3974278 ], [ 106.7031133, 11.3974656 ], [ 106.7029702, 11.3975385 ], [ 106.7029646, 11.3975424 ], [ 106.7029041, 11.397584 ], [ 106.7027154, 11.39774 ], [ 106.7025511, 11.3978608 ], [ 106.7024795, 11.3979038 ], [ 106.7024034, 11.3979385 ], [ 106.7023238, 11.3979643 ], [ 106.7022416, 11.397981 ], [ 106.7021586, 11.3979883 ], [ 106.7020051, 11.3979866 ], [ 106.7018664, 11.3980075 ], [ 106.7017365, 11.398054 ], [ 106.7017347, 11.3980546 ], [ 106.7015143, 11.3981658 ], [ 106.7014461, 11.3981867 ], [ 106.7013756, 11.3981985 ], [ 106.7013042, 11.3982009 ], [ 106.7011233, 11.3981777 ], [ 106.7010131, 11.3981913 ], [ 106.7009519, 11.3982128 ], [ 106.7008385, 11.398275 ], [ 106.7008213, 11.39829 ], [ 106.7007458, 11.3983559 ], [ 106.7006471, 11.3984196 ], [ 106.700549, 11.3984525 ], [ 106.700496, 11.3984583 ], [ 106.7004606, 11.3984622 ], [ 106.7004491, 11.3985592 ], [ 106.7004467, 11.3987537 ], [ 106.7004732, 11.3990051 ], [ 106.7004543, 11.3991217 ], [ 106.7004121, 11.3992202 ], [ 106.7003861, 11.3992606 ], [ 106.7001746, 11.399461 ], [ 106.6997856, 11.3997973 ], [ 106.6995865, 11.39998 ], [ 106.6993942, 11.4001695 ], [ 106.699209, 11.4003657 ], [ 106.699031, 11.4005682 ], [ 106.6987725, 11.4008909 ], [ 106.6982618, 11.4015843 ], [ 106.6979741, 11.4019602 ], [ 106.6977926, 11.402263 ], [ 106.6977143, 11.4024656 ], [ 106.6976537, 11.4026923 ], [ 106.6976317, 11.4028166 ], [ 106.6976104, 11.4030679 ], [ 106.6974607, 11.4030394 ], [ 106.6971656, 11.4029645 ], [ 106.6968842, 11.4028685 ], [ 106.6967467, 11.4028122 ], [ 106.6962002, 11.4026508 ], [ 106.6953832, 11.4024298 ], [ 106.6949257, 11.4022923 ], [ 106.6944712, 11.4021458 ], [ 106.6941227, 11.4020478 ], [ 106.6937685, 11.4019723 ], [ 106.6935648, 11.4019394 ], [ 106.6931545, 11.4018958 ], [ 106.6929483, 11.4018853 ], [ 106.692985, 11.4017238 ], [ 106.6930124, 11.4015605 ], [ 106.6930304, 11.401396 ], [ 106.6930385, 11.4010802 ], [ 106.693014, 11.4007802 ], [ 106.6929272, 11.400315 ], [ 106.6928834, 11.399974 ], [ 106.6928645, 11.3996236 ], [ 106.6928649, 11.3994482 ], [ 106.6926537, 11.3993046 ], [ 106.6923844, 11.3991415 ], [ 106.6918552, 11.3988477 ], [ 106.691334, 11.3985906 ], [ 106.6908139, 11.3983716 ], [ 106.6905592, 11.3982508 ], [ 106.6900417, 11.3979759 ], [ 106.6897802, 11.397821 ], [ 106.6895239, 11.3976578 ], [ 106.6891513, 11.3973565 ], [ 106.6891267, 11.3973366 ], [ 106.6889737, 11.397193 ], [ 106.6888144, 11.397056 ], [ 106.6886749, 11.3969455 ], [ 106.6883837, 11.39674 ], [ 106.6864086, 11.3955341 ], [ 106.6864013, 11.3955296 ], [ 106.6862351, 11.3959667 ], [ 106.686094, 11.3962862 ], [ 106.6859525, 11.3965796 ], [ 106.6858587, 11.3967491 ], [ 106.6856791, 11.3969984 ], [ 106.6855913, 11.3971033 ], [ 106.6854185, 11.397283 ], [ 106.6839516, 11.3985566 ], [ 106.6804057, 11.3977075 ], [ 106.6798963, 11.398356 ], [ 106.6774338, 11.3979763 ], [ 106.6758342, 11.401802 ], [ 106.6734163, 11.4012617 ], [ 106.6792039, 11.3849353 ], [ 106.6788976, 11.3846871 ], [ 106.6782948, 11.3841794 ], [ 106.6777284, 11.3836779 ], [ 106.6774499, 11.3834221 ], [ 106.677348, 11.3832959 ], [ 106.6772489, 11.3831258 ], [ 106.6771891, 11.3830605 ], [ 106.6771082, 11.3830153 ], [ 106.6770613, 11.3830027 ], [ 106.676949, 11.382999 ], [ 106.6767143, 11.3830219 ], [ 106.676522, 11.3829936 ], [ 106.6763599, 11.3829468 ], [ 106.6761718, 11.3828313 ], [ 106.6760042, 11.3826885 ], [ 106.6759295, 11.3826081 ], [ 106.6758003, 11.3824313 ], [ 106.6757466, 11.3823361 ], [ 106.6757843, 11.3821153 ], [ 106.6758193, 11.3819854 ], [ 106.6758634, 11.3818583 ], [ 106.6759165, 11.3817344 ], [ 106.6759782, 11.3816145 ], [ 106.6760383, 11.3815305 ], [ 106.6761044, 11.3814508 ], [ 106.676253, 11.3813064 ], [ 106.676421, 11.381184 ], [ 106.676596, 11.3810902 ], [ 106.6766844, 11.3810562 ], [ 106.6767755, 11.3810303 ], [ 106.6769632, 11.3810035 ], [ 106.6771526, 11.3810105 ], [ 106.6772866, 11.3810364 ], [ 106.6773694, 11.3810324 ], [ 106.6774087, 11.3810188 ], [ 106.6774757, 11.3809709 ], [ 106.6775193, 11.3809018 ], [ 106.6775331, 11.3808216 ], [ 106.6775229, 11.3807628 ], [ 106.6775259, 11.3806438 ], [ 106.6775595, 11.3805294 ], [ 106.6776216, 11.3804272 ], [ 106.6776718, 11.3803736 ], [ 106.6777542, 11.3802662 ], [ 106.6778034, 11.3801531 ], [ 106.6778196, 11.3800311 ], [ 106.6777951, 11.3798464 ], [ 106.677806, 11.3797222 ], [ 106.6778228, 11.379662 ], [ 106.6779034, 11.3794916 ], [ 106.6779226, 11.3794316 ], [ 106.6779585, 11.3791751 ], [ 106.6779831, 11.3790799 ], [ 106.6780575, 11.3788977 ], [ 106.6781067, 11.3788121 ], [ 106.6782377, 11.3786273 ], [ 106.6782833, 11.3785086 ], [ 106.6782972, 11.3783825 ], [ 106.6782786, 11.3782569 ], [ 106.6782287, 11.3781399 ], [ 106.6781574, 11.3780457 ], [ 106.6781081, 11.3779495 ], [ 106.6780915, 11.3778432 ], [ 106.6781092, 11.377737 ], [ 106.6781596, 11.3776413 ], [ 106.6781956, 11.3776005 ], [ 106.6783348, 11.377487 ], [ 106.6783965, 11.3774218 ], [ 106.6785014, 11.377277 ], [ 106.6785719, 11.3771309 ], [ 106.6786113, 11.3769738 ], [ 106.678618, 11.3768123 ], [ 106.6785917, 11.3766526 ], [ 106.6785665, 11.3765756 ], [ 106.6784656, 11.3763649 ], [ 106.6784289, 11.3762174 ], [ 106.6784278, 11.3761359 ], [ 106.6784559, 11.3760592 ], [ 106.6785094, 11.375997 ], [ 106.6785818, 11.375957 ], [ 106.6786842, 11.3759278 ], [ 106.6787316, 11.3759038 ], [ 106.6788153, 11.375839 ], [ 106.6788501, 11.3757993 ], [ 106.6789044, 11.375703 ], [ 106.6789205, 11.3756501 ], [ 106.6789286, 11.3755403 ], [ 106.6789205, 11.3754857 ], [ 106.6788808, 11.3753827 ], [ 106.6787615, 11.3752313 ], [ 106.6786845, 11.3750855 ], [ 106.6786401, 11.3749271 ], [ 106.6786307, 11.3748454 ], [ 106.6786299, 11.3746544 ], [ 106.6786163, 11.3746015 ], [ 106.6785639, 11.3745057 ], [ 106.6785265, 11.3744652 ], [ 106.6784342, 11.3744048 ], [ 106.678327, 11.3743767 ], [ 106.6781828, 11.3743693 ], [ 106.6780543, 11.3743327 ], [ 106.6779994, 11.3743048 ], [ 106.6779488, 11.3742699 ], [ 106.6778643, 11.3741819 ], [ 106.6778068, 11.374075 ], [ 106.6777805, 11.3739569 ], [ 106.6777872, 11.3738362 ], [ 106.6778265, 11.3737217 ], [ 106.6778903, 11.3736276 ], [ 106.6779327, 11.3735313 ], [ 106.6779412, 11.3734268 ], [ 106.6779323, 11.3733749 ], [ 106.6778895, 11.3732788 ], [ 106.6778174, 11.3732013 ], [ 106.677723, 11.3731308 ], [ 106.6776849, 11.373086 ], [ 106.677631, 11.3729823 ], [ 106.6776105, 11.3728677 ], [ 106.6776323, 11.3726865 ], [ 106.6776222, 11.3725625 ], [ 106.6775838, 11.372444 ], [ 106.6774945, 11.3722847 ], [ 106.677477, 11.3722272 ], [ 106.6774686, 11.3721678 ], [ 106.6774793, 11.3720487 ], [ 106.6774982, 11.3719917 ], [ 106.6775267, 11.3719363 ], [ 106.6776326, 11.3718065 ], [ 106.6776509, 11.3717678 ], [ 106.6776675, 11.3716844 ], [ 106.6776562, 11.3716002 ], [ 106.6775791, 11.3714513 ], [ 106.6775604, 11.3713916 ], [ 106.6775484, 11.3712676 ], [ 106.6775554, 11.3712056 ], [ 106.6775948, 11.3710871 ], [ 106.6777049, 11.3709033 ], [ 106.6777866, 11.3707058 ], [ 106.6778382, 11.3704987 ], [ 106.677858, 11.3703019 ], [ 106.6778542, 11.3700282 ], [ 106.6778407, 11.3698463 ], [ 106.6778177, 11.3696653 ], [ 106.6777852, 11.3694857 ], [ 106.6776751, 11.3690499 ], [ 106.6775704, 11.3686908 ], [ 106.6775346, 11.368546 ], [ 106.6774935, 11.3683162 ], [ 106.6774921, 11.3681475 ], [ 106.6775034, 11.3680638 ], [ 106.6775496, 11.3679012 ], [ 106.677613, 11.3677708 ], [ 106.6776521, 11.367657 ], [ 106.6776646, 11.367556 ], [ 106.6776584, 11.3674309 ], [ 106.6776447, 11.3673485 ], [ 106.6775939, 11.3671892 ], [ 106.6774862, 11.3669834 ], [ 106.6774596, 11.3669142 ], [ 106.6774038, 11.3666889 ], [ 106.6773775, 11.3666142 ], [ 106.6773047, 11.3664655 ], [ 106.6772334, 11.3663607 ], [ 106.6772018, 11.3662798 ], [ 106.6772003, 11.3661931 ], [ 106.6772111, 11.3661509 ], [ 106.6772292, 11.3661112 ], [ 106.6772964, 11.3660206 ], [ 106.6773082, 11.3659883 ], [ 106.6773114, 11.3659227 ], [ 106.6772852, 11.365832 ], [ 106.677258, 11.3657753 ], [ 106.6772226, 11.3657229 ], [ 106.6771799, 11.3656762 ], [ 106.6771308, 11.365636 ], [ 106.6769992, 11.3655497 ], [ 106.6768912, 11.3654363 ], [ 106.6768479, 11.3653712 ], [ 106.6767855, 11.3652287 ], [ 106.6767672, 11.3651531 ], [ 106.6767573, 11.3650072 ], [ 106.6767822, 11.3648722 ], [ 106.6768405, 11.3647474 ], [ 106.6768811, 11.3646914 ], [ 106.6769821, 11.3645964 ], [ 106.6770408, 11.3645589 ], [ 106.6771588, 11.3645101 ], [ 106.6772595, 11.3644537 ], [ 106.6773039, 11.364417 ], [ 106.6773775, 11.3643291 ], [ 106.6774061, 11.3642784 ], [ 106.6774263, 11.3642239 ], [ 106.6774376, 11.364167 ], [ 106.6774327, 11.3640516 ], [ 106.6773919, 11.3639432 ], [ 106.6773592, 11.363895 ], [ 106.6772729, 11.3638163 ], [ 106.6771583, 11.3637443 ], [ 106.677067, 11.3636453 ], [ 106.6770054, 11.3635263 ], [ 106.6769872, 11.3634618 ], [ 106.6769766, 11.3633567 ], [ 106.6769876, 11.3632408 ], [ 106.6770319, 11.363092 ], [ 106.6770916, 11.3629809 ], [ 106.6771181, 11.3628886 ], [ 106.6771103, 11.362793 ], [ 106.6770692, 11.3627061 ], [ 106.6769998, 11.3626385 ], [ 106.6769108, 11.3625988 ], [ 106.6767295, 11.3625789 ], [ 106.6765949, 11.3625516 ], [ 106.6765523, 11.3625341 ], [ 106.6764789, 11.3624794 ], [ 106.6764503, 11.3624439 ], [ 106.6763986, 11.3623445 ], [ 106.6763759, 11.3623197 ], [ 106.6763185, 11.3622845 ], [ 106.6762117, 11.3622642 ], [ 106.6761437, 11.3622333 ], [ 106.6760785, 11.3621742 ], [ 106.6760376, 11.3620969 ], [ 106.6760258, 11.3620107 ], [ 106.6760445, 11.3619256 ], [ 106.6761439, 11.3617679 ], [ 106.6761744, 11.3616782 ], [ 106.6761705, 11.3615837 ], [ 106.6761435, 11.3614842 ], [ 106.6761392, 11.3614328 ], [ 106.6761565, 11.3612485 ], [ 106.6761526, 11.3611816 ], [ 106.6761308, 11.3610781 ], [ 106.6760869, 11.3609698 ], [ 106.6760013, 11.3608392 ], [ 106.6758653, 11.360698 ], [ 106.6758332, 11.3606488 ], [ 106.6757906, 11.36054 ], [ 106.6757789, 11.3604241 ], [ 106.6757897, 11.3602926 ], [ 106.6757798, 11.3601553 ], [ 106.6757399, 11.3600233 ], [ 106.6756851, 11.3599221 ], [ 106.6756599, 11.3598346 ], [ 106.6756673, 11.3597439 ], [ 106.6756832, 11.359701 ], [ 106.6757515, 11.3595969 ], [ 106.6757702, 11.3595208 ], [ 106.6757601, 11.3594432 ], [ 106.6757338, 11.3593691 ], [ 106.6757272, 11.3592914 ], [ 106.6757016, 11.3592186 ], [ 106.6756482, 11.3591622 ], [ 106.6756137, 11.3591433 ], [ 106.675576, 11.3591318 ], [ 106.6754975, 11.3591327 ], [ 106.67546, 11.359145 ], [ 106.6753969, 11.3591908 ], [ 106.6753325, 11.3592962 ], [ 106.6753014, 11.3593257 ], [ 106.6752248, 11.359364 ], [ 106.6751389, 11.3593702 ], [ 106.6750574, 11.3593433 ], [ 106.6749736, 11.3592704 ], [ 106.6749406, 11.3592259 ], [ 106.6748958, 11.3591253 ], [ 106.6748822, 11.3590163 ], [ 106.6748875, 11.3589615 ], [ 106.6749218, 11.358857 ], [ 106.6749501, 11.3588095 ], [ 106.6750469, 11.3587071 ], [ 106.6751033, 11.3586643 ], [ 106.6752287, 11.358598 ], [ 106.6753789, 11.358548 ], [ 106.6754477, 11.3584951 ], [ 106.6754743, 11.358461 ], [ 106.6755312, 11.3583409 ], [ 106.6756354, 11.3582437 ], [ 106.6756815, 11.3581588 ], [ 106.6756942, 11.3580634 ], [ 106.6756717, 11.3579697 ], [ 106.6756171, 11.3578898 ], [ 106.6755372, 11.357834 ], [ 106.6754909, 11.3578174 ], [ 106.6753931, 11.3578098 ], [ 106.6753447, 11.357819 ], [ 106.6752002, 11.3578862 ], [ 106.6751459, 11.3578978 ], [ 106.6750903, 11.3579 ], [ 106.6750351, 11.3578927 ], [ 106.6749821, 11.3578762 ], [ 106.6749328, 11.3578509 ], [ 106.6748887, 11.3578176 ], [ 106.6748512, 11.3577773 ], [ 106.6748214, 11.3577313 ], [ 106.6747573, 11.3575776 ], [ 106.6747155, 11.3575053 ], [ 106.6746142, 11.3573723 ], [ 106.6744915, 11.3572579 ], [ 106.6743928, 11.3571895 ], [ 106.6742099, 11.3570348 ], [ 106.6741265, 11.356949 ], [ 106.6739275, 11.3567061 ], [ 106.6738287, 11.3566022 ], [ 106.6737855, 11.3565221 ], [ 106.6737764, 11.356432 ], [ 106.6737853, 11.3563873 ], [ 106.6738027, 11.3563451 ], [ 106.6738604, 11.3562744 ], [ 106.6739411, 11.3562303 ], [ 106.6739864, 11.3562204 ], [ 106.6740633, 11.3562233 ], [ 106.6741218, 11.3562068 ], [ 106.6741628, 11.3561626 ], [ 106.6741725, 11.356134 ], [ 106.6741739, 11.3561039 ], [ 106.6741564, 11.3560544 ], [ 106.6741132, 11.3560016 ], [ 106.6740138, 11.3559057 ], [ 106.6739875, 11.3558676 ], [ 106.6739669, 11.3558264 ], [ 106.673927, 11.3556935 ], [ 106.673902, 11.355654 ], [ 106.6738316, 11.3555923 ], [ 106.6737597, 11.3555639 ], [ 106.6737092, 11.3555317 ], [ 106.6736777, 11.3554899 ], [ 106.6736557, 11.3554261 ], [ 106.6736505, 11.3553815 ], [ 106.6736642, 11.355293 ], [ 106.6737083, 11.3552147 ], [ 106.6737424, 11.3551805 ], [ 106.6737825, 11.3551531 ], [ 106.673968, 11.3550954 ], [ 106.6740509, 11.355045 ], [ 106.6741202, 11.354971 ], [ 106.6741676, 11.3548763 ], [ 106.6741802, 11.3548249 ], [ 106.6741783, 11.354767 ], [ 106.6741558, 11.3547183 ], [ 106.6741201, 11.3546683 ], [ 106.674031, 11.3545832 ], [ 106.6739342, 11.3545267 ], [ 106.6738804, 11.35451 ], [ 106.6738317, 11.3545085 ], [ 106.673786, 11.3545099 ], [ 106.6736689, 11.354525 ], [ 106.673497, 11.3545331 ], [ 106.6733062, 11.3545165 ], [ 106.673093, 11.354476 ], [ 106.6729017, 11.3544158 ], [ 106.6727263, 11.3543444 ], [ 106.6725775, 11.3543063 ], [ 106.6724238, 11.3543027 ], [ 106.6723476, 11.3543139 ], [ 106.6721657, 11.3543667 ], [ 106.6720627, 11.3543733 ], [ 106.6720164, 11.3543659 ], [ 106.6719307, 11.3543292 ], [ 106.6718618, 11.3542671 ], [ 106.6718173, 11.3541864 ], [ 106.6718035, 11.3541247 ], [ 106.6717532, 11.3540084 ], [ 106.6716755, 11.3539077 ], [ 106.6716277, 11.3538652 ], [ 106.671575, 11.3538287 ], [ 106.6714579, 11.3537762 ], [ 106.6713796, 11.3537583 ], [ 106.6712996, 11.3537498 ], [ 106.6712192, 11.3537508 ], [ 106.6711395, 11.3537613 ], [ 106.6710617, 11.353781 ], [ 106.6709869, 11.3538098 ], [ 106.6709161, 11.3538472 ], [ 106.6707605, 11.3539471 ], [ 106.6706974, 11.3539776 ], [ 106.6705812, 11.3540551 ], [ 106.6705291, 11.3541014 ], [ 106.6704324, 11.354217 ], [ 106.6703141, 11.354329 ], [ 106.6701741, 11.3544135 ], [ 106.6700292, 11.3544642 ], [ 106.6699583, 11.3544751 ], [ 106.6698866, 11.3544766 ], [ 106.6698152, 11.3544688 ], [ 106.6697456, 11.3544517 ], [ 106.6696789, 11.3544257 ], [ 106.6696163, 11.3543913 ], [ 106.669559, 11.3543489 ], [ 106.6694099, 11.3541871 ], [ 106.6693022, 11.3541047 ], [ 106.6691908, 11.3540552 ], [ 106.6691313, 11.3540409 ], [ 106.6690705, 11.3540338 ], [ 106.6689485, 11.3540419 ], [ 106.6688322, 11.3540789 ], [ 106.6687784, 11.3541076 ], [ 106.6686982, 11.3541688 ], [ 106.6686126, 11.3542225 ], [ 106.6685222, 11.3542682 ], [ 106.6684279, 11.3543053 ], [ 106.6681657, 11.3543738 ], [ 106.6680863, 11.3544035 ], [ 106.6680096, 11.3544393 ], [ 106.6678328, 11.3545398 ], [ 106.667776, 11.3545584 ], [ 106.6676573, 11.3545723 ], [ 106.6675976, 11.3545674 ], [ 106.6675027, 11.3545423 ], [ 106.6674643, 11.3545387 ], [ 106.6673901, 11.3545576 ], [ 106.6673583, 11.3545792 ], [ 106.6673142, 11.3546406 ], [ 106.6673042, 11.3546772 ], [ 106.667308, 11.3547771 ], [ 106.6673002, 11.3548074 ], [ 106.6672656, 11.3548597 ], [ 106.6672221, 11.3548887 ], [ 106.667174, 11.3549094 ], [ 106.6671228, 11.3549212 ], [ 106.6670703, 11.3549236 ], [ 106.6670182, 11.3549166 ], [ 106.6669683, 11.3549003 ], [ 106.6669223, 11.3548754 ], [ 106.6668254, 11.3547831 ], [ 106.6667527, 11.3546714 ], [ 106.6667267, 11.3546102 ], [ 106.666708, 11.3545464 ], [ 106.6666825, 11.354365 ], [ 106.6666378, 11.3542567 ], [ 106.6665659, 11.3541635 ], [ 106.6664717, 11.3540919 ], [ 106.6664183, 11.3540658 ], [ 106.6663033, 11.3540352 ], [ 106.6662437, 11.3540313 ], [ 106.6661214, 11.3540474 ], [ 106.6660077, 11.3540944 ], [ 106.6658914, 11.3541746 ], [ 106.6658143, 11.3541965 ], [ 106.6657739, 11.3541975 ], [ 106.6657036, 11.3541825 ], [ 106.6656479, 11.3541525 ], [ 106.6655033, 11.3540989 ], [ 106.6653851, 11.3540843 ], [ 106.6653256, 11.3540893 ], [ 106.6652243, 11.3541176 ], [ 106.6651849, 11.3541405 ], [ 106.6651226, 11.3542058 ], [ 106.6650892, 11.354289 ], [ 106.6650858, 11.3544265 ], [ 106.6650735, 11.3544714 ], [ 106.6650531, 11.3545135 ], [ 106.6649911, 11.3545835 ], [ 106.6648581, 11.3546641 ], [ 106.6646609, 11.354811 ], [ 106.6645876, 11.3548529 ], [ 106.6644345, 11.3549168 ], [ 106.6643552, 11.3549366 ], [ 106.6641926, 11.35495 ], [ 106.6641111, 11.3549434 ], [ 106.6639129, 11.3549018 ], [ 106.6637921, 11.354907 ], [ 106.6636512, 11.3549339 ], [ 106.6635792, 11.3549341 ], [ 106.6634655, 11.3549159 ], [ 106.6633793, 11.3549202 ], [ 106.6633003, 11.3549546 ], [ 106.6632393, 11.3550145 ], [ 106.6632181, 11.3550516 ], [ 106.6631779, 11.3551621 ], [ 106.6631514, 11.3552099 ], [ 106.6631168, 11.3552525 ], [ 106.6630754, 11.3552887 ], [ 106.6630283, 11.3553174 ], [ 106.6629768, 11.3553377 ], [ 106.6629225, 11.3553491 ], [ 106.6628671, 11.3553513 ], [ 106.6628121, 11.3553441 ], [ 106.6627591, 11.3553278 ], [ 106.6627098, 11.3553028 ], [ 106.6626022, 11.355218 ], [ 106.6625637, 11.3552027 ], [ 106.6624813, 11.3551969 ], [ 106.6624035, 11.3552241 ], [ 106.6623706, 11.3552489 ], [ 106.6622867, 11.3553438 ], [ 106.6622364, 11.355383 ], [ 106.6621392, 11.3554333 ], [ 106.6620861, 11.3554478 ], [ 106.6620314, 11.3554547 ], [ 106.6618761, 11.3554457 ], [ 106.6618261, 11.3554513 ], [ 106.6616621, 11.355493 ], [ 106.6615781, 11.3555043 ], [ 106.6612731, 11.3555089 ], [ 106.6611633, 11.3555184 ], [ 106.6609463, 11.3555565 ], [ 106.6607075, 11.355629 ], [ 106.660479, 11.3557285 ], [ 106.6603696, 11.3557879 ], [ 106.6600745, 11.3560052 ], [ 106.6599295, 11.3560798 ], [ 106.6597715, 11.3561308 ], [ 106.6596496, 11.3561359 ], [ 106.659407, 11.3561162 ], [ 106.6591445, 11.3560762 ], [ 106.6589649, 11.3560387 ], [ 106.6589135, 11.3560349 ], [ 106.658838, 11.3560428 ], [ 106.6586898, 11.3560897 ], [ 106.6585956, 11.3561381 ], [ 106.6584284, 11.356248 ], [ 106.6582866, 11.3563718 ], [ 106.6582384, 11.3564337 ], [ 106.6581485, 11.3566071 ], [ 106.6580658, 11.356716 ], [ 106.6580489, 11.3567891 ], [ 106.6580705, 11.3569117 ], [ 106.6580661, 11.3569552 ], [ 106.658031, 11.357035 ], [ 106.6579663, 11.3570945 ], [ 106.6579261, 11.3571133 ], [ 106.6578686, 11.3571252 ], [ 106.6578137, 11.3571458 ], [ 106.6577627, 11.3571745 ], [ 106.6577169, 11.3572106 ], [ 106.6576829, 11.3572466 ], [ 106.6575827, 11.3573961 ], [ 106.6575345, 11.3574385 ], [ 106.6575047, 11.3574513 ], [ 106.6574402, 11.3574571 ], [ 106.6574085, 11.3574499 ], [ 106.6573194, 11.3574111 ], [ 106.6572226, 11.3574003 ], [ 106.6571268, 11.3574183 ], [ 106.6570074, 11.3574656 ], [ 106.6569443, 11.3574785 ], [ 106.6568218, 11.3574827 ], [ 106.6567083, 11.3574581 ], [ 106.6566048, 11.357406 ], [ 106.656559, 11.3573706 ], [ 106.6565182, 11.3573298 ], [ 106.6564589, 11.3572436 ], [ 106.656389, 11.3571797 ], [ 106.656346, 11.3571588 ], [ 106.6562997, 11.3571464 ], [ 106.6562518, 11.357143 ], [ 106.6562042, 11.3571487 ], [ 106.6561061, 11.3571814 ], [ 106.6560514, 11.357172 ], [ 106.6560276, 11.3571575 ], [ 106.6559949, 11.3571133 ], [ 106.6559879, 11.3570658 ], [ 106.6559716, 11.3570205 ], [ 106.6559467, 11.3569792 ], [ 106.6558735, 11.3569096 ], [ 106.6557838, 11.356862 ], [ 106.6557348, 11.3568477 ], [ 106.6557044, 11.3568423 ], [ 106.6556442, 11.3568535 ], [ 106.6555964, 11.3568911 ], [ 106.6555723, 11.3569463 ], [ 106.6555712, 11.3569766 ], [ 106.6555903, 11.3570636 ], [ 106.6555926, 11.357108 ], [ 106.6555798, 11.3571913 ], [ 106.6555359, 11.3572636 ], [ 106.6555041, 11.3572921 ], [ 106.6553916, 11.357345 ], [ 106.655316, 11.3573553 ], [ 106.6552423, 11.3573358 ], [ 106.6552099, 11.3573156 ], [ 106.6551453, 11.3572515 ], [ 106.6551206, 11.3572407 ], [ 106.6550939, 11.3572365 ], [ 106.6550418, 11.3572485 ], [ 106.6550025, 11.3572842 ], [ 106.6549623, 11.3573999 ], [ 106.6549147, 11.357473 ], [ 106.6548277, 11.357633 ], [ 106.6547559, 11.3576963 ], [ 106.6546216, 11.3577539 ], [ 106.6545451, 11.3578144 ], [ 106.6544902, 11.3578943 ], [ 106.6544395, 11.3580116 ], [ 106.6544044, 11.3580653 ], [ 106.6543122, 11.3581661 ], [ 106.6542596, 11.3582101 ], [ 106.6541707, 11.3582688 ], [ 106.6541233, 11.3583266 ], [ 106.6541071, 11.358399 ], [ 106.6541247, 11.3584921 ], [ 106.6541103, 11.3585478 ], [ 106.6540718, 11.3585912 ], [ 106.6540043, 11.3586327 ], [ 106.653957, 11.358698 ], [ 106.6539313, 11.3587763 ], [ 106.6539202, 11.3588848 ], [ 106.6538821, 11.3589413 ], [ 106.6538215, 11.3589737 ], [ 106.653787, 11.3589783 ], [ 106.6537197, 11.3589627 ], [ 106.6536909, 11.3589436 ], [ 106.6536131, 11.3588517 ], [ 106.6535168, 11.3587787 ], [ 106.6534066, 11.3587279 ], [ 106.6533258, 11.3587073 ], [ 106.6531603, 11.3586867 ], [ 106.6530768, 11.3586867 ], [ 106.6528527, 11.3587104 ], [ 106.6527489, 11.358707 ], [ 106.6527167, 11.3587135 ], [ 106.6526876, 11.3587284 ], [ 106.6526639, 11.3587507 ], [ 106.6526473, 11.3587785 ], [ 106.6526392, 11.3588097 ], [ 106.6526402, 11.3588419 ], [ 106.6526774, 11.3589254 ], [ 106.6526813, 11.3589549 ], [ 106.6526687, 11.3590128 ], [ 106.6526393, 11.3590529 ], [ 106.6525891, 11.3590859 ], [ 106.6525508, 11.3590986 ], [ 106.6525107, 11.359103 ], [ 106.6524073, 11.3590872 ], [ 106.6523754, 11.3590927 ], [ 106.65232, 11.3591246 ], [ 106.6522857, 11.3591779 ], [ 106.652279, 11.359209 ], [ 106.652291, 11.3593067 ], [ 106.6522845, 11.3593398 ], [ 106.6522704, 11.3593705 ], [ 106.6522226, 11.3594182 ], [ 106.6521612, 11.3594394 ], [ 106.651936, 11.3594366 ], [ 106.651871, 11.3594636 ], [ 106.6518229, 11.3595142 ], [ 106.651808, 11.3595458 ], [ 106.6517863, 11.3596835 ], [ 106.6517509, 11.3598 ], [ 106.6517262, 11.3598458 ], [ 106.6516944, 11.3598872 ], [ 106.6516129, 11.3599527 ], [ 106.6515146, 11.3599898 ], [ 106.6514621, 11.3599964 ], [ 106.6513574, 11.3599849 ], [ 106.6512301, 11.3599415 ], [ 106.651036, 11.3599007 ], [ 106.6509179, 11.3598448 ], [ 106.6508171, 11.3597626 ], [ 106.6507751, 11.3597131 ], [ 106.6507396, 11.359659 ], [ 106.6506672, 11.3595055 ], [ 106.6506339, 11.3594644 ], [ 106.650549, 11.359401 ], [ 106.6504476, 11.3593682 ], [ 106.6503942, 11.3593645 ], [ 106.6502943, 11.3593814 ], [ 106.6501986, 11.3593792 ], [ 106.6501527, 11.3593652 ], [ 106.6500826, 11.359323 ], [ 106.6500503, 11.359311 ], [ 106.6500158, 11.3593084 ], [ 106.649982, 11.3593154 ], [ 106.6499516, 11.3593313 ], [ 106.6499268, 11.3593549 ], [ 106.6499098, 11.3593843 ], [ 106.6499019, 11.3594173 ], [ 106.6499037, 11.3594511 ], [ 106.6499268, 11.3595297 ], [ 106.6499224, 11.3596115 ], [ 106.6498928, 11.3596777 ], [ 106.6498356, 11.3597233 ], [ 106.6497633, 11.359738 ], [ 106.6497266, 11.3597325 ], [ 106.6496325, 11.3596979 ], [ 106.6495321, 11.3596921 ], [ 106.6494824, 11.3597003 ], [ 106.6493895, 11.359738 ], [ 106.6492541, 11.359846 ], [ 106.6491987, 11.3598741 ], [ 106.6491396, 11.3598935 ], [ 106.6490782, 11.3599038 ], [ 106.6490159, 11.3599048 ], [ 106.6489541, 11.3598964 ], [ 106.6488944, 11.3598788 ], [ 106.6488382, 11.3598525 ], [ 106.6487867, 11.359818 ], [ 106.6487413, 11.3597761 ], [ 106.6487029, 11.359728 ], [ 106.6486725, 11.3596746 ], [ 106.6486508, 11.3596171 ], [ 106.6486207, 11.3595634 ], [ 106.6485381, 11.3594719 ], [ 106.6484874, 11.359436 ], [ 106.6484318, 11.3594078 ], [ 106.6483727, 11.359388 ], [ 106.6483112, 11.3593769 ], [ 106.6481773, 11.3593735 ], [ 106.6481121, 11.3593449 ], [ 106.6480636, 11.3592935 ], [ 106.6480482, 11.3592617 ], [ 106.6480378, 11.3591968 ], [ 106.6480134, 11.3591404 ], [ 106.647966, 11.3591005 ], [ 106.6479054, 11.3590856 ], [ 106.6477711, 11.3591083 ], [ 106.6476354, 11.3590961 ], [ 106.6475076, 11.3590497 ], [ 106.6473786, 11.358971 ], [ 106.6472962, 11.3589573 ], [ 106.6472147, 11.3589753 ], [ 106.6471782, 11.3589956 ], [ 106.6470909, 11.3590811 ], [ 106.6470195, 11.3591198 ], [ 106.6468595, 11.3591442 ], [ 106.646801, 11.3591601 ], [ 106.6467444, 11.3591819 ], [ 106.6466493, 11.3592349 ], [ 106.6465579, 11.3592673 ], [ 106.6464608, 11.3592721 ], [ 106.6464127, 11.359264 ], [ 106.6463664, 11.359249 ], [ 106.6462609, 11.3591951 ], [ 106.6461909, 11.3591895 ], [ 106.6461244, 11.3592118 ], [ 106.6460945, 11.3592338 ], [ 106.6460268, 11.3592643 ], [ 106.6459526, 11.3592751 ], [ 106.6459169, 11.3592874 ], [ 106.6458856, 11.3593084 ], [ 106.6458609, 11.3593365 ], [ 106.6458445, 11.3593699 ], [ 106.6458381, 11.3594305 ], [ 106.6458621, 11.3595279 ], [ 106.6458566, 11.3595833 ], [ 106.6458233, 11.3596284 ], [ 106.6457712, 11.3596506 ], [ 106.6457425, 11.359651 ], [ 106.6456899, 11.3596299 ], [ 106.6456183, 11.3595503 ], [ 106.6455298, 11.3594893 ], [ 106.6454807, 11.3594669 ], [ 106.6453705, 11.3594398 ], [ 106.6453136, 11.3594379 ], [ 106.6452018, 11.3594573 ], [ 106.6450998, 11.3595063 ], [ 106.6449953, 11.3595801 ], [ 106.6449378, 11.3596088 ], [ 106.6448777, 11.3596316 ], [ 106.6447325, 11.3596687 ], [ 106.6446936, 11.3596864 ], [ 106.6445619, 11.3597794 ], [ 106.6445081, 11.3598049 ], [ 106.6443925, 11.3598343 ], [ 106.644284, 11.3598347 ], [ 106.6441887, 11.3598534 ], [ 106.6441074, 11.359901 ], [ 106.644048, 11.3599701 ], [ 106.6439098, 11.3601 ], [ 106.6438648, 11.3601291 ], [ 106.6438154, 11.3601503 ], [ 106.643763, 11.3601629 ], [ 106.6437092, 11.3601666 ], [ 106.6436036, 11.360147 ], [ 106.6435549, 11.3601243 ], [ 106.643512, 11.3600947 ], [ 106.6433703, 11.3599574 ], [ 106.6433353, 11.3599341 ], [ 106.6432959, 11.3599189 ], [ 106.6432541, 11.3599126 ], [ 106.6432119, 11.3599153 ], [ 106.6431369, 11.3599455 ], [ 106.6430479, 11.3600312 ], [ 106.6430074, 11.3600541 ], [ 106.642963, 11.3600685 ], [ 106.6429166, 11.3600736 ], [ 106.64287, 11.3600694 ], [ 106.6428253, 11.3600559 ], [ 106.6427135, 11.3599975 ], [ 106.6426202, 11.3599684 ], [ 106.6425624, 11.3599319 ], [ 106.6425406, 11.3599055 ], [ 106.6425159, 11.3598426 ], [ 106.6425189, 11.359778 ], [ 106.6425061, 11.3597174 ], [ 106.6424664, 11.3596694 ], [ 106.6424094, 11.3596446 ], [ 106.6423479, 11.3596476 ], [ 106.6422942, 11.3596772 ], [ 106.6421869, 11.3596918 ], [ 106.6419706, 11.3597011 ], [ 106.6418624, 11.3596956 ], [ 106.6415908, 11.3596546 ], [ 106.6413662, 11.3595948 ], [ 106.6412729, 11.3595763 ], [ 106.6411781, 11.3595668 ], [ 106.6410829, 11.3595662 ], [ 106.6408629, 11.3595878 ], [ 106.6408001, 11.3595825 ], [ 106.6406368, 11.3595445 ], [ 106.6405326, 11.3595548 ], [ 106.6404833, 11.3595729 ], [ 106.640438, 11.3595991 ], [ 106.6403245, 11.3597068 ], [ 106.64028, 11.3597348 ], [ 106.6401806, 11.3597693 ], [ 106.6401011, 11.3597748 ], [ 106.6399423, 11.3597646 ], [ 106.6396094, 11.3597205 ], [ 106.6393926, 11.3597208 ], [ 106.6392245, 11.3597424 ], [ 106.6391026, 11.3597396 ], [ 106.6389853, 11.3597069 ], [ 106.6388196, 11.3596135 ], [ 106.638697, 11.3595708 ], [ 106.6385788, 11.3595539 ], [ 106.6382967, 11.359555 ], [ 106.6379847, 11.3596083 ], [ 106.6378257, 11.3596431 ], [ 106.6375481, 11.3597262 ], [ 106.6373283, 11.3598125 ], [ 106.6372409, 11.3598397 ], [ 106.63706, 11.3598683 ], [ 106.6368769, 11.3598619 ], [ 106.6366986, 11.3598208 ], [ 106.6365527, 11.359758 ], [ 106.6364235, 11.3597184 ], [ 106.6363565, 11.3597088 ], [ 106.6362456, 11.3597082 ], [ 106.6361624, 11.3596869 ], [ 106.6360945, 11.3596352 ], [ 106.6360698, 11.3596004 ], [ 106.6360527, 11.3595615 ], [ 106.6360428, 11.3594961 ], [ 106.6360236, 11.3594327 ], [ 106.6359954, 11.3593726 ], [ 106.6359588, 11.359317 ], [ 106.6358864, 11.3592455 ], [ 106.6357939, 11.3592016 ], [ 106.6357434, 11.3591916 ], [ 106.6356408, 11.359197 ], [ 106.6355916, 11.3592123 ], [ 106.6355106, 11.3592607 ], [ 106.6354553, 11.3593265 ], [ 106.6354368, 11.3593652 ], [ 106.6354209, 11.3594395 ], [ 106.6354076, 11.3594702 ], [ 106.6353862, 11.3594961 ], [ 106.6353583, 11.3595151 ], [ 106.6353261, 11.3595259 ], [ 106.6352921, 11.3595276 ], [ 106.635259, 11.35952 ], [ 106.6352293, 11.3595037 ], [ 106.6351694, 11.3594507 ], [ 106.6351336, 11.3594323 ], [ 106.6350952, 11.3594198 ], [ 106.6350147, 11.3594143 ], [ 106.6349076, 11.3594458 ], [ 106.6348593, 11.3594737 ], [ 106.634753, 11.3595652 ], [ 106.6346722, 11.3595925 ], [ 106.6346293, 11.3595938 ], [ 106.6345471, 11.3595713 ], [ 106.6344805, 11.3595189 ], [ 106.6344402, 11.3594451 ], [ 106.6344321, 11.3594038 ], [ 106.6344412, 11.3592839 ], [ 106.6344181, 11.3592091 ], [ 106.6343671, 11.359149 ], [ 106.6342973, 11.3591136 ], [ 106.6340424, 11.3590941 ], [ 106.6339802, 11.3590836 ], [ 106.6338631, 11.3590382 ], [ 106.6337278, 11.3589449 ], [ 106.6336308, 11.3589132 ], [ 106.6335285, 11.3589121 ], [ 106.6334785, 11.3589232 ], [ 106.6334308, 11.3589417 ], [ 106.6333042, 11.3590218 ], [ 106.6332073, 11.3590437 ], [ 106.6331574, 11.3590414 ], [ 106.6330631, 11.3590105 ], [ 106.6329502, 11.3589243 ], [ 106.6329082, 11.3589039 ], [ 106.6328635, 11.3588902 ], [ 106.6327703, 11.3588841 ], [ 106.6327241, 11.3588918 ], [ 106.6326383, 11.3589278 ], [ 106.6325235, 11.3590115 ], [ 106.6323441, 11.3591065 ], [ 106.6322907, 11.3591448 ], [ 106.6321566, 11.3592658 ], [ 106.6320532, 11.3593174 ], [ 106.6319971, 11.3593322 ], [ 106.6318812, 11.359338 ], [ 106.6317682, 11.3593123 ], [ 106.6316405, 11.3592518 ], [ 106.6315989, 11.3592455 ], [ 106.6315162, 11.3592579 ], [ 106.6314452, 11.3593014 ], [ 106.6314179, 11.3593328 ], [ 106.6313559, 11.3594409 ], [ 106.63127, 11.359532 ], [ 106.6311838, 11.3595908 ], [ 106.631034, 11.3596623 ], [ 106.6309937, 11.3596716 ], [ 106.6309113, 11.3596667 ], [ 106.6308369, 11.3596317 ], [ 106.6307814, 11.3595719 ], [ 106.6307333, 11.3594498 ], [ 106.6307072, 11.3594123 ], [ 106.6306749, 11.3593798 ], [ 106.6305953, 11.3593341 ], [ 106.6305506, 11.3593222 ], [ 106.6304584, 11.3593223 ], [ 106.6303719, 11.3593537 ], [ 106.6302832, 11.3594188 ], [ 106.63022, 11.3594316 ], [ 106.6301574, 11.3594161 ], [ 106.6301304, 11.3593985 ], [ 106.6300687, 11.359338 ], [ 106.6300328, 11.3593148 ], [ 106.6299934, 11.3592979 ], [ 106.6299087, 11.3592851 ], [ 106.629866, 11.3592896 ], [ 106.6297343, 11.3593373 ], [ 106.6296859, 11.3593448 ], [ 106.629637, 11.3593451 ], [ 106.6295529, 11.3593279 ], [ 106.6295157, 11.359327 ], [ 106.6294796, 11.3593354 ], [ 106.6294468, 11.3593526 ], [ 106.6294196, 11.3593775 ], [ 106.6293687, 11.3594458 ], [ 106.6293325, 11.3594737 ], [ 106.6292927, 11.3594962 ], [ 106.6292052, 11.3595233 ], [ 106.6290392, 11.3595255 ], [ 106.6288423, 11.3595681 ], [ 106.6287716, 11.3595728 ], [ 106.6285844, 11.3595598 ], [ 106.6284698, 11.3595817 ], [ 106.6283656, 11.3596335 ], [ 106.6282207, 11.3597617 ], [ 106.6281627, 11.3597975 ], [ 106.6280349, 11.3598453 ], [ 106.6279673, 11.3598564 ], [ 106.6278988, 11.3598587 ], [ 106.627728, 11.3598477 ], [ 106.6276425, 11.3598544 ], [ 106.6274972, 11.3598852 ], [ 106.6274345, 11.3598922 ], [ 106.6273714, 11.35989 ], [ 106.6273094, 11.3598788 ], [ 106.6272497, 11.3598587 ], [ 106.6271214, 11.3597999 ], [ 106.6270533, 11.3597805 ], [ 106.6269836, 11.3597679 ], [ 106.626842, 11.359764 ], [ 106.6263178, 11.3598327 ], [ 106.6261835, 11.3598593 ], [ 106.6259475, 11.3599243 ], [ 106.6257503, 11.3600106 ], [ 106.6255695, 11.3601265 ], [ 106.6254867, 11.3601946 ], [ 106.6252386, 11.3604521 ], [ 106.6251437, 11.3605346 ], [ 106.6249377, 11.3606791 ], [ 106.6248262, 11.3607413 ], [ 106.6245935, 11.3608468 ], [ 106.624473, 11.3608899 ], [ 106.624064, 11.3610009 ], [ 106.6239241, 11.3610489 ], [ 106.6236529, 11.3611656 ], [ 106.6234546, 11.3612777 ], [ 106.6232762, 11.3614182 ], [ 106.6231958, 11.361498 ], [ 106.6231218, 11.3615837 ], [ 106.6230343, 11.3617057 ], [ 106.6229392, 11.3618221 ], [ 106.6228368, 11.3619323 ], [ 106.6226382, 11.3621119 ], [ 106.6224855, 11.3622335 ], [ 106.6223574, 11.3623227 ], [ 106.6222127, 11.3623942 ], [ 106.6221352, 11.3624175 ], [ 106.6219746, 11.3624379 ], [ 106.6218134, 11.3624225 ], [ 106.6217351, 11.3624016 ], [ 106.6215427, 11.3623322 ], [ 106.6214427, 11.3623095 ], [ 106.6211718, 11.3622674 ], [ 106.6208026, 11.362184 ], [ 106.6204274, 11.3621318 ], [ 106.6202384, 11.3621176 ], [ 106.6198494, 11.3621078 ], [ 106.6191698, 11.3621224 ], [ 106.6191102, 11.3621295 ], [ 106.618996, 11.3621653 ], [ 106.6189433, 11.3621935 ], [ 106.6188076, 11.3622962 ], [ 106.6187042, 11.3623366 ], [ 106.6185932, 11.3623459 ], [ 106.6185379, 11.3623384 ], [ 106.6183924, 11.3623019 ], [ 106.6183173, 11.3622963 ], [ 106.6181678, 11.3623107 ], [ 106.6180953, 11.3623306 ], [ 106.6178742, 11.362421 ], [ 106.6176503, 11.3624847 ], [ 106.6174559, 11.3625542 ], [ 106.617372, 11.3625951 ], [ 106.6172152, 11.3626952 ], [ 106.6170793, 11.3628145 ], [ 106.6169661, 11.3629485 ], [ 106.6169021, 11.3629978 ], [ 106.6167641, 11.3630824 ], [ 106.6166355, 11.3631398 ], [ 106.6164642, 11.3631935 ], [ 106.6163412, 11.3632204 ], [ 106.6162164, 11.3632381 ], [ 106.6161176, 11.3632552 ], [ 106.6156667, 11.3653408 ], [ 106.6147829, 11.3695156 ], [ 106.6143456, 11.3716259 ], [ 106.6134921, 11.3758135 ], [ 106.6133652, 11.37651 ], [ 106.6132669, 11.3771781 ], [ 106.6132276, 11.3775156 ], [ 106.6131172, 11.37874 ], [ 106.6130434, 11.3800589 ], [ 106.6130264, 11.3806497 ], [ 106.6130368, 11.3812222 ], [ 106.6132392, 11.387468 ], [ 106.6120642, 11.3874169 ], [ 106.6114255, 11.3873733 ], [ 106.6101757, 11.3872697 ], [ 106.6089761, 11.3871721 ], [ 106.6079524, 11.3870914 ], [ 106.6068834, 11.3870187 ], [ 106.6058391, 11.3869527 ], [ 106.6048274, 11.3868852 ], [ 106.6026794, 11.3867105 ], [ 106.6005788, 11.3865434 ], [ 106.599821, 11.3864886 ], [ 106.5996296, 11.3864727 ], [ 106.5995069, 11.3864571 ], [ 106.5993961, 11.3864397 ], [ 106.5992938, 11.3864084 ], [ 106.5990761, 11.3863204 ], [ 106.5988706, 11.3862328 ], [ 106.5986505, 11.3861249 ], [ 106.5984512, 11.3860354 ], [ 106.5982215, 11.3859157 ], [ 106.5980382, 11.3858155 ], [ 106.5978775, 11.3857202 ], [ 106.5977791, 11.3856603 ], [ 106.5976758, 11.3855877 ], [ 106.5975047, 11.3854607 ], [ 106.5970124, 11.385062 ], [ 106.5966462, 11.3847604 ], [ 106.5960066, 11.3842244 ], [ 106.594496, 11.3829912 ], [ 106.5934717, 11.3821785 ], [ 106.5930763, 11.3818032 ], [ 106.5920494, 11.3807295 ], [ 106.5918407, 11.380797 ], [ 106.5915028, 11.380916 ], [ 106.5912122, 11.3810364 ], [ 106.5908372, 11.381233 ], [ 106.5907127, 11.3812896 ], [ 106.5905009, 11.3813679 ], [ 106.5903916, 11.3813969 ], [ 106.5901685, 11.3814341 ], [ 106.5897884, 11.3814513 ], [ 106.5896559, 11.3814684 ], [ 106.5892868, 11.3815391 ], [ 106.5889167, 11.3815862 ], [ 106.5885723, 11.3816446 ], [ 106.5883859, 11.3816651 ], [ 106.5883026, 11.3816654 ], [ 106.5881376, 11.3816434 ], [ 106.5880573, 11.3816213 ], [ 106.5877843, 11.3815047 ], [ 106.5876816, 11.381474 ], [ 106.5875765, 11.3814522 ], [ 106.5872907, 11.3814246 ], [ 106.5872029, 11.3814054 ], [ 106.5870343, 11.3813442 ], [ 106.5869097, 11.381275 ], [ 106.5867805, 11.3811824 ], [ 106.5866982, 11.3811158 ], [ 106.5865493, 11.3809751 ], [ 106.5864723, 11.3809123 ], [ 106.5863894, 11.380857 ], [ 106.5863015, 11.38081 ], [ 106.5860848, 11.3807238 ], [ 106.5860273, 11.3806902 ], [ 106.5859249, 11.380606 ], [ 106.5858238, 11.3804991 ], [ 106.585705, 11.3804114 ], [ 106.5855718, 11.3803454 ], [ 106.5855012, 11.3803213 ], [ 106.5853051, 11.3802745 ], [ 106.5852479, 11.380247 ], [ 106.5851954, 11.3802116 ], [ 106.5850483, 11.3800887 ], [ 106.5849411, 11.3800351 ], [ 106.5848833, 11.3800184 ], [ 106.5847635, 11.3800065 ], [ 106.5846145, 11.3800151 ], [ 106.5845399, 11.380011 ], [ 106.5844162, 11.3799914 ], [ 106.5843151, 11.3799922 ], [ 106.5842181, 11.3800199 ], [ 106.58407, 11.3801103 ], [ 106.584013, 11.3801342 ], [ 106.5838921, 11.3801614 ], [ 106.5837848, 11.3801617 ], [ 106.5836511, 11.3801377 ], [ 106.5834808, 11.3800775 ], [ 106.583401, 11.3800354 ], [ 106.583232, 11.3799276 ], [ 106.5830923, 11.3798589 ], [ 106.5830176, 11.3798361 ], [ 106.5828628, 11.3798151 ], [ 106.5827071, 11.3798275 ], [ 106.5823752, 11.3799239 ], [ 106.5822025, 11.379938 ], [ 106.5820306, 11.3799169 ], [ 106.5818105, 11.3798501 ], [ 106.5816671, 11.3798414 ], [ 106.581526, 11.3798676 ], [ 106.5813115, 11.3799658 ], [ 106.5811532, 11.3800117 ], [ 106.5809891, 11.3800294 ], [ 106.5809065, 11.3800275 ], [ 106.5807384, 11.3800001 ], [ 106.5806574, 11.379974 ], [ 106.5805056, 11.3798981 ], [ 106.5803727, 11.3797935 ], [ 106.5802422, 11.3796634 ], [ 106.5800915, 11.3795564 ], [ 106.5799248, 11.3794753 ], [ 106.5797443, 11.3794064 ], [ 106.5796585, 11.3793624 ], [ 106.5795246, 11.3792765 ], [ 106.5794102, 11.3792247 ], [ 106.5793491, 11.3792096 ], [ 106.5792396, 11.379201 ], [ 106.5789402, 11.3792383 ], [ 106.578872, 11.3792396 ], [ 106.5787382, 11.3792159 ], [ 106.5786259, 11.3791652 ], [ 106.5785193, 11.3791335 ], [ 106.5784198, 11.3791297 ], [ 106.5781661, 11.3790947 ], [ 106.5780877, 11.3790946 ], [ 106.5778753, 11.3791199 ], [ 106.57774, 11.3791099 ], [ 106.5776098, 11.3790726 ], [ 106.5775484, 11.3790441 ], [ 106.5773622, 11.3789329 ], [ 106.5771549, 11.378843 ], [ 106.576904, 11.3787171 ], [ 106.5768268, 11.3786896 ], [ 106.5766664, 11.3786554 ], [ 106.5765845, 11.3786489 ], [ 106.5763568, 11.3786551 ], [ 106.5762845, 11.3786462 ], [ 106.5761449, 11.3786055 ], [ 106.5760176, 11.3785363 ], [ 106.5759204, 11.378454 ], [ 106.5757466, 11.3782409 ], [ 106.5754979, 11.3778957 ], [ 106.5754116, 11.3777975 ], [ 106.5752202, 11.3776189 ], [ 106.5750338, 11.377484 ], [ 106.5749349, 11.3774248 ], [ 106.5747273, 11.3773237 ], [ 106.5738379, 11.3769691 ], [ 106.5736556, 11.3768874 ], [ 106.573306, 11.3767049 ], [ 106.5731391, 11.3766049 ], [ 106.5728127, 11.3763896 ], [ 106.5726373, 11.3762592 ], [ 106.572471, 11.3761148 ], [ 106.5723747, 11.3760156 ], [ 106.5722853, 11.3759104 ], [ 106.5722033, 11.3757996 ], [ 106.5719352, 11.3755945 ], [ 106.5718451, 11.3754933 ], [ 106.5717181, 11.3752676 ], [ 106.5715988, 11.375117 ], [ 106.5715295, 11.3750501 ], [ 106.571322, 11.374888 ], [ 106.5712652, 11.3748272 ], [ 106.5712157, 11.3747606 ], [ 106.5711569, 11.374653 ], [ 106.5710897, 11.3745503 ], [ 106.5709216, 11.3743339 ], [ 106.570859, 11.374197 ], [ 106.5708306, 11.3740567 ], [ 106.5707873, 11.3739275 ], [ 106.570714, 11.3738119 ], [ 106.5706149, 11.3737167 ], [ 106.5704695, 11.3736304 ], [ 106.5703306, 11.3735728 ], [ 106.5702661, 11.3735591 ], [ 106.5702003, 11.3735548 ], [ 106.5701346, 11.37356 ], [ 106.5699601, 11.3736081 ], [ 106.5699025, 11.3736137 ], [ 106.5697876, 11.3736022 ], [ 106.5697324, 11.3735852 ], [ 106.5696866, 11.3735647 ], [ 106.569559, 11.3734857 ], [ 106.5694794, 11.3734256 ], [ 106.5692833, 11.3732415 ], [ 106.569143, 11.3731456 ], [ 106.5690672, 11.3731066 ], [ 106.5689471, 11.3730622 ], [ 106.5688842, 11.373049 ], [ 106.5688204, 11.3730418 ], [ 106.5686488, 11.3730409 ], [ 106.5685545, 11.3730122 ], [ 106.568512, 11.3729872 ], [ 106.5684741, 11.372956 ], [ 106.5684157, 11.372878 ], [ 106.568361, 11.3727095 ], [ 106.568331, 11.3726522 ], [ 106.5682492, 11.3725518 ], [ 106.5681662, 11.3724889 ], [ 106.5678517, 11.3723051 ], [ 106.5674315, 11.3720976 ], [ 106.5669264, 11.371816 ], [ 106.5666199, 11.3716713 ], [ 106.5664602, 11.3716128 ], [ 106.5664233, 11.3715921 ], [ 106.5663652, 11.3715319 ], [ 106.5663347, 11.3714547 ], [ 106.5663314, 11.3714132 ], [ 106.5663444, 11.3712893 ], [ 106.5663391, 11.3712271 ], [ 106.5663087, 11.3711153 ], [ 106.5662517, 11.3710247 ], [ 106.5662132, 11.3709868 ], [ 106.5661693, 11.3709551 ], [ 106.5660694, 11.3709132 ], [ 106.5660158, 11.370904 ], [ 106.5659073, 11.3709099 ], [ 106.565855, 11.370925 ], [ 106.5657051, 11.3710068 ], [ 106.5656501, 11.371027 ], [ 106.5655348, 11.3710477 ], [ 106.5654094, 11.3710549 ], [ 106.5653484, 11.3710699 ], [ 106.5652898, 11.3710921 ], [ 106.5651401, 11.3711764 ], [ 106.5650338, 11.371203 ], [ 106.5649789, 11.3712049 ], [ 106.5648709, 11.3711856 ], [ 106.5648202, 11.3711648 ], [ 106.564773, 11.3711371 ], [ 106.5646434, 11.3710369 ], [ 106.5644956, 11.3709649 ], [ 106.5643358, 11.3709241 ], [ 106.5641641, 11.3708991 ], [ 106.5639404, 11.3708253 ], [ 106.5637927, 11.3708049 ], [ 106.563718, 11.3708056 ], [ 106.5634891, 11.3708389 ], [ 106.5634106, 11.3708405 ], [ 106.5633323, 11.3708347 ], [ 106.5632047, 11.3708089 ], [ 106.5631138, 11.3707611 ], [ 106.5630754, 11.3707271 ], [ 106.563016, 11.3706399 ], [ 106.5629973, 11.3705888 ], [ 106.5629874, 11.3705353 ], [ 106.5629949, 11.3704271 ], [ 106.5630121, 11.3703754 ], [ 106.5630777, 11.3702587 ], [ 106.5630864, 11.3702199 ], [ 106.5630795, 11.3701412 ], [ 106.5630415, 11.3700715 ], [ 106.5630126, 11.3700437 ], [ 106.5629426, 11.3700082 ], [ 106.562829, 11.369986 ], [ 106.5627525, 11.3699762 ], [ 106.5625211, 11.3699687 ], [ 106.5624447, 11.3699567 ], [ 106.5623147, 11.3699196 ], [ 106.5621867, 11.3698501 ], [ 106.5621281, 11.3698386 ], [ 106.5620986, 11.3698448 ], [ 106.56205, 11.3698789 ], [ 106.5620264, 11.3699327 ], [ 106.5620244, 11.3700157 ], [ 106.5619943, 11.3700932 ], [ 106.5619456, 11.3701506 ], [ 106.5618808, 11.3701897 ], [ 106.5618065, 11.3702062 ], [ 106.5617262, 11.3701972 ], [ 106.5616361, 11.370172 ], [ 106.5615293, 11.3701706 ], [ 106.5614766, 11.3701799 ], [ 106.5614101, 11.3702019 ], [ 106.5612855, 11.3702648 ], [ 106.5612286, 11.3703052 ], [ 106.5611436, 11.3703845 ], [ 106.5610639, 11.370434 ], [ 106.5609723, 11.370456 ], [ 106.56084, 11.370459 ], [ 106.560775, 11.3704722 ], [ 106.5607122, 11.3704928 ], [ 106.56057, 11.370556 ], [ 106.5604489, 11.3705951 ], [ 106.5601999, 11.370648 ], [ 106.5600842, 11.3706545 ], [ 106.5599713, 11.3706293 ], [ 106.5599187, 11.3706053 ], [ 106.5598297, 11.3705405 ], [ 106.5597351, 11.3704939 ], [ 106.5596304, 11.3704795 ], [ 106.5595776, 11.370485 ], [ 106.5595189, 11.3705015 ], [ 106.5594094, 11.3705545 ], [ 106.5593085, 11.3706391 ], [ 106.5592206, 11.3707506 ], [ 106.5591854, 11.3708122 ], [ 106.55912, 11.3709572 ], [ 106.5590583, 11.3710213 ], [ 106.5589785, 11.3710617 ], [ 106.5589346, 11.3710716 ], [ 106.5588448, 11.371069 ], [ 106.5588015, 11.3710567 ], [ 106.5586676, 11.3709931 ], [ 106.5585227, 11.3709601 ], [ 106.558255, 11.3709557 ], [ 106.5582173, 11.3709604 ], [ 106.5581485, 11.3709909 ], [ 106.55812, 11.3710155 ], [ 106.5580643, 11.3710909 ], [ 106.5580125, 11.3711145 ], [ 106.5579837, 11.3711155 ], [ 106.5579303, 11.3710959 ], [ 106.5578716, 11.3710229 ], [ 106.5577972, 11.3709687 ], [ 106.5576851, 11.3709287 ], [ 106.5575659, 11.3709223 ], [ 106.5574577, 11.3709471 ], [ 106.5574109, 11.3709681 ], [ 106.557247, 11.371068 ], [ 106.5570774, 11.37113 ], [ 106.5568197, 11.3711811 ], [ 106.5565804, 11.3712581 ], [ 106.5563011, 11.3713083 ], [ 106.5561919, 11.371353 ], [ 106.5560961, 11.3714211 ], [ 106.5560493, 11.3714693 ], [ 106.5559962, 11.3715108 ], [ 106.5558863, 11.3715666 ], [ 106.5557767, 11.3715904 ], [ 106.5556183, 11.3715891 ], [ 106.5555379, 11.3716052 ], [ 106.5555115, 11.3716207 ], [ 106.555476, 11.3716694 ], [ 106.5554696, 11.371699 ], [ 106.5554716, 11.3717292 ], [ 106.5555063, 11.3718073 ], [ 106.555506, 11.3718352 ], [ 106.5554971, 11.3718617 ], [ 106.5554578, 11.371901 ], [ 106.5554075, 11.3719115 ], [ 106.5553395, 11.3718964 ], [ 106.55526, 11.3718559 ], [ 106.5551763, 11.3718343 ], [ 106.5550907, 11.3718466 ], [ 106.5550169, 11.371891 ], [ 106.5549669, 11.3719601 ], [ 106.5549305, 11.3720553 ], [ 106.5548704, 11.3721381 ], [ 106.5547937, 11.3722013 ], [ 106.5546084, 11.3723235 ], [ 106.5545069, 11.3724118 ], [ 106.5544711, 11.3724556 ], [ 106.5544416, 11.3725038 ], [ 106.5544036, 11.3726096 ], [ 106.5543949, 11.3727059 ], [ 106.554409, 11.3728016 ], [ 106.5544041, 11.3728773 ], [ 106.5543886, 11.3729123 ], [ 106.5543355, 11.3729674 ], [ 106.5543007, 11.3729846 ], [ 106.5542239, 11.3729936 ], [ 106.5541166, 11.3729699 ], [ 106.5539342, 11.372962 ], [ 106.5536714, 11.3729304 ], [ 106.5533139, 11.3729075 ], [ 106.5532218, 11.3729101 ], [ 106.5531304, 11.3729224 ], [ 106.553041, 11.3729443 ], [ 106.5529545, 11.3729756 ], [ 106.5528719, 11.3730158 ], [ 106.5527386, 11.3731074 ], [ 106.5526416, 11.3732084 ], [ 106.5525671, 11.3733263 ], [ 106.552518, 11.3734564 ], [ 106.5524748, 11.3736481 ], [ 106.5524054, 11.3738324 ], [ 106.5523442, 11.3739507 ], [ 106.5522744, 11.3740644 ], [ 106.5521964, 11.3741728 ], [ 106.5521106, 11.3742754 ], [ 106.5520173, 11.3743716 ], [ 106.5517351, 11.3746115 ], [ 106.5516516, 11.3746949 ], [ 106.5515015, 11.3748763 ], [ 106.5514186, 11.3750004 ], [ 106.5513278, 11.375119 ], [ 106.5512292, 11.3752315 ], [ 106.5511233, 11.3753374 ], [ 106.5510106, 11.3754364 ], [ 106.5508175, 11.375579 ], [ 106.5505545, 11.3757912 ], [ 106.5504188, 11.3759321 ], [ 106.5503049, 11.3760905 ], [ 106.5501705, 11.3763444 ], [ 106.550085, 11.3764758 ], [ 106.5500355, 11.376588 ], [ 106.5500218, 11.3766478 ], [ 106.5500176, 11.37677 ], [ 106.5500273, 11.3768305 ], [ 106.5500692, 11.3769457 ], [ 106.550106, 11.3770061 ], [ 106.5501346, 11.3770707 ], [ 106.5501543, 11.3771384 ], [ 106.550165, 11.377208 ], [ 106.5501662, 11.3772783 ], [ 106.5501582, 11.3773483 ], [ 106.5501409, 11.3774166 ], [ 106.5500894, 11.3775289 ], [ 106.5499431, 11.3777504 ], [ 106.5498647, 11.3778965 ], [ 106.5497205, 11.3781947 ], [ 106.5496525, 11.3783657 ], [ 106.5496282, 11.3784543 ], [ 106.5496031, 11.3785992 ], [ 106.5495633, 11.3787023 ], [ 106.5494936, 11.3787888 ], [ 106.5494138, 11.3788442 ], [ 106.5493836, 11.3788725 ], [ 106.5493605, 11.3789065 ], [ 106.5493456, 11.3789448 ], [ 106.5493398, 11.3789853 ], [ 106.5493432, 11.3790261 ], [ 106.5493885, 11.3791357 ], [ 106.5493942, 11.3791742 ], [ 106.5493835, 11.379251 ], [ 106.5493673, 11.3792866 ], [ 106.5493163, 11.3793459 ], [ 106.5492833, 11.3793675 ], [ 106.549176, 11.3794148 ], [ 106.5491385, 11.3794407 ], [ 106.549079, 11.3795085 ], [ 106.5490586, 11.3795487 ], [ 106.5490392, 11.3796362 ], [ 106.5490408, 11.3796811 ], [ 106.5490848, 11.379833 ], [ 106.5490887, 11.3798897 ], [ 106.5490832, 11.3799462 ], [ 106.5490558, 11.3800327 ], [ 106.5490082, 11.3800811 ], [ 106.5489766, 11.3800948 ], [ 106.548908, 11.380097 ], [ 106.5488166, 11.3800532 ], [ 106.5487495, 11.3800459 ], [ 106.5486878, 11.380063 ], [ 106.5486369, 11.3801011 ], [ 106.5486161, 11.380129 ], [ 106.5485993, 11.3801955 ], [ 106.5486181, 11.3802615 ], [ 106.5486544, 11.3803201 ], [ 106.5486613, 11.3803884 ], [ 106.5486529, 11.3804219 ], [ 106.548641, 11.3804469 ], [ 106.5485886, 11.3805113 ], [ 106.5485118, 11.3805843 ], [ 106.5484815, 11.3806275 ], [ 106.5484458, 11.3807033 ], [ 106.5484058, 11.3807511 ], [ 106.5483491, 11.3807781 ], [ 106.548282, 11.3807787 ], [ 106.5482131, 11.3807965 ], [ 106.54816, 11.3808431 ], [ 106.548118, 11.3809369 ], [ 106.5480652, 11.3809801 ], [ 106.5480323, 11.3809908 ], [ 106.5479977, 11.3809932 ], [ 106.5479411, 11.3809782 ], [ 106.5478191, 11.3808822 ], [ 106.5477535, 11.3808555 ], [ 106.5476826, 11.3808602 ], [ 106.5475878, 11.3809136 ], [ 106.5474409, 11.3809572 ], [ 106.5473896, 11.3809846 ], [ 106.5473291, 11.3810372 ], [ 106.5472931, 11.3811082 ], [ 106.5472854, 11.3811682 ], [ 106.547258, 11.3812536 ], [ 106.5472188, 11.3812968 ], [ 106.5471641, 11.3813182 ], [ 106.5471344, 11.3813191 ], [ 106.5470766, 11.3813 ], [ 106.5470137, 11.3812968 ], [ 106.5469575, 11.3813248 ], [ 106.5469229, 11.3813764 ], [ 106.546917, 11.3814223 ], [ 106.5468816, 11.3815077 ], [ 106.5468127, 11.3815955 ], [ 106.546803, 11.3816592 ], [ 106.5468266, 11.3817194 ], [ 106.5468773, 11.3817603 ], [ 106.5469399, 11.3817856 ], [ 106.5469889, 11.3818315 ], [ 106.5470148, 11.3818822 ], [ 106.5470265, 11.3819516 ], [ 106.5470125, 11.3820442 ], [ 106.546993, 11.3820871 ], [ 106.5469203, 11.3821847 ], [ 106.5469092, 11.3822203 ], [ 106.5469133, 11.3822941 ], [ 106.5469654, 11.3823899 ], [ 106.5469745, 11.382461 ], [ 106.5469541, 11.3825298 ], [ 106.5469043, 11.3825873 ], [ 106.5468675, 11.3826579 ], [ 106.5468651, 11.3827372 ], [ 106.5469141, 11.3828528 ], [ 106.5469202, 11.3828954 ], [ 106.5469176, 11.3829383 ], [ 106.5468893, 11.3830529 ], [ 106.5468863, 11.3831472 ], [ 106.5468783, 11.3831818 ], [ 106.5468379, 11.3832397 ], [ 106.546774, 11.3832715 ], [ 106.5467024, 11.3832693 ], [ 106.5466692, 11.3832552 ], [ 106.5466185, 11.3832056 ], [ 106.5466041, 11.3831731 ], [ 106.5465938, 11.3830904 ], [ 106.5465812, 11.3830695 ], [ 106.5465408, 11.3830424 ], [ 106.5464918, 11.3830417 ], [ 106.5464693, 11.3830517 ], [ 106.5464374, 11.3830882 ], [ 106.5464182, 11.3831851 ], [ 106.5463801, 11.383257 ], [ 106.5463276, 11.3832931 ], [ 106.546296, 11.3832997 ], [ 106.5462332, 11.3832877 ], [ 106.5462064, 11.38327 ], [ 106.5461719, 11.3832186 ], [ 106.5461257, 11.3831789 ], [ 106.5460653, 11.3831682 ], [ 106.5460351, 11.383175 ], [ 106.5459764, 11.383215 ], [ 106.5459537, 11.3832422 ], [ 106.5459251, 11.3833064 ], [ 106.5459074, 11.3833833 ], [ 106.5458608, 11.3834475 ], [ 106.5458287, 11.3834715 ], [ 106.5457924, 11.383489 ], [ 106.545713, 11.3835013 ], [ 106.5455949, 11.3834764 ], [ 106.5455149, 11.3834857 ], [ 106.5454436, 11.3835224 ], [ 106.5453505, 11.3836253 ], [ 106.5452655, 11.3836769 ], [ 106.545168, 11.3836991 ], [ 106.5450823, 11.3836927 ], [ 106.5450465, 11.3836962 ], [ 106.5450128, 11.3837085 ], [ 106.5449834, 11.3837288 ], [ 106.5449602, 11.3837558 ], [ 106.5449448, 11.3837876 ], [ 106.544919, 11.3839142 ], [ 106.5448797, 11.3839803 ], [ 106.5448187, 11.3840279 ], [ 106.5447226, 11.3840647 ], [ 106.5446991, 11.3840865 ], [ 106.5446736, 11.3841441 ], [ 106.5446733, 11.3841757 ], [ 106.5446978, 11.3842338 ], [ 106.544749, 11.3842714 ], [ 106.5447822, 11.3842792 ], [ 106.544812, 11.3842957 ], [ 106.5448359, 11.3843195 ], [ 106.5448523, 11.3843489 ], [ 106.5448599, 11.3843815 ], [ 106.544858, 11.3844149 ], [ 106.5448468, 11.3844466 ], [ 106.5448271, 11.384474 ], [ 106.5448005, 11.384495 ], [ 106.5447691, 11.3845081 ], [ 106.5446538, 11.3845186 ], [ 106.5445914, 11.3845424 ], [ 106.5445436, 11.3845882 ], [ 106.5445006, 11.384679 ], [ 106.5444482, 11.3847224 ], [ 106.5443815, 11.3847382 ], [ 106.5443078, 11.384737 ], [ 106.54424, 11.3847654 ], [ 106.5441897, 11.3848184 ], [ 106.5441388, 11.3849262 ], [ 106.544094, 11.3849842 ], [ 106.5439886, 11.3850866 ], [ 106.5439271, 11.3851311 ], [ 106.5437926, 11.3852024 ], [ 106.5436468, 11.3852476 ], [ 106.5435714, 11.38526 ], [ 106.5434334, 11.3852693 ], [ 106.5432604, 11.3852601 ], [ 106.5431528, 11.3852423 ], [ 106.543091, 11.3852067 ], [ 106.5430496, 11.3851493 ], [ 106.5430361, 11.3850862 ], [ 106.5430126, 11.3850323 ], [ 106.5429693, 11.3849919 ], [ 106.5428879, 11.3849649 ], [ 106.5428448, 11.3849623 ], [ 106.5427606, 11.3849794 ], [ 106.5427221, 11.3849985 ], [ 106.5426582, 11.385055 ], [ 106.5425482, 11.3852154 ], [ 106.5424212, 11.3853451 ], [ 106.5422386, 11.3854997 ], [ 106.5420881, 11.3856528 ], [ 106.5418788, 11.3857991 ], [ 106.5418053, 11.3858859 ], [ 106.5416944, 11.3860772 ], [ 106.5416881, 11.3861146 ], [ 106.5416912, 11.3861523 ], [ 106.5417414, 11.3862598 ], [ 106.5417517, 11.3863398 ], [ 106.5417329, 11.3864183 ], [ 106.5417131, 11.3864538 ], [ 106.5416618, 11.3865078 ], [ 106.541576, 11.3865623 ], [ 106.5414389, 11.3866236 ], [ 106.5413601, 11.3866482 ], [ 106.5411298, 11.3866981 ], [ 106.5410583, 11.3867249 ], [ 106.5409384, 11.3867906 ], [ 106.5408213, 11.3868909 ], [ 106.5407623, 11.3869247 ], [ 106.5406948, 11.386935 ], [ 106.5406036, 11.3869245 ], [ 106.5405523, 11.3869308 ], [ 106.5405301, 11.3869444 ], [ 106.5405018, 11.3869868 ], [ 106.540498, 11.3870122 ], [ 106.5405222, 11.3870949 ], [ 106.5405211, 11.3871255 ], [ 106.5404967, 11.3871813 ], [ 106.5404748, 11.3872031 ], [ 106.5404233, 11.387227 ], [ 106.5403713, 11.3872274 ], [ 106.5402201, 11.3872568 ], [ 106.540076, 11.3873096 ], [ 106.5400082, 11.3873452 ], [ 106.5398899, 11.3874282 ], [ 106.5397735, 11.3875635 ], [ 106.5397149, 11.3875977 ], [ 106.5396389, 11.3876108 ], [ 106.5395502, 11.3876102 ], [ 106.5394543, 11.3876305 ], [ 106.5393539, 11.3876795 ], [ 106.5392835, 11.3877291 ], [ 106.5392548, 11.3877393 ], [ 106.5391941, 11.387741 ], [ 106.5391344, 11.3877156 ], [ 106.5391103, 11.3876937 ], [ 106.5390573, 11.3876033 ], [ 106.5390278, 11.3875748 ], [ 106.538993, 11.387553 ], [ 106.5389223, 11.3875329 ], [ 106.5388844, 11.3875329 ], [ 106.5388738, 11.3875694 ], [ 106.5388709, 11.387645 ], [ 106.5388786, 11.3876819 ], [ 106.5389139, 11.3877668 ], [ 106.5389528, 11.3878319 ], [ 106.5390758, 11.3879687 ], [ 106.5391231, 11.3880052 ], [ 106.5392891, 11.3881087 ], [ 106.5393645, 11.3881709 ], [ 106.5394495, 11.3882618 ], [ 106.5394733, 11.388304 ], [ 106.5394973, 11.388356 ], [ 106.5395245, 11.388467 ], [ 106.5395227, 11.388581 ], [ 106.539505, 11.3886922 ], [ 106.5395093, 11.3888045 ], [ 106.5395371, 11.3889094 ], [ 106.539595, 11.3890016 ], [ 106.5396337, 11.3890404 ], [ 106.5397266, 11.389099 ], [ 106.540005, 11.3891893 ], [ 106.5401548, 11.3892237 ], [ 106.5403948, 11.3892313 ], [ 106.540476, 11.3892595 ], [ 106.5405436, 11.3893119 ], [ 106.5405699, 11.3893456 ], [ 106.540626, 11.38946 ], [ 106.5406905, 11.3895161 ], [ 106.5407302, 11.3895332 ], [ 106.540816, 11.3895418 ], [ 106.5408584, 11.3895329 ], [ 106.5409656, 11.3894874 ], [ 106.541059, 11.3894655 ], [ 106.5410965, 11.3894682 ], [ 106.541132, 11.3894803 ], [ 106.5411632, 11.3895009 ], [ 106.5411879, 11.3895287 ], [ 106.54121, 11.3895833 ], [ 106.5412119, 11.3896494 ], [ 106.541204, 11.3896928 ], [ 106.5411662, 11.3897725 ], [ 106.5411019, 11.3898356 ], [ 106.5410732, 11.3898714 ], [ 106.5410526, 11.3899122 ], [ 106.5410384, 11.3899816 ], [ 106.541044, 11.3900579 ], [ 106.5410562, 11.3901075 ], [ 106.5411006, 11.3901995 ], [ 106.5412145, 11.3903314 ], [ 106.541282, 11.3904542 ], [ 106.541344, 11.3905038 ], [ 106.5414208, 11.3905257 ], [ 106.5415003, 11.3905165 ], [ 106.5415881, 11.390476 ], [ 106.5416167, 11.3904745 ], [ 106.5416701, 11.3904935 ], [ 106.5417061, 11.3905366 ], [ 106.5417141, 11.3905636 ], [ 106.5417139, 11.390657 ], [ 106.5417416, 11.3907463 ], [ 106.5417945, 11.3908239 ], [ 106.541832, 11.3908584 ], [ 106.54196, 11.3909417 ], [ 106.5420504, 11.3909889 ], [ 106.5421448, 11.3910278 ], [ 106.5423602, 11.3910924 ], [ 106.5424152, 11.3911196 ], [ 106.5425134, 11.391192 ], [ 106.5425518, 11.3912322 ], [ 106.542583, 11.391278 ], [ 106.5426062, 11.3913281 ], [ 106.5426372, 11.3914793 ], [ 106.5426543, 11.3915262 ], [ 106.5427078, 11.3916159 ], [ 106.5427444, 11.3916569 ], [ 106.5427861, 11.3916929 ], [ 106.542882, 11.3917475 ], [ 106.5430525, 11.3917966 ], [ 106.543107, 11.3918241 ], [ 106.5432018, 11.3918998 ], [ 106.5433127, 11.3920545 ], [ 106.5433845, 11.3921223 ], [ 106.543428, 11.3921465 ], [ 106.5435728, 11.3921964 ], [ 106.5436424, 11.3922355 ], [ 106.5436922, 11.3922972 ], [ 106.5437072, 11.3923338 ], [ 106.543715, 11.3924121 ], [ 106.5437034, 11.3924629 ], [ 106.5437074, 11.3925666 ], [ 106.5437468, 11.392663 ], [ 106.5437784, 11.3927048 ], [ 106.5438169, 11.3927407 ], [ 106.54393, 11.3928211 ], [ 106.5439776, 11.3928714 ], [ 106.5440508, 11.392988 ], [ 106.5440915, 11.3930436 ], [ 106.5441396, 11.3930934 ], [ 106.5441942, 11.3931362 ], [ 106.5442542, 11.3931714 ], [ 106.5444146, 11.3932337 ], [ 106.5444574, 11.3932616 ], [ 106.5445141, 11.3933164 ], [ 106.544533, 11.3933683 ], [ 106.5445243, 11.3934227 ], [ 106.5444902, 11.3934664 ], [ 106.544436, 11.3935054 ], [ 106.5444169, 11.3935327 ], [ 106.5443996, 11.3935963 ], [ 106.5444124, 11.393661 ], [ 106.5444445, 11.3937064 ], [ 106.5444875, 11.3938082 ], [ 106.5445025, 11.3939689 ], [ 106.5444821, 11.394129 ], [ 106.5444016, 11.3943814 ], [ 106.5443696, 11.3945312 ], [ 106.5443684, 11.3946841 ], [ 106.5443795, 11.39476 ], [ 106.5444245, 11.3949065 ], [ 106.5444824, 11.3950171 ], [ 106.5445685, 11.3951333 ], [ 106.5446347, 11.3952036 ], [ 106.5447074, 11.3952675 ], [ 106.5448135, 11.395339 ], [ 106.5448715, 11.3953666 ], [ 106.5449944, 11.3954043 ], [ 106.5451293, 11.395432 ], [ 106.5452543, 11.3954892 ], [ 106.5453661, 11.395576 ], [ 106.5454585, 11.3956886 ], [ 106.5455235, 11.3958184 ], [ 106.5455445, 11.3958878 ], [ 106.545575, 11.3961012 ], [ 106.5455945, 11.3961702 ], [ 106.545621, 11.396237 ], [ 106.545747, 11.3964529 ], [ 106.5457823, 11.3965345 ], [ 106.5458578, 11.3967984 ], [ 106.5459316, 11.3969832 ], [ 106.5459371, 11.3970886 ], [ 106.545909, 11.3971906 ], [ 106.5458831, 11.3972371 ], [ 106.5457993, 11.3973383 ], [ 106.5457753, 11.3974121 ], [ 106.5457746, 11.397451 ], [ 106.545796, 11.3975256 ], [ 106.5458173, 11.3975584 ], [ 106.5458938, 11.3976323 ], [ 106.5459078, 11.3976629 ], [ 106.5459098, 11.3977293 ], [ 106.5458779, 11.3977879 ], [ 106.5458205, 11.3978232 ], [ 106.5457868, 11.3978289 ], [ 106.5457244, 11.3978555 ], [ 106.5456802, 11.3978925 ], [ 106.5456389, 11.39795 ], [ 106.5456049, 11.3980375 ], [ 106.5455979, 11.3980839 ], [ 106.5456053, 11.3982203 ], [ 106.5455915, 11.3983455 ], [ 106.545618, 11.3984223 ], [ 106.5456432, 11.3984547 ], [ 106.5456751, 11.3984809 ], [ 106.545712, 11.3984998 ], [ 106.5457522, 11.3985103 ], [ 106.5458548, 11.3985086 ], [ 106.5458849, 11.3985147 ], [ 106.5459272, 11.3985335 ], [ 106.5459974, 11.3985924 ], [ 106.5460405, 11.3986725 ], [ 106.5460689, 11.3988337 ], [ 106.5461228, 11.3989798 ], [ 106.5461579, 11.3991229 ], [ 106.5461625, 11.3992699 ], [ 106.5461299, 11.3994817 ], [ 106.5461424, 11.3996217 ], [ 106.5461765, 11.3997697 ], [ 106.5461747, 11.3999215 ], [ 106.5461602, 11.3999961 ], [ 106.546137, 11.4000687 ], [ 106.5460815, 11.4001772 ], [ 106.5460449, 11.4002263 ], [ 106.5459133, 11.4003587 ], [ 106.5458785, 11.4004107 ], [ 106.545832, 11.4005261 ], [ 106.5458213, 11.4005874 ], [ 106.5458258, 11.4007114 ], [ 106.545841, 11.4007718 ], [ 106.5458644, 11.4008296 ], [ 106.5459438, 11.400962 ], [ 106.5459561, 11.4010063 ], [ 106.545959, 11.4011224 ], [ 106.5459742, 11.4011854 ], [ 106.5460115, 11.4012312 ], [ 106.5460667, 11.4012539 ], [ 106.5460968, 11.4012545 ], [ 106.5462045, 11.4012265 ], [ 106.5462604, 11.4012255 ], [ 106.5463481, 11.4012449 ], [ 106.5464223, 11.4012948 ], [ 106.5464509, 11.4013291 ], [ 106.5464859, 11.4014103 ], [ 106.5464911, 11.4014543 ], [ 106.5464862, 11.4015667 ], [ 106.5465112, 11.401687 ], [ 106.5465678, 11.4018081 ], [ 106.546651, 11.4019134 ], [ 106.5467563, 11.4019974 ], [ 106.5468156, 11.4020301 ], [ 106.5470305, 11.4021157 ], [ 106.5472341, 11.4022247 ], [ 106.5473526, 11.4023084 ], [ 106.5474522, 11.4024131 ], [ 106.5475291, 11.4025349 ], [ 106.5475924, 11.402702 ], [ 106.5476139, 11.4027887 ], [ 106.5476351, 11.402953 ], [ 106.5476511, 11.403028 ], [ 106.5476762, 11.4031005 ], [ 106.5477098, 11.4031696 ], [ 106.5478161, 11.403329 ], [ 106.5478355, 11.4033828 ], [ 106.5478458, 11.403439 ], [ 106.5478464, 11.403496 ], [ 106.5478247, 11.4035935 ], [ 106.5476895, 11.4038462 ], [ 106.5476392, 11.4039801 ], [ 106.5476249, 11.4040501 ], [ 106.5476184, 11.4041926 ], [ 106.5476264, 11.4042635 ], [ 106.5476912, 11.404501 ], [ 106.5477088, 11.4046747 ], [ 106.5476939, 11.4048486 ], [ 106.5476744, 11.4049338 ], [ 106.5475951, 11.4051607 ], [ 106.5475817, 11.405236 ], [ 106.547581, 11.4053886 ], [ 106.5475937, 11.405464 ], [ 106.5476533, 11.4056529 ], [ 106.5476617, 11.405774 ], [ 106.5476397, 11.4058935 ], [ 106.5475738, 11.4060507 ], [ 106.5475633, 11.4061594 ], [ 106.5475869, 11.406266 ], [ 106.5476426, 11.4063606 ], [ 106.5477249, 11.4064341 ], [ 106.547827, 11.406497 ], [ 106.5479105, 11.4065823 ], [ 106.5479437, 11.4066317 ], [ 106.5479906, 11.4067406 ], [ 106.5480035, 11.4067985 ], [ 106.5480083, 11.4069072 ], [ 106.5479878, 11.4070552 ], [ 106.5479663, 11.4071525 ], [ 106.5479376, 11.407248 ], [ 106.5478455, 11.4074795 ], [ 106.5478264, 11.4075517 ], [ 106.547807, 11.4076942 ], [ 106.5478095, 11.4079312 ], [ 106.5478013, 11.4080292 ], [ 106.5477643, 11.4082224 ], [ 106.5477356, 11.4083166 ], [ 106.5476779, 11.4084509 ], [ 106.5475946, 11.4085717 ], [ 106.5475443, 11.4086255 ], [ 106.5474407, 11.4087095 ], [ 106.5473624, 11.4087988 ], [ 106.5473135, 11.4089063 ], [ 106.5472981, 11.409023 ], [ 106.5473175, 11.4091391 ], [ 106.54737, 11.4092449 ], [ 106.5474513, 11.4093315 ], [ 106.5475153, 11.4093734 ], [ 106.5476285, 11.4094751 ], [ 106.5476766, 11.4095339 ], [ 106.5477867, 11.4096965 ], [ 106.5478782, 11.4098076 ], [ 106.5479161, 11.4098896 ], [ 106.5479205, 11.4099796 ], [ 106.5479098, 11.4100236 ], [ 106.5478644, 11.4101019 ], [ 106.5477937, 11.4101777 ], [ 106.5477674, 11.4102222 ], [ 106.5477356, 11.4103201 ], [ 106.5477307, 11.4103779 ], [ 106.5477448, 11.4105511 ], [ 106.5477637, 11.4106653 ], [ 106.5478297, 11.4109181 ], [ 106.5478385, 11.4110424 ], [ 106.5478306, 11.4110936 ], [ 106.5477893, 11.4111887 ], [ 106.5476855, 11.4113054 ], [ 106.5476593, 11.4113502 ], [ 106.547629, 11.411449 ], [ 106.5476257, 11.4115006 ], [ 106.5476482, 11.4116305 ], [ 106.5476713, 11.4116925 ], [ 106.5477315, 11.4117962 ], [ 106.5478698, 11.4119403 ], [ 106.5478879, 11.4119756 ], [ 106.5479, 11.4120533 ], [ 106.5478936, 11.4120923 ], [ 106.5478569, 11.4121622 ], [ 106.5477944, 11.4122114 ], [ 106.5477169, 11.4122315 ], [ 106.5476253, 11.4122336 ], [ 106.5475814, 11.4122472 ], [ 106.5475051, 11.412297 ], [ 106.5474523, 11.412372 ], [ 106.5474079, 11.4125041 ], [ 106.5473869, 11.4125943 ], [ 106.5473738, 11.4127445 ], [ 106.5473791, 11.4128197 ], [ 106.5474066, 11.4129465 ], [ 106.5474115, 11.4130007 ], [ 106.5474069, 11.4130548 ], [ 106.5473929, 11.4131074 ], [ 106.5473699, 11.4131568 ], [ 106.5472632, 11.413287 ], [ 106.5472119, 11.4133857 ], [ 106.5471862, 11.4134914 ], [ 106.5471047, 11.4137313 ], [ 106.5470653, 11.4139076 ], [ 106.5470563, 11.4139974 ], [ 106.5470571, 11.4141479 ], [ 106.5470872, 11.4142646 ], [ 106.5471403, 11.4143785 ], [ 106.5471584, 11.4144409 ], [ 106.5471692, 11.4145701 ], [ 106.5471616, 11.4146346 ], [ 106.5471217, 11.4147573 ], [ 106.5470899, 11.4148138 ], [ 106.5469986, 11.4149153 ], [ 106.5469714, 11.4149814 ], [ 106.5469739, 11.4150526 ], [ 106.5469967, 11.4151042 ], [ 106.5470184, 11.4152143 ], [ 106.5470071, 11.4153259 ], [ 106.5469893, 11.4153794 ], [ 106.546931, 11.4154759 ], [ 106.5467727, 11.4156179 ], [ 106.5466334, 11.4157236 ], [ 106.5465573, 11.4157673 ], [ 106.5463669, 11.4158545 ], [ 106.5462878, 11.4159127 ], [ 106.5462113, 11.4159951 ], [ 106.5461694, 11.4160571 ], [ 106.5461355, 11.4161236 ], [ 106.54607, 11.4163438 ], [ 106.5460402, 11.4164158 ], [ 106.5460044, 11.4164851 ], [ 106.5459235, 11.4166037 ], [ 106.5457927, 11.4167506 ], [ 106.5456992, 11.4168429 ], [ 106.5453847, 11.4171094 ], [ 106.5451929, 11.4173137 ], [ 106.5449544, 11.4176409 ], [ 106.5447989, 11.4178844 ], [ 106.5447469, 11.4179538 ], [ 106.5446411, 11.418063 ], [ 106.5445655, 11.4181683 ], [ 106.5445197, 11.4182891 ], [ 106.5444765, 11.4185474 ], [ 106.5444722, 11.418615 ], [ 106.5444772, 11.4186825 ], [ 106.5444914, 11.4187488 ], [ 106.5445147, 11.4188126 ], [ 106.5445781, 11.4189179 ], [ 106.544655, 11.4189972 ], [ 106.5447725, 11.4190843 ], [ 106.5448007, 11.4191198 ], [ 106.544836, 11.4192026 ], [ 106.54484, 11.4192921 ], [ 106.544812, 11.4193775 ], [ 106.5447132, 11.4195169 ], [ 106.5446744, 11.4195928 ], [ 106.544643, 11.419672 ], [ 106.544564, 11.4199481 ], [ 106.5444815, 11.4201495 ], [ 106.5444435, 11.420213 ], [ 106.544346, 11.4203246 ], [ 106.5442879, 11.4203712 ], [ 106.5440782, 11.4204878 ], [ 106.5440115, 11.4205367 ], [ 106.5439502, 11.4205918 ], [ 106.5438029, 11.4207646 ], [ 106.5437502, 11.4208147 ], [ 106.5435883, 11.4209412 ], [ 106.5435431, 11.4209896 ], [ 106.5434706, 11.4210998 ], [ 106.5434441, 11.42116 ], [ 106.5433878, 11.4213362 ], [ 106.5433489, 11.4214269 ], [ 106.5433017, 11.4215137 ], [ 106.5432465, 11.4215958 ], [ 106.543135, 11.4217239 ], [ 106.5430232, 11.4218111 ], [ 106.5428785, 11.4218938 ], [ 106.5428171, 11.4219661 ], [ 106.5427968, 11.4220089 ], [ 106.5427802, 11.4221015 ], [ 106.5427843, 11.4221486 ], [ 106.5428052, 11.4222149 ], [ 106.5428326, 11.422351 ], [ 106.5428347, 11.4224533 ], [ 106.5428047, 11.4225513 ], [ 106.5427456, 11.4226355 ], [ 106.542663, 11.422698 ], [ 106.5425676, 11.4227321 ], [ 106.5422485, 11.4227691 ], [ 106.542103, 11.4228006 ], [ 106.5420254, 11.4228361 ], [ 106.5419668, 11.4228974 ], [ 106.5419357, 11.4229755 ], [ 106.5419364, 11.4230595 ], [ 106.5419689, 11.4231371 ], [ 106.5420003, 11.4231745 ], [ 106.5420239, 11.4232171 ], [ 106.5420389, 11.4232633 ], [ 106.5420447, 11.4233114 ], [ 106.542041, 11.4233597 ], [ 106.5420281, 11.4234065 ], [ 106.5420064, 11.42345 ], [ 106.5419766, 11.4234888 ], [ 106.5418325, 11.4236226 ], [ 106.5417457, 11.4236718 ], [ 106.5416977, 11.4236867 ], [ 106.5415978, 11.4236956 ], [ 106.5415479, 11.4236893 ], [ 106.5414128, 11.4236483 ], [ 106.541367, 11.4236467 ], [ 106.5412785, 11.4236686 ], [ 106.5412044, 11.4237208 ], [ 106.5411403, 11.4238161 ], [ 106.5410998, 11.4239232 ], [ 106.5410789, 11.424121 ], [ 106.5410879, 11.4243196 ], [ 106.5411036, 11.4244179 ], [ 106.5411646, 11.424662 ], [ 106.5411728, 11.4247377 ], [ 106.5411672, 11.4248895 ], [ 106.5411266, 11.4250937 ], [ 106.5411346, 11.4252256 ], [ 106.5411516, 11.4252896 ], [ 106.5412103, 11.4254085 ], [ 106.541251, 11.4254613 ], [ 106.5413825, 11.4255857 ], [ 106.5414142, 11.4256331 ], [ 106.5414531, 11.4257394 ], [ 106.5414562, 11.4258523 ], [ 106.541419, 11.4260186 ], [ 106.5414082, 11.4261901 ], [ 106.541433, 11.4263602 ], [ 106.5414924, 11.4265219 ], [ 106.541584, 11.4266684 ], [ 106.541704, 11.4267937 ], [ 106.541926, 11.4269571 ], [ 106.5420449, 11.4270329 ], [ 106.5421152, 11.4270669 ], [ 106.5422666, 11.4271125 ], [ 106.5423373, 11.4271208 ], [ 106.5424086, 11.42712 ], [ 106.5424791, 11.4271102 ], [ 106.5425478, 11.4270915 ], [ 106.5426134, 11.4270643 ], [ 106.5426749, 11.4270289 ], [ 106.5427312, 11.4269861 ], [ 106.5427813, 11.4269365 ], [ 106.5428449, 11.4268482 ], [ 106.5428723, 11.4268209 ], [ 106.5429418, 11.4267869 ], [ 106.5429806, 11.4267821 ], [ 106.5430566, 11.426798 ], [ 106.54309, 11.4268178 ], [ 106.5431351, 11.4268683 ], [ 106.5432748, 11.4269814 ], [ 106.5433095, 11.4270252 ], [ 106.5433559, 11.4271261 ], [ 106.5433663, 11.4271806 ], [ 106.5433639, 11.4272732 ], [ 106.5433368, 11.427362 ], [ 106.5433292, 11.4274141 ], [ 106.5433292, 11.4274668 ], [ 106.543352, 11.4275693 ], [ 106.5433744, 11.4276172 ], [ 106.5434387, 11.4277012 ], [ 106.5436292, 11.4278405 ], [ 106.543683, 11.4278942 ], [ 106.543707, 11.4279658 ], [ 106.5436962, 11.4280403 ], [ 106.5436691, 11.4281074 ], [ 106.5436713, 11.4281796 ], [ 106.5436836, 11.4282138 ], [ 106.5437278, 11.4282716 ], [ 106.5438221, 11.4283282 ], [ 106.5438478, 11.4283543 ], [ 106.5438679, 11.4283847 ], [ 106.5438879, 11.4284483 ], [ 106.5439458, 11.4285684 ], [ 106.5440889, 11.4287605 ], [ 106.5441324, 11.4288349 ], [ 106.5441992, 11.4289933 ], [ 106.5442344, 11.4291407 ], [ 106.5442837, 11.4292627 ], [ 106.5443197, 11.4293182 ], [ 106.5444116, 11.4294136 ], [ 106.5445744, 11.4295185 ], [ 106.544622, 11.4295603 ], [ 106.5446894, 11.4296406 ], [ 106.5447547, 11.4297617 ], [ 106.5448201, 11.429899 ], [ 106.5448518, 11.4300137 ], [ 106.5448637, 11.4301244 ], [ 106.544861, 11.4301764 ], [ 106.544836, 11.4303158 ], [ 106.5448407, 11.4303605 ], [ 106.5448751, 11.4304435 ], [ 106.5449382, 11.4305083 ], [ 106.5449779, 11.4305309 ], [ 106.5450212, 11.4305458 ], [ 106.5451511, 11.430565 ], [ 106.545248, 11.4305942 ], [ 106.545303, 11.4306381 ], [ 106.5453215, 11.4306681 ], [ 106.5453357, 11.4307362 ], [ 106.5453306, 11.4307708 ], [ 106.5452975, 11.4308323 ], [ 106.5452539, 11.4308802 ], [ 106.5452304, 11.4309401 ], [ 106.5452318, 11.4310167 ], [ 106.5452434, 11.4310535 ], [ 106.5452864, 11.4311176 ], [ 106.5453493, 11.4311611 ], [ 106.5453982, 11.4312176 ], [ 106.5454166, 11.4312895 ], [ 106.5453964, 11.4313993 ], [ 106.5454009, 11.4314365 ], [ 106.545434, 11.4315035 ], [ 106.5454933, 11.43155 ], [ 106.5455462, 11.4315655 ], [ 106.5455956, 11.4315896 ], [ 106.5456401, 11.4316216 ], [ 106.5457069, 11.431701 ], [ 106.5457437, 11.4317924 ], [ 106.5457507, 11.4318905 ], [ 106.5457333, 11.4319706 ], [ 106.5457166, 11.431999 ], [ 106.5456655, 11.4320406 ], [ 106.5456339, 11.4320515 ], [ 106.5455777, 11.4320526 ], [ 106.5455364, 11.4320708 ], [ 106.5455169, 11.4321071 ], [ 106.5455169, 11.4321636 ], [ 106.5455239, 11.4322006 ], [ 106.5455569, 11.4322681 ], [ 106.5456711, 11.4323731 ], [ 106.5457056, 11.4324206 ], [ 106.5457321, 11.4324727 ], [ 106.54575, 11.4325283 ], [ 106.5457588, 11.4325859 ], [ 106.545763, 11.4327313 ], [ 106.5457771, 11.4328028 ], [ 106.5458403, 11.4329839 ], [ 106.5458522, 11.4330421 ], [ 106.5458645, 11.4332071 ], [ 106.5459211, 11.4333806 ], [ 106.5459208, 11.4334189 ], [ 106.5458959, 11.4335107 ], [ 106.5459015, 11.4335388 ], [ 106.5459158, 11.433564 ], [ 106.5459372, 11.4335835 ], [ 106.5459638, 11.4335956 ], [ 106.5459929, 11.4335991 ], [ 106.5460217, 11.4335936 ], [ 106.5460673, 11.4335586 ], [ 106.5460959, 11.4335088 ], [ 106.5461389, 11.4334692 ], [ 106.5461954, 11.4334513 ], [ 106.5462253, 11.4334527 ], [ 106.5462798, 11.4334762 ], [ 106.5463167, 11.4335218 ], [ 106.5463419, 11.4336671 ], [ 106.5463958, 11.4338069 ], [ 106.5465068, 11.4340064 ], [ 106.5466332, 11.4342126 ], [ 106.5466753, 11.4342916 ], [ 106.5467276, 11.4344189 ], [ 106.54678, 11.4344999 ], [ 106.5468542, 11.4345625 ], [ 106.5469437, 11.4346013 ], [ 106.5469919, 11.4346106 ], [ 106.5471572, 11.4346078 ], [ 106.5472147, 11.4346175 ], [ 106.5473225, 11.4346603 ], [ 106.5473707, 11.4346925 ], [ 106.5474493, 11.4347734 ], [ 106.5475025, 11.4348694 ], [ 106.5475291, 11.4349756 ], [ 106.5475318, 11.4350231 ], [ 106.5475203, 11.4351585 ], [ 106.5475277, 11.4351987 ], [ 106.5475651, 11.4352714 ], [ 106.5475938, 11.4353011 ], [ 106.5476658, 11.4353417 ], [ 106.5477064, 11.4353511 ], [ 106.5477481, 11.4353526 ], [ 106.5478589, 11.4353317 ], [ 106.5479271, 11.4353518 ], [ 106.547977, 11.4354015 ], [ 106.5480224, 11.4355085 ], [ 106.5480569, 11.4355558 ], [ 106.5481454, 11.4356326 ], [ 106.5482533, 11.4356802 ], [ 106.5483763, 11.4357099 ], [ 106.5484906, 11.4357635 ], [ 106.5486868, 11.4359144 ], [ 106.5487647, 11.4359644 ], [ 106.5488826, 11.4360263 ], [ 106.5489144, 11.4360511 ], [ 106.5489587, 11.4361173 ], [ 106.5489691, 11.4361558 ], [ 106.5489641, 11.4362349 ], [ 106.5489367, 11.4363193 ], [ 106.5489376, 11.4363934 ], [ 106.5489661, 11.4364456 ], [ 106.5489896, 11.4364646 ], [ 106.5490473, 11.436482 ], [ 106.5490777, 11.4364792 ], [ 106.5491585, 11.4364417 ], [ 106.5492177, 11.4364422 ], [ 106.5492695, 11.4364701 ], [ 106.5493217, 11.4365423 ], [ 106.5493756, 11.4365692 ], [ 106.5494361, 11.4365661 ], [ 106.5495148, 11.4365298 ], [ 106.5496242, 11.4365118 ], [ 106.5497588, 11.4365239 ], [ 106.5498856, 11.4365699 ], [ 106.5499959, 11.4366466 ], [ 106.5500423, 11.436695 ], [ 106.5501037, 11.4367864 ], [ 106.5502873, 11.4370197 ], [ 106.5503535, 11.437137 ], [ 106.5504116, 11.4371968 ], [ 106.5504889, 11.4372296 ], [ 106.550531, 11.437234 ], [ 106.5505731, 11.4372302 ], [ 106.5506816, 11.4371897 ], [ 106.5507578, 11.4371842 ], [ 106.5507962, 11.4371934 ], [ 106.5508313, 11.4372111 ], [ 106.5508613, 11.4372363 ], [ 106.5508846, 11.4372676 ], [ 106.5508997, 11.4373034 ], [ 106.550906, 11.4373417 ], [ 106.5509048, 11.4374281 ], [ 106.550914, 11.4374705 ], [ 106.5509572, 11.4375586 ], [ 106.5510254, 11.4376299 ], [ 106.5511593, 11.437705 ], [ 106.5512674, 11.4377851 ], [ 106.5513066, 11.4377991 ], [ 106.5513896, 11.4378035 ], [ 106.5514679, 11.4377762 ], [ 106.5515444, 11.437715 ], [ 106.5515748, 11.4377007 ], [ 106.5516414, 11.4376922 ], [ 106.5516745, 11.4376984 ], [ 106.5517333, 11.4377302 ], [ 106.5518045, 11.4378201 ], [ 106.5518302, 11.4378389 ], [ 106.551917, 11.4378786 ], [ 106.5520412, 11.4379057 ], [ 106.5522372, 11.4378994 ], [ 106.5523675, 11.4379231 ], [ 106.5524295, 11.4379463 ], [ 106.5525192, 11.4379966 ], [ 106.5526052, 11.4380527 ], [ 106.552784, 11.4381867 ], [ 106.5528962, 11.4382329 ], [ 106.5530128, 11.4382637 ], [ 106.5530983, 11.4383047 ], [ 106.5531413, 11.4383577 ], [ 106.5531518, 11.4384247 ], [ 106.5531269, 11.4384879 ], [ 106.5530998, 11.4385151 ], [ 106.5530636, 11.4385818 ], [ 106.5530558, 11.438619 ], [ 106.5530621, 11.4386943 ], [ 106.553098, 11.4387642 ], [ 106.5531268, 11.4387935 ], [ 106.5531993, 11.4388323 ], [ 106.5532491, 11.4388821 ], [ 106.5532748, 11.4389471 ], [ 106.5532773, 11.439044 ], [ 106.5533094, 11.4390973 ], [ 106.5533645, 11.4391275 ], [ 106.5533962, 11.439131 ], [ 106.5534568, 11.4391136 ], [ 106.5535242, 11.4390671 ], [ 106.5535641, 11.4390557 ], [ 106.5536139, 11.4390537 ], [ 106.5536631, 11.439061 ], [ 106.5537101, 11.4390775 ], [ 106.5537529, 11.4391024 ], [ 106.5537901, 11.4391349 ], [ 106.5538203, 11.4391737 ], [ 106.5538424, 11.4392175 ], [ 106.5538555, 11.4392647 ], [ 106.5538619, 11.4393752 ], [ 106.5538951, 11.4394279 ], [ 106.5539207, 11.4394464 ], [ 106.5539962, 11.4394715 ], [ 106.5540556, 11.4395381 ], [ 106.5541166, 11.4395635 ], [ 106.5541826, 11.4395569 ], [ 106.5542372, 11.4395199 ], [ 106.5542667, 11.4394617 ], [ 106.5542692, 11.4393778 ], [ 106.5542961, 11.4393339 ], [ 106.5543424, 11.43931 ], [ 106.5543687, 11.4393081 ], [ 106.5544088, 11.4393194 ], [ 106.5546002, 11.4394334 ], [ 106.5547007, 11.4395156 ], [ 106.5547402, 11.4395602 ], [ 106.5548, 11.4396623 ], [ 106.5548462, 11.439826 ], [ 106.5548724, 11.4398749 ], [ 106.5549223, 11.4399006 ], [ 106.5549507, 11.4399015 ], [ 106.5550022, 11.4398789 ], [ 106.5550489, 11.4398099 ], [ 106.5550716, 11.4397932 ], [ 106.5551262, 11.4397795 ], [ 106.5551803, 11.4397946 ], [ 106.5552194, 11.4398343 ], [ 106.5552297, 11.4398602 ], [ 106.5552404, 11.4399318 ], [ 106.555254, 11.4399656 ], [ 106.5552931, 11.440022 ], [ 106.5553676, 11.4400846 ], [ 106.5554239, 11.4401173 ], [ 106.5554845, 11.4401415 ], [ 106.5555481, 11.4401566 ], [ 106.555654, 11.4401614 ], [ 106.5557749, 11.4401432 ], [ 106.5558535, 11.4401223 ], [ 106.5561174, 11.4400099 ], [ 106.5562156, 11.4399787 ], [ 106.5564893, 11.4399189 ], [ 106.556573, 11.4398903 ], [ 106.556654, 11.4398549 ], [ 106.5568853, 11.4397321 ], [ 106.5571291, 11.4396355 ], [ 106.5572548, 11.4395973 ], [ 106.5575157, 11.4395403 ], [ 106.557648, 11.4395213 ], [ 106.5579146, 11.4395027 ], [ 106.5580723, 11.4395037 ], [ 106.558294, 11.4395164 ], [ 106.5588802, 11.4395079 ], [ 106.5589452, 11.4396539 ], [ 106.5591344, 11.4399544 ], [ 106.5591977, 11.4400763 ], [ 106.5593039, 11.4403076 ], [ 106.5593363, 11.4403993 ], [ 106.5593901, 11.4404922 ], [ 106.5594976, 11.4406486 ], [ 106.5595226, 11.4407264 ], [ 106.5595238, 11.4408153 ], [ 106.5595412, 11.44091 ], [ 106.5595609, 11.4409542 ], [ 106.5596201, 11.4410309 ], [ 106.559685, 11.4410782 ], [ 106.5597718, 11.4411166 ], [ 106.5600169, 11.4411765 ], [ 106.560105, 11.4412105 ], [ 106.5601892, 11.441253 ], [ 106.5602687, 11.4413035 ], [ 106.5603426, 11.4413616 ], [ 106.5604102, 11.4414266 ], [ 106.5605106, 11.4415543 ], [ 106.560666, 11.4418275 ], [ 106.5607246, 11.4419185 ], [ 106.5607909, 11.4420042 ], [ 106.5608645, 11.442084 ], [ 106.5609449, 11.4421573 ], [ 106.5610774, 11.4422544 ], [ 106.561127, 11.4422793 ], [ 106.5612339, 11.4423097 ], [ 106.5613452, 11.442313 ], [ 106.5614067, 11.4423028 ], [ 106.5614692, 11.4423016 ], [ 106.5615311, 11.4423093 ], [ 106.5615912, 11.4423259 ], [ 106.5616482, 11.442351 ], [ 106.5617008, 11.4423839 ], [ 106.5617885, 11.4424706 ], [ 106.5618217, 11.4425224 ], [ 106.5618787, 11.4426551 ], [ 106.5619383, 11.4427138 ], [ 106.5620164, 11.4427454 ], [ 106.5621664, 11.4427442 ], [ 106.5622195, 11.4427542 ], [ 106.5623176, 11.4427983 ], [ 106.5623966, 11.4428703 ], [ 106.5624407, 11.4429435 ], [ 106.5625468, 11.443078 ], [ 106.5626858, 11.4432033 ], [ 106.5627626, 11.4432572 ], [ 106.5629284, 11.443346 ], [ 106.5632171, 11.4434474 ], [ 106.5633134, 11.4434913 ], [ 106.5634953, 11.4435985 ], [ 106.5636599, 11.4437299 ], [ 106.5638748, 11.4439364 ], [ 106.5639913, 11.4440299 ], [ 106.5641894, 11.4441652 ], [ 106.5643257, 11.4442833 ], [ 106.5644363, 11.4444249 ], [ 106.5645108, 11.4445689 ], [ 106.5645879, 11.4446921 ], [ 106.5646973, 11.4448109 ], [ 106.5647605, 11.4448618 ], [ 106.5649007, 11.4449438 ], [ 106.5649763, 11.4449742 ], [ 106.5651136, 11.445009 ], [ 106.5652264, 11.4450501 ], [ 106.5653282, 11.4451127 ], [ 106.5653785, 11.4451559 ], [ 106.5654234, 11.4452045 ], [ 106.5654945, 11.4453152 ], [ 106.5655347, 11.4454253 ], [ 106.5655509, 11.4455412 ], [ 106.5653095, 11.4455886 ], [ 106.5653287, 11.4456984 ], [ 106.5653894, 11.445913 ], [ 106.5654789, 11.4461177 ], [ 106.5655956, 11.4463089 ], [ 106.565794, 11.4465589 ], [ 106.565851, 11.4466451 ], [ 106.5660444, 11.4470187 ], [ 106.5661022, 11.4471151 ], [ 106.5661679, 11.4472065 ], [ 106.5662411, 11.4472923 ], [ 106.5663213, 11.4473719 ], [ 106.5664079, 11.4474447 ], [ 106.5666523, 11.4476089 ], [ 106.5667666, 11.4477043 ], [ 106.5668877, 11.4478305 ], [ 106.5669605, 11.4479214 ], [ 106.5670264, 11.4480173 ], [ 106.5671737, 11.4482789 ], [ 106.5673705, 11.4485347 ], [ 106.5674324, 11.4486317 ], [ 106.5676212, 11.4490133 ], [ 106.5677451, 11.4492199 ], [ 106.5678561, 11.4493495 ], [ 106.5679896, 11.4494566 ], [ 106.5681412, 11.4495376 ], [ 106.5682221, 11.4495674 ], [ 106.5684628, 11.4496243 ], [ 106.5685383, 11.449652 ], [ 106.5686802, 11.449727 ], [ 106.5688483, 11.4498514 ], [ 106.5689666, 11.449904 ], [ 106.5690296, 11.44992 ], [ 106.5692046, 11.4499392 ], [ 106.5693088, 11.4499769 ], [ 106.5693998, 11.4500392 ], [ 106.5694803, 11.4501154 ], [ 106.5696162, 11.4502254 ], [ 106.5697609, 11.4503839 ], [ 106.5698104, 11.4504245 ], [ 106.5699693, 11.4505234 ], [ 106.5700156, 11.4505639 ], [ 106.5700566, 11.4506095 ], [ 106.5701151, 11.4507016 ], [ 106.5701492, 11.450791 ], [ 106.5702757, 11.4510478 ], [ 106.5703122, 11.4511485 ], [ 106.5703535, 11.4512072 ], [ 106.5704146, 11.451246 ], [ 106.5704497, 11.4512559 ], [ 106.5705688, 11.4512569 ], [ 106.5706088, 11.4512678 ], [ 106.5706458, 11.4512862 ], [ 106.5707054, 11.4513424 ], [ 106.5707383, 11.4514167 ], [ 106.5707519, 11.451507 ], [ 106.5707996, 11.4516494 ], [ 106.5708081, 11.451701 ], [ 106.5708076, 11.4518014 ], [ 106.5708278, 11.4518955 ], [ 106.5708504, 11.4519384 ], [ 106.5709326, 11.4520315 ], [ 106.5710065, 11.4521685 ], [ 106.571088, 11.4522576 ], [ 106.5711353, 11.4522957 ], [ 106.5712872, 11.4523909 ], [ 106.5713298, 11.452432 ], [ 106.5713659, 11.4524787 ], [ 106.5714114, 11.4525716 ], [ 106.5714651, 11.4526601 ], [ 106.5715929, 11.4528439 ], [ 106.5716777, 11.4530026 ], [ 106.5717611, 11.4531109 ], [ 106.57187, 11.4531946 ], [ 106.5720682, 11.4532791 ], [ 106.572132, 11.4533151 ], [ 106.572245, 11.4534011 ], [ 106.5723379, 11.4535027 ], [ 106.5724016, 11.453616 ], [ 106.5724227, 11.4536775 ], [ 106.5724334, 11.4537537 ], [ 106.5724311, 11.4540101 ], [ 106.5724404, 11.4540999 ], [ 106.5724572, 11.4541887 ], [ 106.5725133, 11.4543604 ], [ 106.5725976, 11.4545206 ], [ 106.5726471, 11.4545845 ], [ 106.5727838, 11.4547314 ], [ 106.5728924, 11.4548879 ], [ 106.5729362, 11.4549724 ], [ 106.5729998, 11.4551459 ], [ 106.573033, 11.4553224 ], [ 106.5730386, 11.4554121 ], [ 106.5730369, 11.4555019 ], [ 106.5730153, 11.4556003 ], [ 106.5729965, 11.4558007 ], [ 106.5730096, 11.4559961 ], [ 106.5730519, 11.4561817 ], [ 106.5731223, 11.456359 ], [ 106.5731675, 11.4564432 ], [ 106.5728438, 11.4565034 ], [ 106.5728678, 11.4566693 ], [ 106.5728583, 11.4568366 ], [ 106.5728207, 11.4569851 ], [ 106.5727561, 11.4571081 ], [ 106.5726632, 11.4572122 ], [ 106.5724114, 11.457384 ], [ 106.5723595, 11.457432 ], [ 106.5722735, 11.457543 ], [ 106.5722403, 11.4576049 ], [ 106.5721537, 11.4578283 ], [ 106.5720613, 11.4580076 ], [ 106.5719314, 11.4582156 ], [ 106.5718379, 11.4583499 ], [ 106.5714714, 11.4588128 ], [ 106.5713973, 11.4589489 ], [ 106.5713287, 11.4591612 ], [ 106.5712962, 11.4592268 ], [ 106.5712175, 11.4593379 ], [ 106.5710448, 11.4595349 ], [ 106.570907, 11.4596735 ], [ 106.5704995, 11.4600049 ], [ 106.5703879, 11.4601118 ], [ 106.5700709, 11.4604494 ], [ 106.5697169, 11.4608587 ], [ 106.5694312, 11.4612255 ], [ 106.5692049, 11.4615332 ], [ 106.5691529, 11.4615874 ], [ 106.5690012, 11.4617188 ], [ 106.56896, 11.461766 ], [ 106.5688929, 11.4618713 ], [ 106.5688644, 11.4619368 ], [ 106.5688446, 11.4620054 ], [ 106.5688038, 11.4624381 ], [ 106.5687745, 11.4626194 ], [ 106.5687568, 11.4626799 ], [ 106.5687023, 11.4627938 ], [ 106.5686247, 11.4628939 ], [ 106.568471, 11.4630194 ], [ 106.5683861, 11.4631106 ], [ 106.5683178, 11.4632247 ], [ 106.5682604, 11.4633565 ], [ 106.5682232, 11.4634194 ], [ 106.5681338, 11.4635353 ], [ 106.5679533, 11.4637163 ], [ 106.5677913, 11.4639201 ], [ 106.567643, 11.4641399 ], [ 106.5674724, 11.4644331 ], [ 106.5673721, 11.4645421 ], [ 106.5672715, 11.4646151 ], [ 106.5666941, 11.4649051 ], [ 106.566634, 11.4649407 ], [ 106.5665269, 11.4650296 ], [ 106.5664414, 11.4651388 ], [ 106.5663766, 11.4652769 ], [ 106.5663571, 11.4653505 ], [ 106.5663466, 11.465426 ], [ 106.5663451, 11.465502 ], [ 106.5663528, 11.4655778 ], [ 106.5602669, 11.4719155 ], [ 106.5564, 11.4849987 ], [ 106.5563642, 11.4849777 ], [ 106.5562855, 11.4849013 ], [ 106.5562453, 11.4848184 ], [ 106.556229, 11.4847258 ], [ 106.5562335, 11.4846359 ], [ 106.5562519, 11.4845216 ], [ 106.5562793, 11.4844091 ], [ 106.5563156, 11.484299 ], [ 106.5563606, 11.484192 ], [ 106.5563974, 11.4841262 ], [ 106.5564878, 11.4840051 ], [ 106.5565048, 11.4839371 ], [ 106.5565022, 11.483902 ], [ 106.5564752, 11.4838373 ], [ 106.556452, 11.4838104 ], [ 106.5563963, 11.4837802 ], [ 106.5563339, 11.4837636 ], [ 106.5562839, 11.483722 ], [ 106.5562569, 11.4836635 ], [ 106.5562538, 11.4836314 ], [ 106.5562755, 11.4835316 ], [ 106.5562652, 11.4834569 ], [ 106.5562262, 11.483392 ], [ 106.5560767, 11.4832479 ], [ 106.5560194, 11.4831606 ], [ 106.5559906, 11.483069 ], [ 106.5559856, 11.4830212 ], [ 106.5559939, 11.4829148 ], [ 106.5559871, 11.4827979 ], [ 106.5559485, 11.4826744 ], [ 106.5558798, 11.4825642 ], [ 106.5556426, 11.4822497 ], [ 106.5555414, 11.4821625 ], [ 106.5554493, 11.4821077 ], [ 106.5553831, 11.4820943 ], [ 106.5553212, 11.4821082 ], [ 106.5552938, 11.4821242 ], [ 106.5552272, 11.4821915 ], [ 106.555198, 11.4822053 ], [ 106.5551338, 11.4822098 ], [ 106.5550754, 11.4821832 ], [ 106.5550374, 11.4821323 ], [ 106.5550224, 11.4820247 ], [ 106.5549843, 11.481942 ], [ 106.5549189, 11.4818779 ], [ 106.5548244, 11.4818176 ], [ 106.554733, 11.4817234 ], [ 106.5546686, 11.4816097 ], [ 106.5546198, 11.481486 ], [ 106.5545166, 11.4813186 ], [ 106.5544971, 11.481261 ], [ 106.5544865, 11.4812013 ], [ 106.5544851, 11.4811407 ], [ 106.554493, 11.4810806 ], [ 106.5545294, 11.4809804 ], [ 106.5545923, 11.4808936 ], [ 106.5548268, 11.4806249 ], [ 106.5548937, 11.4805072 ], [ 106.5549188, 11.4804444 ], [ 106.554938, 11.4803796 ], [ 106.5549411, 11.4803315 ], [ 106.5549203, 11.4802378 ], [ 106.5548665, 11.4801576 ], [ 106.5548001, 11.480107 ], [ 106.5547619, 11.4800895 ], [ 106.5546355, 11.4800585 ], [ 106.5545942, 11.4800381 ], [ 106.5545248, 11.4799785 ], [ 106.554498, 11.4799177 ], [ 106.5544951, 11.4798846 ], [ 106.5545109, 11.4798203 ], [ 106.5545758, 11.4797345 ], [ 106.5545918, 11.4796969 ], [ 106.5546001, 11.479657 ], [ 106.5545937, 11.4795266 ], [ 106.5545693, 11.4793936 ], [ 106.5545332, 11.4793197 ], [ 106.5544809, 11.4792666 ], [ 106.5543672, 11.4792093 ], [ 106.554327, 11.4791593 ], [ 106.5543145, 11.4791275 ], [ 106.5543091, 11.4790938 ], [ 106.55432, 11.4790267 ], [ 106.5543795, 11.4789311 ], [ 106.5543926, 11.4788887 ], [ 106.5543965, 11.4788446 ], [ 106.5543912, 11.4788007 ], [ 106.5543768, 11.4787588 ], [ 106.5543266, 11.4786643 ], [ 106.5543055, 11.4786055 ], [ 106.5542848, 11.4785142 ], [ 106.5542848, 11.478439 ], [ 106.5543102, 11.4783546 ], [ 106.5543115, 11.478322 ], [ 106.5542877, 11.4782616 ], [ 106.5542642, 11.4782384 ], [ 106.5542029, 11.4782144 ], [ 106.5541155, 11.4782125 ], [ 106.5540012, 11.4782408 ], [ 106.5539706, 11.4782369 ], [ 106.553916, 11.4782093 ], [ 106.5538796, 11.4781608 ], [ 106.5538628, 11.4780577 ], [ 106.5538373, 11.477973 ], [ 106.5537909, 11.4779158 ], [ 106.5537247, 11.477882 ], [ 106.5536503, 11.4778776 ], [ 106.553614, 11.4778869 ], [ 106.5535512, 11.4779262 ], [ 106.5535028, 11.4779784 ], [ 106.5534363, 11.4780081 ], [ 106.5533992, 11.4780126 ], [ 106.5533262, 11.4779988 ], [ 106.5532266, 11.4779322 ], [ 106.5531412, 11.4778976 ], [ 106.5530099, 11.4778698 ], [ 106.5529093, 11.4778611 ], [ 106.5528757, 11.4778639 ], [ 106.5528145, 11.4778856 ], [ 106.5527326, 11.4779447 ], [ 106.5526972, 11.4779548 ], [ 106.5526602, 11.4779558 ], [ 106.5526242, 11.4779476 ], [ 106.5525915, 11.4779307 ], [ 106.5525642, 11.4779063 ], [ 106.5525441, 11.477876 ], [ 106.5525324, 11.4778416 ], [ 106.5525181, 11.4776708 ], [ 106.552494, 11.4775727 ], [ 106.5524425, 11.4774731 ], [ 106.5523679, 11.4773887 ], [ 106.5522425, 11.4772972 ], [ 106.5520702, 11.4772007 ], [ 106.5518862, 11.4771279 ], [ 106.5517074, 11.4770734 ], [ 106.5516568, 11.4770473 ], [ 106.5515704, 11.4769744 ], [ 106.5515365, 11.4769293 ], [ 106.5514739, 11.4769149 ], [ 106.5514213, 11.4768787 ], [ 106.5513861, 11.4768251 ], [ 106.5513741, 11.4767625 ], [ 106.5513887, 11.4766609 ], [ 106.5514252, 11.4765243 ], [ 106.5514326, 11.4764693 ], [ 106.5514238, 11.4763591 ], [ 106.5513842, 11.4762556 ], [ 106.5512985, 11.4761365 ], [ 106.5510982, 11.475937 ], [ 106.5510317, 11.4758617 ], [ 106.5509126, 11.4757007 ], [ 106.5508451, 11.4755919 ], [ 106.5507298, 11.4753638 ], [ 106.5506839, 11.4752918 ], [ 106.5505709, 11.4751632 ], [ 106.5505008, 11.4750553 ], [ 106.5504583, 11.4749343 ], [ 106.5504313, 11.4746924 ], [ 106.5504035, 11.474607 ], [ 106.5503788, 11.4745617 ], [ 106.5503124, 11.4744826 ], [ 106.5501841, 11.4743882 ], [ 106.5501467, 11.4743474 ], [ 106.5500922, 11.4742518 ], [ 106.5500682, 11.4741449 ], [ 106.5500655, 11.4739742 ], [ 106.5500766, 11.4738894 ], [ 106.5501437, 11.4735627 ], [ 106.5501461, 11.4734873 ], [ 106.5501256, 11.4733379 ], [ 106.5500722, 11.4731966 ], [ 106.5499492, 11.472959 ], [ 106.5498735, 11.4727442 ], [ 106.5498331, 11.4726674 ], [ 106.5497575, 11.4725612 ], [ 106.5496822, 11.4724842 ], [ 106.549632, 11.4724438 ], [ 106.5495218, 11.4723769 ], [ 106.5494648, 11.4723351 ], [ 106.549414, 11.4722862 ], [ 106.5493705, 11.472231 ], [ 106.5492197, 11.4719983 ], [ 106.5491199, 11.4718852 ], [ 106.5489933, 11.471781 ], [ 106.5488601, 11.471692 ], [ 106.5487295, 11.4715736 ], [ 106.5486098, 11.4714231 ], [ 106.5485054, 11.4712375 ], [ 106.5483774, 11.4710411 ], [ 106.5482954, 11.470938 ], [ 106.5481467, 11.4707756 ], [ 106.5480677, 11.4707246 ], [ 106.5480212, 11.4707062 ], [ 106.5479726, 11.4706943 ], [ 106.5478977, 11.4706883 ], [ 106.5478407, 11.4706981 ], [ 106.5478103, 11.4707106 ], [ 106.5477575, 11.470749 ], [ 106.547696, 11.4707747 ], [ 106.5476625, 11.4707774 ], [ 106.5475976, 11.470762 ], [ 106.5474159, 11.4706201 ], [ 106.5472117, 11.4704977 ], [ 106.5471049, 11.4703978 ], [ 106.5469749, 11.4702097 ], [ 106.546813, 11.4700158 ], [ 106.5467164, 11.4698728 ], [ 106.5466504, 11.4697311 ], [ 106.5465557, 11.4694154 ], [ 106.5464898, 11.4692788 ], [ 106.5464104, 11.4691757 ], [ 106.5463319, 11.4691288 ], [ 106.5462872, 11.4691173 ], [ 106.5462331, 11.4690753 ], [ 106.5462058, 11.4690133 ], [ 106.5462111, 11.4689091 ], [ 106.5461839, 11.4688408 ], [ 106.5461473, 11.4687892 ], [ 106.5461033, 11.4687434 ], [ 106.5459486, 11.4686369 ], [ 106.5459054, 11.4685945 ], [ 106.5458682, 11.468547 ], [ 106.5457889, 11.4683978 ], [ 106.5457226, 11.4683254 ], [ 106.5456395, 11.4682722 ], [ 106.5455589, 11.468236 ], [ 106.5454747, 11.4682086 ], [ 106.545388, 11.4681901 ], [ 106.5452998, 11.4681809 ], [ 106.5452111, 11.468181 ], [ 106.5451229, 11.4681904 ], [ 106.5450434, 11.4682087 ], [ 106.5449665, 11.4682358 ], [ 106.544769, 11.4683398 ], [ 106.5447102, 11.4683572 ], [ 106.5445883, 11.4683688 ], [ 106.5444675, 11.4683491 ], [ 106.5442639, 11.4682593 ], [ 106.5441684, 11.4682276 ], [ 106.5439705, 11.4681904 ], [ 106.5438549, 11.4681914 ], [ 106.543744, 11.4681593 ], [ 106.5436574, 11.4681053 ], [ 106.5435879, 11.4680311 ], [ 106.5435613, 11.4679879 ], [ 106.5435461, 11.4679444 ], [ 106.5435402, 11.4678988 ], [ 106.5435654, 11.4677554 ], [ 106.5435655, 11.4677015 ], [ 106.5435573, 11.4676481 ], [ 106.5435175, 11.4675479 ], [ 106.5435126, 11.4675074 ], [ 106.5434781, 11.4674338 ], [ 106.54345, 11.4674038 ], [ 106.54342, 11.4673822 ], [ 106.5433506, 11.467357 ], [ 106.5432742, 11.4673603 ], [ 106.5432381, 11.4673733 ], [ 106.5431777, 11.4674194 ], [ 106.5431375, 11.4674869 ], [ 106.5431245, 11.4675256 ], [ 106.5431162, 11.4676063 ], [ 106.543091, 11.4676675 ], [ 106.5430416, 11.4677124 ], [ 106.5429774, 11.4677324 ], [ 106.5429106, 11.4677238 ], [ 106.5428803, 11.467709 ], [ 106.5427371, 11.4676091 ], [ 106.542614, 11.4675505 ], [ 106.5424852, 11.4675227 ], [ 106.5423859, 11.4675187 ], [ 106.5423218, 11.4675373 ], [ 106.5422709, 11.4675812 ], [ 106.5421484, 11.4677959 ], [ 106.5421078, 11.4678951 ], [ 106.5420473, 11.467984 ], [ 106.5420026, 11.4680306 ], [ 106.5419524, 11.4680714 ], [ 106.5418385, 11.4681333 ], [ 106.5417126, 11.4681658 ], [ 106.5416475, 11.4681704 ], [ 106.5414884, 11.4681554 ], [ 106.5413958, 11.4681358 ], [ 106.5412176, 11.4680732 ], [ 106.5410077, 11.4679745 ], [ 106.5407479, 11.4678828 ], [ 106.5406665, 11.467844 ], [ 106.5405898, 11.4677969 ], [ 106.5403974, 11.4676401 ], [ 106.5402714, 11.467582 ], [ 106.5401346, 11.4675565 ], [ 106.5400649, 11.4675565 ], [ 106.5399281, 11.467582 ], [ 106.5398021, 11.4676401 ], [ 106.5397457, 11.4676802 ], [ 106.5396404, 11.4677841 ], [ 106.5395216, 11.467941 ], [ 106.5395041, 11.4679762 ], [ 106.539488, 11.4680536 ], [ 106.539499, 11.4681319 ], [ 106.5395765, 11.4682791 ], [ 106.5395836, 11.4683073 ], [ 106.5395735, 11.4683687 ], [ 106.5395563, 11.4683951 ], [ 106.5395038, 11.46843 ], [ 106.5392718, 11.4684871 ], [ 106.5391743, 11.4685215 ], [ 106.5391043, 11.4685556 ], [ 106.5390381, 11.4685965 ], [ 106.5388511, 11.4687507 ], [ 106.5387773, 11.4687982 ], [ 106.5385607, 11.4689022 ], [ 106.5385062, 11.4689371 ], [ 106.5383459, 11.4690661 ], [ 106.5382799, 11.4691058 ], [ 106.5380876, 11.4691896 ], [ 106.5379996, 11.4692571 ], [ 106.5379624, 11.4692981 ], [ 106.5378978, 11.4694006 ], [ 106.5378714, 11.4694611 ], [ 106.5378391, 11.4695885 ], [ 106.537793, 11.4696886 ], [ 106.5377194, 11.4697715 ], [ 106.5375664, 11.4698671 ], [ 106.5375122, 11.4699096 ], [ 106.5374386, 11.4699818 ], [ 106.537394, 11.4700527 ], [ 106.5373707, 11.4701487 ], [ 106.5373721, 11.4701981 ], [ 106.537402, 11.470347 ], [ 106.537402, 11.4703985 ], [ 106.5373717, 11.4704583 ], [ 106.5373458, 11.4704805 ], [ 106.5372813, 11.4705019 ], [ 106.5371705, 11.4704997 ], [ 106.5370189, 11.4705193 ], [ 106.5368524, 11.4705706 ], [ 106.5367628, 11.4706099 ], [ 106.5366769, 11.4706565 ], [ 106.5362965, 11.4709005 ], [ 106.536194, 11.4709593 ], [ 106.5359304, 11.4710824 ], [ 106.5356536, 11.4711735 ], [ 106.5355379, 11.4712381 ], [ 106.535439, 11.4713254 ], [ 106.5353586, 11.4713699 ], [ 106.5352913, 11.4713864 ], [ 106.5352336, 11.4713846 ], [ 106.5351542, 11.471352 ], [ 106.5350977, 11.4712832 ], [ 106.5350744, 11.4712677 ], [ 106.5350199, 11.4712565 ], [ 106.5349668, 11.4712733 ], [ 106.5349454, 11.4712911 ], [ 106.534892, 11.4713646 ], [ 106.5347922, 11.4715645 ], [ 106.534724, 11.4716403 ], [ 106.534551, 11.4717442 ], [ 106.5344705, 11.4718019 ], [ 106.5341567, 11.4720938 ], [ 106.5340959, 11.4721413 ], [ 106.5340129, 11.4721954 ], [ 106.5339252, 11.4722416 ], [ 106.5338333, 11.4722795 ], [ 106.5337382, 11.4723087 ], [ 106.5336884, 11.4723332 ], [ 106.5335991, 11.4723983 ], [ 106.5335656, 11.4724591 ], [ 106.5335594, 11.4724934 ], [ 106.5335607, 11.4725281 ], [ 106.5335852, 11.4726397 ], [ 106.5335851, 11.4726949 ], [ 106.5335757, 11.4727492 ], [ 106.5335364, 11.4728371 ], [ 106.533478, 11.4728964 ], [ 106.5333787, 11.4729489 ], [ 106.5333118, 11.4729716 ], [ 106.5330658, 11.4730084 ], [ 106.5329614, 11.4730331 ], [ 106.5328594, 11.473066 ], [ 106.5326653, 11.4731557 ], [ 106.5324641, 11.4732739 ], [ 106.5321223, 11.4734955 ], [ 106.5316182, 11.4737866 ], [ 106.531339, 11.4739337 ], [ 106.5307698, 11.4742072 ], [ 106.5306518, 11.4742746 ], [ 106.5305374, 11.4743479 ], [ 106.5302219, 11.4745792 ], [ 106.5301188, 11.4746412 ], [ 106.530012, 11.4746968 ], [ 106.5297887, 11.4747876 ], [ 106.5296731, 11.4748225 ], [ 106.5295181, 11.4748575 ], [ 106.5294628, 11.4748789 ], [ 106.5294112, 11.4749079 ], [ 106.5292504, 11.475052 ], [ 106.529089, 11.4751652 ], [ 106.5290018, 11.4752562 ], [ 106.5289421, 11.4753666 ], [ 106.5289141, 11.4754884 ], [ 106.5289079, 11.4755824 ], [ 106.528879, 11.4756878 ], [ 106.5288196, 11.4757972 ], [ 106.5287803, 11.4758458 ], [ 106.528649, 11.4759646 ], [ 106.5284611, 11.4760959 ], [ 106.5283333, 11.47621 ], [ 106.5282291, 11.4763451 ], [ 106.5281241, 11.4765169 ], [ 106.5280553, 11.4766108 ], [ 106.5279008, 11.4767852 ], [ 106.5278373, 11.4768381 ], [ 106.5276955, 11.4769237 ], [ 106.5275392, 11.4769799 ], [ 106.5274879, 11.4770066 ], [ 106.5274006, 11.4770814 ], [ 106.5272965, 11.4772473 ], [ 106.5272452, 11.4773109 ], [ 106.5272112, 11.4773976 ], [ 106.5272071, 11.4774904 ], [ 106.5272389, 11.4776192 ], [ 106.5272363, 11.4776591 ], [ 106.5272068, 11.4777333 ], [ 106.5271813, 11.4777645 ], [ 106.5270938, 11.4778429 ], [ 106.5270437, 11.4779012 ], [ 106.5268899, 11.4781524 ], [ 106.5268104, 11.4782696 ], [ 106.5266802, 11.4784377 ], [ 106.5265512, 11.4785734 ], [ 106.5264633, 11.4786499 ], [ 106.5262716, 11.478783 ], [ 106.5257948, 11.4790711 ], [ 106.5256101, 11.4792163 ], [ 106.5254451, 11.4793827 ], [ 106.5253956, 11.4794226 ], [ 106.5252858, 11.4794872 ], [ 106.525117, 11.4795609 ], [ 106.5250105, 11.4796165 ], [ 106.5248248, 11.4797362 ], [ 106.5246741, 11.4798707 ], [ 106.5243877, 11.4801735 ], [ 106.5242681, 11.4802626 ], [ 106.5241928, 11.4803041 ], [ 106.5240315, 11.4803642 ], [ 106.5238117, 11.4804006 ], [ 106.5237433, 11.4803979 ], [ 106.5237082, 11.4803888 ], [ 106.5236136, 11.4803461 ], [ 106.5235501, 11.4803478 ], [ 106.5234939, 11.4803766 ], [ 106.5233924, 11.4805044 ], [ 106.5233113, 11.4805647 ], [ 106.5232065, 11.4806094 ], [ 106.5230822, 11.4806339 ], [ 106.5230187, 11.4806358 ], [ 106.522893, 11.4806187 ], [ 106.5227582, 11.4805826 ], [ 106.5226377, 11.4805277 ], [ 106.5226026, 11.4805213 ], [ 106.5225179, 11.4805273 ], [ 106.5224266, 11.480563 ], [ 106.522358, 11.4806203 ], [ 106.5223107, 11.4806954 ], [ 106.5222894, 11.4807812 ], [ 106.5222412, 11.4808947 ], [ 106.5221201, 11.4810975 ], [ 106.5220343, 11.4811917 ], [ 106.5219418, 11.4812576 ], [ 106.5218755, 11.4813299 ], [ 106.5218389, 11.4814204 ], [ 106.5218334, 11.4814696 ], [ 106.5218064, 11.4815648 ], [ 106.5217534, 11.4816605 ], [ 106.5216709, 11.481748 ], [ 106.5215531, 11.481839 ], [ 106.5214439, 11.4819087 ], [ 106.5213649, 11.481931 ], [ 106.5213237, 11.4819322 ], [ 106.5212828, 11.4819267 ], [ 106.5211628, 11.4818788 ], [ 106.5210874, 11.4818615 ], [ 106.520988, 11.4818547 ], [ 106.5208154, 11.4818598 ], [ 106.520665, 11.4818179 ], [ 106.5206139, 11.4818108 ], [ 106.5204862, 11.481818 ], [ 106.5203198, 11.4818607 ], [ 106.5202242, 11.4818594 ], [ 106.5201729, 11.4818473 ], [ 106.5199153, 11.4817434 ], [ 106.5197384, 11.4816473 ], [ 106.5195133, 11.4814915 ], [ 106.5194556, 11.481473 ], [ 106.5194251, 11.4814736 ], [ 106.5193631, 11.4814979 ], [ 106.5193123, 11.4815492 ], [ 106.5192973, 11.4815778 ], [ 106.5192608, 11.4817093 ], [ 106.5192255, 11.4817811 ], [ 106.5191996, 11.4818121 ], [ 106.5191008, 11.4818995 ], [ 106.5190601, 11.4819514 ], [ 106.5189663, 11.4820986 ], [ 106.5188907, 11.4821839 ], [ 106.5187985, 11.48227 ], [ 106.5187815, 11.4822999 ], [ 106.5187553, 11.4823814 ], [ 106.5187379, 11.4824009 ], [ 106.5187158, 11.4824149 ], [ 106.5186641, 11.4824224 ], [ 106.5186164, 11.4824017 ], [ 106.5185693, 11.4823299 ], [ 106.5185189, 11.4822847 ], [ 106.5184436, 11.4821989 ], [ 106.5184003, 11.482117 ], [ 106.5183845, 11.4820618 ], [ 106.5183724, 11.4819481 ], [ 106.5183818, 11.4818556 ], [ 106.5183747, 11.4817847 ], [ 106.518344, 11.4817201 ], [ 106.5183239, 11.4816957 ], [ 106.5182721, 11.4816597 ], [ 106.5182421, 11.4816491 ], [ 106.5181791, 11.4816446 ], [ 106.5181187, 11.4816622 ], [ 106.5180528, 11.4816698 ], [ 106.5179202, 11.4816675 ], [ 106.5177677, 11.481635 ], [ 106.517598, 11.4815794 ], [ 106.5174216, 11.4815501 ], [ 106.5173106, 11.4815469 ], [ 106.5172782, 11.4815522 ], [ 106.5171888, 11.481585 ], [ 106.5171263, 11.481586 ], [ 106.517058, 11.4815594 ], [ 106.5169807, 11.4814864 ], [ 106.5169492, 11.4814703 ], [ 106.5168849, 11.4814586 ], [ 106.5168205, 11.4814703 ], [ 106.5167854, 11.4814882 ], [ 106.5166944, 11.4815623 ], [ 106.5166401, 11.481616 ], [ 106.5165357, 11.4817523 ], [ 106.5164184, 11.481857 ], [ 106.5163833, 11.4818988 ], [ 106.516352, 11.4819456 ], [ 106.5163131, 11.4820503 ], [ 106.5163063, 11.4821058 ], [ 106.5163147, 11.4822417 ], [ 106.5162933, 11.4823192 ], [ 106.5162465, 11.4823851 ], [ 106.5161743, 11.4824337 ], [ 106.5161324, 11.482447 ], [ 106.5160449, 11.482449 ], [ 106.5158943, 11.4824027 ], [ 106.5157436, 11.4823912 ], [ 106.515643, 11.482393 ], [ 106.5153748, 11.4824192 ], [ 106.5151988, 11.4824178 ], [ 106.5150261, 11.4823851 ], [ 106.514929, 11.4823519 ], [ 106.5148292, 11.4823275 ], [ 106.5147275, 11.4823123 ], [ 106.5146248, 11.4823063 ], [ 106.514522, 11.4823095 ], [ 106.5143549, 11.4823349 ], [ 106.5142326, 11.4823849 ], [ 106.5141774, 11.482421 ], [ 106.5140858, 11.4825102 ], [ 106.5139103, 11.4827662 ], [ 106.5137064, 11.4831139 ], [ 106.5135524, 11.4833395 ], [ 106.5134209, 11.4835786 ], [ 106.513339, 11.4836809 ], [ 106.5132785, 11.483736 ], [ 106.5131459, 11.483886 ], [ 106.5130253, 11.483969 ], [ 106.5128917, 11.48403 ], [ 106.5127553, 11.4840659 ], [ 106.5124442, 11.4841265 ], [ 106.5122285, 11.4842014 ], [ 106.5120877, 11.4842771 ], [ 106.5119677, 11.4843817 ], [ 106.5118857, 11.4844909 ], [ 106.5118025, 11.4846409 ], [ 106.5116774, 11.4849058 ], [ 106.5116508, 11.4850273 ], [ 106.5116299, 11.4852185 ], [ 106.5116094, 11.4852814 ], [ 106.5115803, 11.485341 ], [ 106.5114989, 11.485446 ], [ 106.511448, 11.4854894 ], [ 106.5113911, 11.4855259 ], [ 106.5113304, 11.4855561 ], [ 106.5112007, 11.4855962 ], [ 106.5110653, 11.4856076 ], [ 106.51086, 11.4855838 ], [ 106.5107905, 11.4855851 ], [ 106.5106539, 11.485609 ], [ 106.5105883, 11.4856313 ], [ 106.5104688, 11.4856935 ], [ 106.5103671, 11.4857756 ], [ 106.5102839, 11.4858757 ], [ 106.5102327, 11.4859656 ], [ 106.5101682, 11.4860309 ], [ 106.5101344, 11.4860523 ], [ 106.5100585, 11.4860775 ], [ 106.5099795, 11.4860778 ], [ 106.5099031, 11.4860913 ], [ 106.5098737, 11.486104 ], [ 106.5098246, 11.4861441 ], [ 106.5097918, 11.4862046 ], [ 106.509785, 11.4862414 ], [ 106.5097609, 11.4866827 ], [ 106.5097401, 11.4869 ], [ 106.5097055, 11.4869809 ], [ 106.5096422, 11.4870429 ], [ 106.5096027, 11.4870638 ], [ 106.5094739, 11.4871032 ], [ 106.5093646, 11.4871626 ], [ 106.5093153, 11.4872002 ], [ 106.5092034, 11.4873091 ], [ 106.5091645, 11.487336 ], [ 106.5090827, 11.4873739 ], [ 106.5088862, 11.4874317 ], [ 106.5088248, 11.4874765 ], [ 106.5088013, 11.4875042 ], [ 106.5087685, 11.4875685 ], [ 106.5087442, 11.4877315 ], [ 106.5086831, 11.4878431 ], [ 106.5086719, 11.4878865 ], [ 106.5086605, 11.4880158 ], [ 106.5086424, 11.4880784 ], [ 106.5086, 11.4881595 ], [ 106.5085312, 11.4882207 ], [ 106.5084453, 11.4882543 ], [ 106.5083534, 11.488256 ], [ 106.5082669, 11.4882256 ], [ 106.5082132, 11.4881849 ], [ 106.5081026, 11.4881312 ], [ 106.5079929, 11.4881113 ], [ 106.5078977, 11.4881181 ], [ 106.5077837, 11.4881511 ], [ 106.5075722, 11.4882605 ], [ 106.5074982, 11.4882907 ], [ 106.507315, 11.4883497 ], [ 106.5071904, 11.4884275 ], [ 106.5071472, 11.4884424 ], [ 106.5070563, 11.4884504 ], [ 106.5069677, 11.4884291 ], [ 106.5068909, 11.4883807 ], [ 106.5067923, 11.4882555 ], [ 106.5066751, 11.4880752 ], [ 106.5065788, 11.4879792 ], [ 106.5064677, 11.4879068 ], [ 106.5063478, 11.4878592 ], [ 106.5062086, 11.4878351 ], [ 106.5060552, 11.4878388 ], [ 106.5059796, 11.4878519 ], [ 106.5059057, 11.4878722 ], [ 106.5057887, 11.4879215 ], [ 106.505574, 11.4880521 ], [ 106.5054822, 11.4881249 ], [ 106.505373, 11.4882517 ], [ 106.5052539, 11.4883552 ], [ 106.5051856, 11.4884425 ], [ 106.5051586, 11.4884954 ], [ 106.5051302, 11.4885972 ], [ 106.505126, 11.4887246 ], [ 106.5050992, 11.4888012 ], [ 106.5050431, 11.4888717 ], [ 106.5049678, 11.4889221 ], [ 106.5049267, 11.4889378 ], [ 106.5047976, 11.4889658 ], [ 106.5045364, 11.4889932 ], [ 106.5044508, 11.489011 ], [ 106.5041471, 11.4891114 ], [ 106.5040289, 11.4891381 ], [ 106.5037882, 11.4891658 ], [ 106.5035739, 11.4891613 ], [ 106.503388, 11.4891719 ], [ 106.5032563, 11.4891999 ], [ 106.5031332, 11.4892533 ], [ 106.5030594, 11.4893057 ], [ 106.5030044, 11.4893769 ], [ 106.5029852, 11.4894187 ], [ 106.5028982, 11.4897165 ], [ 106.5028233, 11.4898957 ], [ 106.5027228, 11.4900866 ], [ 106.5025065, 11.4904207 ], [ 106.5023527, 11.4906885 ], [ 106.5022641, 11.4908694 ], [ 106.5020354, 11.4914144 ], [ 106.5019601, 11.4915449 ], [ 106.5018622, 11.4916681 ], [ 106.5018049, 11.4917269 ], [ 106.5016967, 11.4918197 ], [ 106.5014949, 11.4919574 ], [ 106.5014375, 11.4919833 ], [ 106.5013146, 11.4920106 ], [ 106.5011602, 11.4920165 ], [ 106.5010121, 11.4920468 ], [ 106.5008721, 11.4920947 ], [ 106.5007961, 11.4921287 ], [ 106.5007246, 11.4921709 ], [ 106.5006611, 11.4922186 ], [ 106.5006039, 11.4922734 ], [ 106.5004966, 11.492397 ], [ 106.5002712, 11.4926021 ], [ 106.5002019, 11.4926892 ], [ 106.5001387, 11.4928249 ], [ 106.5000851, 11.4928871 ], [ 106.5000433, 11.4929226 ], [ 106.4998877, 11.4930225 ], [ 106.499645, 11.4932253 ], [ 106.4992436, 11.4935297 ], [ 106.4991417, 11.4936406 ], [ 106.4990114, 11.4938107 ], [ 106.4988833, 11.4939476 ], [ 106.4987964, 11.4940059 ], [ 106.4987477, 11.4940261 ], [ 106.4986598, 11.4940453 ], [ 106.4985951, 11.4940812 ], [ 106.4985711, 11.4941093 ], [ 106.4985477, 11.4941697 ], [ 106.4985493, 11.4943105 ], [ 106.4985673, 11.4943859 ], [ 106.4985761, 11.4944629 ], [ 106.4985718, 11.4945594 ], [ 106.4985607, 11.4946066 ], [ 106.4985197, 11.4946985 ], [ 106.4983963, 11.4948766 ], [ 106.4983549, 11.4949198 ], [ 106.4982678, 11.4949815 ], [ 106.4980134, 11.4950866 ], [ 106.4978919, 11.4951557 ], [ 106.4978331, 11.4951984 ], [ 106.4977258, 11.4952961 ], [ 106.4976672, 11.495364 ], [ 106.4975258, 11.4955784 ], [ 106.4974758, 11.4956385 ], [ 106.4973608, 11.4957448 ], [ 106.4972967, 11.4957902 ], [ 106.4971714, 11.495858 ], [ 106.4969105, 11.4960189 ], [ 106.4967125, 11.4961067 ], [ 106.4965054, 11.4961714 ], [ 106.4961227, 11.4962493 ], [ 106.4960092, 11.4962949 ], [ 106.4958864, 11.4963563 ], [ 106.4957528, 11.4963902 ], [ 106.4956149, 11.4963948 ], [ 106.4955395, 11.4963847 ], [ 106.495466, 11.4963655 ], [ 106.4953955, 11.4963375 ], [ 106.4953291, 11.4963011 ], [ 106.4952678, 11.4962569 ], [ 106.4951238, 11.4961141 ], [ 106.4950712, 11.4960775 ], [ 106.4949665, 11.4960296 ], [ 106.4948655, 11.496015 ], [ 106.4948145, 11.4960189 ], [ 106.4947172, 11.4960488 ], [ 106.494673, 11.4960742 ], [ 106.4946054, 11.4961346 ], [ 106.4944625, 11.4963234 ], [ 106.4943863, 11.4964121 ], [ 106.4941424, 11.4966418 ], [ 106.4940312, 11.496772 ], [ 106.4939498, 11.4968909 ], [ 106.4938688, 11.4969757 ], [ 106.4937914, 11.4970266 ], [ 106.4937091, 11.4970697 ], [ 106.4936229, 11.4971045 ], [ 106.4933549, 11.4971706 ], [ 106.4932205, 11.4972173 ], [ 106.4931771, 11.4972438 ], [ 106.4931394, 11.4972775 ], [ 106.4931086, 11.4973173 ], [ 106.4930856, 11.497362 ], [ 106.4930685, 11.4974273 ], [ 106.4930278, 11.4975296 ], [ 106.4929732, 11.497595 ], [ 106.4929378, 11.4976194 ], [ 106.4928567, 11.4976481 ], [ 106.4927705, 11.4976471 ], [ 106.4927289, 11.4976354 ], [ 106.4926102, 11.4975803 ], [ 106.4925465, 11.4975644 ], [ 106.4924744, 11.4975563 ], [ 106.4923295, 11.4975635 ], [ 106.4921898, 11.4976012 ], [ 106.4920604, 11.4976683 ], [ 106.4919562, 11.4977532 ], [ 106.4918813, 11.4978509 ], [ 106.4918055, 11.4980296 ], [ 106.4917758, 11.4980755 ], [ 106.4917002, 11.4981486 ], [ 106.4916084, 11.4981909 ], [ 106.4915582, 11.4981997 ], [ 106.4914571, 11.4981912 ], [ 106.4913261, 11.4981321 ], [ 106.4912308, 11.4981015 ], [ 106.4910703, 11.4980702 ], [ 106.4908071, 11.4980487 ], [ 106.4907345, 11.4980349 ], [ 106.4906642, 11.4980123 ], [ 106.4905974, 11.4979812 ], [ 106.4905352, 11.4979421 ], [ 106.4903685, 11.4978036 ], [ 106.4903166, 11.4977754 ], [ 106.4902607, 11.497756 ], [ 106.4901649, 11.4977442 ], [ 106.4900531, 11.4977535 ], [ 106.4899544, 11.4977729 ], [ 106.4899116, 11.4978013 ], [ 106.4898965, 11.497822 ], [ 106.4898839, 11.4978586 ], [ 106.489875, 11.497935 ], [ 106.4898941, 11.4980285 ], [ 106.4899619, 11.4981451 ], [ 106.4899951, 11.4982325 ], [ 106.4900064, 11.4983319 ], [ 106.4899946, 11.4984006 ], [ 106.4899784, 11.4984319 ], [ 106.4899287, 11.4984817 ], [ 106.4898649, 11.498508 ], [ 106.4897739, 11.4985647 ], [ 106.4897468, 11.4985922 ], [ 106.48971, 11.4986545 ], [ 106.4896953, 11.4987209 ], [ 106.4896703, 11.4990687 ], [ 106.4896523, 11.4991788 ], [ 106.4896093, 11.4993392 ], [ 106.4895853, 11.4993882 ], [ 106.4895164, 11.4994731 ], [ 106.4894251, 11.4995342 ], [ 106.4893734, 11.4995541 ], [ 106.4892408, 11.4995781 ], [ 106.4889613, 11.4995855 ], [ 106.4887936, 11.4995608 ], [ 106.4887125, 11.4995363 ], [ 106.4885595, 11.4994646 ], [ 106.4884239, 11.4993649 ], [ 106.4882979, 11.4992518 ], [ 106.4882464, 11.4992173 ], [ 106.4880822, 11.4991297 ], [ 106.4877367, 11.4989956 ], [ 106.4872215, 11.4987386 ], [ 106.4869026, 11.4986209 ], [ 106.4868299, 11.4985814 ], [ 106.4866994, 11.4984811 ], [ 106.4866113, 11.4983814 ], [ 106.486527, 11.4982544 ], [ 106.4864532, 11.4981205 ], [ 106.4864215, 11.4980798 ], [ 106.4863474, 11.4980232 ], [ 106.486308, 11.4980089 ], [ 106.4862245, 11.498006 ], [ 106.4860893, 11.4980359 ], [ 106.4857924, 11.4980501 ], [ 106.4853045, 11.4981032 ], [ 106.4851326, 11.4981106 ], [ 106.4849612, 11.4980953 ], [ 106.4848618, 11.4980695 ], [ 106.4848167, 11.4980451 ], [ 106.4847077, 11.4979543 ], [ 106.4846662, 11.497935 ], [ 106.4845949, 11.4979224 ], [ 106.4845587, 11.4979262 ], [ 106.4844918, 11.4979534 ], [ 106.4844486, 11.4979919 ], [ 106.4843551, 11.4980476 ], [ 106.4842102, 11.498098 ], [ 106.4839905, 11.4981542 ], [ 106.483883, 11.49819 ], [ 106.4837652, 11.4982397 ], [ 106.4837099, 11.4982718 ], [ 106.4836079, 11.4983497 ], [ 106.4835644, 11.4983974 ], [ 106.4834994, 11.498508 ], [ 106.4834754, 11.4985844 ], [ 106.4834114, 11.4987141 ], [ 106.4833277, 11.4988129 ], [ 106.4832758, 11.4988546 ], [ 106.4831149, 11.498951 ], [ 106.4828675, 11.4990775 ], [ 106.4827463, 11.4991313 ], [ 106.4826214, 11.4991763 ], [ 106.4824936, 11.4992124 ], [ 106.4822746, 11.4992522 ], [ 106.4820889, 11.4992683 ], [ 106.4820139, 11.4992676 ], [ 106.4819392, 11.4992602 ], [ 106.4817935, 11.4992255 ], [ 106.4817049, 11.4991868 ], [ 106.4816282, 11.4991282 ], [ 106.4815331, 11.4990196 ], [ 106.481391, 11.4988171 ], [ 106.4813375, 11.498763 ], [ 106.4811725, 11.4986468 ], [ 106.4809901, 11.4985506 ], [ 106.4809168, 11.4984763 ], [ 106.4808896, 11.4984318 ], [ 106.4808645, 11.4983666 ], [ 106.4808484, 11.4982987 ], [ 106.4808428, 11.4981681 ], [ 106.4808681, 11.4980482 ], [ 106.4808916, 11.4979913 ], [ 106.4809496, 11.4978988 ], [ 106.4809691, 11.4978553 ], [ 106.4809797, 11.497809 ], [ 106.4809775, 11.4977362 ], [ 106.4809553, 11.4976629 ], [ 106.480903, 11.4975749 ], [ 106.4808647, 11.497534 ], [ 106.4806508, 11.4973658 ], [ 106.4804739, 11.4972569 ], [ 106.4804088, 11.4972236 ], [ 106.4802727, 11.4971702 ], [ 106.4801917, 11.4971538 ], [ 106.4801502, 11.497157 ], [ 106.4800727, 11.4971853 ], [ 106.4800394, 11.4972096 ], [ 106.4799482, 11.4973121 ], [ 106.4798635, 11.4973831 ], [ 106.479816, 11.4974118 ], [ 106.4797212, 11.4974518 ], [ 106.4795828, 11.4974848 ], [ 106.4794888, 11.4974975 ], [ 106.4792991, 11.4974987 ], [ 106.4791929, 11.4974812 ], [ 106.4791422, 11.4974631 ], [ 106.4790496, 11.4974093 ], [ 106.4789672, 11.4973282 ], [ 106.4789082, 11.4972295 ], [ 106.4788765, 11.4971208 ], [ 106.4788305, 11.4970186 ], [ 106.4787975, 11.496973 ], [ 106.4787494, 11.496924 ], [ 106.4786947, 11.4968822 ], [ 106.4786344, 11.4968484 ], [ 106.4785699, 11.4968233 ], [ 106.4785024, 11.4968074 ], [ 106.4783415, 11.496786 ], [ 106.4782191, 11.4967452 ], [ 106.4780914, 11.4966795 ], [ 106.4780115, 11.4966272 ], [ 106.4778691, 11.4965053 ], [ 106.4776014, 11.4962007 ], [ 106.4774191, 11.496016 ], [ 106.4772171, 11.4958522 ], [ 106.4771094, 11.4957788 ], [ 106.4769414, 11.4956805 ], [ 106.4768199, 11.4956381 ], [ 106.4767131, 11.495624 ], [ 106.4765833, 11.4956282 ], [ 106.4764134, 11.4956603 ], [ 106.4762524, 11.4957223 ], [ 106.476177, 11.495764 ], [ 106.4761058, 11.4958122 ], [ 106.4759239, 11.4959708 ], [ 106.4758641, 11.4960074 ], [ 106.4757325, 11.4960566 ], [ 106.4755924, 11.4960712 ], [ 106.4755221, 11.4960651 ], [ 106.4753868, 11.4960269 ], [ 106.4752788, 11.4959657 ], [ 106.4751555, 11.4958612 ], [ 106.4750807, 11.4957841 ], [ 106.4750129, 11.4957009 ], [ 106.4748913, 11.4955301 ], [ 106.4747951, 11.4954137 ], [ 106.4747174, 11.4953644 ], [ 106.4746264, 11.4953479 ], [ 106.4745358, 11.4953668 ], [ 106.4744951, 11.4953887 ], [ 106.4744595, 11.4954181 ], [ 106.474409, 11.4954941 ], [ 106.4743811, 11.4956273 ], [ 106.4743638, 11.4956693 ], [ 106.4743168, 11.4957377 ], [ 106.474263, 11.495801 ], [ 106.4741611, 11.4958924 ], [ 106.4740277, 11.4959832 ], [ 106.4739346, 11.4960373 ], [ 106.4736497, 11.4961692 ], [ 106.4733553, 11.4962791 ], [ 106.47316, 11.4963384 ], [ 106.4729621, 11.4963888 ], [ 106.4727621, 11.4964303 ], [ 106.4725604, 11.4964627 ], [ 106.4723573, 11.496486 ], [ 106.4721534, 11.4965001 ], [ 106.471949, 11.496505 ], [ 106.4717446, 11.4965007 ], [ 106.4715406, 11.4964872 ], [ 106.4713375, 11.4964646 ], [ 106.4711356, 11.4964328 ], [ 106.4709355, 11.496392 ], [ 106.4706109, 11.4963054 ], [ 106.470482, 11.4962776 ], [ 106.4703513, 11.4962591 ], [ 106.4702197, 11.49625 ], [ 106.4700877, 11.4962503 ], [ 106.4699561, 11.4962601 ], [ 106.4698255, 11.4962791 ], [ 106.4695623, 11.4963464 ], [ 106.4694347, 11.4963928 ], [ 106.4691903, 11.4965098 ], [ 106.468964, 11.4966576 ], [ 106.4688588, 11.4967422 ], [ 106.4686668, 11.496931 ], [ 106.4683972, 11.4972531 ], [ 106.4681001, 11.4975512 ], [ 106.467942, 11.4976905 ], [ 106.4677779, 11.497823 ], [ 106.4676081, 11.4979484 ], [ 106.4672665, 11.4981689 ], [ 106.4669218, 11.4983539 ], [ 106.466744, 11.4984361 ], [ 106.4663792, 11.4985792 ], [ 106.4660038, 11.4986934 ], [ 106.4656441, 11.4987726 ], [ 106.4654622, 11.4988019 ], [ 106.4652792, 11.4988243 ], [ 106.4635564, 11.4988924 ], [ 106.4618325, 11.4989285 ], [ 106.4609235, 11.4989347 ], [ 106.458548, 11.4989204 ], [ 106.4579905, 11.4989271 ], [ 106.4568758, 11.4989601 ], [ 106.4557591, 11.4990193 ], [ 106.4546442, 11.4991046 ], [ 106.4514846, 11.4994332 ], [ 106.4511195, 11.4994633 ], [ 106.4503879, 11.4995005 ], [ 106.4500216, 11.4995075 ], [ 106.4492522, 11.4994971 ], [ 106.4488495, 11.4994781 ], [ 106.4484473, 11.4994498 ], [ 106.448046, 11.4994122 ], [ 106.4451706, 11.4989706 ], [ 106.4446898, 11.4989093 ], [ 106.4444479, 11.4988917 ], [ 106.4439631, 11.4988829 ], [ 106.4437208, 11.4988917 ], [ 106.4432379, 11.4989356 ], [ 106.442998, 11.4989706 ], [ 106.4427529, 11.4990157 ], [ 106.4425096, 11.4990699 ], [ 106.4422686, 11.4991331 ], [ 106.4420302, 11.4992053 ], [ 106.4417949, 11.4992863 ], [ 106.4415628, 11.499376 ], [ 106.4413344, 11.4994743 ], [ 106.44111, 11.499581 ], [ 106.4408898, 11.499696 ], [ 106.4380574, 11.5011995 ], [ 106.4378334, 11.5012776 ], [ 106.437377, 11.5014082 ], [ 106.4369116, 11.5015039 ], [ 106.4366765, 11.5015384 ], [ 106.4364401, 11.5015641 ], [ 106.4362029, 11.5015808 ], [ 106.4359653, 11.5015885 ], [ 106.4357175, 11.5015869 ], [ 106.43547, 11.5015756 ], [ 106.4352231, 11.5015545 ], [ 106.4349773, 11.5015237 ], [ 106.4347329, 11.5014832 ], [ 106.4344905, 11.5014332 ], [ 106.4342502, 11.5013736 ], [ 106.4340126, 11.5013046 ], [ 106.4337718, 11.5012127 ], [ 106.4335346, 11.5011121 ], [ 106.4333013, 11.501003 ], [ 106.4330723, 11.5008855 ], [ 106.4328479, 11.5007598 ], [ 106.4326284, 11.5006261 ], [ 106.432414, 11.5004845 ], [ 106.4320126, 11.500187 ], [ 106.4316341, 11.499862 ], [ 106.431454, 11.4996897 ], [ 106.4311133, 11.4993266 ], [ 106.4309532, 11.4991363 ], [ 106.4306465, 11.4987446 ], [ 106.4304578, 11.4985234 ], [ 106.430254, 11.4983141 ], [ 106.4300431, 11.4981115 ], [ 106.4298255, 11.4979158 ], [ 106.4296015, 11.4977274 ], [ 106.4293711, 11.4975463 ], [ 106.4291348, 11.4973728 ], [ 106.4288927, 11.4972071 ], [ 106.4286451, 11.4970494 ], [ 106.4283923, 11.4968998 ], [ 106.4281346, 11.4967584 ], [ 106.4278723, 11.4966256 ], [ 106.4276056, 11.4965013 ], [ 106.4273349, 11.4963858 ], [ 106.4270603, 11.4962791 ], [ 106.4267891, 11.4961837 ], [ 106.4265149, 11.496097 ], [ 106.426238, 11.496019 ], [ 106.4259587, 11.4959498 ], [ 106.4256772, 11.4958895 ], [ 106.4253938, 11.4958381 ], [ 106.4251089, 11.4957958 ], [ 106.4248228, 11.4957625 ], [ 106.4245357, 11.4957384 ], [ 106.424248, 11.4957233 ], [ 106.4239599, 11.4957174 ], [ 106.4236718, 11.4957206 ], [ 106.4233839, 11.495733 ], [ 106.4233526, 11.4953092 ], [ 106.4232623, 11.494464 ], [ 106.4232035, 11.494043 ], [ 106.4231356, 11.4936233 ], [ 106.4230586, 11.4932051 ], [ 106.4228805, 11.4923858 ], [ 106.4226709, 11.4915863 ], [ 106.4225535, 11.4911898 ], [ 106.4222939, 11.4904045 ], [ 106.4220015, 11.4896303 ], [ 106.4218432, 11.4892477 ], [ 106.4215026, 11.4884927 ], [ 106.4209244, 11.4873076 ], [ 106.4205194, 11.4864989 ], [ 106.4201056, 11.4856945 ], [ 106.4196829, 11.4848946 ], [ 106.4192515, 11.4840992 ], [ 106.4188114, 11.4833084 ], [ 106.4183625, 11.4825222 ], [ 106.4179051, 11.4817409 ], [ 106.417439, 11.4809644 ], [ 106.4169645, 11.4801929 ], [ 106.4164862, 11.4794339 ], [ 106.4159998, 11.47868 ], [ 106.4155051, 11.4779312 ], [ 106.4150023, 11.4771876 ], [ 106.4144914, 11.4764493 ], [ 106.4139725, 11.4757164 ], [ 106.4134457, 11.474989 ], [ 106.4129109, 11.4742671 ], [ 106.4123683, 11.4735509 ], [ 106.411818, 11.4728404 ], [ 106.4112599, 11.4721356 ], [ 106.4106942, 11.4714368 ], [ 106.4101209, 11.4707439 ], [ 106.4095401, 11.4700571 ], [ 106.4085928, 11.4691507 ], [ 106.4076215, 11.468269 ], [ 106.4071272, 11.4678375 ], [ 106.4061215, 11.4669937 ], [ 106.4050936, 11.466176 ], [ 106.4040442, 11.4653849 ], [ 106.4029741, 11.464621 ], [ 106.4024128, 11.4642367 ], [ 106.4018463, 11.4638599 ], [ 106.4012746, 11.4634907 ], [ 106.4001162, 11.4627751 ], [ 106.3995297, 11.4624289 ], [ 106.3989385, 11.4620905 ], [ 106.3983426, 11.4617599 ], [ 106.3977423, 11.4614373 ], [ 106.3971376, 11.4611226 ], [ 106.3965286, 11.460816 ], [ 106.3959154, 11.4605175 ], [ 106.3946769, 11.459945 ], [ 106.3940519, 11.4596711 ], [ 106.3934231, 11.4594055 ], [ 106.3927908, 11.4591483 ], [ 106.3921549, 11.4588994 ], [ 106.3915157, 11.458659 ], [ 106.3900781, 11.4582839 ], [ 106.38865, 11.4578754 ], [ 106.3872322, 11.4574336 ], [ 106.3858255, 11.4569589 ], [ 106.3851267, 11.4567092 ], [ 106.3837382, 11.4561856 ], [ 106.3823629, 11.4556297 ], [ 106.3816804, 11.4553397 ], [ 106.3810014, 11.4550419 ], [ 106.3802924, 11.4547205 ], [ 106.3795876, 11.4543906 ], [ 106.378887, 11.454052 ], [ 106.3781908, 11.4537048 ], [ 106.3774991, 11.4533492 ], [ 106.3764376, 11.4527808 ], [ 106.3754519, 11.4522318 ], [ 106.3747791, 11.4518427 ], [ 106.3741114, 11.4514454 ], [ 106.3734488, 11.4510399 ], [ 106.3727915, 11.4506264 ], [ 106.3721394, 11.4502048 ], [ 106.3718098, 11.4499052 ], [ 106.3714869, 11.4495986 ], [ 106.3711708, 11.4492851 ], [ 106.3708619, 11.448965 ], [ 106.3705602, 11.4486383 ], [ 106.3702658, 11.4483053 ], [ 106.3699789, 11.447966 ], [ 106.3696996, 11.4476207 ], [ 106.369428, 11.4472694 ], [ 106.3691644, 11.4469125 ], [ 106.3689088, 11.44655 ], [ 106.3686613, 11.4461821 ], [ 106.3684221, 11.445809 ], [ 106.3681912, 11.4454308 ], [ 106.3679782, 11.4450644 ], [ 106.3675759, 11.4443189 ], [ 106.3673867, 11.4439402 ], [ 106.3670329, 11.4431714 ], [ 106.366712, 11.4423888 ], [ 106.3665642, 11.4419928 ], [ 106.3663569, 11.4412813 ], [ 106.3661836, 11.440561 ], [ 106.3660449, 11.4398336 ], [ 106.365941, 11.4391007 ], [ 106.365901, 11.4387205 ], [ 106.3658704, 11.4383395 ], [ 106.3658492, 11.437958 ], [ 106.3658374, 11.437576 ], [ 106.365835, 11.4371938 ], [ 106.3658536, 11.4364047 ], [ 106.365864, 11.434826 ], [ 106.365839, 11.4332475 ], [ 106.3658133, 11.4324585 ], [ 106.3657351, 11.4308817 ], [ 106.3656192, 11.4292787 ], [ 106.3654666, 11.4276787 ], [ 106.3653778, 11.4269121 ], [ 106.3652559, 11.4262734 ], [ 106.3651872, 11.4259555 ], [ 106.3650315, 11.4253127 ], [ 106.3649458, 11.4249933 ], [ 106.3648607, 11.4247504 ], [ 106.3647671, 11.4245106 ], [ 106.3646648, 11.4242742 ], [ 106.3645542, 11.4240415 ], [ 106.3643407, 11.4236441 ], [ 106.3642247, 11.4234504 ], [ 106.3639748, 11.423074 ], [ 106.3638299, 11.4229073 ], [ 106.3636777, 11.4227469 ], [ 106.3635186, 11.4225931 ], [ 106.3633529, 11.4224461 ], [ 106.3631809, 11.4223063 ], [ 106.3628388, 11.422062 ], [ 106.3624775, 11.421846 ], [ 106.3622904, 11.421749 ], [ 106.3620033, 11.4215628 ], [ 106.3617377, 11.4213481 ], [ 106.3616139, 11.4212309 ], [ 106.3614964, 11.4211075 ], [ 106.3613822, 11.4209738 ], [ 106.3612756, 11.4208343 ], [ 106.3611768, 11.4206893 ], [ 106.3610861, 11.4205393 ], [ 106.3610038, 11.4203848 ], [ 106.3609302, 11.4202261 ], [ 106.3608655, 11.4200637 ], [ 106.3608098, 11.4198981 ], [ 106.3605683, 11.4191941 ], [ 106.3603579, 11.4184805 ], [ 106.3601791, 11.4177587 ], [ 106.3600294, 11.4170141 ], [ 106.3599659, 11.4166315 ], [ 106.3598652, 11.4158627 ], [ 106.3598282, 11.4154768 ], [ 106.3597806, 11.4147031 ], [ 106.3597686, 11.413928 ], [ 106.3597922, 11.4131532 ], [ 106.3598513, 11.4123802 ], [ 106.3608505, 11.4030493 ], [ 106.3608817, 11.4026899 ], [ 106.3609033, 11.4023298 ], [ 106.3609153, 11.4019692 ], [ 106.3609177, 11.4016085 ], [ 106.3609105, 11.4012478 ], [ 106.3608937, 11.4008874 ], [ 106.3608672, 11.4005276 ], [ 106.3608312, 11.4001686 ], [ 106.3607852, 11.3998074 ], [ 106.3607295, 11.3994475 ], [ 106.3606641, 11.3990891 ], [ 106.3605891, 11.3987326 ], [ 106.3605046, 11.3983781 ], [ 106.3604106, 11.398026 ], [ 106.3603071, 11.3976764 ], [ 106.3602241, 11.3974746 ], [ 106.3600334, 11.3970816 ], [ 106.359811, 11.396705 ], [ 106.3595583, 11.3963472 ], [ 106.359277, 11.3960105 ], [ 106.3589689, 11.3956973 ], [ 106.3588023, 11.3955474 ], [ 106.3586296, 11.3954044 ], [ 106.3584511, 11.3952684 ], [ 106.358267, 11.3951398 ], [ 106.3580776, 11.3950187 ], [ 106.3578834, 11.3949053 ], [ 106.3576845, 11.3947998 ], [ 106.3574814, 11.3947025 ], [ 106.3572744, 11.3946134 ], [ 106.3568011, 11.3944319 ], [ 106.356542, 11.3943226 ], [ 106.3562867, 11.3942049 ], [ 106.3560354, 11.3940791 ], [ 106.3555763, 11.3938215 ], [ 106.3551342, 11.3935365 ], [ 106.354711, 11.3932253 ], [ 106.3543082, 11.392889 ], [ 106.354115, 11.3927118 ], [ 106.3539238, 11.3924834 ], [ 106.3537402, 11.3922492 ], [ 106.3535643, 11.3920093 ], [ 106.3533962, 11.3917641 ], [ 106.3532362, 11.3915137 ], [ 106.3530844, 11.3912585 ], [ 106.352941, 11.3909987 ], [ 106.3528061, 11.3907345 ], [ 106.3526834, 11.3904742 ], [ 106.3524629, 11.3899431 ], [ 106.3523653, 11.3896727 ], [ 106.3521959, 11.3891238 ], [ 106.3521243, 11.3888458 ], [ 106.3520075, 11.3882839 ], [ 106.3519624, 11.3880006 ], [ 106.3518824, 11.3872997 ], [ 106.3518459, 11.3868828 ], [ 106.3518169, 11.3864652 ], [ 106.3517815, 11.385629 ], [ 106.3517761, 11.3847921 ], [ 106.3517865, 11.3843136 ], [ 106.3518068, 11.3838354 ], [ 106.3518368, 11.3833577 ], [ 106.3518767, 11.3828807 ], [ 106.3519841, 11.3819051 ], [ 106.3520007, 11.3816543 ], [ 106.3520094, 11.3811517 ], [ 106.3519854, 11.3806508 ], [ 106.3519612, 11.3804018 ], [ 106.3518888, 11.3799065 ], [ 106.3518536, 11.3797644 ], [ 106.3517578, 11.3794874 ], [ 106.3516975, 11.3793535 ], [ 106.3515532, 11.3790975 ], [ 106.3513792, 11.37886 ], [ 106.3512765, 11.3787438 ], [ 106.3511668, 11.378634 ], [ 106.3510502, 11.3785312 ], [ 106.3509274, 11.3784357 ], [ 106.3507988, 11.3783478 ], [ 106.3506648, 11.3782679 ], [ 106.350526, 11.3781964 ], [ 106.350383, 11.3781335 ], [ 106.3502362, 11.3780794 ], [ 106.3500863, 11.3780343 ], [ 106.3499045, 11.3780041 ], [ 106.3497246, 11.3779645 ], [ 106.349547, 11.3779158 ], [ 106.3493722, 11.377858 ], [ 106.3492008, 11.3777914 ], [ 106.3490332, 11.377716 ], [ 106.3488698, 11.3776322 ], [ 106.348711, 11.3775402 ], [ 106.3485575, 11.3774401 ], [ 106.3484154, 11.3773368 ], [ 106.3481479, 11.3771101 ], [ 106.347905, 11.3768582 ], [ 106.347689, 11.3765838 ], [ 106.3475021, 11.3762895 ], [ 106.3474202, 11.3761358 ], [ 106.3472223, 11.3755032 ], [ 106.3470593, 11.3748611 ], [ 106.3469354, 11.3742334 ], [ 106.3468475, 11.3736224 ], [ 106.3467909, 11.3730079 ], [ 106.3467744, 11.3726998 ], [ 106.3467504, 11.371543 ], [ 106.3466988, 11.370696 ], [ 106.3466109, 11.3698519 ], [ 106.3464871, 11.3690121 ], [ 106.3463268, 11.3681753 ], [ 106.3461299, 11.3673431 ], [ 106.3460181, 11.3669303 ], [ 106.3458975, 11.3665198 ], [ 106.345768, 11.366112 ], [ 106.3456319, 11.365778 ], [ 106.3455517, 11.3656162 ], [ 106.3453677, 11.365305 ], [ 106.3451538, 11.3650128 ], [ 106.3450363, 11.3648746 ], [ 106.3447815, 11.3646158 ], [ 106.3445024, 11.3643824 ], [ 106.3443545, 11.3642759 ], [ 106.3442016, 11.3641766 ], [ 106.3440338, 11.3640791 ], [ 106.3438612, 11.3639902 ], [ 106.3436841, 11.3639101 ], [ 106.3435031, 11.3638391 ], [ 106.3433186, 11.3637773 ], [ 106.343131, 11.3637249 ], [ 106.342941, 11.3636821 ], [ 106.342749, 11.3636488 ], [ 106.3425555, 11.3636254 ], [ 106.342361, 11.3636117 ], [ 106.342166, 11.3636078 ], [ 106.3376194, 11.3638505 ], [ 106.3374941, 11.3638659 ], [ 106.3372416, 11.3638698 ], [ 106.3369911, 11.363838 ], [ 106.3368683, 11.3638089 ], [ 106.3366308, 11.3637249 ], [ 106.3365173, 11.3636705 ], [ 106.3363038, 11.3635382 ], [ 106.3362049, 11.3634611 ], [ 106.336112, 11.3633772 ], [ 106.3360233, 11.3632844 ], [ 106.3359419, 11.3631853 ], [ 106.3358682, 11.3630807 ], [ 106.3358026, 11.3629709 ], [ 106.3357455, 11.3628567 ], [ 106.3356973, 11.3627386 ], [ 106.3356581, 11.3626173 ], [ 106.3356282, 11.3624936 ], [ 106.3356078, 11.3623679 ], [ 106.335597, 11.3622412 ], [ 106.3355825, 11.3614658 ], [ 106.3355626, 11.3610785 ], [ 106.3354977, 11.3603056 ], [ 106.3354527, 11.3599204 ], [ 106.3353376, 11.3591531 ], [ 106.3352676, 11.3587715 ], [ 106.3350987, 11.3579956 ], [ 106.334999, 11.3576019 ], [ 106.3348905, 11.3572105 ], [ 106.3347731, 11.3568215 ], [ 106.3346469, 11.3564352 ], [ 106.334512, 11.3560518 ], [ 106.3343684, 11.3556714 ], [ 106.3342162, 11.3552942 ], [ 106.3340554, 11.3549204 ], [ 106.3338863, 11.3545502 ], [ 106.3334796, 11.3537299 ], [ 106.3332422, 11.35328 ], [ 106.3329967, 11.3528343 ], [ 106.3327431, 11.352393 ], [ 106.3324815, 11.3519562 ], [ 106.332212, 11.351524 ], [ 106.3319347, 11.3510967 ], [ 106.3316497, 11.3506742 ], [ 106.331357, 11.3502568 ], [ 106.3310567, 11.3498446 ], [ 106.3307491, 11.3494377 ], [ 106.330434, 11.3490362 ], [ 106.3301117, 11.3486403 ], [ 106.3297822, 11.3482502 ], [ 106.3294457, 11.3478658 ], [ 106.3291023, 11.3474874 ], [ 106.3286028, 11.3469597 ], [ 106.3284607, 11.346798 ], [ 106.328326, 11.3466303 ], [ 106.328199, 11.346457 ], [ 106.3280799, 11.3462784 ], [ 106.3279689, 11.3460947 ], [ 106.3278663, 11.3459065 ], [ 106.3277723, 11.345714 ], [ 106.327687, 11.3455176 ], [ 106.3276106, 11.3453178 ], [ 106.3275433, 11.3451148 ], [ 106.3274852, 11.3449091 ], [ 106.3274364, 11.3447011 ], [ 106.327397, 11.3444912 ], [ 106.327367, 11.3442798 ], [ 106.3273466, 11.3440673 ], [ 106.3273358, 11.3438541 ], [ 106.3273346, 11.3436374 ], [ 106.3273434, 11.3434207 ], [ 106.327362, 11.3432047 ], [ 106.3273904, 11.3429898 ], [ 106.3274287, 11.3427763 ], [ 106.3274767, 11.3425646 ], [ 106.3275342, 11.3423553 ], [ 106.3276013, 11.3421488 ], [ 106.3276778, 11.3419454 ], [ 106.3277634, 11.3417455 ], [ 106.3278581, 11.3415496 ], [ 106.3279617, 11.3413581 ], [ 106.3280739, 11.3411713 ], [ 106.3281945, 11.3409896 ], [ 106.3283233, 11.3408134 ], [ 106.32846, 11.3406431 ], [ 106.3286043, 11.3404789 ], [ 106.328756, 11.3403212 ], [ 106.3289148, 11.3401703 ], [ 106.3290803, 11.3400265 ], [ 106.3292522, 11.3398902 ], [ 106.3294301, 11.3397615 ], [ 106.3296137, 11.3396408 ], [ 106.3298027, 11.3395282 ], [ 106.3299966, 11.3394241 ], [ 106.3301951, 11.3393286 ], [ 106.3303977, 11.3392419 ], [ 106.3306041, 11.3391642 ], [ 106.3308139, 11.3390956 ], [ 106.3310265, 11.3390363 ], [ 106.3313763, 11.3389217 ], [ 106.3317228, 11.338798 ], [ 106.3320659, 11.3386653 ], [ 106.3324052, 11.3385237 ], [ 106.3327405, 11.3383732 ], [ 106.3330716, 11.3382139 ], [ 106.3333982, 11.338046 ], [ 106.3337201, 11.3378697 ], [ 106.3340371, 11.3376849 ], [ 106.334349, 11.3374919 ], [ 106.3346554, 11.3372909 ], [ 106.3349563, 11.3370818 ], [ 106.3352514, 11.3368649 ], [ 106.3355405, 11.3366404 ], [ 106.3358233, 11.3364084 ], [ 106.3360997, 11.336169 ], [ 106.3363695, 11.3359225 ], [ 106.3366325, 11.335669 ], [ 106.3368885, 11.3354086 ], [ 106.3371373, 11.3351417 ], [ 106.3373787, 11.3348683 ], [ 106.3376126, 11.3345887 ], [ 106.3378388, 11.3343031 ], [ 106.3380571, 11.3340116 ], [ 106.3382673, 11.3337145 ], [ 106.3384694, 11.333412 ], [ 106.3386632, 11.3331043 ], [ 106.3388485, 11.3327917 ], [ 106.3390253, 11.3324742 ], [ 106.3391933, 11.3321523 ], [ 106.3393525, 11.3318261 ], [ 106.3395027, 11.3314958 ], [ 106.3396438, 11.3311617 ], [ 106.3397758, 11.3308241 ], [ 106.3398986, 11.330483 ], [ 106.340012, 11.3301389 ], [ 106.3401159, 11.329792 ], [ 106.3402104, 11.3294424 ], [ 106.3403443, 11.3292001 ], [ 106.3404229, 11.3290858 ], [ 106.3406018, 11.3288732 ], [ 106.3407013, 11.3287758 ], [ 106.3409185, 11.3286008 ], [ 106.3411528, 11.3284568 ], [ 106.3414037, 11.3283429 ], [ 106.3416674, 11.3282611 ], [ 106.3418026, 11.3282326 ], [ 106.34219, 11.3281828 ], [ 106.3424102, 11.3281226 ], [ 106.3426193, 11.3280323 ], [ 106.3427184, 11.3279764 ], [ 106.3429031, 11.3278444 ], [ 106.3429877, 11.327769 ], [ 106.3431394, 11.3276014 ], [ 106.3443677, 11.3260944 ], [ 106.3445924, 11.3257787 ], [ 106.3447866, 11.3254441 ], [ 106.3449486, 11.3250935 ], [ 106.3450772, 11.3247297 ], [ 106.3451711, 11.3243559 ], [ 106.3452063, 11.3241565 ], [ 106.3452317, 11.3239556 ], [ 106.3452471, 11.3237537 ], [ 106.3452526, 11.3235514 ], [ 106.3452481, 11.323349 ], [ 106.3452337, 11.3231471 ], [ 106.3452093, 11.3229461 ], [ 106.3451751, 11.3227465 ], [ 106.345131, 11.3225487 ], [ 106.3450773, 11.3223533 ], [ 106.3439909, 11.3192091 ], [ 106.34359, 11.3181808 ], [ 106.3433174, 11.3174177 ], [ 106.3431911, 11.3170329 ], [ 106.3430012, 11.3166396 ], [ 106.3426374, 11.3158458 ], [ 106.3422685, 11.3149784 ], [ 106.3420807, 11.3145085 ], [ 106.3420376, 11.3143719 ], [ 106.3419741, 11.3140931 ], [ 106.3419431, 11.3138362 ], [ 106.3419256, 11.3135268 ], [ 106.3418109, 11.312809 ], [ 106.3417133, 11.3123682 ], [ 106.3416344, 11.3121393 ], [ 106.3412833, 11.3115161 ], [ 106.3411733, 11.3113016 ], [ 106.3409722, 11.3108639 ], [ 106.3399033, 11.3081175 ], [ 106.3398004, 11.307853 ], [ 106.339591, 11.3073869 ], [ 106.3393902, 11.3069171 ], [ 106.3390187, 11.3059792 ], [ 106.3380622, 11.3033105 ], [ 106.3379987, 11.303148 ], [ 106.3378643, 11.3028512 ], [ 106.3377213, 11.3025841 ], [ 106.3375429, 11.3023505 ], [ 106.3374466, 11.3022392 ], [ 106.337222, 11.3020109 ], [ 106.3369575, 11.3017871 ], [ 106.3366704, 11.301577 ], [ 106.3363872, 11.301348 ], [ 106.3361111, 11.3010931 ], [ 106.3359755, 11.3009545 ], [ 106.3358448, 11.3008114 ], [ 106.3356687, 11.3005394 ], [ 106.3355925, 11.3003966 ], [ 106.3354769, 11.3001312 ], [ 106.3353977, 11.2998883 ], [ 106.3353308, 11.2996306 ], [ 106.335303, 11.2994948 ], [ 106.3352711, 11.2992198 ], [ 106.3352712, 11.2989435 ], [ 106.3353063, 11.2985997 ], [ 106.3353352, 11.298186 ], [ 106.3353406, 11.2977606 ], [ 106.3353208, 11.297325 ], [ 106.3352941, 11.2971038 ], [ 106.3352618, 11.2966596 ], [ 106.3352564, 11.296269 ], [ 106.3352682, 11.2961007 ], [ 106.3352896, 11.2959334 ], [ 106.3353206, 11.2957675 ], [ 106.335361, 11.2956035 ], [ 106.3354099, 11.2954445 ], [ 106.3354677, 11.2952884 ], [ 106.3356024, 11.2949907 ], [ 106.3357172, 11.2947777 ], [ 106.3358496, 11.2945825 ], [ 106.3359243, 11.2944909 ], [ 106.3361068, 11.2943023 ], [ 106.3362062, 11.2942162 ], [ 106.3366036, 11.2939034 ], [ 106.3369894, 11.2935876 ], [ 106.3371742, 11.2934204 ], [ 106.3373625, 11.2932144 ], [ 106.3374486, 11.2931047 ], [ 106.3377725, 11.2926221 ], [ 106.337834, 11.2925419 ], [ 106.3379175, 11.2924468 ], [ 106.3380079, 11.292358 ], [ 106.3381047, 11.2922759 ], [ 106.3382074, 11.292201 ], [ 106.3383154, 11.2921338 ], [ 106.3384282, 11.2920745 ], [ 106.3385451, 11.2920235 ], [ 106.3386656, 11.2919811 ], [ 106.3387889, 11.2919475 ], [ 106.3389967, 11.2919131 ], [ 106.3392889, 11.2918965 ], [ 106.3393693, 11.2918803 ], [ 106.3395949, 11.2918073 ], [ 106.3396678, 11.291796 ], [ 106.3398151, 11.2917978 ], [ 106.3399583, 11.2918317 ], [ 106.340006, 11.2918564 ], [ 106.3400862, 11.2919267 ], [ 106.3401392, 11.2920184 ], [ 106.3401538, 11.2920693 ], [ 106.3401569, 11.2921747 ], [ 106.3401255, 11.2922756 ], [ 106.3399978, 11.2924941 ], [ 106.3399048, 11.2926709 ], [ 106.3397401, 11.2930343 ], [ 106.3396138, 11.2933786 ], [ 106.3395184, 11.2936992 ], [ 106.3394767, 11.293804 ], [ 106.3394262, 11.293905 ], [ 106.3393674, 11.2940016 ], [ 106.3393005, 11.294093 ], [ 106.3392262, 11.2941787 ], [ 106.3391449, 11.2942581 ], [ 106.3389287, 11.2944449 ], [ 106.3388058, 11.2945649 ], [ 106.3385773, 11.2948209 ], [ 106.3383737, 11.2950962 ], [ 106.3382817, 11.2952404 ], [ 106.3381553, 11.2954635 ], [ 106.3380761, 11.2956441 ], [ 106.3380414, 11.2957504 ], [ 106.3379949, 11.2959689 ], [ 106.3379834, 11.29608 ], [ 106.3379802, 11.2962475 ], [ 106.3379986, 11.2963942 ], [ 106.3380226, 11.2964832 ], [ 106.3380559, 11.2965693 ], [ 106.3380982, 11.2966514 ], [ 106.338149, 11.2967289 ], [ 106.3382078, 11.2968007 ], [ 106.3382739, 11.2968661 ], [ 106.3384321, 11.2970133 ], [ 106.3385968, 11.2971536 ], [ 106.3389478, 11.2974339 ], [ 106.3392985, 11.2977393 ], [ 106.3394305, 11.297846 ], [ 106.3397518, 11.2980783 ], [ 106.339851, 11.2981338 ], [ 106.3399821, 11.2981729 ], [ 106.3401189, 11.2981798 ], [ 106.3402533, 11.2981541 ], [ 106.3403172, 11.2981294 ], [ 106.3404334, 11.2980583 ], [ 106.3407898, 11.2977235 ], [ 106.3408923, 11.2976383 ], [ 106.3411117, 11.2974862 ], [ 106.3413478, 11.2973604 ], [ 106.3414711, 11.2973079 ], [ 106.3416261, 11.2972488 ], [ 106.3420936, 11.2970971 ], [ 106.3422406, 11.2970357 ], [ 106.3423838, 11.296966 ], [ 106.3425226, 11.2968883 ], [ 106.3426566, 11.2968029 ], [ 106.3427453, 11.2967358 ], [ 106.3429078, 11.2965847 ], [ 106.3431511, 11.2962916 ], [ 106.3432608, 11.2961753 ], [ 106.3436082, 11.2958579 ], [ 106.3438102, 11.2956354 ], [ 106.3439881, 11.2953939 ], [ 106.3444591, 11.2946198 ], [ 106.3446535, 11.2943559 ], [ 106.3447595, 11.2942305 ], [ 106.3448111, 11.2941497 ], [ 106.3448546, 11.2940644 ], [ 106.3448893, 11.2939753 ], [ 106.344915, 11.2938833 ], [ 106.344918, 11.2938256 ], [ 106.3449114, 11.2937682 ], [ 106.3448954, 11.2937126 ], [ 106.3448704, 11.2936602 ], [ 106.344837, 11.2936126 ], [ 106.3447962, 11.2935709 ], [ 106.344749, 11.2935363 ], [ 106.3446967, 11.2935096 ], [ 106.3446406, 11.2934917 ], [ 106.3445824, 11.2934829 ], [ 106.3443614, 11.293491 ], [ 106.3442, 11.2935069 ], [ 106.3438809, 11.2935638 ], [ 106.3435452, 11.2936573 ], [ 106.3433683, 11.2937161 ], [ 106.3430214, 11.2938518 ], [ 106.3427208, 11.2939518 ], [ 106.3425675, 11.2939921 ], [ 106.3422561, 11.2940526 ], [ 106.3420987, 11.2940727 ], [ 106.3419703, 11.2940788 ], [ 106.3418417, 11.2940756 ], [ 106.3417138, 11.2940633 ], [ 106.3415871, 11.2940418 ], [ 106.3414623, 11.2940113 ], [ 106.3413402, 11.2939719 ], [ 106.3411622, 11.2938989 ], [ 106.3410503, 11.2938271 ], [ 106.3409997, 11.2937802 ], [ 106.3409174, 11.2936705 ], [ 106.340887, 11.2936091 ], [ 106.3408497, 11.2934779 ], [ 106.3408434, 11.2934099 ], [ 106.3408437, 11.2931782 ], [ 106.3408564, 11.2930629 ], [ 106.3409067, 11.2928365 ], [ 106.340944, 11.2927265 ], [ 106.3410983, 11.2923859 ], [ 106.3411458, 11.2922529 ], [ 106.3411843, 11.292117 ], [ 106.3412594, 11.2917449 ], [ 106.341337, 11.2912741 ], [ 106.3413704, 11.2908834 ], [ 106.3413747, 11.2906874 ], [ 106.3413515, 11.2900589 ], [ 106.3413638, 11.2895855 ], [ 106.3413624, 11.2893834 ], [ 106.3413515, 11.2891817 ], [ 106.3413311, 11.2889806 ], [ 106.3413013, 11.2887807 ], [ 106.3412621, 11.2885824 ], [ 106.3411602, 11.288197 ], [ 106.3410353, 11.2878243 ], [ 106.3408863, 11.2874602 ], [ 106.3407927, 11.2871753 ], [ 106.3407294, 11.2868826 ], [ 106.3407093, 11.2867342 ], [ 106.340696, 11.2864489 ], [ 106.3407017, 11.2863062 ], [ 106.3407376, 11.2860228 ], [ 106.3407846, 11.2858135 ], [ 106.3408383, 11.2856629 ], [ 106.3409227, 11.2855071 ], [ 106.3409741, 11.2854346 ], [ 106.3411669, 11.285212 ], [ 106.341308, 11.2850622 ], [ 106.3416052, 11.2847772 ], [ 106.3418113, 11.2845529 ], [ 106.3419947, 11.2843102 ], [ 106.3421888, 11.2840265 ], [ 106.3423082, 11.283876 ], [ 106.3424351, 11.2837315 ], [ 106.3425692, 11.2835934 ], [ 106.3430206, 11.283182 ], [ 106.3432488, 11.2830061 ], [ 106.3435031, 11.2828515 ], [ 106.3437736, 11.2827258 ], [ 106.3439138, 11.2826744 ], [ 106.3441873, 11.2825886 ], [ 106.3443196, 11.2825519 ], [ 106.3445663, 11.2824993 ], [ 106.3446874, 11.2824641 ], [ 106.3448131, 11.282452 ], [ 106.3448918, 11.2824564 ], [ 106.3449694, 11.2824699 ], [ 106.3450449, 11.2824924 ], [ 106.3451171, 11.2825236 ], [ 106.345185, 11.2825629 ], [ 106.3452476, 11.2826098 ], [ 106.3452837, 11.2826484 ], [ 106.3453138, 11.2826917 ], [ 106.3453538, 11.2827887 ], [ 106.3453643, 11.2828927 ], [ 106.3453581, 11.2829448 ], [ 106.3453236, 11.2830437 ], [ 106.3452241, 11.2831957 ], [ 106.3451467, 11.283299 ], [ 106.3450638, 11.2833981 ], [ 106.3447785, 11.2836955 ], [ 106.3445906, 11.2839372 ], [ 106.3445075, 11.2840656 ], [ 106.3443655, 11.2843319 ], [ 106.3443057, 11.2844683 ], [ 106.3442075, 11.2847492 ], [ 106.3441694, 11.2848929 ], [ 106.3441462, 11.2850143 ], [ 106.3441234, 11.2852602 ], [ 106.3441324, 11.2855069 ], [ 106.3441488, 11.2856293 ], [ 106.3442049, 11.2858699 ], [ 106.3443196, 11.2861934 ], [ 106.3444886, 11.2865986 ], [ 106.3446892, 11.287003 ], [ 106.3448039, 11.2872045 ], [ 106.3449264, 11.2874015 ], [ 106.345194, 11.2877811 ], [ 106.3453465, 11.2879768 ], [ 106.3456687, 11.2883545 ], [ 106.346013, 11.2887131 ], [ 106.3463487, 11.2890355 ], [ 106.34659, 11.2892449 ], [ 106.3467046, 11.2893318 ], [ 106.3469304, 11.2894735 ], [ 106.3471514, 11.2895806 ], [ 106.3473827, 11.2896644 ], [ 106.3475906, 11.2896967 ], [ 106.3478011, 11.2896959 ], [ 106.3479133, 11.2896818 ], [ 106.3480239, 11.2896582 ], [ 106.348132, 11.2896254 ], [ 106.3482368, 11.2895835 ], [ 106.3485341, 11.2894443 ], [ 106.3487339, 11.2893629 ], [ 106.3489367, 11.289289 ], [ 106.3493301, 11.2891688 ], [ 106.349711, 11.2890804 ], [ 106.3500971, 11.2890173 ], [ 106.3502777, 11.2889994 ], [ 106.3504571, 11.2889723 ], [ 106.3506349, 11.2889361 ], [ 106.3508105, 11.2888911 ], [ 106.3511332, 11.2887825 ], [ 106.3514435, 11.2886438 ], [ 106.3517025, 11.2884612 ], [ 106.3519413, 11.2882538 ], [ 106.3520524, 11.2881414 ], [ 106.3522546, 11.2879033 ], [ 106.3524314, 11.2876465 ], [ 106.3525097, 11.2875119 ], [ 106.3525532, 11.287402 ], [ 106.3525876, 11.2872891 ], [ 106.3526127, 11.2871739 ], [ 106.3526283, 11.287057 ], [ 106.352632, 11.2868386 ], [ 106.3526063, 11.2866388 ], [ 106.3525831, 11.2865407 ], [ 106.352553, 11.2864443 ], [ 106.352465, 11.2862174 ], [ 106.3524462, 11.2860766 ], [ 106.3524602, 11.2859388 ], [ 106.352504, 11.2858107 ], [ 106.3525311, 11.2857615 ], [ 106.3525714, 11.2857222 ], [ 106.3526049, 11.2857103 ], [ 106.3526386, 11.2857089 ], [ 106.3527563, 11.2857606 ], [ 106.3528088, 11.2857978 ], [ 106.3528888, 11.2858815 ], [ 106.3531488, 11.2863326 ], [ 106.3533668, 11.2866566 ], [ 106.3535963, 11.2869539 ], [ 106.353718, 11.2870972 ], [ 106.353915, 11.2873024 ], [ 106.3540935, 11.2875233 ], [ 106.3542525, 11.2877586 ], [ 106.3543532, 11.2879362 ], [ 106.3544299, 11.2880345 ], [ 106.3545281, 11.2881125 ], [ 106.3545883, 11.2881446 ], [ 106.3547187, 11.2881849 ], [ 106.3547868, 11.2881924 ], [ 106.3549037, 11.2881914 ], [ 106.3549985, 11.2881729 ], [ 106.3550432, 11.2881547 ], [ 106.3551235, 11.288102 ], [ 106.3551638, 11.2880612 ], [ 106.3551971, 11.2880148 ], [ 106.3552396, 11.2879097 ], [ 106.3552469, 11.2877968 ], [ 106.3552049, 11.2874429 ], [ 106.3551973, 11.2872649 ], [ 106.3552071, 11.2869304 ], [ 106.3552447, 11.2866197 ], [ 106.3552737, 11.2864659 ], [ 106.3553388, 11.2862352 ], [ 106.3553814, 11.2861229 ], [ 106.3554304, 11.2860132 ], [ 106.3554858, 11.2859065 ], [ 106.3555473, 11.285803 ], [ 106.3556203, 11.2856955 ], [ 106.3556999, 11.2855926 ], [ 106.3557859, 11.2854948 ], [ 106.3558779, 11.2854023 ], [ 106.3559755, 11.2853155 ], [ 106.3560784, 11.2852349 ], [ 106.3561407, 11.285196 ], [ 106.3561979, 11.28515 ], [ 106.356249, 11.2850977 ], [ 106.3562934, 11.2850398 ], [ 106.3563305, 11.2849771 ], [ 106.3563604, 11.2849085 ], [ 106.3563816, 11.2848368 ], [ 106.3563935, 11.2847631 ], [ 106.3564002, 11.2846951 ], [ 106.3564002, 11.2846154 ], [ 106.3563996, 11.2845535 ], [ 106.3563959, 11.2844741 ], [ 106.3563864, 11.2844045 ], [ 106.3563686, 11.2843365 ], [ 106.3563427, 11.2842711 ], [ 106.3563091, 11.2842091 ], [ 106.3562674, 11.2841504 ], [ 106.3562189, 11.2840971 ], [ 106.3561641, 11.2840498 ], [ 106.356104, 11.2840094 ], [ 106.3560393, 11.2839764 ], [ 106.3559309, 11.2839276 ], [ 106.3557944, 11.283874 ], [ 106.3556146, 11.2838042 ], [ 106.3554319, 11.283742 ], [ 106.3552466, 11.2836876 ], [ 106.3550591, 11.2836409 ], [ 106.3548616, 11.2836006 ], [ 106.3546625, 11.2835691 ], [ 106.3544621, 11.2835462 ], [ 106.3542609, 11.2835321 ], [ 106.3540592, 11.2835269 ], [ 106.3538575, 11.2835304 ], [ 106.3537899, 11.2835255 ], [ 106.3537235, 11.2835119 ], [ 106.3536596, 11.2834899 ], [ 106.3535991, 11.2834599 ], [ 106.3535432, 11.2834223 ], [ 106.3534927, 11.2833779 ], [ 106.3534516, 11.2833311 ], [ 106.3534166, 11.2832798 ], [ 106.3533882, 11.2832247 ], [ 106.3533669, 11.2831666 ], [ 106.3533529, 11.2831064 ], [ 106.353333, 11.2829954 ], [ 106.3533203, 11.2828834 ], [ 106.3533148, 11.2827708 ], [ 106.3533167, 11.28251 ], [ 106.353326, 11.2822493 ], [ 106.3533425, 11.281989 ], [ 106.3533635, 11.2817569 ], [ 106.3533904, 11.2815254 ], [ 106.353423, 11.2812946 ], [ 106.3534401, 11.2811976 ], [ 106.3534649, 11.2811022 ], [ 106.3534972, 11.2810091 ], [ 106.353537, 11.2809187 ], [ 106.3535839, 11.2808317 ], [ 106.353635, 11.2807524 ], [ 106.353692, 11.2806771 ], [ 106.3537545, 11.2806062 ], [ 106.3538224, 11.2805401 ], [ 106.3538736, 11.2804871 ], [ 106.353951, 11.2804344 ], [ 106.3540111, 11.2803952 ], [ 106.3540748, 11.2803619 ], [ 106.3541415, 11.2803349 ], [ 106.3542105, 11.2803143 ], [ 106.3542813, 11.2803003 ], [ 106.3543642, 11.2802927 ], [ 106.3544475, 11.2802942 ], [ 106.3545301, 11.2803049 ], [ 106.3546109, 11.2803245 ], [ 106.354681, 11.2803477 ], [ 106.354744, 11.2803634 ], [ 106.3547999, 11.2803668 ], [ 106.3548557, 11.2803629 ], [ 106.3549106, 11.280352 ], [ 106.3549636, 11.2803341 ], [ 106.3550137, 11.2803096 ], [ 106.3550601, 11.2802789 ], [ 106.3551021, 11.2802424 ], [ 106.3551406, 11.2801986 ], [ 106.3551727, 11.2801499 ], [ 106.3551976, 11.2800973 ], [ 106.3552149, 11.2800419 ], [ 106.3552242, 11.2799847 ], [ 106.3552321, 11.2799005 ], [ 106.3552327, 11.2797923 ], [ 106.3552306, 11.2796576 ], [ 106.3552192, 11.2795234 ], [ 106.3551986, 11.2793902 ], [ 106.3551709, 11.2792664 ], [ 106.3551352, 11.2791446 ], [ 106.3550916, 11.2790252 ], [ 106.3550082, 11.2788194 ], [ 106.3548001, 11.2783116 ], [ 106.3547324, 11.2781404 ], [ 106.3546578, 11.277972 ], [ 106.3545763, 11.2778067 ], [ 106.3544757, 11.277623 ], [ 106.3543665, 11.277444 ], [ 106.3542491, 11.2772701 ], [ 106.354175, 11.2771811 ], [ 106.3541066, 11.2770879 ], [ 106.3540442, 11.2769907 ], [ 106.3539879, 11.27689 ], [ 106.353938, 11.2767861 ], [ 106.3538908, 11.2766688 ], [ 106.3538517, 11.2765487 ], [ 106.3538209, 11.2764263 ], [ 106.3537905, 11.2763047 ], [ 106.3537696, 11.2761938 ], [ 106.3537529, 11.2760945 ], [ 106.3537404, 11.275989 ], [ 106.3537349, 11.2758829 ], [ 106.3537364, 11.2757767 ], [ 106.3537449, 11.2756708 ], [ 106.3537602, 11.275566 ], [ 106.3537824, 11.2754624 ], [ 106.3538113, 11.2753604 ], [ 106.3538468, 11.2752604 ], [ 106.3539163, 11.2750971 ], [ 106.3539772, 11.2749304 ], [ 106.3540292, 11.2747609 ], [ 106.3540723, 11.274589 ], [ 106.3541063, 11.2744152 ], [ 106.3541311, 11.2742398 ], [ 106.3541463, 11.2740696 ], [ 106.3541528, 11.2738988 ], [ 106.3541506, 11.2737279 ], [ 106.35414, 11.2736112 ], [ 106.3541353, 11.2734942 ], [ 106.3541365, 11.273377 ], [ 106.3541437, 11.2732579 ], [ 106.3541571, 11.2731392 ], [ 106.3541765, 11.2730213 ], [ 106.3541811, 11.2728978 ], [ 106.3541784, 11.2727742 ], [ 106.3541686, 11.272651 ], [ 106.3541507, 11.2725224 ], [ 106.354125, 11.2723951 ], [ 106.3540916, 11.2722694 ], [ 106.3540184, 11.272117 ], [ 106.3539184, 11.2719508 ], [ 106.3537944, 11.2717505 ], [ 106.3536789, 11.2715453 ], [ 106.3535722, 11.2713357 ], [ 106.3534743, 11.2711219 ], [ 106.3533854, 11.2709044 ], [ 106.3533158, 11.2707129 ], [ 106.3532532, 11.2705192 ], [ 106.3531977, 11.2703233 ], [ 106.3531493, 11.2701257 ], [ 106.3531082, 11.2699265 ], [ 106.3530743, 11.2697259 ], [ 106.3530361, 11.2694243 ], [ 106.3530037, 11.269122 ], [ 106.3529771, 11.2688192 ], [ 106.3529563, 11.2685159 ], [ 106.35294, 11.2681805 ], [ 106.3529308, 11.2678448 ], [ 106.3529286, 11.267509 ], [ 106.3529336, 11.2671732 ], [ 106.3529348, 11.266885 ], [ 106.3529258, 11.266684 ], [ 106.3528981, 11.2665316 ], [ 106.3528626, 11.2663808 ], [ 106.3528194, 11.2662319 ], [ 106.3527685, 11.2660853 ], [ 106.3527128, 11.2659476 ], [ 106.3526504, 11.2658127 ], [ 106.3525814, 11.2656808 ], [ 106.3525059, 11.2655525 ], [ 106.3524242, 11.2654278 ], [ 106.3523364, 11.2653072 ], [ 106.3522214, 11.2651488 ], [ 106.3521103, 11.2650013 ], [ 106.3519703, 11.264817 ], [ 106.351823, 11.264638 ], [ 106.3516688, 11.2644649 ], [ 106.3515238, 11.2643137 ], [ 106.3513733, 11.2641676 ], [ 106.3512178, 11.2640268 ], [ 106.3510653, 11.2639125 ], [ 106.3509683, 11.2638446 ], [ 106.3508821, 11.263793 ], [ 106.350799, 11.2637366 ], [ 106.3507193, 11.2636757 ], [ 106.3506338, 11.2636019 ], [ 106.3505532, 11.2635229 ], [ 106.350486, 11.2634469 ], [ 106.3504461, 11.2633663 ], [ 106.3504224, 11.2632906 ], [ 106.3504072, 11.2632129 ], [ 106.3504006, 11.263134 ], [ 106.3504028, 11.2630549 ], [ 106.3504128, 11.2629813 ], [ 106.3504303, 11.262909 ], [ 106.3504553, 11.2628388 ], [ 106.3504873, 11.2627715 ], [ 106.3505262, 11.2627077 ], [ 106.3505667, 11.2626595 ], [ 106.3506127, 11.2626161 ], [ 106.3506634, 11.2625783 ], [ 106.3507183, 11.2625465 ], [ 106.3507765, 11.2625211 ], [ 106.3508373, 11.2625025 ], [ 106.3509034, 11.2624905 ], [ 106.3509705, 11.2624865 ], [ 106.3510376, 11.2624906 ], [ 106.3511037, 11.2625026 ], [ 106.3511678, 11.2625225 ], [ 106.351245, 11.2625472 ], [ 106.3513526, 11.2625638 ], [ 106.3514771, 11.2625684 ], [ 106.3516015, 11.2625638 ], [ 106.3517252, 11.2625499 ], [ 106.3518393, 11.2625286 ], [ 106.3519516, 11.2624995 ], [ 106.3520615, 11.2624627 ], [ 106.3521685, 11.2624183 ], [ 106.352272, 11.2623666 ], [ 106.3523716, 11.2623079 ], [ 106.3525426, 11.2622194 ], [ 106.3527172, 11.2621377 ], [ 106.3528949, 11.262063 ], [ 106.3530756, 11.2619954 ], [ 106.3532588, 11.2619349 ], [ 106.3534445, 11.2618817 ], [ 106.3536377, 11.2618346 ], [ 106.3538328, 11.2617954 ], [ 106.3540294, 11.2617642 ], [ 106.3542271, 11.2617409 ], [ 106.3544203, 11.261731 ], [ 106.3546474, 11.2617259 ], [ 106.354869, 11.2617195 ], [ 106.3550904, 11.2617066 ], [ 106.3553113, 11.261687 ], [ 106.3555712, 11.2616556 ], [ 106.3558299, 11.2616151 ], [ 106.3560869, 11.2615655 ], [ 106.3563412, 11.2615029 ], [ 106.3566564, 11.261419 ], [ 106.3569697, 11.2613286 ], [ 106.357281, 11.2612318 ], [ 106.3575901, 11.2611285 ], [ 106.3578969, 11.2610189 ], [ 106.3580644, 11.2609715 ], [ 106.3582342, 11.2609328 ], [ 106.3584058, 11.2609029 ], [ 106.3585788, 11.2608818 ], [ 106.3587526, 11.2608696 ], [ 106.3589269, 11.2608663 ], [ 106.3590784, 11.2608707 ], [ 106.3592296, 11.2608819 ], [ 106.3593801, 11.2608999 ], [ 106.3595297, 11.2609245 ], [ 106.3596779, 11.2609557 ], [ 106.3598114, 11.2610083 ], [ 106.359942, 11.2610674 ], [ 106.3600693, 11.2611329 ], [ 106.3601932, 11.2612047 ], [ 106.3603131, 11.2612825 ], [ 106.3604289, 11.2613661 ], [ 106.3605344, 11.2614505 ], [ 106.3606357, 11.2615397 ], [ 106.3607324, 11.2616335 ], [ 106.3608245, 11.2617318 ], [ 106.3610399, 11.2619913 ], [ 106.3612497, 11.2622552 ], [ 106.361429, 11.2624904 ], [ 106.3616037, 11.2627287 ], [ 106.3616492, 11.2627936 ], [ 106.3617014, 11.2628534 ], [ 106.3617598, 11.2629074 ], [ 106.3618237, 11.262955 ], [ 106.3618829, 11.2629906 ], [ 106.3619453, 11.2630208 ], [ 106.3620102, 11.2630452 ], [ 106.3620772, 11.2630637 ], [ 106.3621589, 11.2630707 ], [ 106.3622691, 11.2630519 ], [ 106.3623908, 11.2630203 ], [ 106.3625103, 11.2629813 ], [ 106.362618, 11.2629389 ], [ 106.3627229, 11.2628904 ], [ 106.3628248, 11.2628361 ], [ 106.3629234, 11.2627761 ], [ 106.3630391, 11.2627222 ], [ 106.3631513, 11.2626614 ], [ 106.3632595, 11.2625941 ], [ 106.3633634, 11.2625204 ], [ 106.3634624, 11.2624407 ], [ 106.3635564, 11.2623552 ], [ 106.3636525, 11.2622558 ], [ 106.3637417, 11.2621504 ], [ 106.3638236, 11.2620395 ], [ 106.3638979, 11.2619234 ], [ 106.3639748, 11.2617818 ], [ 106.3640443, 11.26164 ], [ 106.3641178, 11.2614741 ], [ 106.3641844, 11.2613055 ], [ 106.3642441, 11.2611344 ], [ 106.3642967, 11.260961 ], [ 106.3643375, 11.260805 ], [ 106.3643726, 11.2606476 ], [ 106.3644019, 11.2604891 ], [ 106.3644174, 11.2603665 ], [ 106.3644246, 11.2602463 ], [ 106.3644169, 11.2601633 ], [ 106.3644022, 11.2600812 ], [ 106.3643808, 11.2600005 ], [ 106.3643527, 11.2599218 ], [ 106.3643181, 11.2598456 ], [ 106.364272, 11.2597639 ], [ 106.3642184, 11.2596866 ], [ 106.3641578, 11.2596144 ], [ 106.3640907, 11.259548 ], [ 106.3640177, 11.2594879 ], [ 106.3639234, 11.259456 ], [ 106.3638274, 11.2594295 ], [ 106.36373, 11.2594086 ], [ 106.3636315, 11.2593932 ], [ 106.3635122, 11.2593821 ], [ 106.3633925, 11.2593792 ], [ 106.3632728, 11.2593845 ], [ 106.3631538, 11.259398 ], [ 106.3630092, 11.2594169 ], [ 106.3628528, 11.2594247 ], [ 106.3626911, 11.2594215 ], [ 106.3625297, 11.2594098 ], [ 106.3623691, 11.2593899 ], [ 106.3622099, 11.2593616 ], [ 106.3620618, 11.2593276 ], [ 106.3619157, 11.2592863 ], [ 106.3617718, 11.259238 ], [ 106.3616306, 11.2591827 ], [ 106.3615102, 11.2591033 ], [ 106.3613954, 11.2590164 ], [ 106.3612866, 11.2589223 ], [ 106.3611842, 11.2588216 ], [ 106.3610887, 11.2587145 ], [ 106.3610063, 11.2586094 ], [ 106.3609305, 11.2584997 ], [ 106.3608616, 11.2583856 ], [ 106.3607998, 11.2582677 ], [ 106.3607454, 11.2581463 ], [ 106.3607126, 11.2580278 ], [ 106.3606869, 11.2579077 ], [ 106.3606686, 11.2577862 ], [ 106.3606577, 11.257664 ], [ 106.3606542, 11.2575412 ], [ 106.3606589, 11.2574075 ], [ 106.3606724, 11.2572743 ], [ 106.3606946, 11.2571422 ], [ 106.3607255, 11.2570119 ], [ 106.360765, 11.2568837 ], [ 106.3608128, 11.2567584 ], [ 106.3608688, 11.2566363 ], [ 106.3608975, 11.2565596 ], [ 106.3609185, 11.2564805 ], [ 106.3609315, 11.2563997 ], [ 106.3609364, 11.2563181 ], [ 106.3609332, 11.2562365 ], [ 106.360923, 11.2561613 ], [ 106.3609059, 11.2560874 ], [ 106.360882, 11.2560152 ], [ 106.3608516, 11.2559455 ], [ 106.3608149, 11.2558788 ], [ 106.3607562, 11.2558392 ], [ 106.3606918, 11.2558077 ], [ 106.3605942, 11.2557897 ], [ 106.3604153, 11.2557704 ], [ 106.3602358, 11.2557577 ], [ 106.3600398, 11.2557513 ], [ 106.3598438, 11.2557526 ], [ 106.3596479, 11.2557618 ], [ 106.3594365, 11.2557787 ], [ 106.3591878, 11.255768 ], [ 106.3589233, 11.2557513 ], [ 106.3586592, 11.2557285 ], [ 106.3583958, 11.2556998 ], [ 106.3580962, 11.2556598 ], [ 106.3577977, 11.255612 ], [ 106.3575006, 11.2555565 ], [ 106.3573364, 11.2555216 ], [ 106.357174, 11.2554795 ], [ 106.3570137, 11.2554302 ], [ 106.3568558, 11.2553738 ], [ 106.3567006, 11.2553105 ], [ 106.3565307, 11.2552316 ], [ 106.356365, 11.2551443 ], [ 106.3562041, 11.2550489 ], [ 106.3560483, 11.2549457 ], [ 106.355898, 11.2548348 ], [ 106.3557536, 11.2547167 ], [ 106.3556155, 11.2545915 ], [ 106.355484, 11.2544596 ], [ 106.3553595, 11.2543214 ], [ 106.3549462, 11.253875 ], [ 106.3547522, 11.2536869 ], [ 106.3545525, 11.2535047 ], [ 106.3543472, 11.2533286 ], [ 106.3541365, 11.2531586 ], [ 106.3539317, 11.2530032 ], [ 106.3537223, 11.2528537 ], [ 106.3535087, 11.2527102 ], [ 106.3532909, 11.2525728 ], [ 106.3530692, 11.2524416 ], [ 106.3528651, 11.2523273 ], [ 106.3527001, 11.2522109 ], [ 106.3525616, 11.2520987 ], [ 106.3524283, 11.2519806 ], [ 106.3523005, 11.2518568 ], [ 106.3521784, 11.2517276 ], [ 106.3520583, 11.2515881 ], [ 106.351945, 11.2514434 ], [ 106.3518385, 11.2512936 ], [ 106.3517392, 11.2511392 ], [ 106.3516474, 11.2509804 ], [ 106.3515611, 11.2508186 ], [ 106.3514808, 11.2506538 ], [ 106.3514067, 11.2504863 ], [ 106.3513388, 11.2503163 ], [ 106.3512772, 11.2501439 ], [ 106.3512238, 11.2499753 ], [ 106.3511765, 11.249805 ], [ 106.3511353, 11.2496331 ], [ 106.3511002, 11.2494599 ], [ 106.351089, 11.2493568 ], [ 106.3510856, 11.2492532 ], [ 106.3510898, 11.2491495 ], [ 106.3511018, 11.2490465 ], [ 106.3511214, 11.2489446 ], [ 106.3511485, 11.2488443 ], [ 106.3511859, 11.2487389 ], [ 106.3512317, 11.2486367 ], [ 106.3512855, 11.2485384 ], [ 106.3513631, 11.2484603 ], [ 106.3514979, 11.2484054 ], [ 106.3516503, 11.2483721 ], [ 106.3518039, 11.2483448 ], [ 106.3519585, 11.2483235 ], [ 106.3521298, 11.2483069 ], [ 106.3523017, 11.2482976 ], [ 106.3524738, 11.2482957 ], [ 106.3526459, 11.2483011 ], [ 106.3528176, 11.2483139 ], [ 106.3529724, 11.248334 ], [ 106.3531599, 11.2483074 ], [ 106.3533302, 11.2482741 ], [ 106.3534989, 11.2482341 ], [ 106.3536658, 11.2481873 ], [ 106.3538307, 11.2481341 ], [ 106.3540218, 11.248063 ], [ 106.3542092, 11.2479831 ], [ 106.3543925, 11.2478946 ], [ 106.3545713, 11.2477976 ], [ 106.3547453, 11.2476924 ], [ 106.3549139, 11.2475792 ], [ 106.3550768, 11.2474582 ], [ 106.3552337, 11.2473298 ], [ 106.3554132, 11.2471712 ], [ 106.3555978, 11.2469634 ], [ 106.3557246, 11.2468192 ], [ 106.3558439, 11.2466691 ], [ 106.3559555, 11.2465132 ], [ 106.356059, 11.2463522 ], [ 106.3561541, 11.2461862 ], [ 106.356241, 11.2460153 ], [ 106.3563191, 11.2458403 ], [ 106.3563882, 11.2456617 ], [ 106.3564481, 11.2454799 ], [ 106.3564986, 11.2452955 ], [ 106.3565558, 11.2450772 ], [ 106.3566668, 11.2446932 ], [ 106.3567833, 11.2443109 ], [ 106.3569055, 11.2439303 ], [ 106.3570332, 11.2435514 ], [ 106.3571989, 11.2430853 ], [ 106.357373, 11.2426222 ], [ 106.3575554, 11.2421622 ], [ 106.3577462, 11.2417054 ], [ 106.3579076, 11.2412889 ], [ 106.3581115, 11.2408049 ], [ 106.3583851, 11.2402682 ], [ 106.3584721, 11.2401091 ], [ 106.3585672, 11.2399545 ], [ 106.3586701, 11.2398048 ], [ 106.3587805, 11.2396604 ], [ 106.3588981, 11.2395215 ], [ 106.3590228, 11.2393887 ], [ 106.3591541, 11.2392621 ], [ 106.3592917, 11.2391422 ], [ 106.3594351, 11.2390294 ], [ 106.3595841, 11.2389237 ], [ 106.3597383, 11.2388255 ], [ 106.3598974, 11.238735 ], [ 106.3600609, 11.2386525 ], [ 106.3602284, 11.2385781 ], [ 106.3603995, 11.238512 ], [ 106.3605952, 11.2384413 ], [ 106.3608466, 11.2383453 ], [ 106.3610375, 11.2382718 ], [ 106.3611861, 11.2382169 ], [ 106.3613376, 11.2381703 ], [ 106.3614916, 11.2381321 ], [ 106.3616475, 11.2381024 ], [ 106.3618048, 11.2380813 ], [ 106.3619631, 11.2380689 ], [ 106.3621263, 11.2380652 ], [ 106.3622895, 11.2380708 ], [ 106.362452, 11.2380856 ], [ 106.3626134, 11.2381095 ], [ 106.3627188, 11.2381435 ], [ 106.3628213, 11.2381851 ], [ 106.3629203, 11.238234 ], [ 106.3630153, 11.2382901 ], [ 106.3631058, 11.238353 ], [ 106.3631935, 11.2384243 ], [ 106.3632753, 11.238502 ], [ 106.3633509, 11.2385856 ], [ 106.3634197, 11.2386747 ], [ 106.3634813, 11.2387687 ], [ 106.3635599, 11.2388731 ], [ 106.3636444, 11.238973 ], [ 106.3637345, 11.2390681 ], [ 106.36383, 11.239158 ], [ 106.3639401, 11.2392501 ], [ 106.3640557, 11.2393354 ], [ 106.3641765, 11.2394136 ], [ 106.364302, 11.2394842 ], [ 106.3644106, 11.2395635 ], [ 106.3645141, 11.2396491 ], [ 106.3646122, 11.2397406 ], [ 106.3647046, 11.2398376 ], [ 106.3647908, 11.23994 ], [ 106.3648707, 11.2400472 ], [ 106.3649465, 11.2401634 ], [ 106.3650149, 11.240284 ], [ 106.3650754, 11.2404086 ], [ 106.3651279, 11.2405366 ], [ 106.3651722, 11.2406676 ], [ 106.3652081, 11.240801 ], [ 106.3652462, 11.2409469 ], [ 106.3652941, 11.2410695 ], [ 106.3653613, 11.2411986 ], [ 106.3654367, 11.2413233 ], [ 106.36552, 11.241443 ], [ 106.365611, 11.2415573 ], [ 106.3657061, 11.2416625 ], [ 106.3658078, 11.2417618 ], [ 106.3659155, 11.2418548 ], [ 106.3660288, 11.2419411 ], [ 106.3661474, 11.2420203 ], [ 106.3665041, 11.2422228 ], [ 106.3669028, 11.2424207 ], [ 106.3672784, 11.2426374 ], [ 106.3676505, 11.24286 ], [ 106.3680188, 11.2430886 ], [ 106.3684055, 11.2433375 ], [ 106.3687879, 11.2435928 ], [ 106.3691657, 11.2438546 ], [ 106.3695389, 11.2441227 ], [ 106.3699073, 11.2443971 ], [ 106.3702709, 11.2446776 ], [ 106.3703349, 11.2447222 ], [ 106.370403, 11.2447606 ], [ 106.3704746, 11.2447922 ], [ 106.370549, 11.2448169 ], [ 106.3706255, 11.2448344 ], [ 106.3707034, 11.2448445 ], [ 106.3707819, 11.2448471 ], [ 106.3708603, 11.2448422 ], [ 106.3709378, 11.2448299 ], [ 106.3710153, 11.2448098 ], [ 106.3710903, 11.2447822 ], [ 106.3711622, 11.2447475 ], [ 106.3712302, 11.244706 ], [ 106.3712937, 11.2446581 ], [ 106.371352, 11.2446043 ], [ 106.3714046, 11.244545 ], [ 106.3714509, 11.2444809 ], [ 106.3714906, 11.2444127 ], [ 106.3715232, 11.2443409 ], [ 106.3715483, 11.2442663 ], [ 106.3716642, 11.2439161 ], [ 106.3717888, 11.2435688 ], [ 106.3719221, 11.2432246 ], [ 106.3720641, 11.2428837 ], [ 106.3722145, 11.2425464 ], [ 106.3723758, 11.2422081 ], [ 106.3725456, 11.2418738 ], [ 106.3727239, 11.2415438 ], [ 106.3729105, 11.2412183 ], [ 106.3731054, 11.2408974 ], [ 106.3749724, 11.2381402 ], [ 106.3750687, 11.2380087 ], [ 106.3751706, 11.2378815 ], [ 106.375278, 11.2377586 ], [ 106.3753906, 11.2376403 ], [ 106.3755083, 11.2375269 ], [ 106.3756267, 11.2374221 ], [ 106.3757494, 11.2373222 ], [ 106.3758762, 11.2372273 ], [ 106.3760069, 11.2371376 ], [ 106.3761359, 11.2370639 ], [ 106.3762763, 11.236987 ], [ 106.3764078, 11.2369142 ], [ 106.3765355, 11.2368351 ], [ 106.376659, 11.23675 ], [ 106.3767782, 11.236659 ], [ 106.3768926, 11.2365624 ], [ 106.3769969, 11.2364653 ], [ 106.3770964, 11.2363636 ], [ 106.377191, 11.2362574 ], [ 106.3772804, 11.236147 ], [ 106.3773234, 11.2360905 ], [ 106.3773644, 11.2360326 ], [ 106.3774297, 11.2359307 ], [ 106.3774887, 11.2358252 ], [ 106.3775414, 11.2357164 ], [ 106.3775875, 11.2356049 ], [ 106.3776268, 11.2354908 ], [ 106.3778407, 11.2348759 ], [ 106.3779097, 11.234682 ], [ 106.3779726, 11.2344861 ], [ 106.3780319, 11.2342787 ], [ 106.3780844, 11.2340696 ], [ 106.37813, 11.2338589 ], [ 106.3781687, 11.2336469 ], [ 106.3782004, 11.2334338 ], [ 106.3782251, 11.2332197 ], [ 106.3782409, 11.2329589 ], [ 106.378251, 11.2326979 ], [ 106.3782554, 11.2324367 ], [ 106.3782526, 11.2320916 ], [ 106.3782398, 11.2317467 ], [ 106.3782171, 11.2314023 ], [ 106.3781846, 11.2310587 ], [ 106.3781864, 11.2308162 ], [ 106.3781967, 11.2305738 ], [ 106.3782154, 11.230332 ], [ 106.3782425, 11.2300909 ], [ 106.3782756, 11.2298651 ], [ 106.3783162, 11.2296404 ], [ 106.3784641, 11.2292293 ], [ 106.3787693, 11.2287838 ], [ 106.3788718, 11.2286409 ], [ 106.379036, 11.2284978 ], [ 106.3792213, 11.2284359 ], [ 106.3793655, 11.2284148 ], [ 106.3795099, 11.2284142 ], [ 106.3797573, 11.2283927 ], [ 106.3799636, 11.2284121 ], [ 106.3801702, 11.2284722 ], [ 106.3804182, 11.2286134 ], [ 106.3808735, 11.2289367 ], [ 106.381349, 11.2292193 ], [ 106.3816589, 11.2293196 ], [ 106.3818858, 11.2293185 ], [ 106.382607, 11.2292135 ], [ 106.3828536, 11.2290496 ], [ 106.3832029, 11.2287835 ], [ 106.3835412, 11.228365 ], [ 106.3837041, 11.2279168 ], [ 106.3837645, 11.2276113 ], [ 106.3838047, 11.2274078 ], [ 106.3838242, 11.2271636 ], [ 106.3838231, 11.2269398 ], [ 106.3838014, 11.2266958 ], [ 106.3837384, 11.2264724 ], [ 106.3835513, 11.2261478 ], [ 106.3833021, 11.2257829 ], [ 106.3828672, 11.2253779 ], [ 106.3826287, 11.2251045 ], [ 106.3822758, 11.2246179 ], [ 106.3820883, 11.2242324 ], [ 106.381942, 11.2238059 ], [ 106.3816909, 11.2230544 ], [ 106.3813149, 11.2220189 ], [ 106.3807218, 11.2208926 ], [ 106.3803886, 11.2202229 ], [ 106.3800754, 11.2193904 ], [ 106.3798662, 11.2187608 ], [ 106.3798124, 11.2182831 ], [ 106.3798519, 11.2179168 ], [ 106.3799537, 11.2176315 ], [ 106.3800972, 11.2174478 ], [ 106.3803025, 11.2172638 ], [ 106.3805287, 11.217161 ], [ 106.3811261, 11.2169955 ], [ 106.3815584, 11.2168511 ], [ 106.3819492, 11.2166459 ], [ 106.3822778, 11.2163596 ], [ 106.3828322, 11.2158689 ], [ 106.3837151, 11.2150918 ], [ 106.3845687, 11.2146099 ], [ 106.3854742, 11.2142598 ], [ 106.3864415, 11.2138485 ], [ 106.3869768, 11.2136834 ], [ 106.3873679, 11.2135391 ], [ 106.387718, 11.2134358 ], [ 106.3879856, 11.2133532 ], [ 106.3887881, 11.2130037 ], [ 106.3890648, 11.2126464 ], [ 106.3891872, 11.2123611 ], [ 106.3892064, 11.2120762 ], [ 106.3891846, 11.2118119 ], [ 106.3888521, 11.2112845 ], [ 106.3881874, 11.2102707 ], [ 106.3875841, 11.2091547 ], [ 106.3870935, 11.2078857 ], [ 106.3869874, 11.2072556 ], [ 106.3869641, 11.2066862 ], [ 106.3869411, 11.2061981 ], [ 106.3869376, 11.2054658 ], [ 106.386881, 11.2043982 ], [ 106.3868364, 11.2036865 ], [ 106.3867729, 11.2033613 ], [ 106.3867096, 11.2030362 ], [ 106.3866255, 11.2027111 ], [ 106.386397, 11.2023665 ], [ 106.3860958, 11.2018898 ], [ 106.3857641, 11.2015252 ], [ 106.3855571, 11.2013634 ], [ 106.3852886, 11.2012426 ], [ 106.3850819, 11.2011419 ], [ 106.3848544, 11.2010006 ], [ 106.3847094, 11.2008588 ], [ 106.3846055, 11.2006967 ], [ 106.3844807, 11.2004733 ], [ 106.3844385, 11.2002701 ], [ 106.3844165, 11.1999856 ], [ 106.384415, 11.1996601 ], [ 106.3844118, 11.1989889 ], [ 106.3842755, 11.1985114 ], [ 106.384129, 11.1980647 ], [ 106.3840442, 11.1975769 ], [ 106.3840222, 11.1972719 ], [ 106.3840411, 11.196926 ], [ 106.3840398, 11.1966411 ], [ 106.3840584, 11.1962139 ], [ 106.3841185, 11.1958475 ], [ 106.3841684, 11.1954913 ], [ 106.3841674, 11.1952879 ], [ 106.3841458, 11.1950846 ], [ 106.3841039, 11.1949425 ], [ 106.3840208, 11.1948005 ], [ 106.3839378, 11.1946991 ], [ 106.3838747, 11.194435 ], [ 106.3837899, 11.1939472 ], [ 106.3837873, 11.193398 ], [ 106.383929, 11.1928482 ], [ 106.3841742, 11.1923792 ], [ 106.3847386, 11.1918172 ], [ 106.3852931, 11.1913671 ], [ 106.3860119, 11.1907739 ], [ 106.3862375, 11.1905084 ], [ 106.386545, 11.1901409 ], [ 106.3867086, 11.1898553 ], [ 106.3870156, 11.1893657 ], [ 106.3873213, 11.1886118 ], [ 106.3875545, 11.1877868 ], [ 106.3877155, 11.1869522 ], [ 106.3877134, 11.186525 ], [ 106.3877121, 11.1862606 ], [ 106.3877521, 11.1859959 ], [ 106.3878338, 11.1858125 ], [ 106.3879979, 11.1856286 ], [ 106.3882033, 11.1854853 ], [ 106.3886871, 11.1853305 ], [ 106.3893224, 11.185175 ], [ 106.3894492, 11.185144 ], [ 106.3904793, 11.1849764 ], [ 106.3914473, 11.1847685 ], [ 106.3923332, 11.184622 ], [ 106.3932813, 11.1845566 ], [ 106.3942191, 11.184481 ], [ 106.3949816, 11.1844164 ], [ 106.3955785, 11.1841899 ], [ 106.3960513, 11.1838826 ], [ 106.3963799, 11.1836166 ], [ 106.3968518, 11.1831465 ], [ 106.397221, 11.1827177 ], [ 106.3973436, 11.1825136 ], [ 106.3976099, 11.1821463 ], [ 106.398, 11.1817987 ], [ 106.3983288, 11.1815734 ], [ 106.3987713, 11.1814188 ], [ 106.3992868, 11.1814164 ], [ 106.4003596, 11.1815537 ], [ 106.4015363, 11.1818534 ], [ 106.4028171, 11.1823762 ], [ 106.4038094, 11.1829207 ], [ 106.4043165, 11.183315 ], [ 106.404773, 11.183923 ], [ 106.4049188, 11.1842478 ], [ 106.4049823, 11.184573 ], [ 106.4049632, 11.1848782 ], [ 106.4049446, 11.1853259 ], [ 106.4048646, 11.1858346 ], [ 106.4046202, 11.1864664 ], [ 106.4044691, 11.1871891 ], [ 106.4044496, 11.187413 ], [ 106.4044718, 11.1877384 ], [ 106.4045551, 11.187921 ], [ 106.4046999, 11.1880221 ], [ 106.4048859, 11.1881025 ], [ 106.4050306, 11.1881629 ], [ 106.4051335, 11.1881421 ], [ 106.4053598, 11.1880394 ], [ 106.4055034, 11.1878962 ], [ 106.4056672, 11.1876514 ], [ 106.4058304, 11.1873048 ], [ 106.4059522, 11.1868974 ], [ 106.4060534, 11.1865105 ], [ 106.4062167, 11.1861436 ], [ 106.4064409, 11.185634 ], [ 106.4068094, 11.1850628 ], [ 106.4074656, 11.1843478 ], [ 106.4078144, 11.1839799 ], [ 106.4081641, 11.1838156 ], [ 106.4086585, 11.1837319 ], [ 106.4089474, 11.1837509 ], [ 106.4092981, 11.1838102 ], [ 106.4096902, 11.1838694 ], [ 106.4100511, 11.1838778 ], [ 106.4102365, 11.1838567 ], [ 106.410401, 11.1837746 ], [ 106.4105856, 11.1835906 ], [ 106.4106877, 11.1833664 ], [ 106.4106868, 11.1831833 ], [ 106.4106651, 11.1829597 ], [ 106.4105403, 11.1827365 ], [ 106.4101252, 11.1821689 ], [ 106.4099179, 11.1819258 ], [ 106.4097309, 11.181642 ], [ 106.4096468, 11.1812965 ], [ 106.4096028, 11.1807272 ], [ 106.409671, 11.1799031 ], [ 106.4098118, 11.1791702 ], [ 106.4099547, 11.1788848 ], [ 106.41018, 11.1785582 ], [ 106.4103023, 11.1782932 ], [ 106.4103625, 11.1779472 ], [ 106.4104014, 11.1774791 ], [ 106.4102829, 11.1764118 ], [ 106.4102798, 11.175761 ], [ 106.4100266, 11.174562 ], [ 106.4098584, 11.1738916 ], [ 106.4098835, 11.1734339 ], [ 106.4099452, 11.173026 ], [ 106.4100632, 11.1727497 ], [ 106.4102282, 11.1725248 ], [ 106.4104334, 11.1723511 ], [ 106.410664, 11.1722498 ], [ 106.4109296, 11.1722024 ], [ 106.4111254, 11.1722142 ], [ 106.4112729, 11.172334 ], [ 106.4113842, 11.1724643 ], [ 106.4119086, 11.1732155 ], [ 106.4122224, 11.173526 ], [ 106.4126649, 11.1738589 ], [ 106.4130753, 11.173997 ], [ 106.415602, 11.1743733 ], [ 106.4159688, 11.1743838 ], [ 106.4164194, 11.1743509 ], [ 106.4167929, 11.1742562 ], [ 106.4170772, 11.1740759 ], [ 106.4175157, 11.1737089 ], [ 106.4179677, 11.173255 ], [ 106.4184156, 11.1728971 ], [ 106.4188662, 11.1726471 ], [ 106.4193356, 11.1725077 ], [ 106.420328, 11.172355 ], [ 106.4209825, 11.1722235 ], [ 106.4215028, 11.1720156 ], [ 106.4228198, 11.1711235 ], [ 106.4238122, 11.1707209 ], [ 106.42459, 11.170542 ], [ 106.425215, 11.170471 ], [ 106.4257944, 11.1704604 ], [ 106.4263442, 11.1705788 ], [ 106.426827, 11.1708315 ], [ 106.427279, 11.1711709 ], [ 106.4276209, 11.171563 ], [ 106.4278999, 11.1720051 ], [ 106.4284591, 11.1734839 ], [ 106.4286751, 11.1738891 ], [ 106.4288608, 11.1741674 ], [ 106.4291123, 11.1744417 ], [ 106.4293858, 11.1746575 ], [ 106.429528, 11.1747259 ], [ 106.4296996, 11.1747601 ], [ 106.4299518, 11.1747496 ], [ 106.4303018, 11.1746588 ], [ 106.4306907, 11.1744707 ], [ 106.431148, 11.1741075 ], [ 106.431663, 11.173576 ], [ 106.4322411, 11.1726905 ], [ 106.432693, 11.1714367 ], [ 106.4327627, 11.1706552 ], [ 106.4327306, 11.1681658 ], [ 106.4328325, 11.1666607 ], [ 106.4330015, 11.1658212 ], [ 106.4334279, 11.1646897 ], [ 106.4343399, 11.1634556 ], [ 106.4353269, 11.1625135 ], [ 106.4357534, 11.161953 ], [ 106.4363247, 11.1610399 ], [ 106.4366358, 11.1601873 ], [ 106.4368987, 11.1590715 ], [ 106.4369899, 11.1581189 ], [ 106.4369738, 11.1570769 ], [ 106.4367512, 11.1560085 ], [ 106.4365755, 11.1555282 ], [ 106.4359438, 11.1547427 ], [ 106.4347422, 11.1535717 ], [ 106.4341146, 11.152919 ], [ 106.4337176, 11.1523138 ], [ 106.4330216, 11.1510138 ], [ 106.4327735, 11.1506822 ], [ 106.4324194, 11.1504032 ], [ 106.4319742, 11.1502217 ], [ 106.4309013, 11.1500875 ], [ 106.4304493, 11.1500072 ], [ 106.4300269, 11.1498454 ], [ 106.4298096, 11.1496532 ], [ 106.4296862, 11.1493796 ], [ 106.4296943, 11.1490796 ], [ 106.4297882, 11.1488217 ], [ 106.4300671, 11.1484611 ], [ 106.431824, 11.1464295 ], [ 106.4337873, 11.144519 ], [ 106.434195, 11.1441085 ], [ 106.4345652, 11.1436348 ], [ 106.4349192, 11.14314 ], [ 106.435681, 11.1416926 ], [ 106.4360028, 11.1412505 ], [ 106.4365017, 11.1408084 ], [ 106.440002, 11.1388136 ], [ 106.4405867, 11.1384478 ], [ 106.4411688, 11.1379819 ], [ 106.4424884, 11.1367819 ], [ 106.4429122, 11.1364924 ], [ 106.4433092, 11.1363082 ], [ 106.4437518, 11.1361766 ], [ 106.4445645, 11.1360819 ], [ 106.4459967, 11.1360082 ], [ 106.4477561, 11.1360302 ], [ 106.4479038, 11.1327922 ], [ 106.4480755, 11.1322685 ], [ 106.4479467, 11.1322343 ], [ 106.4479467, 11.1321501 ], [ 106.447818, 11.1321053 ], [ 106.447928, 11.1314974 ], [ 106.4480218, 11.1315 ], [ 106.4484858, 11.1307276 ], [ 106.4481962, 11.1305763 ], [ 106.447708, 11.1301552 ], [ 106.4470696, 11.129692 ], [ 106.4468604, 11.1293236 ], [ 106.446442, 11.1286761 ], [ 106.4462435, 11.1281761 ], [ 106.4460772, 11.1276392 ], [ 106.4455193, 11.1275129 ], [ 106.4453584, 11.1274024 ], [ 106.4452404, 11.1272129 ], [ 106.4451331, 11.1268286 ], [ 106.4448917, 11.1266339 ], [ 106.4448112, 11.1264865 ], [ 106.444779, 11.1262707 ], [ 106.44483, 11.1257628 ], [ 106.444838, 11.1252706 ], [ 106.4446986, 11.1247232 ], [ 106.4444303, 11.1240652 ], [ 106.4443606, 11.1238047 ], [ 106.4444464, 11.1232599 ], [ 106.444425, 11.1230862 ], [ 106.4443392, 11.1229283 ], [ 106.4441299, 11.1227546 ], [ 106.4440119, 11.1225809 ], [ 106.4438242, 11.1219177 ], [ 106.4437866, 11.1214387 ], [ 106.4435774, 11.1208123 ], [ 106.4435774, 11.1201754 ], [ 106.4434755, 11.1198648 ], [ 106.4432931, 11.1197122 ], [ 106.4431643, 11.1195069 ], [ 106.4430731, 11.1192542 ], [ 106.4430302, 11.1190437 ], [ 106.4430892, 11.1188121 ], [ 106.4429712, 11.1182015 ], [ 106.4429069, 11.1176172 ], [ 106.4426547, 11.1170487 ], [ 106.4426064, 11.1168435 ], [ 106.4426386, 11.1164592 ], [ 106.442644, 11.1162486 ], [ 106.4425528, 11.1159539 ], [ 106.4423275, 11.1155644 ], [ 106.4420298, 11.1151117 ], [ 106.441901, 11.114988 ], [ 106.4417052, 11.1149459 ], [ 106.4415309, 11.1148011 ], [ 106.4415041, 11.1147195 ], [ 106.4414665, 11.1146906 ], [ 106.4413941, 11.1146985 ], [ 106.4413512, 11.1147274 ], [ 106.4412358, 11.1148537 ], [ 106.4411473, 11.1149064 ], [ 106.4410561, 11.1148959 ], [ 106.4409167, 11.1148116 ], [ 106.4407718, 11.1148011 ], [ 106.440568, 11.1148011 ], [ 106.4404285, 11.1147274 ], [ 106.44023, 11.1145274 ], [ 106.4395326, 11.1136589 ], [ 106.4385456, 11.112664 ], [ 106.4382023, 11.112385 ], [ 106.4380252, 11.1123113 ], [ 106.4378697, 11.1123166 ], [ 106.4377463, 11.1122429 ], [ 106.4376605, 11.1121166 ], [ 106.4375371, 11.111806 ], [ 106.4374351, 11.1116849 ], [ 106.43736, 11.1115323 ], [ 106.4373439, 11.1113796 ], [ 106.4373815, 11.1108322 ], [ 106.43736, 11.1106585 ], [ 106.4373171, 11.1105006 ], [ 106.437124, 11.1101294 ], [ 106.4373922, 11.1099057 ], [ 106.4368129, 11.1083529 ], [ 106.4358902, 11.1061526 ], [ 106.4352679, 11.1043997 ], [ 106.4338812, 11.1002358 ], [ 106.4331034, 11.1003358 ], [ 106.4322987, 11.0983342 ], [ 106.4315987, 11.0983355 ], [ 106.4311212, 11.0954297 ], [ 106.4308543, 11.0937136 ], [ 106.4308825, 11.0935109 ], [ 106.4308879, 11.0920896 ], [ 106.430338, 11.0920843 ], [ 106.430338, 11.0919264 ], [ 106.4296809, 11.0919185 ], [ 106.4277229, 11.0919369 ], [ 106.4269075, 11.091979 ], [ 106.4268941, 11.0918843 ], [ 106.4260116, 11.09165 ], [ 106.4260197, 11.0911578 ], [ 106.4260518, 11.0907182 ], [ 106.4261162, 11.0905708 ], [ 106.4263013, 11.0893101 ], [ 106.4264059, 11.0891706 ], [ 106.4264059, 11.08886 ], [ 106.4263523, 11.0886757 ], [ 106.426422, 11.0878334 ], [ 106.4264998, 11.0878255 ], [ 106.426481, 11.0868174 ], [ 106.4265454, 11.0847696 ], [ 106.4271274, 11.0839799 ], [ 106.4269476, 11.0838286 ], [ 106.4268069, 11.0837101 ], [ 106.4271958, 11.0832245 ], [ 106.4269611, 11.083056 ], [ 106.4265615, 11.0830482 ], [ 106.4265642, 11.0817873 ], [ 106.4259124, 11.0813478 ], [ 106.4260679, 11.0798421 ], [ 106.4260518, 11.0780101 ], [ 106.4264059, 11.0780838 ], [ 106.4266376, 11.0765509 ], [ 106.4266661, 11.0763623 ], [ 106.4272079, 11.0756174 ], [ 106.4274198, 11.075062 ], [ 106.4274359, 11.0749093 ], [ 106.4274412, 11.0742934 ], [ 106.427393, 11.0740144 ], [ 106.4269531, 11.0727456 ], [ 106.4263147, 11.0711031 ], [ 106.4260572, 11.070645 ], [ 106.4256656, 11.0701712 ], [ 106.4253759, 11.069371 ], [ 106.4253116, 11.0689025 ], [ 106.4253116, 11.0685234 ], [ 106.4254403, 11.0678074 ], [ 106.4257783, 11.0666229 ], [ 106.4252418, 11.0666176 ], [ 106.424405, 11.0664754 ], [ 106.4227956, 11.0661385 ], [ 106.4227956, 11.0658858 ], [ 106.4225006, 11.06587 ], [ 106.4224899, 11.0655594 ], [ 106.4217389, 11.0651803 ], [ 106.4215994, 11.0648118 ], [ 106.4213097, 11.0649066 ], [ 106.420216, 11.0633818 ], [ 106.4216302, 11.0619221 ], [ 106.4207397, 11.0611304 ], [ 106.4216208, 11.0599209 ], [ 106.4230887, 11.058192 ], [ 106.421008, 11.0574319 ], [ 106.4211903, 11.0570844 ], [ 106.4210093, 11.0567843 ], [ 106.4211903, 11.0563237 ], [ 106.421244, 11.0560249 ], [ 106.4212668, 11.055788 ], [ 106.4212681, 11.0555919 ], [ 106.4212212, 11.0553418 ], [ 106.4210013, 11.0548061 ], [ 106.4208108, 11.0535504 ], [ 106.4203428, 11.0519564 ], [ 106.4216423, 11.0504178 ], [ 106.4223719, 11.0494911 ], [ 106.4225972, 11.0492437 ], [ 106.4232516, 11.0487698 ], [ 106.4236593, 11.0484171 ], [ 106.4243634, 11.0477642 ], [ 106.4247771, 11.0473832 ], [ 106.4246363, 11.0472687 ], [ 106.4245297, 11.0472153 ], [ 106.4243487, 11.0471469 ], [ 106.423206, 11.0467928 ], [ 106.4226454, 11.046627 ], [ 106.4227957, 11.046319 ], [ 106.4233911, 11.0454516 ], [ 106.422286, 11.0446105 ], [ 106.4229137, 11.0436733 ], [ 106.4224255, 11.043339 ], [ 106.4228064, 11.0428098 ], [ 106.4216799, 11.0420121 ], [ 106.4222002, 11.0415251 ], [ 106.4210629, 11.0397508 ], [ 106.4213633, 11.0395402 ], [ 106.4205694, 11.038008 ], [ 106.4201564, 11.0369234 ], [ 106.4201403, 11.0361915 ], [ 106.4196414, 11.0361547 ], [ 106.4187455, 11.036102 ], [ 106.4187026, 11.0356966 ], [ 106.4184558, 11.0354807 ], [ 106.4179623, 11.0354175 ], [ 106.4178979, 11.0352806 ], [ 106.4175278, 11.035228 ], [ 106.41734, 11.0350595 ], [ 106.4172059, 11.0350279 ], [ 106.4171094, 11.0347857 ], [ 106.4167285, 11.0345488 ], [ 106.4161572, 11.0340407 ], [ 106.4155698, 11.0337458 ], [ 106.4153016, 11.0336958 ], [ 106.4149743, 11.0336629 ], [ 106.414399, 11.0331495 ], [ 106.4139417, 11.0326559 ], [ 106.4137459, 11.0324005 ], [ 106.4132711, 11.0319451 ], [ 106.4133355, 11.0318372 ], [ 106.4133623, 11.0316581 ], [ 106.4133275, 11.0314791 ], [ 106.4132054, 11.0312961 ], [ 106.4131263, 11.0311843 ], [ 106.4128929, 11.0309579 ], [ 106.4120185, 11.0302628 ], [ 106.4118576, 11.0299022 ], [ 106.4114875, 11.0293941 ], [ 106.4113426, 11.0289623 ], [ 106.4113989, 11.0289044 ], [ 106.4112031, 11.0282831 ], [ 106.4110529, 11.0276907 ], [ 106.410892, 11.0274274 ], [ 106.4108062, 11.0272195 ], [ 106.4107954, 11.0269641 ], [ 106.4106989, 11.0267561 ], [ 106.4106452, 11.0264402 ], [ 106.4105648, 11.025861 ], [ 106.4104629, 11.0257873 ], [ 106.4102536, 11.0253713 ], [ 106.4099264, 11.0249185 ], [ 106.4096877, 11.0244393 ], [ 106.4093953, 11.0239128 ], [ 106.4093846, 11.0238101 ], [ 106.4094168, 11.0237285 ], [ 106.4094624, 11.023639 ], [ 106.4096823, 11.0234758 ], [ 106.4091405, 11.0228281 ], [ 106.4090037, 11.0226333 ], [ 106.4089742, 11.0224306 ], [ 106.4089957, 11.0222489 ], [ 106.4090681, 11.0220962 ], [ 106.409103, 11.0219962 ], [ 106.4090976, 11.0218988 ], [ 106.4089723, 11.0211794 ], [ 106.4089018, 11.0207746 ], [ 106.4089259, 11.0200137 ], [ 106.4090762, 11.0192107 ], [ 106.4092934, 11.0186473 ], [ 106.4094329, 11.0185947 ], [ 106.4095563, 11.0179681 ], [ 106.4095402, 11.0176995 ], [ 106.40939, 11.0169966 ], [ 106.4093605, 11.0169176 ], [ 106.4092988, 11.0168544 ], [ 106.4090896, 11.016757 ], [ 106.4090037, 11.0166885 ], [ 106.4089608, 11.0165569 ], [ 106.408993, 11.0161567 ], [ 106.4090735, 11.0156723 ], [ 106.4092009, 11.0153603 ], [ 106.4092116, 11.0152668 ], [ 106.4091781, 11.0151589 ], [ 106.4091743, 11.0151478 ], [ 106.409103, 11.0149456 ], [ 106.4091271, 11.0148219 ], [ 106.4091808, 11.0147271 ], [ 106.40928, 11.0146639 ], [ 106.4094087, 11.0146771 ], [ 106.4095241, 11.014706 ], [ 106.4096206, 11.0146534 ], [ 106.4097387, 11.014498 ], [ 106.4098674, 11.0142374 ], [ 106.4100552, 11.0137003 ], [ 106.4101598, 11.0135976 ], [ 106.410318, 11.0135239 ], [ 106.410723, 11.0134897 ], [ 106.410884, 11.0134449 ], [ 106.4110422, 11.0133554 ], [ 106.4111495, 11.0132343 ], [ 106.4113668, 11.0127762 ], [ 106.4122814, 11.0105752 ], [ 106.4125228, 11.0097642 ], [ 106.4128983, 11.0089007 ], [ 106.4122345, 11.008565 ], [ 106.4112179, 11.0080542 ], [ 106.4112139, 11.0079581 ], [ 106.4109631, 11.0078001 ], [ 106.4106323, 11.0076742 ], [ 106.4105898, 11.0076448 ], [ 106.4105671, 11.0076125 ], [ 106.4105427, 11.0074592 ], [ 106.4104112, 11.0074506 ], [ 106.4096461, 11.0072002 ], [ 106.4089078, 11.0069043 ], [ 106.4073726, 11.0064689 ], [ 106.4065421, 11.0062803 ], [ 106.4064436, 11.0062642 ], [ 106.4063514, 11.0062708 ], [ 106.4063537, 11.0057175 ], [ 106.4062089, 11.0057096 ], [ 106.4062357, 11.0053463 ], [ 106.4056027, 11.0052805 ], [ 106.4055893, 11.0049408 ], [ 106.4054632, 11.0049382 ], [ 106.4054418, 11.0045538 ], [ 106.4053398, 11.0045564 ], [ 106.4053184, 11.0037613 ], [ 106.4048678, 11.0037876 ], [ 106.4044118, 11.003756 ], [ 106.4033228, 11.0035665 ], [ 106.4033416, 11.0034295 ], [ 106.4028695, 11.0032531 ], [ 106.4022043, 11.0031294 ], [ 106.4015555, 11.002939 ], [ 106.3979343, 11.0018761 ], [ 106.3928461, 11.0003622 ], [ 106.3920414, 10.9999646 ], [ 106.3915747, 10.9998435 ], [ 106.3911831, 10.9997303 ], [ 106.3907701, 10.9997566 ], [ 106.3905609, 10.9997487 ], [ 106.3902859, 10.9996869 ], [ 106.3901277, 10.9996026 ], [ 106.3900459, 10.999575 ], [ 106.3899533, 10.9995802 ], [ 106.3897991, 10.999625 ], [ 106.3896972, 10.9996474 ], [ 106.3895993, 10.9996487 ], [ 106.3894893, 10.9996316 ], [ 106.3889234, 10.9995368 ], [ 106.3887195, 10.9994657 ], [ 106.3885331, 10.9994663 ], [ 106.3884661, 10.999467 ], [ 106.3884151, 10.9994459 ], [ 106.3883816, 10.9994065 ], [ 106.3883413, 10.9993314 ], [ 106.3882957, 10.9992853 ], [ 106.3882421, 10.9992537 ], [ 106.3881858, 10.9992379 ], [ 106.3881241, 10.9992445 ], [ 106.3880262, 10.999288 ], [ 106.3879779, 10.9993024 ], [ 106.3879162, 10.9992959 ], [ 106.3877808, 10.9992669 ], [ 106.3877057, 10.9992643 ], [ 106.387652, 10.9992722 ], [ 106.3875058, 10.9993196 ], [ 106.3874254, 10.9993419 ], [ 106.3873596, 10.9993446 ], [ 106.3872939, 10.9993314 ], [ 106.3871437, 10.9992485 ], [ 106.3870753, 10.9992274 ], [ 106.3869989, 10.9992235 ], [ 106.3869077, 10.9992432 ], [ 106.3868004, 10.9992485 ], [ 106.3866676, 10.9992327 ], [ 106.3864182, 10.9991774 ], [ 106.3861634, 10.9991695 ], [ 106.385588, 10.9992274 ], [ 106.385285, 10.9993051 ], [ 106.3851522, 10.9993196 ], [ 106.3850275, 10.9993156 ], [ 106.384373, 10.9992314 ], [ 106.3839465, 10.9991484 ], [ 106.3824753, 10.998814 ], [ 106.3819778, 10.9986534 ], [ 106.3807949, 10.9984099 ], [ 106.3807131, 10.9983967 ], [ 106.3806488, 10.998402 ], [ 106.3805924, 10.998427 ], [ 106.3805482, 10.9984658 ], [ 106.3804878, 10.9985837 ], [ 106.3782683, 11.0002543 ], [ 106.3782039, 11.0002753 ], [ 106.3781556, 11.0002701 ], [ 106.3781127, 11.0002437 ], [ 106.3779893, 11.0001173 ], [ 106.377925, 11.0001121 ], [ 106.3772973, 11.0003938 ], [ 106.3772303, 11.0003885 ], [ 106.3771847, 11.0003517 ], [ 106.3769701, 10.9999304 ], [ 106.3754439, 10.9998488 ], [ 106.3740304, 10.9995539 ], [ 106.3734886, 10.9994828 ], [ 106.3715132, 10.9992959 ], [ 106.3685185, 10.9988588 ], [ 106.3669681, 10.9987219 ], [ 106.3635081, 10.9972264 ], [ 106.3632452, 10.9975634 ], [ 106.3629247, 10.9973435 ], [ 106.3629717, 10.9972395 ], [ 106.3628992, 10.9971816 ], [ 106.3628241, 10.9972448 ], [ 106.3626766, 10.9971263 ], [ 106.3626149, 10.9971763 ], [ 106.3622381, 10.9965971 ], [ 106.3623615, 10.9964628 ], [ 106.3620946, 10.9962653 ], [ 106.3613704, 10.9959152 ], [ 106.3599193, 10.995299 ], [ 106.3602519, 10.9946698 ], [ 106.3597181, 10.9944697 ], [ 106.3597959, 10.9942722 ], [ 106.3583234, 10.9934691 ], [ 106.3583824, 10.9933664 ], [ 106.358192, 10.9932611 ], [ 106.3581839, 10.9931716 ], [ 106.3581061, 10.9931268 ], [ 106.3580123, 10.9931716 ], [ 106.3578272, 10.9930584 ], [ 106.3581866, 10.9923527 ], [ 106.3567007, 10.9915971 ], [ 106.3618592, 10.9846905 ], [ 106.3636619, 10.9822497 ], [ 106.363849, 10.9819996 ], [ 106.3679502, 10.9765155 ], [ 106.3712059, 10.9722566 ], [ 106.3726911, 10.9701444 ], [ 106.3730725, 10.9696889 ], [ 106.3731933, 10.9696228 ], [ 106.3732176, 10.9696228 ], [ 106.373408, 10.9696228 ], [ 106.3776218, 10.9700091 ], [ 106.3848516, 10.9707991 ], [ 106.3868159, 10.9710137 ], [ 106.3914766, 10.9715032 ], [ 106.3924154, 10.9716018 ], [ 106.3976003, 10.9720919 ], [ 106.4025006, 10.9726611 ], [ 106.4096194, 10.9735239 ], [ 106.4109339, 10.9736832 ], [ 106.411248, 10.9736951 ], [ 106.4115791, 10.9736578 ], [ 106.4118982, 10.973542 ], [ 106.4154401, 10.9709291 ], [ 106.4222714, 10.9658091 ], [ 106.4260005, 10.962936 ], [ 106.4366692, 10.9547162 ], [ 106.4400903, 10.9521032 ], [ 106.443695, 10.9493397 ], [ 106.4471167, 10.9467409 ], [ 106.4505243, 10.944158 ], [ 106.4507237, 10.9440068 ], [ 106.4528874, 10.942361 ], [ 106.4530795, 10.9422195 ], [ 106.4532762, 10.9420843 ], [ 106.4535377, 10.9419195 ], [ 106.453693, 10.9418278 ], [ 106.4538507, 10.9417402 ], [ 106.454042, 10.9416408 ], [ 106.487391, 10.9249569 ], [ 106.4956203, 10.9208398 ], [ 106.5036803, 10.9168867 ], [ 106.5315364, 10.9026658 ], [ 106.5316821, 10.9025771 ], [ 106.5317483, 10.9025236 ], [ 106.5318605, 10.902406 ], [ 106.5325466, 10.9014489 ], [ 106.5326204, 10.9013334 ], [ 106.5327461, 10.9010902 ], [ 106.5328363, 10.9008497 ], [ 106.5328708, 10.900726 ], [ 106.5329078, 10.9004872 ], [ 106.532915, 10.9002493 ], [ 106.5328939, 10.9000158 ], [ 106.5328728, 10.8999003 ], [ 106.5323102, 10.8978038 ], [ 106.5321879, 10.8975302 ], [ 106.5320541, 10.8972309 ], [ 106.5297439, 10.8884562 ], [ 106.5274982, 10.8800642 ], [ 106.5274072, 10.8798047 ], [ 106.5272457, 10.8794559 ], [ 106.5271589, 10.8792093 ], [ 106.5269572, 10.8783948 ], [ 106.52686, 10.8780546 ], [ 106.5266655, 10.8774547 ], [ 106.5265122, 10.8769134 ], [ 106.5264483, 10.8766395 ], [ 106.5260584, 10.8747097 ], [ 106.5259872, 10.8742586 ], [ 106.5259106, 10.8736439 ], [ 106.5258946, 10.8735635 ], [ 106.5258696, 10.8734622 ], [ 106.5258387, 10.8733581 ], [ 106.5258029, 10.8732555 ], [ 106.5257623, 10.8731547 ], [ 106.5256869, 10.8729561 ], [ 106.5256168, 10.8727556 ], [ 106.5255168, 10.8724484 ], [ 106.525425, 10.8721387 ], [ 106.5253413, 10.8718268 ], [ 106.5247659, 10.8696753 ], [ 106.5224329, 10.8610061 ], [ 106.5200679, 10.8522195 ], [ 106.5179657, 10.8436533 ], [ 106.5158115, 10.8348671 ], [ 106.5143179, 10.8290337 ], [ 106.5135601, 10.8261197 ], [ 106.5120113, 10.8202551 ], [ 106.511553, 10.8185462 ], [ 106.5113115, 10.8176259 ], [ 106.5111455, 10.8169378 ], [ 106.5094941, 10.808948 ], [ 106.5093755, 10.8084568 ], [ 106.5091708, 10.8076089 ], [ 106.5088087, 10.8062178 ], [ 106.5080494, 10.8033606 ], [ 106.5072703, 10.799701 ], [ 106.5068253, 10.7976105 ], [ 106.5067091, 10.7970647 ], [ 106.5062932, 10.795111 ], [ 106.5062162, 10.7948336 ], [ 106.5060694, 10.7944673 ], [ 106.5058535, 10.7939788 ], [ 106.5057303, 10.7937224 ], [ 106.5056631, 10.7935749 ], [ 106.505602, 10.7934249 ], [ 106.5055472, 10.7932725 ], [ 106.5054989, 10.793118 ], [ 106.5054562, 10.7929584 ], [ 106.5054202, 10.7927972 ], [ 106.5053912, 10.7926346 ], [ 106.5053691, 10.7924709 ], [ 106.5053424, 10.792283 ], [ 106.5053004, 10.7920589 ], [ 106.5045619, 10.7889222 ], [ 106.5038684, 10.7883308 ], [ 106.5028119, 10.78754 ], [ 106.5014309, 10.7862305 ], [ 106.5009665, 10.7858318 ], [ 106.5004348, 10.7853752 ], [ 106.4994896, 10.7846399 ], [ 106.4972207, 10.7827529 ], [ 106.4965049, 10.7821591 ], [ 106.4949844, 10.780898 ], [ 106.4928029, 10.779107 ], [ 106.490708, 10.7773264 ], [ 106.4902068, 10.7769319 ], [ 106.4900987, 10.7768468 ], [ 106.4894363, 10.7762833 ], [ 106.4885044, 10.7754906 ], [ 106.4869667, 10.774357 ], [ 106.4828578, 10.7712496 ], [ 106.4794953, 10.7685706 ], [ 106.4771195, 10.7667263 ], [ 106.4770895, 10.7667069 ], [ 106.4765931, 10.7663864 ], [ 106.4746657, 10.7649376 ], [ 106.4721531, 10.7630037 ], [ 106.4719495, 10.7628495 ], [ 106.4635618, 10.7565046 ], [ 106.4637111, 10.7563181 ], [ 106.4659004, 10.753584 ], [ 106.4670105, 10.7521769 ], [ 106.4698171, 10.7484476 ], [ 106.4722331, 10.7455255 ], [ 106.4735079, 10.7464922 ], [ 106.476624, 10.7426171 ], [ 106.4776517, 10.74125 ], [ 106.4791087, 10.7393705 ], [ 106.4800788, 10.7381167 ], [ 106.482108, 10.7354428 ], [ 106.4824246, 10.7356846 ], [ 106.4843356, 10.7333672 ], [ 106.4846448, 10.7329689 ], [ 106.4858499, 10.7314319 ], [ 106.4871569, 10.7298149 ], [ 106.4889865, 10.7312615 ], [ 106.4911731, 10.7297864 ], [ 106.4933096, 10.7285484 ], [ 106.4954245, 10.7274369 ], [ 106.4958316, 10.7277183 ], [ 106.4976811, 10.7262901 ], [ 106.4996255, 10.7249923 ], [ 106.5016856, 10.7265365 ], [ 106.5034367, 10.7244005 ], [ 106.5043261, 10.7233277 ], [ 106.5057832, 10.7215178 ], [ 106.5071619, 10.7198101 ], [ 106.5087283, 10.7179442 ], [ 106.5093718, 10.7170518 ], [ 106.5109689, 10.7179871 ], [ 106.5133182, 10.719437 ], [ 106.5186719, 10.7227409 ], [ 106.5202276, 10.7236952 ], [ 106.5238332, 10.7209711 ], [ 106.5248644, 10.7204004 ], [ 106.5258247, 10.7198259 ], [ 106.5263635, 10.7195943 ], [ 106.5278175, 10.718777 ], [ 106.5291828, 10.7180075 ], [ 106.5302547, 10.7172794 ], [ 106.5301779, 10.7171431 ], [ 106.5298587, 10.7168004 ], [ 106.5284362, 10.7149779 ], [ 106.5284458, 10.7146714 ], [ 106.5284371, 10.7145182 ], [ 106.5283971, 10.7142349 ], [ 106.5273085, 10.7096614 ], [ 106.5272783, 10.7095556 ], [ 106.5272425, 10.7093388 ], [ 106.5272397, 10.7091259 ], [ 106.5272669, 10.7089214 ], [ 106.527323, 10.7087227 ], [ 106.5279939, 10.7060068 ], [ 106.5283538, 10.7046347 ], [ 106.5287243, 10.7031285 ], [ 106.5288688, 10.7026112 ], [ 106.5289597, 10.7023139 ], [ 106.5291766, 10.7016632 ], [ 106.5295601, 10.7005614 ], [ 106.5298476, 10.6996476 ], [ 106.5301128, 10.6988696 ], [ 106.5303447, 10.6982695 ], [ 106.5306431, 10.6974971 ], [ 106.5315541, 10.6950763 ], [ 106.5316589, 10.6947778 ], [ 106.5318718, 10.6941175 ], [ 106.5319254, 10.6939925 ], [ 106.5319876, 10.6938714 ], [ 106.5320959, 10.6936989 ], [ 106.5321761, 10.6935308 ], [ 106.5322273, 10.6933502 ], [ 106.5322811, 10.6930243 ], [ 106.532356, 10.6927522 ], [ 106.5325627, 10.6921833 ], [ 106.5326481, 10.6919687 ], [ 106.532742, 10.6917576 ], [ 106.5328413, 10.6914901 ], [ 106.5331827, 10.6903301 ], [ 106.5334804, 10.6893992 ], [ 106.5335673, 10.6890823 ], [ 106.5337237, 10.6885639 ], [ 106.5338586, 10.6881685 ], [ 106.5339125, 10.68806 ], [ 106.5339744, 10.6879557 ], [ 106.5340986, 10.6877876 ], [ 106.5342566, 10.6876183 ], [ 106.5345895, 10.6872899 ], [ 106.5346798, 10.6872339 ], [ 106.5347352, 10.6872133 ], [ 106.5348521, 10.687196 ], [ 106.5349066, 10.687182 ], [ 106.5349579, 10.687159 ], [ 106.5350044, 10.6871277 ], [ 106.5350447, 10.687089 ], [ 106.5350777, 10.687044 ], [ 106.5351624, 10.6868778 ], [ 106.5353241, 10.6865928 ], [ 106.5354272, 10.6864253 ], [ 106.5355616, 10.6862418 ], [ 106.5356233, 10.6861173 ], [ 106.5356438, 10.686051 ], [ 106.5356611, 10.6859193 ], [ 106.5356629, 10.6855737 ], [ 106.535663, 10.6855532 ], [ 106.5359696, 10.685596 ], [ 106.5361994, 10.6856376 ], [ 106.5365786, 10.6857276 ], [ 106.5369505, 10.6858432 ], [ 106.5374386, 10.6860277 ], [ 106.5376993, 10.6860992 ], [ 106.5378323, 10.686124 ], [ 106.5381014, 10.6861514 ], [ 106.5382368, 10.6861539 ], [ 106.5385658, 10.6861361 ], [ 106.5389514, 10.6860909 ], [ 106.5393628, 10.6860622 ], [ 106.539569, 10.6860612 ], [ 106.5399806, 10.6860861 ], [ 106.5404694, 10.6861558 ], [ 106.540752, 10.6862085 ], [ 106.5410328, 10.6862701 ], [ 106.5415428, 10.6863569 ], [ 106.5425755, 10.6864665 ], [ 106.5436585, 10.6866009 ], [ 106.5447879, 10.6867604 ], [ 106.5453672, 10.68685 ], [ 106.5459206, 10.6869304 ], [ 106.5461348, 10.6869615 ], [ 106.5468367, 10.6870542 ], [ 106.5476422, 10.6871709 ], [ 106.5476669, 10.6869721 ], [ 106.5476923, 10.6868751 ], [ 106.5477686, 10.6866895 ], [ 106.5478188, 10.6866022 ], [ 106.5479257, 10.6864599 ], [ 106.5480689, 10.6862952 ], [ 106.5481494, 10.6862394 ], [ 106.5482522, 10.6862049 ], [ 106.5483064, 10.6861993 ], [ 106.5484142, 10.6862122 ], [ 106.5485035, 10.686235 ], [ 106.5486756, 10.6862997 ], [ 106.5487576, 10.6863413 ], [ 106.5488809, 10.6864177 ], [ 106.5489327, 10.6864398 ], [ 106.5490435, 10.6864593 ], [ 106.549155, 10.6864444 ], [ 106.5492076, 10.6864244 ], [ 106.5493181, 10.6863572 ], [ 106.5495053, 10.6862149 ], [ 106.5495804, 10.6861669 ], [ 106.5497392, 10.6860856 ], [ 106.5499485, 10.685996 ], [ 106.5500447, 10.6859461 ], [ 106.5501362, 10.6858884 ], [ 106.5502223, 10.6858231 ], [ 106.5503025, 10.6857509 ], [ 106.5503655, 10.6856811 ], [ 106.5504213, 10.6856057 ], [ 106.5504695, 10.6855254 ], [ 106.5505096, 10.6854408 ], [ 106.5505674, 10.685258 ], [ 106.550586, 10.6851614 ], [ 106.5506002, 10.6849655 ], [ 106.5506117, 10.6849099 ], [ 106.550655, 10.684805 ], [ 106.5507301, 10.6846922 ], [ 106.5507944, 10.6845513 ], [ 106.5508473, 10.6843025 ], [ 106.5508766, 10.6842055 ], [ 106.550957, 10.6840192 ], [ 106.550979, 10.6839489 ], [ 106.5509972, 10.68384 ], [ 106.5509972, 10.6838031 ], [ 106.5509797, 10.6837223 ], [ 106.550946, 10.6836321 ], [ 106.5509375, 10.683523 ], [ 106.5509615, 10.6834162 ], [ 106.551016, 10.6833208 ], [ 106.5510382, 10.6832709 ], [ 106.5510514, 10.6832181 ], [ 106.5510553, 10.6831638 ], [ 106.5510497, 10.6831096 ], [ 106.5510275, 10.6830013 ], [ 106.5510385, 10.6828893 ], [ 106.5510825, 10.6827854 ], [ 106.5511157, 10.6827394 ], [ 106.5512101, 10.6826498 ], [ 106.5513838, 10.682523 ], [ 106.5514827, 10.6824299 ], [ 106.5514022, 10.6822217 ], [ 106.5513741, 10.6821117 ], [ 106.5513445, 10.681887 ], [ 106.5513432, 10.6817736 ], [ 106.551352, 10.6816695 ], [ 106.5513702, 10.6815666 ], [ 106.5513978, 10.6814658 ], [ 106.5514907, 10.6812333 ], [ 106.5515091, 10.6811154 ], [ 106.5515015, 10.6809963 ], [ 106.551488, 10.6809381 ], [ 106.5514067, 10.6807228 ], [ 106.5513984, 10.6806095 ], [ 106.5514074, 10.6805533 ], [ 106.5514505, 10.6804478 ], [ 106.5514826, 10.6803988 ], [ 106.5515631, 10.6803134 ], [ 106.5515891, 10.6802755 ], [ 106.5516173, 10.6801888 ], [ 106.5516112, 10.6800981 ], [ 106.5515675, 10.6799618 ], [ 106.5515365, 10.6797698 ], [ 106.551539, 10.6795754 ], [ 106.5515685, 10.6794588 ], [ 106.5515924, 10.6794033 ], [ 106.5516937, 10.6792383 ], [ 106.551724, 10.679172 ], [ 106.5517878, 10.678961 ], [ 106.5518175, 10.6788918 ], [ 106.5518946, 10.6787623 ], [ 106.5519413, 10.678703 ], [ 106.5519958, 10.6786044 ], [ 106.5520298, 10.6784974 ], [ 106.5520392, 10.6784372 ], [ 106.552042, 10.6782646 ], [ 106.5520704, 10.6781666 ], [ 106.5520941, 10.6781212 ], [ 106.5521586, 10.6780414 ], [ 106.5522427, 10.6779781 ], [ 106.55229, 10.6779544 ], [ 106.5523618, 10.6778903 ], [ 106.5524074, 10.6778062 ], [ 106.5524325, 10.6776554 ], [ 106.5524517, 10.6776011 ], [ 106.5525125, 10.6775031 ], [ 106.5525949, 10.677428 ], [ 106.5526897, 10.6773772 ], [ 106.5527794, 10.677311 ], [ 106.5528473, 10.6772232 ], [ 106.5528713, 10.6771733 ], [ 106.5528974, 10.677066 ], [ 106.552915, 10.6767209 ], [ 106.5529325, 10.6765522 ], [ 106.5529874, 10.6762174 ], [ 106.5529901, 10.6760326 ], [ 106.552972, 10.675824 ], [ 106.5529883, 10.6757507 ], [ 106.5530307, 10.6756916 ], [ 106.5531032, 10.6756444 ], [ 106.5531501, 10.6756267 ], [ 106.5534372, 10.6755616 ], [ 106.5534877, 10.6755383 ], [ 106.5535692, 10.6754799 ], [ 106.5536004, 10.6754478 ], [ 106.5536211, 10.675406 ], [ 106.5536271, 10.675372 ], [ 106.5536309, 10.6753162 ], [ 106.5536284, 10.6752464 ], [ 106.5536124, 10.6751761 ], [ 106.5535884, 10.6751153 ], [ 106.5535576, 10.6750346 ], [ 106.5535185, 10.6749575 ], [ 106.5534096, 10.6747847 ], [ 106.5533279, 10.6745565 ], [ 106.5533049, 10.6743208 ], [ 106.5533738, 10.6734027 ], [ 106.5533742, 10.6732932 ], [ 106.5533751, 10.6730566 ], [ 106.5532947, 10.6723181 ], [ 106.5532335, 10.6720611 ], [ 106.5531659, 10.6718818 ], [ 106.5530676, 10.6717364 ], [ 106.5529592, 10.671626 ], [ 106.5527984, 10.6714981 ], [ 106.5525841, 10.6713903 ], [ 106.5523927, 10.6713364 ], [ 106.5522727, 10.6712662 ], [ 106.5521898, 10.6711458 ], [ 106.5521477, 10.6710254 ], [ 106.5520992, 10.6707584 ], [ 106.5520597, 10.6705916 ], [ 106.5520673, 10.6704687 ], [ 106.5521135, 10.6703584 ], [ 106.5525869, 10.6697649 ], [ 106.5526582, 10.6696203 ], [ 106.5527798, 10.6692344 ], [ 106.5528314, 10.6691163 ], [ 106.55292, 10.6690084 ], [ 106.5530717, 10.6689282 ], [ 106.5533001, 10.6688605 ], [ 106.5534468, 10.6688154 ], [ 106.553531, 10.6687502 ], [ 106.5535705, 10.6686812 ], [ 106.5535808, 10.6685847 ], [ 106.5535565, 10.6684693 ], [ 106.553469, 10.6681984 ], [ 106.5533266, 10.6677106 ], [ 106.5533004, 10.6675446 ], [ 106.5532411, 10.6665442 ], [ 106.5532468, 10.6662732 ], [ 106.5532825, 10.666045 ], [ 106.5532732, 10.6658413 ], [ 106.553235, 10.6656959 ], [ 106.5531701, 10.6655602 ], [ 106.5530525, 10.6654188 ], [ 106.5529249, 10.6653134 ], [ 106.5525217, 10.665104 ], [ 106.5519948, 10.664847 ], [ 106.5518927, 10.6647467 ], [ 106.5518169, 10.6646336 ], [ 106.5517137, 10.6643905 ], [ 106.5516212, 10.6642593 ], [ 106.551519, 10.6641393 ], [ 106.5514922, 10.6639835 ], [ 106.5515064, 10.6638263 ], [ 106.5515681, 10.6635943 ], [ 106.5515465, 10.6634152 ], [ 106.5514745, 10.6632539 ], [ 106.5514158, 10.6622258 ], [ 106.5513644, 10.6617862 ], [ 106.5513947, 10.6614582 ], [ 106.5513735, 10.6612822 ], [ 106.5512824, 10.6610616 ], [ 106.5509638, 10.6606142 ], [ 106.5508728, 10.6601818 ], [ 106.5505539, 10.6592268 ], [ 106.5504895, 10.6590349 ], [ 106.550393, 10.6589991 ], [ 106.5502685, 10.6590117 ], [ 106.5501219, 10.6590867 ], [ 106.5497364, 10.6593175 ], [ 106.5492686, 10.659657 ], [ 106.5490948, 10.6592142 ], [ 106.5490004, 10.6588219 ], [ 106.548974, 10.658528 ], [ 106.5489702, 10.6574327 ], [ 106.5499123, 10.6574725 ], [ 106.5505936, 10.6574704 ], [ 106.5512227, 10.6573656 ], [ 106.551732, 10.6573352 ], [ 106.5522728, 10.6573953 ], [ 106.55272, 10.6574903 ], [ 106.5532101, 10.6574053 ], [ 106.5540801, 10.6571716 ], [ 106.5559217, 10.6569738 ], [ 106.5559, 10.6565235 ], [ 106.5559163, 10.6563554 ], [ 106.5560088, 10.655402 ], [ 106.555749, 10.6552591 ], [ 106.5555305, 10.6550981 ], [ 106.5553727, 10.6548833 ], [ 106.5553029, 10.6546835 ], [ 106.5551694, 10.6535175 ], [ 106.5552058, 10.652581 ], [ 106.5552789, 10.6523528 ], [ 106.5554127, 10.6519353 ], [ 106.5556683, 10.6509266 ], [ 106.5557916, 10.6508827 ], [ 106.5563712, 10.6508857 ], [ 106.5565107, 10.6507604 ], [ 106.5569927, 10.6507232 ], [ 106.5572657, 10.6505125 ], [ 106.5573397, 10.6503921 ], [ 106.5575127, 10.6497486 ], [ 106.5577401, 10.6492237 ], [ 106.5579277, 10.648603 ], [ 106.5585265, 10.648638 ], [ 106.5586492, 10.6491948 ], [ 106.5588441, 10.6495406 ], [ 106.55918, 10.6499646 ], [ 106.5590065, 10.6502718 ], [ 106.558777, 10.6506093 ], [ 106.5587753, 10.6507101 ], [ 106.5588863, 10.6511526 ], [ 106.5590288, 10.6518814 ], [ 106.559774, 10.6516331 ], [ 106.5608331, 10.6516303 ], [ 106.5616829, 10.651567 ], [ 106.5630729, 10.6514923 ], [ 106.5631335, 10.6522051 ], [ 106.563711, 10.6521552 ], [ 106.5644638, 10.6521552 ], [ 106.5648159, 10.6521803 ], [ 106.5652959, 10.6523024 ], [ 106.5651651, 10.6525984 ], [ 106.5650451, 10.6530313 ], [ 106.5655954, 10.6534463 ], [ 106.5658803, 10.6537659 ], [ 106.565981, 10.6542313 ], [ 106.5660053, 10.6551498 ], [ 106.5660311, 10.6552974 ], [ 106.5662728, 10.6564275 ], [ 106.5672389, 10.6562395 ], [ 106.5684122, 10.656064 ], [ 106.5685221, 10.6560476 ], [ 106.5686163, 10.656583 ], [ 106.5690213, 10.656514 ], [ 106.569151, 10.6564801 ], [ 106.5695974, 10.6563635 ], [ 106.5697294, 10.656319 ], [ 106.5698411, 10.6562645 ], [ 106.5706201, 10.655792 ], [ 106.5718896, 10.6549938 ], [ 106.5728599, 10.6543657 ], [ 106.5732597, 10.6541615 ], [ 106.5734877, 10.6541309 ], [ 106.5735057, 10.65389 ], [ 106.5734943, 10.6537938 ], [ 106.5734032, 10.6535642 ], [ 106.5732919, 10.6533366 ], [ 106.5732356, 10.6532257 ], [ 106.5731893, 10.6531124 ], [ 106.5731681, 10.6530326 ], [ 106.573152, 10.6529495 ], [ 106.5730781, 10.65231 ], [ 106.5730677, 10.6520628 ], [ 106.5730741, 10.6519945 ], [ 106.5730876, 10.6519271 ], [ 106.5731486, 10.6516676 ], [ 106.5732699, 10.6511935 ], [ 106.5733002, 10.6510407 ], [ 106.5733154, 10.6509065 ], [ 106.5733184, 10.6505689 ], [ 106.5733555, 10.6498562 ], [ 106.5741794, 10.6498591 ], [ 106.5747072, 10.6498913 ], [ 106.5751194, 10.6498703 ], [ 106.5751555, 10.6497213 ], [ 106.5754631, 10.6491116 ], [ 106.5760391, 10.6492703 ], [ 106.5760959, 10.6492402 ], [ 106.576141, 10.6492329 ], [ 106.5761823, 10.6492355 ], [ 106.5764945, 10.6493214 ], [ 106.5766742, 10.6493515 ], [ 106.5766914, 10.6493114 ], [ 106.5767139, 10.6492861 ], [ 106.576807, 10.6492418 ], [ 106.576841, 10.6492088 ], [ 106.5768593, 10.6491724 ], [ 106.5768805, 10.6490848 ], [ 106.5768957, 10.6490283 ], [ 106.5769205, 10.6489742 ], [ 106.5769639, 10.648885 ], [ 106.577813, 10.6491039 ], [ 106.5786197, 10.6491884 ], [ 106.5786036, 10.649432 ], [ 106.5789715, 10.6496043 ], [ 106.5791718, 10.6500139 ], [ 106.5793738, 10.6503774 ], [ 106.5794731, 10.6508243 ], [ 106.5794587, 10.6510335 ], [ 106.5794027, 10.6511967 ], [ 106.5793937, 10.6512942 ], [ 106.5795486, 10.6519005 ], [ 106.5780058, 10.651892 ], [ 106.5780618, 10.6523796 ], [ 106.5780654, 10.6526492 ], [ 106.5780347, 10.6528442 ], [ 106.5779066, 10.6532379 ], [ 106.5779319, 10.6533159 ], [ 106.5782548, 10.653644 ], [ 106.5784046, 10.6538408 ], [ 106.5784551, 10.6539649 ], [ 106.5788246, 10.6544057 ], [ 106.5788075, 10.6544953 ], [ 106.5791339, 10.6547819 ], [ 106.5793893, 10.6549274 ], [ 106.5794043, 10.655075 ], [ 106.579651, 10.6556802 ], [ 106.5797445, 10.6560322 ], [ 106.5797761, 10.6560809 ], [ 106.5798284, 10.6560951 ], [ 106.5805042, 10.6560978 ], [ 106.5805785, 10.6560603 ], [ 106.5806321, 10.6560101 ], [ 106.5806525, 10.6559387 ], [ 106.580701, 10.6554989 ], [ 106.5811314, 10.6554418 ], [ 106.5814854, 10.6553786 ], [ 106.5831997, 10.6553672 ], [ 106.5841286, 10.6536567 ], [ 106.5843474, 10.6536585 ], [ 106.5845432, 10.6536181 ], [ 106.5849847, 10.6534705 ], [ 106.5855467, 10.653364 ], [ 106.5856912, 10.6533281 ], [ 106.5861658, 10.6532287 ], [ 106.5865062, 10.6531845 ], [ 106.5868453, 10.6532108 ], [ 106.586855, 10.6532116 ], [ 106.5869821, 10.6524906 ], [ 106.5887249, 10.6526091 ], [ 106.5898696, 10.6527185 ], [ 106.5905312, 10.6527818 ], [ 106.5907354, 10.6518203 ], [ 106.5909105, 10.6510949 ], [ 106.5914942, 10.6511666 ], [ 106.591663, 10.6501114 ], [ 106.5923216, 10.6502391 ], [ 106.5927656, 10.6504001 ], [ 106.5933278, 10.6504127 ], [ 106.5949769, 10.6506025 ], [ 106.5950103, 10.6503684 ], [ 106.5959254, 10.6503934 ], [ 106.5958353, 10.6506886 ], [ 106.595771, 10.6509585 ], [ 106.5956508, 10.6510809 ], [ 106.595565, 10.6518527 ], [ 106.5954791, 10.652325 ], [ 106.5955006, 10.6526161 ], [ 106.5955505, 10.6529725 ], [ 106.5952794, 10.6531131 ], [ 106.5952297, 10.6534997 ], [ 106.5975102, 10.6533844 ], [ 106.5974935, 10.6531399 ], [ 106.5980397, 10.6530355 ], [ 106.5984494, 10.6528953 ], [ 106.5988773, 10.6526866 ], [ 106.5990925, 10.6525164 ], [ 106.5993451, 10.6525879 ], [ 106.5996118, 10.6525942 ], [ 106.5996118, 10.6523346 ], [ 106.599659, 10.6522581 ], [ 106.5997662, 10.652228 ], [ 106.600007, 10.6522379 ], [ 106.6002194, 10.6521052 ], [ 106.6003105, 10.6520023 ], [ 106.6003454, 10.6518935 ], [ 106.6003332, 10.6517399 ], [ 106.6003712, 10.6515922 ], [ 106.6003575, 10.6515386 ], [ 106.6003029, 10.6514476 ], [ 106.6002953, 10.6513686 ], [ 106.600318, 10.651288 ], [ 106.6003742, 10.6511807 ], [ 106.6004015, 10.6510405 ], [ 106.6004243, 10.6509376 ], [ 106.6004849, 10.6508482 ], [ 106.6006523, 10.6506916 ], [ 106.6009531, 10.650882 ], [ 106.6010851, 10.6509327 ], [ 106.6013218, 10.6509745 ], [ 106.6015009, 10.6510311 ], [ 106.601648, 10.65114 ], [ 106.6017542, 10.6512846 ], [ 106.6018028, 10.651465 ], [ 106.6018316, 10.6516857 ], [ 106.6018347, 10.6520198 ], [ 106.6018589, 10.6521719 ], [ 106.6019211, 10.6523284 ], [ 106.6020896, 10.6525342 ], [ 106.602173, 10.6527012 ], [ 106.602302, 10.6528787 ], [ 106.6024401, 10.6530248 ], [ 106.6025872, 10.6531277 ], [ 106.6027481, 10.6532842 ], [ 106.6028497, 10.6534363 ], [ 106.6028907, 10.6535705 ], [ 106.6029119, 10.6537331 ], [ 106.6029423, 10.6538852 ], [ 106.603182, 10.6546263 ], [ 106.6032408, 10.6547621 ], [ 106.6034921, 10.655137 ], [ 106.6038354, 10.6557013 ], [ 106.6039106, 10.6558818 ], [ 106.6039285, 10.6559997 ], [ 106.6039706, 10.6564749 ], [ 106.604014, 10.6566229 ], [ 106.6041939, 10.6570103 ], [ 106.6045537, 10.6576523 ], [ 106.6046237, 10.6578162 ], [ 106.6047259, 10.6579783 ], [ 106.6049824, 10.658224 ], [ 106.6053836, 10.6586959 ], [ 106.6054877, 10.6586611 ], [ 106.6055605, 10.6585985 ], [ 106.605573, 10.6585426 ], [ 106.6055583, 10.6584756 ], [ 106.6054968, 10.6583537 ], [ 106.6054934, 10.6583146 ], [ 106.6055241, 10.6582743 ], [ 106.6056183, 10.658226 ], [ 106.6057924, 10.6581396 ], [ 106.6059856, 10.6580963 ], [ 106.6069861, 10.6580456 ], [ 106.607428, 10.6579333 ], [ 106.608902, 10.6575716 ], [ 106.6092494, 10.6574768 ], [ 106.609399, 10.6574064 ], [ 106.6095519, 10.6573345 ], [ 106.6097224, 10.6572048 ], [ 106.6101374, 10.6568697 ], [ 106.6105133, 10.6566013 ], [ 106.6108327, 10.6568916 ], [ 106.6114274, 10.6565987 ], [ 106.6115279, 10.6561105 ], [ 106.6117696, 10.6560561 ], [ 106.6123175, 10.6558074 ], [ 106.6126003, 10.6552527 ], [ 106.6127072, 10.6551163 ], [ 106.6128194, 10.6550257 ], [ 106.6132164, 10.6548245 ], [ 106.6133039, 10.6547373 ], [ 106.6133426, 10.6546613 ], [ 106.613445, 10.6543595 ], [ 106.6137798, 10.6545106 ], [ 106.6140141, 10.654122 ], [ 106.6141904, 10.6538525 ], [ 106.6143015, 10.6538219 ], [ 106.6143992, 10.6538355 ], [ 106.6144817, 10.6537645 ], [ 106.6145946, 10.6537296 ], [ 106.6149266, 10.653872 ], [ 106.6156273, 10.6541118 ], [ 106.615655, 10.6540319 ], [ 106.6154639, 10.6538729 ], [ 106.6155775, 10.6536691 ], [ 106.6158426, 10.6537853 ], [ 106.6160647, 10.6532955 ], [ 106.6163857, 10.6531765 ], [ 106.6167353, 10.6533377 ], [ 106.6167453, 10.6529354 ], [ 106.6167226, 10.6525509 ], [ 106.6167431, 10.6523608 ], [ 106.6167909, 10.6521968 ], [ 106.6169172, 10.6520699 ], [ 106.6170033, 10.6520332 ], [ 106.617141, 10.6520482 ], [ 106.6171822, 10.6519702 ], [ 106.6172338, 10.6519251 ], [ 106.6173467, 10.6518969 ], [ 106.6174662, 10.65188 ], [ 106.6175877, 10.6519007 ], [ 106.6177159, 10.6519567 ], [ 106.6177562, 10.6516494 ], [ 106.6177575, 10.6512745 ], [ 106.6177305, 10.6512254 ], [ 106.6176128, 10.6511576 ], [ 106.617395, 10.6510153 ], [ 106.6172732, 10.6509276 ], [ 106.6172854, 10.650792 ], [ 106.6173612, 10.6505141 ], [ 106.6173612, 10.6503572 ], [ 106.6173422, 10.6501711 ], [ 106.6180154, 10.6501043 ], [ 106.6180516, 10.6498385 ], [ 106.6184884, 10.6497278 ], [ 106.618984, 10.6496845 ], [ 106.6189639, 10.6490133 ], [ 106.6198603, 10.648899 ], [ 106.6207792, 10.6487789 ], [ 106.6211348, 10.6487236 ], [ 106.6215741, 10.6485667 ], [ 106.6220935, 10.6484548 ], [ 106.6223469, 10.6483823 ], [ 106.6223239, 10.6481443 ], [ 106.6226675, 10.6480087 ], [ 106.6230706, 10.647921 ], [ 106.6236104, 10.6477282 ], [ 106.6240585, 10.6476632 ], [ 106.6240334, 10.647406 ], [ 106.6245614, 10.6474547 ], [ 106.624712, 10.6470826 ], [ 106.6240839, 10.6465574 ], [ 106.6239614, 10.6464561 ], [ 106.6239118, 10.6463356 ], [ 106.6238926, 10.6460911 ], [ 106.6239309, 10.6459765 ], [ 106.6240284, 10.6458373 ], [ 106.624134, 10.6457306 ], [ 106.6242504, 10.6456302 ], [ 106.6243244, 10.6455306 ], [ 106.6243823, 10.6453693 ], [ 106.6244177, 10.6452112 ], [ 106.6244225, 10.6450358 ], [ 106.6243293, 10.6444613 ], [ 106.6234376, 10.6444323 ], [ 106.6233554, 10.6440829 ], [ 106.6224976, 10.6441336 ], [ 106.6224293, 10.6440883 ], [ 106.6223508, 10.6440497 ], [ 106.6222484, 10.6440295 ], [ 106.62213, 10.6440259 ], [ 106.6220105, 10.6440344 ], [ 106.6218987, 10.6440571 ], [ 106.6217719, 10.6441002 ], [ 106.6215383, 10.6432687 ], [ 106.6220632, 10.6431575 ], [ 106.6221253, 10.6426575 ], [ 106.6225062, 10.6425918 ], [ 106.6221889, 10.641505 ], [ 106.621942, 10.6414814 ], [ 106.6217452, 10.6415248 ], [ 106.6216929, 10.6414104 ], [ 106.6213834, 10.6415169 ], [ 106.6212058, 10.6409296 ], [ 106.6215431, 10.6408111 ], [ 106.6218814, 10.6407452 ], [ 106.6220611, 10.6406686 ], [ 106.6222466, 10.6406435 ], [ 106.6224388, 10.6405853 ], [ 106.6227943, 10.6404098 ], [ 106.6229023, 10.6403277 ], [ 106.6230637, 10.6401522 ], [ 106.6233975, 10.6399703 ], [ 106.6237183, 10.6396887 ], [ 106.6237668, 10.6396223 ], [ 106.6240628, 10.639447 ], [ 106.6241101, 10.6394356 ], [ 106.6241558, 10.6394428 ], [ 106.624335, 10.6395725 ], [ 106.6243896, 10.639648 ], [ 106.6244881, 10.6398568 ], [ 106.6247857, 10.6398015 ], [ 106.6250197, 10.6397738 ], [ 106.6251307, 10.6397548 ], [ 106.6251991, 10.6397129 ], [ 106.625249, 10.6396544 ], [ 106.625805, 10.6397168 ], [ 106.6261098, 10.640349 ], [ 106.6261724, 10.6405754 ], [ 106.6263003, 10.640937 ], [ 106.6271793, 10.6423959 ], [ 106.6275792, 10.6421382 ], [ 106.6281483, 10.6418075 ], [ 106.6283344, 10.6419452 ], [ 106.6284295, 10.6419749 ], [ 106.6285812, 10.6419913 ], [ 106.6291929, 10.6419954 ], [ 106.629483, 10.64203 ], [ 106.6295545, 10.6418067 ], [ 106.6296574, 10.6414698 ], [ 106.6297295, 10.6411321 ], [ 106.6297181, 10.6409577 ], [ 106.6295293, 10.6403921 ], [ 106.629897, 10.6403018 ], [ 106.6296754, 10.6393398 ], [ 106.6299326, 10.6392764 ], [ 106.6300039, 10.6392854 ], [ 106.630101, 10.6393435 ], [ 106.6301572, 10.6393405 ], [ 106.6302254, 10.6392973 ], [ 106.6303744, 10.6391541 ], [ 106.6304826, 10.6391027 ], [ 106.6305332, 10.6390601 ], [ 106.6305584, 10.6390016 ], [ 106.630544, 10.6389413 ], [ 106.6304285, 10.6387888 ], [ 106.6303581, 10.6387037 ], [ 106.6303311, 10.6386044 ], [ 106.6303581, 10.6384944 ], [ 106.6304754, 10.6382621 ], [ 106.6305079, 10.6380794 ], [ 106.6305628, 10.6379166 ], [ 106.6307798, 10.6375348 ], [ 106.6309771, 10.6373171 ], [ 106.6310074, 10.637159 ], [ 106.6310408, 10.6370919 ], [ 106.6311333, 10.636913 ], [ 106.6311629, 10.636743 ], [ 106.6310082, 10.6366848 ], [ 106.6304832, 10.6365715 ], [ 106.6300963, 10.6365059 ], [ 106.6296942, 10.6364164 ], [ 106.6295121, 10.6363135 ], [ 106.6294331, 10.635773 ], [ 106.6293385, 10.6352493 ], [ 106.6293401, 10.6351394 ], [ 106.629356, 10.6350553 ], [ 106.6293897, 10.6349538 ], [ 106.6297903, 10.6342603 ], [ 106.6298566, 10.633242 ], [ 106.6298491, 10.6330965 ], [ 106.629832, 10.6329679 ], [ 106.6296785, 10.632041 ], [ 106.6296305, 10.6316508 ], [ 106.6297555, 10.6315881 ], [ 106.6299035, 10.6315178 ], [ 106.6299903, 10.63142 ], [ 106.6300311, 10.6313347 ], [ 106.6300413, 10.6311542 ], [ 106.6301434, 10.6308131 ], [ 106.6302506, 10.6307078 ], [ 106.6305848, 10.6304745 ], [ 106.6307099, 10.6303391 ], [ 106.630766, 10.6302011 ], [ 106.6307456, 10.6300306 ], [ 106.6306027, 10.629835 ], [ 106.629955, 10.6291446 ], [ 106.6298286, 10.6290346 ], [ 106.6297287, 10.6289796 ], [ 106.6296789, 10.6289406 ], [ 106.6296624, 10.6288789 ], [ 106.629663, 10.6285976 ], [ 106.6295871, 10.628189 ], [ 106.6295621, 10.6275909 ], [ 106.6296632, 10.6272859 ], [ 106.6298361, 10.6269214 ], [ 106.6301368, 10.6264266 ], [ 106.6303256, 10.6267627 ], [ 106.6307996, 10.6275256 ], [ 106.631135, 10.6279055 ], [ 106.6312727, 10.6280616 ], [ 106.6316328, 10.628275 ], [ 106.6321728, 10.6282499 ], [ 106.6328824, 10.6279942 ], [ 106.6335571, 10.6271058 ], [ 106.6339326, 10.6266391 ], [ 106.6341996, 10.6263073 ], [ 106.6346271, 10.6256414 ], [ 106.6349407, 10.6253147 ], [ 106.6350606, 10.625716 ], [ 106.635178, 10.6259518 ], [ 106.6353235, 10.6261223 ], [ 106.6355863, 10.6262527 ], [ 106.6358976, 10.6262954 ], [ 106.6362778, 10.6262452 ], [ 106.6366163, 10.6261818 ], [ 106.6368773, 10.6261848 ], [ 106.6373021, 10.6262847 ], [ 106.6376162, 10.626416 ], [ 106.6378878, 10.6265681 ], [ 106.6382368, 10.6268663 ], [ 106.6387147, 10.6272347 ], [ 106.6388936, 10.6274694 ], [ 106.6391347, 10.6269983 ], [ 106.6392895, 10.6271444 ], [ 106.6410251, 10.6266209 ], [ 106.6412375, 10.6269646 ], [ 106.6415701, 10.6273885 ], [ 106.6420202, 10.6278423 ], [ 106.642746, 10.6285757 ], [ 106.6437069, 10.6295284 ], [ 106.6437827, 10.6296189 ], [ 106.6438377, 10.6297093 ], [ 106.6451931, 10.6323573 ], [ 106.6453087, 10.6326507 ], [ 106.645722, 10.633482 ], [ 106.6461068, 10.6341056 ], [ 106.6461988, 10.6342395 ], [ 106.6465976, 10.6341428 ], [ 106.6467861, 10.6341632 ], [ 106.6468358, 10.6341508 ], [ 106.6470955, 10.6338759 ], [ 106.6474792, 10.6337 ], [ 106.6477242, 10.6335195 ], [ 106.6481044, 10.6331658 ], [ 106.6483169, 10.6330445 ], [ 106.6483819, 10.6329541 ], [ 106.6484198, 10.632775 ], [ 106.6484757, 10.6327058 ], [ 106.6486255, 10.6326757 ], [ 106.6488186, 10.6327218 ], [ 106.6489936, 10.6328317 ], [ 106.6491307, 10.6328708 ], [ 106.6492642, 10.63283 ], [ 106.6494772, 10.6327094 ], [ 106.6497189, 10.6326597 ], [ 106.6499715, 10.632665 ], [ 106.6503956, 10.6327236 ], [ 106.6505489, 10.6327165 ], [ 106.6507709, 10.632626 ], [ 106.6508593, 10.6326278 ], [ 106.6509712, 10.6326863 ], [ 106.6511101, 10.6327147 ], [ 106.6513717, 10.6326934 ], [ 106.6515576, 10.6326349 ], [ 106.6518012, 10.6324788 ], [ 106.6520015, 10.6323547 ], [ 106.6521368, 10.632321 ], [ 106.6523258, 10.6323484 ], [ 106.652476, 10.6323463 ], [ 106.6525897, 10.6322872 ], [ 106.6527271, 10.6322535 ], [ 106.6528386, 10.6322999 ], [ 106.6529545, 10.6324475 ], [ 106.6531433, 10.6326457 ], [ 106.6533429, 10.6328524 ], [ 106.6534867, 10.6333058 ], [ 106.653455, 10.6338531 ], [ 106.653191, 10.6338911 ], [ 106.653176, 10.6341062 ], [ 106.6531138, 10.634353 ], [ 106.6531248, 10.6346336 ], [ 106.6531631, 10.6356162 ], [ 106.6532713, 10.6362563 ], [ 106.6532849, 10.6365519 ], [ 106.6531658, 10.6367967 ], [ 106.6529674, 10.6370875 ], [ 106.652888, 10.6374244 ], [ 106.6528951, 10.6377192 ], [ 106.6529438, 10.6378948 ], [ 106.6530376, 10.6379781 ], [ 106.6531821, 10.6380451 ], [ 106.6533046, 10.6381504 ], [ 106.6533633, 10.6382858 ], [ 106.6534092, 10.6386294 ], [ 106.6534501, 10.6388877 ], [ 106.6535726, 10.6391109 ], [ 106.6538048, 10.6393642 ], [ 106.6539451, 10.6394395 ], [ 106.6541339, 10.6394695 ], [ 106.6542735, 10.639454 ], [ 106.6544062, 10.6393838 ], [ 106.6544827, 10.639286 ], [ 106.6545618, 10.6392434 ], [ 106.6550208, 10.6391054 ], [ 106.6554242, 10.6389768 ], [ 106.6557246, 10.6389156 ], [ 106.6559778, 10.6388903 ], [ 106.6560551, 10.6388292 ], [ 106.6560787, 10.6387553 ], [ 106.6561171, 10.6385568 ], [ 106.6561417, 10.6384915 ], [ 106.6561804, 10.6384725 ], [ 106.6562233, 10.6384862 ], [ 106.6562758, 10.6385611 ], [ 106.6565033, 10.638811 ], [ 106.6565977, 10.6389681 ], [ 106.6567172, 10.6392813 ], [ 106.6567668, 10.6396396 ], [ 106.6568453, 10.6399056 ], [ 106.6568471, 10.640246 ], [ 106.6568107, 10.6405952 ], [ 106.6567357, 10.6408512 ], [ 106.6565491, 10.6411837 ], [ 106.6563791, 10.6414268 ], [ 106.6563055, 10.6416734 ], [ 106.6562901, 10.6420446 ], [ 106.656419, 10.6424441 ], [ 106.6565951, 10.6428855 ], [ 106.6567458, 10.6432106 ], [ 106.6569372, 10.6433228 ], [ 106.6572823, 10.6433466 ], [ 106.6575534, 10.6433266 ], [ 106.6577946, 10.6432833 ], [ 106.6581125, 10.6431966 ], [ 106.6585198, 10.6430336 ], [ 106.6592146, 10.6426198 ], [ 106.6595121, 10.6424907 ], [ 106.6597739, 10.6424357 ], [ 106.6599201, 10.642363 ], [ 106.6601131, 10.642301 ], [ 106.660317, 10.6421697 ], [ 106.6605245, 10.6421095 ], [ 106.6607203, 10.6419874 ], [ 106.6604625, 10.6413805 ], [ 106.6601793, 10.6412425 ], [ 106.6600925, 10.6411397 ], [ 106.6600236, 10.6409817 ], [ 106.6600083, 10.6406105 ], [ 106.6599001, 10.6403547 ], [ 106.6598983, 10.6402222 ], [ 106.6599668, 10.6400325 ], [ 106.6600715, 10.6398587 ], [ 106.6601906, 10.6398143 ], [ 106.6603349, 10.639848 ], [ 106.6605713, 10.6400023 ], [ 106.660712, 10.6400626 ], [ 106.6608582, 10.6400786 ], [ 106.661044, 10.640013 ], [ 106.6612924, 10.6399094 ], [ 106.6614972, 10.6398721 ], [ 106.6617097, 10.6398915 ], [ 106.6618417, 10.6399034 ], [ 106.6619236, 10.6398467 ], [ 106.6621466, 10.6395798 ], [ 106.6624213, 10.6393546 ], [ 106.6626216, 10.6392726 ], [ 106.6627991, 10.639289 ], [ 106.6629068, 10.6393695 ], [ 106.662966, 10.6395082 ], [ 106.6630267, 10.6398139 ], [ 106.6630835, 10.6399635 ], [ 106.6631479, 10.6400394 ], [ 106.663238, 10.6400763 ], [ 106.6633378, 10.6400752 ], [ 106.6634354, 10.640051 ], [ 106.6636069, 10.6399078 ], [ 106.6638794, 10.6396471 ], [ 106.6640346, 10.6395496 ], [ 106.6641789, 10.6395283 ], [ 106.6644279, 10.6395567 ], [ 106.6645687, 10.6395301 ], [ 106.664639, 10.6394361 ], [ 106.6646697, 10.6392534 ], [ 106.6646986, 10.6390956 ], [ 106.6648171, 10.6389618 ], [ 106.6648975, 10.6389066 ], [ 106.6649995, 10.6388865 ], [ 106.6651029, 10.6389154 ], [ 106.6651909, 10.6390232 ], [ 106.6652878, 10.639173 ], [ 106.6653997, 10.6394425 ], [ 106.6654863, 10.6395631 ], [ 106.6656054, 10.6396021 ], [ 106.6657263, 10.6395578 ], [ 106.665802, 10.6394142 ], [ 106.6658255, 10.6392475 ], [ 106.6658093, 10.6390045 ], [ 106.6657917, 10.6387082 ], [ 106.6658399, 10.638537 ], [ 106.6659295, 10.6384574 ], [ 106.6660405, 10.6384323 ], [ 106.6661916, 10.6385226 ], [ 106.6664596, 10.6387884 ], [ 106.666545, 10.6391372 ], [ 106.6665171, 10.6393755 ], [ 106.6664227, 10.6395906 ], [ 106.6663847, 10.6396765 ], [ 106.6663308, 10.639856 ], [ 106.6663107, 10.6399944 ], [ 106.6663116, 10.6400667 ], [ 106.6663332, 10.6402096 ], [ 106.6663865, 10.6403599 ], [ 106.6664281, 10.6404368 ], [ 106.6664779, 10.6405088 ], [ 106.6665353, 10.6405752 ], [ 106.6666233, 10.6406516 ], [ 106.6667692, 10.6404755 ], [ 106.6670676, 10.6401488 ], [ 106.6673753, 10.6398518 ], [ 106.667701, 10.6395739 ], [ 106.6678578, 10.6394542 ], [ 106.6680193, 10.6393407 ], [ 106.6681229, 10.639284 ], [ 106.668341, 10.6391926 ], [ 106.6685699, 10.639132 ], [ 106.6688052, 10.6391034 ], [ 106.6689302, 10.6391014 ], [ 106.6690551, 10.6391084 ], [ 106.669179, 10.6391245 ], [ 106.6693015, 10.6391495 ], [ 106.6694217, 10.6391833 ], [ 106.6695391, 10.6392257 ], [ 106.6697641, 10.6393346 ], [ 106.6699742, 10.6394708 ], [ 106.6700722, 10.6395483 ], [ 106.6702525, 10.6397209 ], [ 106.670334, 10.6398152 ], [ 106.6713471, 10.6410905 ], [ 106.6714529, 10.6412051 ], [ 106.6715656, 10.641313 ], [ 106.6716849, 10.641414 ], [ 106.6718103, 10.6415075 ], [ 106.6719413, 10.6415933 ], [ 106.6722041, 10.6417338 ], [ 106.6723342, 10.6417897 ], [ 106.6726026, 10.6418798 ], [ 106.6727403, 10.6419137 ], [ 106.6730202, 10.6419588 ], [ 106.6731617, 10.6419699 ], [ 106.6734454, 10.6419688 ], [ 106.6733951, 10.6422997 ], [ 106.6733798, 10.6424714 ], [ 106.6733696, 10.6427699 ], [ 106.6733906, 10.6430216 ], [ 106.6734451, 10.6432685 ], [ 106.673532, 10.6435062 ], [ 106.6735872, 10.6436203 ], [ 106.6737199, 10.6438367 ], [ 106.6738838, 10.6440378 ], [ 106.6739775, 10.6441316 ], [ 106.6740776, 10.6442189 ], [ 106.6741834, 10.6442992 ], [ 106.6742947, 10.6443722 ], [ 106.6744107, 10.6444376 ], [ 106.674531, 10.6444951 ], [ 106.6746551, 10.6445443 ], [ 106.6750596, 10.6446818 ], [ 106.6754737, 10.6447882 ], [ 106.6758949, 10.6448629 ], [ 106.6764851, 10.6449414 ], [ 106.6774389, 10.6450683 ], [ 106.6776349, 10.6451067 ], [ 106.6778287, 10.6451543 ], [ 106.67802, 10.6452112 ], [ 106.6782082, 10.645277 ], [ 106.6783929, 10.6453518 ], [ 106.6785738, 10.6454353 ], [ 106.6787428, 10.6455231 ], [ 106.6790676, 10.6457214 ], [ 106.6792226, 10.6458315 ], [ 106.6795162, 10.6460721 ], [ 106.6796541, 10.6462023 ], [ 106.6802023, 10.6467777 ], [ 106.6804026, 10.6469753 ], [ 106.6808188, 10.6473543 ], [ 106.681062, 10.6475578 ], [ 106.6813113, 10.6477541 ], [ 106.6815664, 10.6479429 ], [ 106.6818273, 10.648124 ], [ 106.6841335, 10.6496493 ], [ 106.6843069, 10.6497801 ], [ 106.6844741, 10.6499186 ], [ 106.6846347, 10.6500643 ], [ 106.6847885, 10.650217 ], [ 106.6849328, 10.650374 ], [ 106.6850699, 10.6505372 ], [ 106.6851995, 10.6507062 ], [ 106.6853212, 10.6508808 ], [ 106.6855269, 10.6512129 ], [ 106.6856124, 10.6513689 ], [ 106.6857631, 10.6516908 ], [ 106.685828, 10.6518561 ], [ 106.6859364, 10.652194 ], [ 106.6859842, 10.6523855 ], [ 106.6860228, 10.6525791 ], [ 106.6860523, 10.6527741 ], [ 106.6860724, 10.6529704 ], [ 106.6860832, 10.6531673 ], [ 106.6860847, 10.6533645 ], [ 106.6860768, 10.6535616 ], [ 106.6860595, 10.653758 ], [ 106.6857032, 10.6566582 ], [ 106.6865713, 10.6563164 ], [ 106.6869725, 10.6561024 ], [ 106.6871397, 10.655941 ], [ 106.6872126, 10.6558707 ], [ 106.6875585, 10.6553656 ], [ 106.6877701, 10.6548348 ], [ 106.6881147, 10.6540914 ], [ 106.6884597, 10.6534274 ], [ 106.6889388, 10.6527628 ], [ 106.6893389, 10.6523898 ], [ 106.6899253, 10.6517245 ], [ 106.6901917, 10.6514053 ], [ 106.6903773, 10.6510071 ], [ 106.6903753, 10.6506627 ], [ 106.6903999, 10.6502654 ], [ 106.6905548, 10.6497364 ], [ 106.6907139, 10.649213 ], [ 106.6908237, 10.6489478 ], [ 106.6910125, 10.6487844 ], [ 106.6912555, 10.6486175 ], [ 106.6914692, 10.6485811 ], [ 106.6921727, 10.6485094 ], [ 106.693016, 10.6488282 ], [ 106.6939188, 10.6490672 ], [ 106.6946278, 10.6492595 ], [ 106.694998, 10.6494211 ], [ 106.6953361, 10.6495295 ], [ 106.6957868, 10.6496537 ], [ 106.6962707, 10.6498628 ], [ 106.6965405, 10.6501528 ], [ 106.6967465, 10.6504042 ], [ 106.6969585, 10.650739 ], [ 106.6971249, 10.6511756 ], [ 106.6973391, 10.6515693 ], [ 106.6976775, 10.6520799 ], [ 106.6987405, 10.6529539 ], [ 106.6995354, 10.653447 ], [ 106.7001309, 10.6537056 ], [ 106.7004454, 10.6538521 ], [ 106.7006704, 10.6538747 ], [ 106.7009535, 10.6538464 ], [ 106.7012301, 10.6538009 ], [ 106.701686, 10.653677 ], [ 106.7020296, 10.6535446 ], [ 106.702511, 10.6533626 ], [ 106.7027876, 10.653215 ], [ 106.703208, 10.6531888 ], [ 106.7035194, 10.652993 ], [ 106.7037444, 10.652915 ], [ 106.7039785, 10.6528129 ], [ 106.7044218, 10.6523504 ], [ 106.7049458, 10.6516012 ], [ 106.7052042, 10.6512444 ], [ 106.7053726, 10.6509958 ], [ 106.7055585, 10.6508388 ], [ 106.7061933, 10.6505004 ], [ 106.7068657, 10.6501768 ], [ 106.7073205, 10.6500677 ], [ 106.7080169, 10.6499051 ], [ 106.7087409, 10.6499011 ], [ 106.7093853, 10.65003 ], [ 106.7103793, 10.6503108 ], [ 106.7106482, 10.6504206 ], [ 106.7111849, 10.6505498 ], [ 106.7117476, 10.6504673 ], [ 106.7123309, 10.6502786 ], [ 106.7135337, 10.6496206 ], [ 106.7148484, 10.6486759 ], [ 106.7157463, 10.6481574 ], [ 106.7167611, 10.6473626 ], [ 106.7174114, 10.6466227 ], [ 106.7179719, 10.6461694 ], [ 106.7186937, 10.6457417 ], [ 106.719363, 10.6455527 ], [ 106.719953, 10.6455759 ], [ 106.7203293, 10.6457327 ], [ 106.7209262, 10.6459207 ], [ 106.7212832, 10.645898 ], [ 106.7216401, 10.6458753 ], [ 106.7220957, 10.6457987 ], [ 106.7224269, 10.6456266 ], [ 106.722928, 10.6451945 ], [ 106.7231644, 10.644393 ], [ 106.7232934, 10.6435205 ], [ 106.7233263, 10.6432096 ], [ 106.7234404, 10.6423387 ], [ 106.723493, 10.6420557 ], [ 106.7235546, 10.6417238 ], [ 106.7237035, 10.6412777 ], [ 106.7240827, 10.6407597 ], [ 106.7246916, 10.6401481 ], [ 106.7250958, 10.6396261 ], [ 106.7253875, 10.6391371 ], [ 106.7255195, 10.6387655 ], [ 106.725705, 10.6383672 ], [ 106.7261317, 10.6379676 ], [ 106.7268535, 10.6375664 ], [ 106.7278439, 10.6372432 ], [ 106.7281737, 10.6371236 ], [ 106.7288073, 10.6368937 ], [ 106.7297702, 10.6364382 ], [ 106.7301703, 10.6360651 ], [ 106.7307295, 10.6353735 ], [ 106.7307432, 10.6353344 ], [ 106.7310638, 10.6344778 ], [ 106.7311036, 10.6343714 ], [ 106.731205, 10.6340997 ], [ 106.7310667, 10.6334264 ], [ 106.7312551, 10.6333667 ], [ 106.7312834, 10.6333113 ], [ 106.7312551, 10.6332929 ], [ 106.7312317, 10.6332859 ], [ 106.7311871, 10.6332812 ], [ 106.7311543, 10.6332859 ], [ 106.7311404, 10.6332916 ], [ 106.7311764, 10.6330838 ], [ 106.7312185, 10.6329492 ], [ 106.7312607, 10.6328424 ], [ 106.7313272, 10.6327156 ], [ 106.7322182, 10.6312188 ], [ 106.7322783, 10.6311178 ], [ 106.7323673, 10.6309683 ], [ 106.7325265, 10.6306628 ], [ 106.7326848, 10.6301984 ], [ 106.7328161, 10.6297077 ], [ 106.7330147, 10.6292697 ], [ 106.7331876, 10.6290304 ], [ 106.7332404, 10.6288844 ], [ 106.7331861, 10.6287524 ], [ 106.7331747, 10.6287402 ], [ 106.7329163, 10.6284625 ], [ 106.7324987, 10.6281073 ], [ 106.7322158, 10.6278837 ], [ 106.7319335, 10.627753 ], [ 106.7314375, 10.6277556 ], [ 106.7311969, 10.6278893 ], [ 106.7307431, 10.6282494 ], [ 106.7303291, 10.628543 ], [ 106.730075, 10.6286636 ], [ 106.729767, 10.6287315 ], [ 106.7292776, 10.6285698 ], [ 106.7290657, 10.6282855 ], [ 106.7289655, 10.6279787 ], [ 106.7288736, 10.6275549 ], [ 106.7288088, 10.627184 ], [ 106.7286526, 10.62646 ], [ 106.7283315, 10.6250651 ], [ 106.7283024, 10.6246674 ], [ 106.7283726, 10.6244284 ], [ 106.7287376, 10.6240728 ], [ 106.7289965, 10.6239653 ], [ 106.7294523, 10.6238567 ], [ 106.7299621, 10.6237919 ], [ 106.730508, 10.6237802 ], [ 106.7310012, 10.6237948 ], [ 106.7312096, 10.6237759 ], [ 106.731399, 10.6237009 ], [ 106.7315316, 10.6235697 ], [ 106.7316617, 10.6233822 ], [ 106.7317523, 10.6231975 ], [ 106.7317917, 10.6229457 ], [ 106.7317806, 10.6227848 ], [ 106.7317184, 10.6225837 ], [ 106.731533, 10.6222426 ], [ 106.7311839, 10.6217915 ], [ 106.7307735, 10.6213105 ], [ 106.730466, 10.6209902 ], [ 106.7302816, 10.62082 ], [ 106.7300869, 10.6206198 ], [ 106.729943, 10.6204193 ], [ 106.7298501, 10.6202085 ], [ 106.7298302, 10.6201242 ], [ 106.7297979, 10.6199873 ], [ 106.7297966, 10.6197559 ], [ 106.7298458, 10.6194335 ], [ 106.7299152, 10.619111 ], [ 106.7299435, 10.618688 ], [ 106.7299609, 10.6181645 ], [ 106.7299495, 10.617933 ], [ 106.729887, 10.6177019 ], [ 106.729692, 10.6174613 ], [ 106.7295175, 10.6172409 ], [ 106.7294045, 10.6170906 ], [ 106.7293116, 10.6168797 ], [ 106.7292082, 10.6165984 ], [ 106.7290643, 10.6163878 ], [ 106.7289107, 10.6162477 ], [ 106.7287575, 10.6162083 ], [ 106.7286354, 10.6162391 ], [ 106.728463, 10.6163811 ], [ 106.7283008, 10.616543 ], [ 106.7281386, 10.6166848 ], [ 106.7279559, 10.6168268 ], [ 106.7278847, 10.6168472 ], [ 106.7277826, 10.6168076 ], [ 106.72768, 10.6166874 ], [ 106.7275976, 10.6165368 ], [ 106.727556, 10.6163861 ], [ 106.7275447, 10.6161848 ], [ 106.7275737, 10.6159128 ], [ 106.7276029, 10.6156711 ], [ 106.7276931, 10.6153988 ], [ 106.7278542, 10.6150456 ], [ 106.7280254, 10.6146723 ], [ 106.7281761, 10.614289 ], [ 106.7283167, 10.6139157 ], [ 106.7284463, 10.6134218 ], [ 106.7285665, 10.6130286 ], [ 106.7288489, 10.6124936 ], [ 106.7291316, 10.6120491 ], [ 106.7292736, 10.6119074 ], [ 106.7294059, 10.6118764 ], [ 106.7295284, 10.6119161 ], [ 106.7297738, 10.6120657 ], [ 106.7301932, 10.6123453 ], [ 106.7303975, 10.6124347 ], [ 106.7305913, 10.6124538 ], [ 106.7307645, 10.6124428 ], [ 106.7310392, 10.6123506 ], [ 106.7312832, 10.6122586 ], [ 106.731446, 10.6122075 ], [ 106.7316087, 10.6121361 ], [ 106.7316897, 10.6120552 ], [ 106.7317399, 10.611924 ], [ 106.7317495, 10.6118133 ], [ 106.7318297, 10.6115813 ], [ 106.7319716, 10.6114295 ], [ 106.7321739, 10.6111566 ], [ 106.7323958, 10.6107527 ], [ 106.7325973, 10.6103289 ], [ 106.7327945, 10.6099603 ], [ 106.7320783, 10.6093569 ], [ 106.7317408, 10.6091035 ], [ 106.7316046, 10.6090276 ], [ 106.7314036, 10.6089201 ], [ 106.7312547, 10.6088699 ], [ 106.7310865, 10.6088389 ], [ 106.730886, 10.6088273 ], [ 106.7306212, 10.6088543 ], [ 106.7303178, 10.6089134 ], [ 106.730079, 10.6089657 ], [ 106.7295953, 10.6091472 ], [ 106.7292341, 10.6092769 ], [ 106.7290111, 10.6093886 ], [ 106.7288575, 10.6091992 ], [ 106.728702, 10.6090824 ], [ 106.7285229, 10.6090246 ], [ 106.7283681, 10.6090137 ], [ 106.7282967, 10.6090376 ], [ 106.7282019, 10.6091087 ], [ 106.7280715, 10.6092154 ], [ 106.7278345, 10.6094401 ], [ 106.7272896, 10.6099844 ], [ 106.7271596, 10.6101497 ], [ 106.7269709, 10.6104919 ], [ 106.7269009, 10.6107512 ], [ 106.7267594, 10.610999 ], [ 106.7266884, 10.6111384 ], [ 106.7265892, 10.6112651 ], [ 106.7264952, 10.6113314 ], [ 106.7264066, 10.6113703 ], [ 106.72629, 10.6113874 ], [ 106.7260956, 10.6113774 ], [ 106.7258677, 10.6113404 ], [ 106.7256121, 10.6113033 ], [ 106.7254342, 10.6112879 ], [ 106.7252843, 10.6112996 ], [ 106.7251402, 10.6113499 ], [ 106.7249408, 10.6114332 ], [ 106.7246584, 10.6115773 ], [ 106.7244481, 10.6116992 ], [ 106.724293, 10.6117878 ], [ 106.7240897, 10.6119105 ], [ 106.7239525, 10.6119298 ], [ 106.7238446, 10.6118696 ], [ 106.7236747, 10.6117188 ], [ 106.7234887, 10.6114163 ], [ 106.7232717, 10.6110684 ], [ 106.7231015, 10.610857 ], [ 106.7229147, 10.610433 ], [ 106.7228198, 10.6099631 ], [ 106.7226624, 10.609281 ], [ 106.7225217, 10.6088417 ], [ 106.7223657, 10.6084176 ], [ 106.7223489, 10.6081749 ], [ 106.7223464, 10.6077045 ], [ 106.7223305, 10.607567 ], [ 106.7222246, 10.607188 ], [ 106.722, 10.606911 ], [ 106.7217753, 10.6067669 ], [ 106.7214946, 10.6066895 ], [ 106.7211577, 10.6066343 ], [ 106.7205852, 10.6066457 ], [ 106.7199565, 10.6066129 ], [ 106.7195972, 10.6065134 ], [ 106.7192828, 10.6063805 ], [ 106.7191143, 10.6062586 ], [ 106.7190132, 10.606159 ], [ 106.7189999, 10.6061174 ], [ 106.7189372, 10.6059224 ], [ 106.718954, 10.6050714 ], [ 106.7191153, 10.6040818 ], [ 106.7195144, 10.6029732 ], [ 106.7203887, 10.6016266 ], [ 106.7210282, 10.6009169 ], [ 106.7217392, 10.6002068 ], [ 106.7218323, 10.5998061 ], [ 106.7217826, 10.5994298 ], [ 106.7214215, 10.5987961 ], [ 106.7208222, 10.5981637 ], [ 106.7203649, 10.5973659 ], [ 106.7202664, 10.5967779 ], [ 106.7202879, 10.5963776 ], [ 106.7203811, 10.5960004 ], [ 106.7206412, 10.5956223 ], [ 106.7211868, 10.5951721 ], [ 106.7220182, 10.5946732 ], [ 106.7228727, 10.5940564 ], [ 106.72337, 10.5934888 ], [ 106.7235586, 10.5931111 ], [ 106.7235787, 10.5924518 ], [ 106.723575, 10.5917802 ], [ 106.7235735, 10.5915103 ], [ 106.7235966, 10.5912893 ], [ 106.7236404, 10.5908712 ], [ 106.7236594, 10.5907518 ], [ 106.7236587, 10.5906319 ], [ 106.7236507, 10.5904909 ], [ 106.7236066, 10.5902513 ], [ 106.7235193, 10.5899626 ], [ 106.7233817, 10.5896318 ], [ 106.7233027, 10.5894048 ], [ 106.7232472, 10.5892256 ], [ 106.7232096, 10.5890104 ], [ 106.7231995, 10.58884 ], [ 106.7232074, 10.5886065 ], [ 106.7232157, 10.5884629 ], [ 106.7232422, 10.5883371 ], [ 106.723314, 10.5881751 ], [ 106.723413, 10.588004 ], [ 106.7235303, 10.5878598 ], [ 106.7236477, 10.5877335 ], [ 106.7238196, 10.587589 ], [ 106.7239278, 10.5874627 ], [ 106.7240362, 10.5873275 ], [ 106.7241082, 10.5872194 ], [ 106.7241574, 10.5871275 ], [ 106.7241711, 10.5871023 ], [ 106.724207, 10.5870034 ], [ 106.7242604, 10.5868236 ], [ 106.7243495, 10.586509 ], [ 106.72443, 10.5862842 ], [ 106.724538, 10.586086 ], [ 106.7246368, 10.5858881 ], [ 106.7247541, 10.5857438 ], [ 106.7249168, 10.5855904 ], [ 106.725134, 10.5854276 ], [ 106.7253151, 10.5853189 ], [ 106.7254419, 10.5852554 ], [ 106.7256144, 10.5852275 ], [ 106.7258143, 10.5852264 ], [ 106.7259689, 10.5852436 ], [ 106.7261873, 10.5853141 ], [ 106.7263877, 10.5854118 ], [ 106.7265699, 10.5854826 ], [ 106.7267156, 10.5855536 ], [ 106.7268522, 10.5855887 ], [ 106.7269521, 10.5855882 ], [ 106.7270246, 10.5855519 ], [ 106.7270696, 10.5854799 ], [ 106.7270782, 10.58539 ], [ 106.7270593, 10.5852644 ], [ 106.7270041, 10.5851391 ], [ 106.7269308, 10.5850319 ], [ 106.7267846, 10.58488 ], [ 106.7266931, 10.5847639 ], [ 106.726656, 10.5846473 ], [ 106.726646, 10.584468 ], [ 106.7266632, 10.5842973 ], [ 106.7267166, 10.5840995 ], [ 106.7267792, 10.5839197 ], [ 106.7268302, 10.5837974 ], [ 106.7270172, 10.5835392 ], [ 106.7271508, 10.5833524 ], [ 106.727257, 10.5831036 ], [ 106.7273638, 10.5829435 ], [ 106.727408, 10.582828 ], [ 106.7274255, 10.5827392 ], [ 106.7274335, 10.5825797 ], [ 106.7274594, 10.5823845 ], [ 106.7275125, 10.5822512 ], [ 106.7277083, 10.5819665 ], [ 106.7279667, 10.5816371 ], [ 106.7280732, 10.5814327 ], [ 106.7282329, 10.5811127 ], [ 106.7283211, 10.5808463 ], [ 106.7283828, 10.580651 ], [ 106.7284535, 10.5804378 ], [ 106.7285244, 10.5802957 ], [ 106.7286221, 10.5801267 ], [ 106.7287025, 10.5800465 ], [ 106.7288636, 10.5799835 ], [ 106.729016, 10.579965 ], [ 106.7292671, 10.5799281 ], [ 106.7295002, 10.5798914 ], [ 106.7297511, 10.5798102 ], [ 106.7300196, 10.5797113 ], [ 106.7301901, 10.5797103 ], [ 106.7302067, 10.5797163 ], [ 106.7305314, 10.5797616 ], [ 106.7307286, 10.5797162 ], [ 106.7309708, 10.5797061 ], [ 106.7312581, 10.5797488 ], [ 106.7317615, 10.5798967 ], [ 106.7320312, 10.5799839 ], [ 106.7322921, 10.5801153 ], [ 106.7324901, 10.5802206 ], [ 106.7325891, 10.5802643 ], [ 106.7326968, 10.5802726 ], [ 106.7327506, 10.5802724 ], [ 106.7327542, 10.5802693 ], [ 106.7328242, 10.5803583 ], [ 106.7329231, 10.580479 ], [ 106.7330303, 10.58064 ], [ 106.7331131, 10.5808012 ], [ 106.7331959, 10.5809706 ], [ 106.7333031, 10.5811074 ], [ 106.7334431, 10.5812682 ], [ 106.7335992, 10.5813887 ], [ 106.733788, 10.5815089 ], [ 106.7340342, 10.5816288 ], [ 106.7343052, 10.581797 ], [ 106.7345765, 10.5820218 ], [ 106.7347, 10.5821665 ], [ 106.734799, 10.5823035 ], [ 106.7348405, 10.5824084 ], [ 106.7349072, 10.58261 ], [ 106.7349079, 10.5827555 ], [ 106.7348761, 10.5829173 ], [ 106.734771, 10.5831281 ], [ 106.7346902, 10.5833225 ], [ 106.7346503, 10.5835005 ], [ 106.7346509, 10.5836218 ], [ 106.7346682, 10.5837753 ], [ 106.7347929, 10.5841141 ], [ 106.734851, 10.5842674 ], [ 106.7348683, 10.5844208 ], [ 106.7348608, 10.5845582 ], [ 106.7348533, 10.5846796 ], [ 106.7348055, 10.5849142 ], [ 106.7347516, 10.5852228 ], [ 106.7348498, 10.5854283 ], [ 106.7350753, 10.5858103 ], [ 106.7352949, 10.586141 ], [ 106.7354335, 10.5862778 ], [ 106.7355549, 10.586369 ], [ 106.7357858, 10.5864431 ], [ 106.7359705, 10.5864771 ], [ 106.7362014, 10.5864827 ], [ 106.7365419, 10.5864482 ], [ 106.736842, 10.5863966 ], [ 106.7371421, 10.586305 ], [ 106.7375229, 10.5861508 ], [ 106.737921, 10.5859565 ], [ 106.738221, 10.5857566 ], [ 106.7384979, 10.585511 ], [ 106.7387142, 10.5852969 ], [ 106.7387389, 10.5852702 ], [ 106.7388237, 10.5851568 ], [ 106.7390244, 10.5848145 ], [ 106.7392715, 10.5842953 ], [ 106.7394004, 10.5839063 ], [ 106.7395159, 10.5832702 ], [ 106.7395014, 10.5827996 ], [ 106.7394519, 10.5824704 ], [ 106.7393666, 10.5821414 ], [ 106.7391621, 10.5817778 ], [ 106.7389339, 10.5814495 ], [ 106.7386703, 10.5811803 ], [ 106.7382878, 10.5809589 ], [ 106.7378819, 10.5807846 ], [ 106.7375832, 10.5806333 ], [ 106.7373797, 10.5804697 ], [ 106.7370201, 10.5800598 ], [ 106.7366368, 10.5796971 ], [ 106.736135, 10.5794292 ], [ 106.7355738, 10.579197 ], [ 106.7352749, 10.5789986 ], [ 106.7350589, 10.5787291 ], [ 106.7350098, 10.5784705 ], [ 106.7350676, 10.5781525 ], [ 106.7352444, 10.5778103 ], [ 106.7355638, 10.5774085 ], [ 106.7360268, 10.5771353 ], [ 106.7363123, 10.577063 ], [ 106.7367652, 10.5770841 ], [ 106.7369921, 10.5772005 ], [ 106.737196, 10.5774465 ], [ 106.7374243, 10.5777982 ], [ 106.7376167, 10.578115 ], [ 106.7378203, 10.5783021 ], [ 106.7380474, 10.5784538 ], [ 106.7386442, 10.5786624 ], [ 106.7394196, 10.578858 ], [ 106.7401355, 10.5790542 ], [ 106.7404136, 10.5790776 ], [ 106.7406599, 10.5790984 ], [ 106.7412316, 10.5790717 ], [ 106.7417552, 10.5789864 ], [ 106.7419636, 10.5789013 ], [ 106.7421101, 10.5788364 ], [ 106.7422456, 10.5787753 ], [ 106.742372, 10.578711 ], [ 106.7424982, 10.5786407 ], [ 106.7425599, 10.5786011 ], [ 106.7431094, 10.5782964 ], [ 106.7447004, 10.5770623 ], [ 106.7456478, 10.5763631 ], [ 106.745422, 10.5759802 ], [ 106.7445393, 10.5742958 ], [ 106.7438371, 10.5723589 ], [ 106.7431745, 10.5709969 ], [ 106.7425864, 10.569343 ], [ 106.7421276, 10.5669712 ], [ 106.7418966, 10.5639214 ], [ 106.741955, 10.5628074 ], [ 106.7420092, 10.561775 ], [ 106.7423493, 10.558386 ], [ 106.7430324, 10.5551096 ], [ 106.7430803, 10.5549196 ], [ 106.7433503, 10.5536451 ], [ 106.7434274, 10.553281 ], [ 106.747241, 10.5280244 ], [ 106.7468118, 10.5153662 ], [ 106.7461613, 10.5092859 ], [ 106.7455304, 10.5033889 ], [ 106.7452324, 10.4978311 ], [ 106.7503853, 10.4784896 ], [ 106.7512321, 10.475321 ], [ 106.7536353, 10.4673029 ], [ 106.7539584, 10.4665057 ], [ 106.7562254, 10.4609118 ], [ 106.7583561, 10.4576386 ], [ 106.7611567, 10.4537878 ], [ 106.7714627, 10.4409249 ], [ 106.7775822, 10.4343757 ], [ 106.7925066, 10.4184025 ], [ 106.7946711, 10.4144949 ], [ 106.809233, 10.3882046 ], [ 106.8509964, 10.3271059 ], [ 106.9933717, 10.1399458 ], [ 106.8722725, 9.4272857 ], [ 106.4538443, 9.0800586 ], [ 105.9769387, 8.702505 ] ] ] } }
]
}
