{
"type": "FeatureCollection",
"name": "countries",
"crs": { "type": "name", "properties": { "name": "urn:ogc:def:crs:OGC:1.3:CRS84" } },
"features": [
{ "type": "Feature", "properties": { "NAME": "France", "ISO_A2": "-99", "ISO_A3": "-99" }, "geometry": { "type": "MultiPolygon", "coordinates": [ [ [ [ -54.111526696999903, 2.114270443000066 ], [ -54.134908, 2.11067332000006 ], [ -54.148137165999941, 2.114394023000074 ], [ -54.157387248999953, 2.121654562000046 ], [ -54.188548136999941, 2.161316224000117 ], [ -54.194490925999844, 2.163073222000094 ], [ -54.210045532999885, 2.161574605000098 ], [ -54.229785929999935, 2.157233785000116 ], [ -54.246477416999966, 2.151601054000082 ], [ -54.263789021999884, 2.148190410000055 ], [ -54.314018513999912, 2.154856669000068 ], [ -54.322855184999923, 2.157337138000045 ], [ -54.335050821999943, 2.163900045000034 ], [ -54.360940714999884, 2.188187968000122 ], [ -54.373911498999888, 2.196507873000087 ], [ -54.380526082999978, 2.197696432000015 ], [ -54.387812459999878, 2.196301168000033 ], [ -54.402540242999891, 2.197127991000059 ], [ -54.411480265999899, 2.199711812000061 ], [ -54.427086548999938, 2.207153219000077 ], [ -54.433959513999923, 2.209323629000068 ], [ -54.476644246999911, 2.21412953800008 ], [ -54.492663940999961, 2.222707825000015 ], [ -54.511422485999873, 2.243430074000045 ], [ -54.545787313999909, 2.268596497000075 ], [ -54.549146280999906, 2.279448548000119 ], [ -54.52640865099994, 2.282652486000089 ], [ -54.544288696999899, 2.300222473000062 ], [ -54.564649210999931, 2.314846904000134 ], [ -54.588161987999911, 2.324355367000123 ], [ -54.615292114999875, 2.326267396000048 ], [ -54.599220743999922, 2.345801087000055 ], [ -54.58475134299988, 2.348333231000126 ], [ -54.551161661999856, 2.338101298000055 ], [ -54.531576293999933, 2.340168356000021 ], [ -54.520310831999979, 2.348901672000096 ], [ -54.493387410999873, 2.41706288600011 ], [ -54.483310505999924, 2.422850647000089 ], [ -54.472613484999926, 2.428690084000067 ], [ -54.450547647999912, 2.428948466000051 ], [ -54.435458130999905, 2.431118876000127 ], [ -54.423469197999879, 2.435924784000036 ], [ -54.375616821999955, 2.483777161000134 ], [ -54.35944209799996, 2.508013408000124 ], [ -54.320426391999945, 2.606663717000032 ], [ -54.285338094999929, 2.677977193000103 ], [ -54.212526001999947, 2.776420797000057 ], [ -54.204722859999919, 2.791768698000027 ], [ -54.188909871999925, 2.838277486000067 ], [ -54.182191935999896, 2.846545716000108 ], [ -54.170203002999955, 2.853056946000081 ], [ -54.18338049399992, 2.863857320000108 ], [ -54.189633341999922, 2.870626933000054 ], [ -54.191338663999886, 2.877344870000073 ], [ -54.190666869999916, 2.887835185000114 ], [ -54.187049519999931, 2.89930735300004 ], [ -54.173251912999973, 2.919512837000127 ], [ -54.170203002999955, 2.925403951000121 ], [ -54.162968302999872, 2.955996399000043 ], [ -54.163433390999899, 2.969742330000074 ], [ -54.168756062999961, 2.971395976000039 ], [ -54.179763143999935, 2.983746643000089 ], [ -54.18513749199991, 2.997802633000106 ], [ -54.173613647999872, 3.004520569000121 ], [ -54.169169473999972, 3.010721741000111 ], [ -54.170874796999925, 3.024829407000141 ], [ -54.177024292999903, 3.04891062500009 ], [ -54.179194702999979, 3.05159779900012 ], [ -54.188548136999941, 3.05831573500005 ], [ -54.190666869999916, 3.059142558000076 ], [ -54.188496459999925, 3.064620260000055 ], [ -54.184000610999902, 3.06797922800007 ], [ -54.17945308399996, 3.070304668000105 ], [ -54.177024292999903, 3.072785136000078 ], [ -54.174698852999967, 3.093920797000109 ], [ -54.177075967999912, 3.116555074000075 ], [ -54.187979695999871, 3.130972799000091 ], [ -54.211182413999978, 3.127407125000019 ], [ -54.190460164999934, 3.178101705000088 ], [ -54.176559204999961, 3.200580953000099 ], [ -54.140023966999934, 3.24502268500008 ], [ -54.114289103999852, 3.285381979000135 ], [ -54.080804556999908, 3.309314029000092 ], [ -54.080234334999915, 3.309721578000051 ], [ -54.069485636999872, 3.327084859000067 ], [ -54.06271602399994, 3.346696066000092 ], [ -54.060338907999892, 3.364214376000064 ], [ -54.055688028999924, 3.377676086000108 ], [ -54.019359497999858, 3.41537404400006 ], [ -54.003029744999935, 3.455397441000045 ], [ -54.006285359999907, 3.531025900000088 ], [ -53.998275512999925, 3.573038839000091 ], [ -53.990265665999857, 3.59569895500006 ], [ -53.988818725999863, 3.61099517800011 ], [ -53.994813191999896, 3.623604228000133 ], [ -54.008817504999911, 3.637918599000031 ], [ -54.017860880999962, 3.641458435000089 ], [ -54.028402872999919, 3.639830627000052 ], [ -54.039409952999904, 3.636445821000038 ], [ -54.05010697499992, 3.634533793000102 ], [ -54.050675415999962, 3.640554098000052 ], [ -54.07403316299991, 3.676107483000095 ], [ -54.094445352999855, 3.747059225000086 ], [ -54.104780639999973, 3.758040467000072 ], [ -54.125502889999893, 3.788736267000104 ], [ -54.136096557999878, 3.795738424000106 ], [ -54.170203002999955, 3.805815328000051 ], [ -54.18162349499994, 3.811008810000061 ], [ -54.187359577999899, 3.814677837000147 ], [ -54.197488159999949, 3.82689931200008 ], [ -54.20704829899995, 3.846484680000088 ], [ -54.214541381999908, 3.858215230000084 ], [ -54.218003702999937, 3.857646789000029 ], [ -54.222241170999979, 3.866199239000053 ], [ -54.241051391999889, 3.876353658000113 ], [ -54.265804402999919, 3.922526551000061 ], [ -54.272522338999948, 3.92952870700006 ], [ -54.286474975999937, 3.940716655000102 ], [ -54.29314123599994, 3.949811707000066 ], [ -54.303889933999869, 3.984460755000086 ], [ -54.310194458999973, 3.994201762000031 ], [ -54.344352580999953, 4.02494923900008 ], [ -54.353861042999938, 4.041718241000041 ], [ -54.355152953999891, 4.066522929000087 ], [ -54.351018839999966, 4.08207753500011 ], [ -54.337582966999918, 4.1166490680001 ], [ -54.33468908699993, 4.131712748000098 ], [ -54.338564819999903, 4.152331645000089 ], [ -54.348900105999888, 4.160522359000112 ], [ -54.382489786999912, 4.169565735000077 ], [ -54.394892129999903, 4.177911479000045 ], [ -54.406571003999971, 4.191528219000048 ], [ -54.410550089999845, 4.208581441000078 ], [ -54.399594685999972, 4.227262472000064 ], [ -54.393186808999928, 4.244393209000108 ], [ -54.394116983999879, 4.269818013000119 ], [ -54.402953653999901, 4.312941997000038 ], [ -54.433442748999965, 4.37637481700007 ], [ -54.4508060309999, 4.484223532000073 ], [ -54.44796382699991, 4.509544983000055 ], [ -54.42817175299993, 4.546157736000097 ], [ -54.423469197999879, 4.563391825000082 ], [ -54.423469197999879, 4.604345398000106 ], [ -54.425277872999942, 4.616050110000089 ], [ -54.437731893999938, 4.648735453000072 ], [ -54.43855871599996, 4.673281759000048 ], [ -54.435148070999929, 4.692376200000126 ], [ -54.435458130999905, 4.709403585000061 ], [ -54.447343708999938, 4.727852071000072 ], [ -54.457007202999961, 4.73332977300015 ], [ -54.467290812999863, 4.736197815000125 ], [ -54.475404011999956, 4.741727194000134 ], [ -54.478659626999871, 4.755188904000093 ], [ -54.478659626999871, 4.878669739000145 ], [ -54.484964152999879, 4.892751567000076 ], [ -54.486721150999955, 4.902957662000048 ], [ -54.48212194899989, 4.912802022000022 ], [ -54.455508585999951, 4.931431377000081 ], [ -54.4508060309999, 4.93672821100003 ], [ -54.448842325999948, 4.951481832000127 ], [ -54.457575642999927, 4.991350199000067 ], [ -54.454785115999869, 5.008532613000042 ], [ -54.448635619999891, 5.024293925000023 ], [ -54.430238810999896, 5.053387757000024 ], [ -54.375616821999955, 5.114882711000035 ], [ -54.372309529999967, 5.121058045000012 ], [ -54.369880737999893, 5.132375183000079 ], [ -54.365436563999907, 5.138757222000024 ], [ -54.350036986999896, 5.149583436000057 ], [ -54.34357743299995, 5.156378886000098 ], [ -54.332001912999914, 5.196195577000111 ], [ -54.320651942999888, 5.212454410000049 ], [ -54.311331339999896, 5.225806173000066 ], [ -54.269163370999934, 5.269085185000037 ], [ -54.190460164999934, 5.325748393000111 ], [ -54.170969204999949, 5.34837474200009 ], [ -54.137521938999953, 5.360052802000041 ], [ -54.106678839999915, 5.38117096600007 ], [ -54.080433722999942, 5.407945054000038 ], [ -54.061105923999946, 5.436509507000039 ], [ -54.033111131999931, 5.505438544000071 ], [ -54.013010219999956, 5.540594794000071 ], [ -54.007191535999937, 5.558172919000071 ], [ -53.991925020999929, 5.661347855000088 ], [ -53.974242129999936, 5.692195860000083 ], [ -53.954585181999903, 5.726126182000087 ], [ -53.944349616999943, 5.744640779000065 ], [ -53.934022920999951, 5.744765375000043 ], [ -53.889776618999917, 5.738260363000052 ], [ -53.858882933999951, 5.733765930000061 ], [ -53.835598921999917, 5.723940846000062 ], [ -53.81565116999991, 5.715919366000037 ], [ -53.808287752999945, 5.714836134000052 ], [ -53.811424240999941, 5.720604829000081 ], [ -53.832422755999914, 5.731693648000089 ], [ -53.824524947999919, 5.733223204000069 ], [ -53.810333281999931, 5.731059818000062 ], [ -53.776742030999912, 5.71415567400004 ], [ -53.750213026999916, 5.696698701000059 ], [ -53.732403966999925, 5.684202814000059 ], [ -53.714580953999928, 5.67441425800007 ], [ -53.695596104999936, 5.663456422000081 ], [ -53.582582993999949, 5.617772066000043 ], [ -53.547138749999931, 5.599942349000059 ], [ -53.517322373999946, 5.580774589000043 ], [ -53.4952102499999, 5.572104697000043 ], [ -53.481800910999937, 5.569525458000044 ], [ -53.448249392999912, 5.560945511000057 ], [ -53.407810057999939, 5.561831606000055 ], [ -53.336394317999918, 5.543917484000076 ], [ -53.302709855999922, 5.535476236000079 ], [ -53.277452077999953, 5.538191937000079 ], [ -53.263917850999917, 5.529887600000052 ], [ -53.247670050999943, 5.509751695000091 ], [ -53.230091925999943, 5.495306708000044 ], [ -53.207915818999936, 5.502346096000053 ], [ -53.207774585999914, 5.514037084000051 ], [ -53.225207613999942, 5.517059900000049 ], [ -53.244026966999911, 5.529744527000048 ], [ -53.264781955999922, 5.545825133000051 ], [ -53.28270643299993, 5.550300827000058 ], [ -53.289511696999909, 5.548901656000055 ], [ -53.291410733999953, 5.554709668000044 ], [ -53.281169765999948, 5.561878547000049 ], [ -53.271475614999929, 5.560359586000061 ], [ -53.251663835999921, 5.548626877000061 ], [ -53.221186484999919, 5.536335553000072 ], [ -53.177632127999914, 5.524431953000089 ], [ -53.155398796999918, 5.514130353000041 ], [ -53.130246847999899, 5.504770442000051 ], [ -53.082508917999917, 5.472154039000088 ], [ -53.046213344999956, 5.459662177000041 ], [ -53.005848761999914, 5.450751044000071 ], [ -53.001364555999942, 5.458642102000056 ], [ -52.9945805669999, 5.457623554000065 ], [ -52.965096656999947, 5.443866856000056 ], [ -52.896519006999938, 5.405668008000077 ], [ -52.829101661999914, 5.341883111000072 ], [ -52.783168446999923, 5.316884190000053 ], [ -52.752948942999922, 5.267352196000047 ], [ -52.681223110999952, 5.210353908000059 ], [ -52.540923631999931, 5.079006252000056 ], [ -52.529855923999946, 5.073431708000044 ], [ -52.526112433999913, 5.070746161000045 ], [ -52.526682094999956, 5.064520575000074 ], [ -52.52798417899993, 5.057928778000075 ], [ -52.526722785999937, 5.053615627000056 ], [ -52.521839972999942, 5.052679755000042 ], [ -52.509755011999914, 5.054510809000078 ], [ -52.504994269999941, 5.053615627000056 ], [ -52.479725714999915, 5.039618231000077 ], [ -52.402333136999914, 4.973822333000044 ], [ -52.380034959999932, 4.936835028000075 ], [ -52.38898678299995, 4.895900783000059 ], [ -52.370716925999943, 4.907212632000039 ], [ -52.345122850999928, 4.942857164000088 ], [ -52.323719855999911, 4.950588283000059 ], [ -52.299956834999932, 4.945054429000038 ], [ -52.279123501999948, 4.931219794000071 ], [ -52.264271613999938, 4.912502346000053 ], [ -52.258615688999953, 4.892482815000051 ], [ -52.276519334999932, 4.859320380000042 ], [ -52.31314042899993, 4.810777085000041 ], [ -52.343006964999915, 4.76117584800005 ], [ -52.34048417899993, 4.724595445000091 ], [ -52.334339972999942, 4.724595445000091 ], [ -52.331654425999943, 4.738348700000074 ], [ -52.324574347999942, 4.747992255000042 ], [ -52.317209438999953, 4.755194403000075 ], [ -52.313832160999937, 4.761867580000057 ], [ -52.308583136999914, 4.787258205000057 ], [ -52.300160285999937, 4.813381252000056 ], [ -52.28579667899993, 4.829575914000088 ], [ -52.242746548999946, 4.85618724200009 ], [ -52.231922980999911, 4.875433661000045 ], [ -52.213490363999938, 4.866685289000088 ], [ -52.192860480999911, 4.849676825000074 ], [ -52.176136847999942, 4.829169012000079 ], [ -52.169260219999956, 4.809963283000059 ], [ -52.159494594999956, 4.795599677000041 ], [ -52.094105597999942, 4.75812409100007 ], [ -52.060170050999943, 4.730454820000091 ], [ -52.024525519999941, 4.693548895000049 ], [ -51.99632727799991, 4.652289130000042 ], [ -51.984852667999917, 4.611314195000091 ], [ -51.979603644999941, 4.571437893000052 ], [ -51.956044074999909, 4.494045315000051 ], [ -51.950754360999952, 4.454006252000056 ], [ -51.961822068999936, 4.408392645000049 ], [ -51.988392706999946, 4.385687567000048 ], [ -52.019927537999934, 4.367010809000078 ], [ -52.046294725999928, 4.333563544000071 ], [ -51.985585089999915, 4.352606512000079 ], [ -51.95140540299991, 4.370672919000071 ], [ -51.936512824999909, 4.391913153000075 ], [ -51.934315558999913, 4.402167059000078 ], [ -51.924916144999941, 4.429348049000055 ], [ -51.922759568999936, 4.447088934000078 ], [ -51.931263800999943, 4.590399481000077 ], [ -51.925404425999943, 4.626206773000092 ], [ -51.909169074999909, 4.65570709800005 ], [ -51.896392381999931, 4.66469961100006 ], [ -51.881214972999942, 4.667792059000078 ], [ -51.864816860999952, 4.66478099200009 ], [ -51.84829667899993, 4.65570709800005 ], [ -51.801503058999913, 4.612697658000059 ], [ -51.793080206999946, 4.601141669000071 ], [ -51.800770636999914, 4.589667059000078 ], [ -51.773548956999946, 4.551988023000092 ], [ -51.765126105999911, 4.529038804000038 ], [ -51.763579881999931, 4.506089585000041 ], [ -51.75804602799991, 4.477769273000092 ], [ -51.747547980999911, 4.457180080000057 ], [ -51.731027798999946, 4.457098700000074 ], [ -51.733021613999938, 4.44790273600006 ], [ -51.737700975999928, 4.440375067000048 ], [ -51.74242102799991, 4.436021226000094 ], [ -51.744699673999946, 4.436590887000079 ], [ -51.743723110999952, 4.428900458000044 ], [ -51.738433397999927, 4.413031317000048 ], [ -51.730946417999917, 4.399359442000048 ], [ -51.714263475999928, 4.39524974200009 ], [ -51.697621222999942, 4.393052476000094 ], [ -51.690052863999938, 4.38507721600007 ], [ -51.694081183999913, 4.371039130000042 ], [ -51.703114386999914, 4.363511460000041 ], [ -51.712269660999937, 4.353745835000041 ], [ -51.716786261999914, 4.333563544000071 ], [ -51.714670376999948, 4.316148179000038 ], [ -51.708485480999911, 4.300360419000071 ], [ -51.669300910999937, 4.242092190000051 ], [ -51.656727667999917, 4.217271226000094 ], [ -51.65070553299995, 4.190008856000077 ], [ -51.649037238999938, 4.152329820000091 ], [ -51.652495897999927, 4.122056382000039 ], [ -51.672230597999942, 4.060777085000041 ], [ -51.683216925999943, 4.03937409100007 ], [ -51.757947143999928, 4.002521668000085 ], [ -51.78319108099987, 3.980946757000126 ], [ -51.797531290999871, 3.949966736000107 ], [ -51.806238769999936, 3.917513937000095 ], [ -51.8186152749999, 3.891081442000115 ], [ -51.835410115999963, 3.867542827000108 ], [ -51.899721434999947, 3.796668600000061 ], [ -51.930934000999912, 3.781398214000106 ], [ -51.938659627999925, 3.773569234000078 ], [ -51.940985066999957, 3.763569845000063 ], [ -51.938194539999898, 3.742511699000133 ], [ -51.940080728999902, 3.733959249000122 ], [ -51.948710693999942, 3.725096741000115 ], [ -51.955816202999898, 3.724424947000031 ], [ -51.963309285999912, 3.725458476000114 ], [ -51.972843587999904, 3.721686096000084 ], [ -51.988424031999926, 3.70455535900004 ], [ -51.995374511999927, 3.685331726000101 ], [ -52.00310013899994, 3.642311096000114 ], [ -52.012763630999956, 3.61910837900011 ], [ -52.05449234999989, 3.556709087000058 ], [ -52.065990356999919, 3.528855489000094 ], [ -52.074181070999941, 3.516634013000072 ], [ -52.09358557099992, 3.506867168000028 ], [ -52.093792277999881, 3.499399923000084 ], [ -52.092035278999901, 3.490201518000092 ], [ -52.092758748999898, 3.481390686000097 ], [ -52.227918456999902, 3.260112203000077 ], [ -52.238072875999961, 3.249725240000146 ], [ -52.251198689999939, 3.243058980000043 ], [ -52.259260213999937, 3.243317363000102 ], [ -52.267011677999932, 3.244919332000052 ], [ -52.27946569799991, 3.242490539000087 ], [ -52.299102741999945, 3.225333964000114 ], [ -52.319359903999953, 3.177636617000061 ], [ -52.355326700999939, 3.151591695000093 ], [ -52.361837930999911, 3.131954651000058 ], [ -52.361114461999904, 3.109320373000102 ], [ -52.351554320999895, 3.06596384700012 ], [ -52.353207967999964, 3.058419088000079 ], [ -52.416563272999952, 2.942508850000081 ], [ -52.422196003999915, 2.927471008000097 ], [ -52.417855183999933, 2.915482076000046 ], [ -52.410672159999962, 2.905560201000043 ], [ -52.409276896999899, 2.897343649000106 ], [ -52.422351033999945, 2.890522359000059 ], [ -52.433461466999859, 2.886594951000092 ], [ -52.441626342999967, 2.881323954000052 ], [ -52.448447631999926, 2.874347636000067 ], [ -52.455268920999885, 2.865045878000032 ], [ -52.533300333999904, 2.689862773000129 ], [ -52.539604858999894, 2.659425354000064 ], [ -52.542963826999909, 2.65151886000011 ], [ -52.551025349999918, 2.645989482000104 ], [ -52.571592569999979, 2.638599752000104 ], [ -52.575778360999919, 2.633742167000079 ], [ -52.57205765799992, 2.622993470000068 ], [ -52.5557795819999, 2.598137105000106 ], [ -52.551903849999945, 2.586561585000069 ], [ -52.553454141999879, 2.57338409400009 ], [ -52.55794999299988, 2.565632630000081 ], [ -52.563686075999954, 2.559328105000063 ], [ -52.569060424999918, 2.55038808200004 ], [ -52.590402790999917, 2.504706116000122 ], [ -52.619186564999922, 2.463468323000114 ], [ -52.656083536999944, 2.430912171000074 ], [ -52.677219197999904, 2.390397847000074 ], [ -52.690603393999936, 2.372982890000046 ], [ -52.707708292999968, 2.358926901000117 ], [ -52.819691121999909, 2.291540833000099 ], [ -52.862737589999909, 2.274229228000095 ], [ -52.880152546999938, 2.260379944000135 ], [ -52.892399861999962, 2.236867167000057 ], [ -52.900306355999902, 2.21412953800008 ], [ -52.906714232999946, 2.204982808000082 ], [ -52.917152872999878, 2.195732727000077 ], [ -52.923147338999911, 2.193665670000115 ], [ -52.934102742999897, 2.196404521000062 ], [ -52.939063679999947, 2.195732727000077 ], [ -52.944386352999885, 2.190978495000081 ], [ -52.953223022999879, 2.179041240000046 ], [ -52.959682576999938, 2.175217184000104 ], [ -52.980921590999912, 2.173253479000067 ], [ -53.019110473999973, 2.181986796000047 ], [ -53.061226765999919, 2.186275940000101 ], [ -53.092232625999941, 2.211907450000069 ], [ -53.113368285999911, 2.219348856000096 ], [ -53.132281860999939, 2.219297181000073 ], [ -53.252842976999887, 2.196507873000087 ], [ -53.268500935999953, 2.195732727000077 ], [ -53.279714721999909, 2.204982808000082 ], [ -53.272221638999952, 2.219968974000068 ], [ -53.254341593999897, 2.234179993000026 ], [ -53.234652872999845, 2.241259665000143 ], [ -53.234187784999932, 2.25097483400009 ], [ -53.297439737999923, 2.303684794000105 ], [ -53.322554484999927, 2.338566386000082 ], [ -53.330926066999922, 2.345697734000026 ], [ -53.344103556999897, 2.349625143000083 ], [ -53.348806111999863, 2.34766143800006 ], [ -53.351079874999897, 2.341718649000128 ], [ -53.378520060999932, 2.307560527000064 ], [ -53.390405639999869, 2.299033915000052 ], [ -53.425442260999887, 2.286011455000107 ], [ -53.462132527999955, 2.258984681000058 ], [ -53.473242960999869, 2.254127096000047 ], [ -53.511535196999972, 2.252266744000039 ], [ -53.531792358999979, 2.247047424000115 ], [ -53.547346964999917, 2.251749980000099 ], [ -53.57902461799992, 2.270405172000068 ], [ -53.59530269399994, 2.273867493000097 ], [ -53.62946081599992, 2.275314433000091 ], [ -53.64599727399991, 2.278466695000063 ], [ -53.713176635999872, 2.307353821000106 ], [ -53.742167114999944, 2.308542379000116 ], [ -53.748730021999933, 2.312676494000058 ], [ -53.748161580999891, 2.319342753000058 ], [ -53.738033, 2.338824768000052 ], [ -53.737361205999946, 2.349056702000041 ], [ -53.748264933999906, 2.364662985000081 ], [ -53.764801391999896, 2.368693746000076 ], [ -53.783456583999879, 2.36409454400011 ], [ -53.800974893999921, 2.353810934000123 ], [ -53.811826944999979, 2.340426737000087 ], [ -53.821077026999973, 2.323631897000027 ], [ -53.830895548999962, 2.310144348000065 ], [ -53.843452921999955, 2.306630351000109 ], [ -53.866810668999904, 2.304925028000042 ], [ -53.879368041999925, 2.290610657000059 ], [ -53.888463093999889, 2.273815817000084 ], [ -53.901227173999956, 2.264514059000064 ], [ -53.921639363999901, 2.265960999000058 ], [ -53.932904825999884, 2.269630026000058 ], [ -53.937762410999881, 2.264617412000092 ], [ -53.938744262999961, 2.240122783000047 ], [ -53.946133992999961, 2.221984355000103 ], [ -53.963910685999906, 2.209323629000068 ], [ -54.005975301999911, 2.1943374640001 ], [ -54.011711384999984, 2.19056508400007 ], [ -54.021374878999922, 2.180591532000065 ], [ -54.027989460999919, 2.178576152000105 ], [ -54.033260457999944, 2.180333150000095 ], [ -54.043337361999875, 2.187722880000095 ], [ -54.048453328999955, 2.188808086000094 ], [ -54.069278930999928, 2.188342998000067 ], [ -54.076668660999928, 2.183692119000099 ], [ -54.084213419999884, 2.169326070000096 ], [ -54.098424438999928, 2.127959086000061 ], [ -54.11139522299996, 2.114290670000045 ], [ -54.111526696999903, 2.114270443000066 ] ] ], [ [ [ 2.521799927545686, 51.08754088371883 ], [ 2.537033325000095, 51.064610291000079 ], [ 2.547058553000113, 51.020478618000098 ], [ 2.556980428000116, 51.001177470000059 ], [ 2.592740519000131, 50.976114400000128 ], [ 2.608450154000082, 50.961128235000061 ], [ 2.611654093000055, 50.941232809000056 ], [ 2.605762980000065, 50.935238343000023 ], [ 2.582715291000113, 50.92066558900008 ], [ 2.576927531000138, 50.911518860000072 ], [ 2.596667928000102, 50.867645569000061 ], [ 2.595531046000076, 50.861134339 ], [ 2.587779582000081, 50.850023906000061 ], [ 2.586746053000098, 50.845424704000024 ], [ 2.589949992000072, 50.842014059000107 ], [ 2.602042277000066, 50.838086649000033 ], [ 2.606589803000077, 50.834831034000061 ], [ 2.615168091000015, 50.822170309000015 ], [ 2.620439087000136, 50.816485902000053 ], [ 2.627777140000148, 50.814418844 ], [ 2.642453247000049, 50.812455139000079 ], [ 2.650618123000044, 50.812248434000097 ], [ 2.669221639000114, 50.813902079000073 ], [ 2.678730102000088, 50.813230286000064 ], [ 2.691855916000065, 50.808837789000094 ], [ 2.696920207000119, 50.803050028000101 ], [ 2.700020792000089, 50.796280416000073 ], [ 2.706635376000065, 50.788787334000048 ], [ 2.743842407000074, 50.766204732000105 ], [ 2.74952681500011, 50.75959014900009 ], [ 2.762962687000083, 50.739384665000031 ], [ 2.768233683000119, 50.733235169000054 ], [ 2.786733846000033, 50.723364970000048 ], [ 2.866725884000061, 50.700091003000068 ], [ 2.87127648900011, 50.698766989000077 ], [ 2.886882772000149, 50.696648255000085 ], [ 2.900111938000038, 50.703107809000059 ], [ 2.930187622000119, 50.736232402000056 ], [ 2.948377726000047, 50.748686422000034 ], [ 2.971425415000112, 50.757833150000025 ], [ 3.023816593000049, 50.768262116000074 ], [ 3.103303671000049, 50.784084778000064 ], [ 3.129245239000085, 50.779072165000102 ], [ 3.146195109000104, 50.768891907000025 ], [ 3.162810519000061, 50.749939075000029 ], [ 3.176684204000082, 50.734113668000091 ], [ 3.188983195000048, 50.715096742000114 ], [ 3.1969413650001, 50.709205628000021 ], [ 3.210997355000103, 50.707965394000084 ], [ 3.224433227000077, 50.705174866000036 ], [ 3.232391398000118, 50.695924785 ], [ 3.243760213000115, 50.672101950000027 ], [ 3.229807576000042, 50.655410462000091 ], [ 3.237869100000097, 50.626471660000036 ], [ 3.264327433000091, 50.570196025000044 ], [ 3.265877726000042, 50.53831166600007 ], [ 3.27104537000011, 50.526942851000101 ], [ 3.286755005000089, 50.51407542 ], [ 3.299880819000066, 50.507460836000106 ], [ 3.343599080000047, 50.492939759000066 ], [ 3.361065714000091, 50.48978749700008 ], [ 3.385353637000094, 50.491647848000085 ], [ 3.429175252000078, 50.501828105000058 ], [ 3.442714477000067, 50.508494365000089 ], [ 3.45263635200007, 50.514850566000106 ], [ 3.462868286000059, 50.519139710000061 ], [ 3.477130982000119, 50.519863180000058 ], [ 3.491497029000129, 50.517072652000095 ], [ 3.498008260000091, 50.511853332 ], [ 3.496457967000083, 50.50379181000001 ], [ 3.486742798000137, 50.492681376000078 ], [ 3.499145142000089, 50.486790263000088 ], [ 3.56374068100007, 50.486531881000118 ], [ 3.586374959000096, 50.483482971000072 ], [ 3.608285766000051, 50.476506653000072 ], [ 3.628129517000048, 50.46436269200008 ], [ 3.644355916000052, 50.445500793000051 ], [ 3.652830851000147, 50.406846822000048 ], [ 3.652934204000076, 50.360183004000092 ], [ 3.661719198000071, 50.319306946000083 ], [ 3.696859172000131, 50.298222962000054 ], [ 3.700786580000084, 50.304682516000085 ], [ 3.702233520000078, 50.305250956000052 ], [ 3.703887167000119, 50.304320780000111 ], [ 3.708434692000083, 50.306336162000051 ], [ 3.711121867000088, 50.309333395000053 ], [ 3.71546268700007, 50.317653300000032 ], [ 3.733446085000054, 50.33723866800004 ], [ 3.741507609000053, 50.343129781000059 ], [ 3.755046834000041, 50.346333721000022 ], [ 3.798661743000082, 50.348452454 ], [ 3.840209595000061, 50.345196839000025 ], [ 3.860880168000079, 50.338478902000091 ], [ 3.878036743000052, 50.330779114000094 ], [ 3.895916789000097, 50.32530141300002 ], [ 3.918551066000049, 50.325456441000043 ], [ 3.982113077000122, 50.34261301700009 ], [ 4.003300415000098, 50.344059957000084 ], [ 4.022730753000076, 50.338117167000078 ], [ 4.055907023000088, 50.31455271500009 ], [ 4.077197713000146, 50.306646220000047 ], [ 4.097868286000079, 50.294812317000023 ], [ 4.125256795000041, 50.257140198000073 ], [ 4.143653605000111, 50.251610820000067 ], [ 4.150991658000123, 50.256261698000046 ], [ 4.149751424000073, 50.26313466500001 ], [ 4.150268189000116, 50.269542542000053 ], [ 4.162773885000121, 50.272953187000084 ], [ 4.17176558500006, 50.270886129000118 ], [ 4.185201457000119, 50.265460104000041 ], [ 4.197603800000081, 50.258483785000053 ], [ 4.203701619000128, 50.251972554000091 ], [ 4.20132450300008, 50.241533916000051 ], [ 4.19150598100012, 50.234299215000064 ], [ 4.167941528000114, 50.222465312000068 ], [ 4.157296183000113, 50.212698466000106 ], [ 4.152748657000103, 50.20453359 ], [ 4.147374308000025, 50.186343486000041 ], [ 4.128150675000114, 50.146242575000045 ], [ 4.125773559000066, 50.128155823000029 ], [ 4.139932902000112, 50.123556620000087 ], [ 4.159880005000048, 50.129396058000069 ], [ 4.170628703000148, 50.13048126200006 ], [ 4.180550578000037, 50.127225647000088 ], [ 4.197397095000042, 50.084075827000063 ], [ 4.203391561000046, 50.074670716000114 ], [ 4.210316203000048, 50.066712545000044 ], [ 4.210006144000147, 50.060149638000055 ], [ 4.186028279000141, 50.05244984900007 ], [ 4.162877238000135, 50.041804505000087 ], [ 4.14458378100008, 50.030797425000074 ], [ 4.137349080000092, 50.025061341000125 ], [ 4.132284790000114, 50.017568258 ], [ 4.128150675000114, 50.005786031000085 ], [ 4.132904907000096, 50.004494121000036 ], [ 4.138382609000075, 49.989197897000068 ], [ 4.139622843000041, 49.97452179 ], [ 4.132364978000112, 49.974945951 ], [ 4.131664672000056, 49.974986878000024 ], [ 4.187681925000078, 49.95550486300003 ], [ 4.201117798000041, 49.953024394000053 ], [ 4.215952935000132, 49.954407670000123 ], [ 4.27759891700012, 49.960155742 ], [ 4.427651209000089, 49.933571674000078 ], [ 4.435108683000095, 49.932250468000106 ], [ 4.464770956000081, 49.935609436000036 ], [ 4.60419396900005, 49.980206198000033 ], [ 4.645845174000073, 49.984495342000102 ], [ 4.656697225000102, 49.989094544000054 ], [ 4.665895629000119, 50.000515035000049 ], [ 4.672923624000134, 50.016379700000059 ], [ 4.680571737000093, 50.04831573500006 ], [ 4.67953820800011, 50.055188700000102 ], [ 4.675817505000111, 50.060201315000072 ], [ 4.673440389000064, 50.066195781000019 ], [ 4.676127563000108, 50.076065980000081 ], [ 4.681915324000073, 50.083920797000118 ], [ 4.788575480000134, 50.153373922000085 ], [ 4.815550578000085, 50.161332092000052 ], [ 4.820098103000106, 50.146449280000112 ], [ 4.831363566000078, 50.143400371000084 ], [ 4.862679484000097, 50.147586162000025 ], [ 4.871877889000075, 50.13978302 ], [ 4.870534302000124, 50.122264710000039 ], [ 4.865159953000074, 50.101594137000021 ], [ 4.86288619000004, 50.084075827000063 ], [ 4.852137492000111, 50.091620586000019 ], [ 4.846039673000064, 50.09069041000005 ], [ 4.827229451000051, 50.064077047000026 ], [ 4.826092570000128, 50.055033672000079 ], [ 4.827642863000079, 50.046713766000025 ], [ 4.826712687000111, 50.036016744 ], [ 4.78826542200008, 49.974263408000027 ], [ 4.783924601000081, 49.958295390000089 ], [ 4.797257120000097, 49.944291077000074 ], [ 4.84459273300007, 49.931733704000081 ], [ 4.860199016000109, 49.913336894000068 ], [ 4.8619560140001, 49.900314433000048 ], [ 4.85937219200008, 49.891684469 ], [ 4.854307902000102, 49.883312887000031 ], [ 4.848933553000052, 49.871065572000091 ], [ 4.845626261000064, 49.865846253000072 ], [ 4.836737915000128, 49.859128317000042 ], [ 4.834877564000124, 49.853030498000081 ], [ 4.836944620000082, 49.848017884000015 ], [ 4.846763142000071, 49.837527568000084 ], [ 4.849243611000134, 49.83158477800005 ], [ 4.849036906000066, 49.794171041000098 ], [ 4.858028605000129, 49.786574605000041 ], [ 4.884176879000023, 49.78414581300008 ], [ 4.906604451000106, 49.786471252000084 ], [ 4.950012654000119, 49.796393128 ], [ 4.968370957000019, 49.79698095600007 ], [ 4.970993286000123, 49.797064922000075 ], [ 4.989080037000122, 49.790553691000113 ], [ 5.026287068000045, 49.766730856000052 ], [ 5.04623417200014, 49.75939280200005 ], [ 5.081890909000037, 49.752726543000037 ], [ 5.093776489000078, 49.745336812000019 ], [ 5.13635787000004, 49.705339254000066 ], [ 5.151240682000093, 49.695985820000018 ], [ 5.169430786000135, 49.687200827000126 ], [ 5.192478475000087, 49.682808329000025 ], [ 5.237643677000079, 49.690973206000066 ], [ 5.259244425000134, 49.691334941000051 ], [ 5.280121704000095, 49.67789906900002 ], [ 5.299448690000048, 49.662499492 ], [ 5.306373332000135, 49.647513327000055 ], [ 5.301825806000096, 49.643895976000053 ], [ 5.293764282000012, 49.640537008000038 ], [ 5.29066369700007, 49.62637766600001 ], [ 5.2930408120001, 49.617179261 ], [ 5.29789839700004, 49.613251852000033 ], [ 5.314538208000073, 49.611133118000069 ], [ 5.321669555000085, 49.612580058000063 ], [ 5.326940552000025, 49.617644349000031 ], [ 5.331178019000077, 49.623122050000021 ], [ 5.334898722000077, 49.625809225000054 ], [ 5.341099894000081, 49.625137432000074 ], [ 5.352468709000078, 49.62069325800006 ], [ 5.3834745690001, 49.61330352800006 ], [ 5.391165749000066, 49.608817006 ], [ 5.402078084000038, 49.602451477 ], [ 5.450240519000118, 49.545762431000085 ], [ 5.454374633000043, 49.53661570300001 ], [ 5.454167928000089, 49.526177063000077 ], [ 5.450963989000115, 49.516771952000013 ], [ 5.449930461000037, 49.50783193000008 ], [ 5.456131633000041, 49.498943584000088 ], [ 5.477732381000095, 49.495222881000061 ], [ 5.503673950000064, 49.505093079000048 ], [ 5.528788696000078, 49.517960511000055 ], [ 5.547598918000091, 49.52343821200013 ], [ 5.578914836000081, 49.513929749000042 ], [ 5.587493124000019, 49.512431133000049 ], [ 5.60227258300003, 49.513723043000098 ], [ 5.605579875000046, 49.517753805 ], [ 5.607853638000051, 49.524936829000055 ], [ 5.619739217000074, 49.535530497000124 ], [ 5.644647257000145, 49.543798727000066 ], [ 5.667178182000072, 49.540439759000051 ], [ 5.688675578000101, 49.533515117000078 ], [ 5.710276327000088, 49.531086325 ], [ 5.72267867000005, 49.53460032200006 ], [ 5.735597779000074, 49.545710755000087 ], [ 5.74634647600007, 49.549431458000086 ], [ 5.757095174000114, 49.548397929000018 ], [ 5.779005982000058, 49.539612936000125 ], [ 5.790684855000023, 49.537752585000121 ], [ 5.822104126000056, 49.510519105000029 ], [ 5.8395707600001, 49.499873760000028 ], [ 5.864685506000029, 49.492173971000042 ], [ 5.928144165000077, 49.482303772000066 ], [ 5.946954386000101, 49.469953105000101 ], [ 5.960700317000118, 49.441324362000032 ], [ 5.978063599000052, 49.445096741000057 ], [ 6.063329711000108, 49.448455710000061 ], [ 6.078005819000083, 49.45202138300003 ], [ 6.087720988000029, 49.461633199000048 ], [ 6.099813273000109, 49.46463043200005 ], [ 6.102087036000057, 49.470004781000014 ], [ 6.1019836830001, 49.476412659000047 ], [ 6.10725467900005, 49.482510478 ], [ 6.11438602700008, 49.484370830000032 ], [ 6.142601359000139, 49.486076152000081 ], [ 6.136090129000081, 49.495274556000069 ], [ 6.193554321000079, 49.499408672000087 ], [ 6.221976359000109, 49.497444967000078 ], [ 6.249364868000072, 49.490313619000048 ], [ 6.251116525000043, 49.489459778000096 ], [ 6.298767538000078, 49.466232402000074 ], [ 6.325329224000086, 49.456723938000025 ], [ 6.345307071000093, 49.455348652000097 ], [ 6.353854614000056, 49.454760234000062 ], [ 6.364499959000057, 49.456103821000042 ], [ 6.383516886000109, 49.46463043200005 ], [ 6.391681763000122, 49.466697490000016 ], [ 6.402740519000133, 49.465457255000089 ], [ 6.494517863000056, 49.435536601000038 ], [ 6.511674438000114, 49.424736226 ], [ 6.517875610000118, 49.416416321000057 ], [ 6.520562785000038, 49.408148092000019 ], [ 6.520769491000095, 49.4025670380001 ], [ 6.518805786000058, 49.402153626000072 ], [ 6.525730428000145, 49.395487366000069 ], [ 6.574306274000037, 49.361794332000031 ], [ 6.577716919000068, 49.355799866000083 ], [ 6.573376098000097, 49.347738343000103 ], [ 6.555599406000056, 49.347169902000033 ], [ 6.550121704000077, 49.338023173000053 ], [ 6.556426228000078, 49.326395976000086 ], [ 6.573169393000029, 49.313115133000096 ], [ 6.639676961000106, 49.27115387 ], [ 6.641227254000114, 49.266916403000025 ], [ 6.639160196000148, 49.256787822 ], [ 6.640297078000089, 49.252757060000093 ], [ 6.645671427000138, 49.250018209000032 ], [ 6.659520711000084, 49.24676259400006 ], [ 6.663758179000041, 49.243868713000083 ], [ 6.671612996000079, 49.225316875000047 ], [ 6.674816935000138, 49.221131084 ], [ 6.675953817000078, 49.218908997000099 ], [ 6.677917521000097, 49.211054180000062 ], [ 6.680604696000046, 49.207488505000086 ], [ 6.685048868000138, 49.207798564000072 ], [ 6.698484741000073, 49.213586324000048 ], [ 6.702515503000086, 49.213638001000064 ], [ 6.708820027000087, 49.197773336000054 ], [ 6.703755737000108, 49.185112610000019 ], [ 6.700965210000049, 49.172865296000069 ], [ 6.713780965000126, 49.158860982000064 ], [ 6.725563192000038, 49.155553691000065 ], [ 6.770108276000144, 49.15529530900001 ], [ 6.809072306000132, 49.145838522000034 ], [ 6.821784709000099, 49.147750550000055 ], [ 6.839044637000086, 49.162788392000053 ], [ 6.835220581000044, 49.179376526000041 ], [ 6.827675822000089, 49.195551250000037 ], [ 6.833463583000054, 49.209452210000038 ], [ 6.843488810000082, 49.211054180000062 ], [ 6.885243367000044, 49.20480133100007 ], [ 6.914388876000146, 49.206661683000064 ], [ 6.925447632000044, 49.205576477000065 ], [ 6.987872762000109, 49.182425436000088 ], [ 7.009473510000078, 49.181701965000073 ], [ 7.008956746000138, 49.146406963000075 ], [ 7.020532267000078, 49.11896677700004 ], [ 7.042546427000076, 49.107597962000042 ], [ 7.073242228000112, 49.120310364000019 ], [ 7.07479252100012, 49.125374655000073 ], [ 7.071588582000061, 49.130593974000092 ], [ 7.07076175900005, 49.136123353000087 ], [ 7.079856812000116, 49.142014465 ], [ 7.085334513000106, 49.141549378000079 ], [ 7.123575073000097, 49.123307597000021 ], [ 7.139284708000048, 49.117933248000057 ], [ 7.154994344000016, 49.114419251000086 ], [ 7.241190633000144, 49.113902486000072 ], [ 7.268062378000138, 49.105634257000119 ], [ 7.274366902000054, 49.105014140000051 ], [ 7.280258016000062, 49.108993226000038 ], [ 7.290800008000105, 49.123100892000068 ], [ 7.297104533000038, 49.12811350500003 ], [ 7.305992879000144, 49.130128887000055 ], [ 7.326456746000105, 49.131834208000029 ], [ 7.33400150600005, 49.13415964800005 ], [ 7.339065796000028, 49.139689026000056 ], [ 7.346300496000111, 49.154210104000114 ], [ 7.350951376000069, 49.159171042000068 ], [ 7.367591186000084, 49.165372213000055 ], [ 7.371633809000087, 49.166173614000101 ], [ 7.39105228700015, 49.170023092000108 ], [ 7.410482625000043, 49.168937887000098 ], [ 7.414823446000128, 49.157775778000072 ], [ 7.458024942000065, 49.155863750000051 ], [ 7.476111694000082, 49.15152292900008 ], [ 7.482726278000058, 49.137053528000038 ], [ 7.475284871000042, 49.13390126600008 ], [ 7.472804403000083, 49.131627503000075 ], [ 7.471047404000103, 49.128320212000077 ], [ 7.485103394000106, 49.11870839500007 ], [ 7.507737671000058, 49.094575501000108 ], [ 7.52086348500012, 49.083671774000052 ], [ 7.542670939000061, 49.07457672200006 ], [ 7.586389201000117, 49.069564107000119 ], [ 7.608610066000068, 49.061967672000051 ], [ 7.61594812000007, 49.055973206000019 ], [ 7.625663289000101, 49.043002421 ], [ 7.634965047000037, 49.037783101000073 ], [ 7.644938840000066, 49.036294476000094 ], [ 7.648814331000096, 49.035716045000115 ], [ 7.660803264000066, 49.037731425000075 ], [ 7.672482137000117, 49.041038717000063 ], [ 7.685091187000069, 49.042795716000043 ], [ 7.696149943000052, 49.041555481 ], [ 7.717337281000113, 49.036594544000067 ], [ 7.726949096000112, 49.035664368000099 ], [ 7.739144735000139, 49.037731425000075 ], [ 7.762605835000102, 49.04615468300004 ], [ 7.773664591000113, 49.048118388 ], [ 7.856863647000125, 49.032253723000068 ], [ 7.913811075000098, 49.036181133000056 ], [ 7.931897827000114, 49.034837546000077 ], [ 8.090441121000083, 48.979182028000068 ], [ 8.188729695000092, 48.965746155000019 ], [ 8.200305216000032, 48.958563131000048 ], [ 8.199891545000099, 48.958250331000031 ], [ 8.179324585000131, 48.942698467000056 ], [ 8.14811202000007, 48.90373443600005 ], [ 8.102740112000049, 48.821310526000062 ], [ 8.090337769000143, 48.807512920000093 ], [ 8.084239950000097, 48.804050598000075 ], [ 8.047549682000124, 48.791028137000026 ], [ 8.038764689000061, 48.790769756000074 ], [ 8.03659427900007, 48.788289287000097 ], [ 8.031943400000102, 48.785343730000093 ], [ 8.027292521000049, 48.780021058000031 ], [ 8.025122111000144, 48.770615947000081 ], [ 8.022951701000068, 48.765086569000076 ], [ 8.017267293000117, 48.761830954000104 ], [ 8.009619181000119, 48.760073954000021 ], [ 7.981507202000103, 48.759763896000052 ], [ 7.970138387000105, 48.757283427000075 ], [ 7.96486739100007, 48.748343405000028 ], [ 7.963627157000133, 48.729274801000045 ], [ 7.959182983000119, 48.72136830700002 ], [ 7.948434285000104, 48.711859844000017 ], [ 7.935205119000102, 48.70333323200002 ], [ 7.92331953900009, 48.698217265000025 ], [ 7.895931030000042, 48.676513163000024 ], [ 7.880634806000074, 48.667728170000046 ], [ 7.864098348000084, 48.664162497000049 ], [ 7.852419475000119, 48.658684794000081 ], [ 7.810251506000071, 48.615018209000098 ], [ 7.801776571000062, 48.582358704000043 ], [ 7.801673217000115, 48.547580465000081 ], [ 7.813455444000027, 48.526341451000022 ], [ 7.813455444000027, 48.519468486000036 ], [ 7.788444051000027, 48.506342672000088 ], [ 7.776455119000076, 48.498177796000064 ], [ 7.771287475000065, 48.4891085820001 ], [ 7.769220419000106, 48.47006581700002 ], [ 7.764156128000138, 48.460350648000073 ], [ 7.757644897000148, 48.453891093000024 ], [ 7.75072025500009, 48.444408468000049 ], [ 7.745655965000111, 48.433013814000063 ], [ 7.738317912000099, 48.406607158000085 ], [ 7.737181030000102, 48.393481344000023 ], [ 7.740384969000075, 48.381440736000044 ], [ 7.746896199000048, 48.36867665700008 ], [ 7.751960490000016, 48.355344137000046 ], [ 7.75072025500009, 48.341365662000058 ], [ 7.736974325000062, 48.326663717000073 ], [ 7.71857751500005, 48.319997457000042 ], [ 7.702454467000081, 48.311186625000047 ], [ 7.695529825000079, 48.290180156000062 ], [ 7.693462769000121, 48.269871318000028 ], [ 7.687158243000113, 48.252921448000038 ], [ 7.676616252000144, 48.238400371000083 ], [ 7.613364298000079, 48.179205018000104 ], [ 7.606749715000149, 48.166983541000079 ], [ 7.604786010000026, 48.152565816000063 ], [ 7.599721720000048, 48.144710999000026 ], [ 7.592900431000089, 48.138664856000091 ], [ 7.58566573000013, 48.129724833000054 ], [ 7.578947795000119, 48.114480286000017 ], [ 7.5726432700001, 48.094972433000109 ], [ 7.575743856000145, 48.053708802000088 ], [ 7.618945353000072, 48.00265248700002 ], [ 7.621115763000063, 47.971439922000044 ], [ 7.611607300000088, 47.959399313000077 ], [ 7.584942261000037, 47.940408224000109 ], [ 7.579567911000083, 47.927049866000075 ], [ 7.580808146000038, 47.910797628000054 ], [ 7.578947795000119, 47.906327617000059 ], [ 7.5726432700001, 47.896302389000127 ], [ 7.568612508000115, 47.891367290000076 ], [ 7.561997925000099, 47.887052307000019 ], [ 7.55900069100008, 47.882711488000027 ], [ 7.557863810000072, 47.878525697 ], [ 7.558380575000115, 47.875993551000093 ], [ 7.559207397000137, 47.873461405000015 ], [ 7.55900069100008, 47.869017233000122 ], [ 7.564168334000101, 47.850413717000052 ], [ 7.561997925000099, 47.839225769000038 ], [ 7.548458699000122, 47.834238993000056 ], [ 7.542877645000118, 47.829433086000066 ], [ 7.528614949000143, 47.797031963000066 ], [ 7.525927775000099, 47.783156840000075 ], [ 7.538330119000079, 47.748146057000085 ], [ 7.537813355000139, 47.731816304000048 ], [ 7.531922241000132, 47.725201722000051 ], [ 7.515385783000056, 47.713316142000011 ], [ 7.511871785000096, 47.707321676000092 ], [ 7.514662312000041, 47.685798442000035 ], [ 7.517866251000015, 47.675023906000021 ], [ 7.521793660000071, 47.670424704000069 ], [ 7.536573120000099, 47.665205384000032 ], [ 7.550112345000088, 47.652441305000067 ], [ 7.5726432700001, 47.622003886000087 ], [ 7.578637735000115, 47.616939596000023 ], [ 7.58504561400008, 47.613167216000093 ], [ 7.590316609000098, 47.607947896000084 ], [ 7.592487020000078, 47.598413595000082 ], [ 7.590109904000144, 47.594822083000011 ], [ 7.586028488000125, 47.584618544000065 ], [ 7.585482836000097, 47.584479135 ], [ 7.550319051000116, 47.575495097000058 ], [ 7.52634118600011, 47.566451721000092 ], [ 7.520866596000104, 47.563416048000093 ], [ 7.482726278000058, 47.542267151000047 ], [ 7.485103394000106, 47.541595357000048 ], [ 7.501743205000139, 47.532965394000101 ], [ 7.505153850000056, 47.533017070000128 ], [ 7.505463908000138, 47.523017681000013 ], [ 7.501123087000082, 47.517307434000045 ], [ 7.493061564000072, 47.515498759000067 ], [ 7.482726278000058, 47.516997376000077 ], [ 7.476938517000093, 47.514878643000102 ], [ 7.475594930000028, 47.511726379000052 ], [ 7.477765340000104, 47.507695618000056 ], [ 7.484896688000049, 47.500900167000097 ], [ 7.485776134000076, 47.498767511000025 ], [ 7.485930217000146, 47.498393860000121 ], [ 7.485826864000103, 47.495784200000102 ], [ 7.484483276000049, 47.492941997000045 ], [ 7.482726278000058, 47.491262512000063 ], [ 7.467430053000101, 47.481909078000044 ], [ 7.454510946000113, 47.483200989000082 ], [ 7.445995797000137, 47.486884129000103 ], [ 7.44148848500015, 47.488833720000017 ], [ 7.425985555000068, 47.492502747000017 ], [ 7.414306681000085, 47.490177307000081 ], [ 7.414410034000099, 47.484027812000093 ], [ 7.419474325000095, 47.477852478000031 ], [ 7.422781616000094, 47.47542368600007 ], [ 7.427639200000101, 47.470746969000103 ], [ 7.429292847000056, 47.465114238000083 ], [ 7.426088908000082, 47.455760803000047 ], [ 7.420563120000111, 47.450857028000101 ], [ 7.406348511000118, 47.438242493000061 ], [ 7.388218887000107, 47.433288860000104 ], [ 7.37854659000007, 47.430646058000022 ], [ 7.336930048000085, 47.431853680000089 ], [ 7.309093465000103, 47.432661438000068 ], [ 7.282635132000109, 47.428889059000127 ], [ 7.244807984000118, 47.417726949 ], [ 7.2380900470001, 47.416796773000058 ], [ 7.230338583000105, 47.419018861000055 ], [ 7.226307820000102, 47.422636211000039 ], [ 7.223517293000043, 47.42622772300011 ], [ 7.219383179000118, 47.428475647000099 ], [ 7.190030965000034, 47.434728496000034 ], [ 7.168326863000061, 47.44356516500001 ], [ 7.1626424560001, 47.459894918000046 ], [ 7.180832560000056, 47.48826528000005 ], [ 7.15365075700015, 47.486404928000056 ], [ 7.142169389000088, 47.48765096800004 ], [ 7.140318237000116, 47.48785186800005 ], [ 7.127295776000096, 47.492941997000045 ], [ 7.10373132300009, 47.496275126000043 ], [ 7.053915242000073, 47.490384013000053 ], [ 7.027973674000094, 47.492941997000045 ], [ 7.018878621000056, 47.49767039000001 ], [ 7.009783569000149, 47.499246522000035 ], [ 7.000791870000114, 47.49767039000001 ], [ 6.991903524000094, 47.492941997000045 ], [ 6.973300008000137, 47.48909210300009 ], [ 6.975780477000114, 47.477955831000074 ], [ 6.986115763000043, 47.464132385000099 ], [ 6.990973348000068, 47.452220968000077 ], [ 6.983428589000113, 47.443797709000066 ], [ 6.968545777000145, 47.435193583000043 ], [ 6.952319376000048, 47.428837383000101 ], [ 6.926067749000111, 47.424858297000029 ], [ 6.924517456000103, 47.4059964 ], [ 6.898782593000107, 47.395712790000019 ], [ 6.884003133000078, 47.382586976000042 ], [ 6.871600789000126, 47.366954855000088 ], [ 6.866639852000077, 47.354164937000021 ], [ 6.985598999000104, 47.362123108000091 ], [ 7.003995809000088, 47.368143413000027 ], [ 7.018878621000056, 47.359901021000084 ], [ 7.033864787000113, 47.350650940000079 ], [ 7.044303426000056, 47.34049652100002 ], [ 7.036551961000043, 47.329515279000034 ], [ 7.027146850000094, 47.325432841000023 ], [ 7.016914917000094, 47.323520813000087 ], [ 7.00647627800015, 47.31936086000006 ], [ 6.991903524000094, 47.305950827000018 ], [ 6.986529174000054, 47.304503887000024 ], [ 6.97743412300008, 47.303728739000022 ], [ 6.958623901000067, 47.290551250000036 ], [ 6.952216024000023, 47.270035705000069 ], [ 6.956246785000104, 47.245231018000126 ], [ 6.88834395300006, 47.211305441000022 ], [ 6.859301798000075, 47.190919088000058 ], [ 6.840284871000108, 47.169525045000071 ], [ 6.838076256000079, 47.168131597000055 ], [ 6.774759155000112, 47.128183899000121 ], [ 6.744786824000073, 47.121052551000091 ], [ 6.746027059000113, 47.103947653000048 ], [ 6.731661011000085, 47.09888336300007 ], [ 6.727940307000097, 47.097126363000072 ], [ 6.724219604000069, 47.090770162000055 ], [ 6.699104858000055, 47.084620667000095 ], [ 6.689699747000105, 47.078290304000078 ], [ 6.676263875000132, 47.062399801000041 ], [ 6.688252807000111, 47.043847961000026 ], [ 6.665411824000103, 47.021291199000089 ], [ 6.598697550000082, 46.986538798000041 ], [ 6.491107218000138, 46.963387757000064 ], [ 6.442634725000062, 46.944164124000039 ], [ 6.427751913000122, 46.909075827 ], [ 6.431886027000132, 46.90003245100003 ], [ 6.445218546000063, 46.882617493000012 ], [ 6.44842248600014, 46.871558737 ], [ 6.4467688390001, 46.857709453000027 ], [ 6.443117662000049, 46.851455121000086 ], [ 6.441187785000068, 46.848149313000036 ], [ 6.434263143000095, 46.839545187000098 ], [ 6.418553507000127, 46.807014872000067 ], [ 6.417106568000122, 46.802157288000032 ], [ 6.419897095000096, 46.796524557000012 ], [ 6.425168090000113, 46.791615296000074 ], [ 6.432609497000044, 46.785982565000054 ], [ 6.433022908000055, 46.769110210000051 ], [ 6.429198853000116, 46.76081614200011 ], [ 6.417933390000144, 46.751100973000078 ], [ 6.407391398000101, 46.745700786 ], [ 6.374215128000088, 46.733608501000035 ], [ 6.347860148000109, 46.713170472000073 ], [ 6.337938273000105, 46.707408550000096 ], [ 6.266314738000062, 46.680355937000044 ], [ 6.131852661000039, 46.595606588000024 ], [ 6.118416789000065, 46.583462626000127 ], [ 6.12151737500011, 46.570285137000056 ], [ 6.145701945000098, 46.551629944000084 ], [ 6.110355265000095, 46.52083079 ], [ 6.075525349000117, 46.479592998 ], [ 6.064156535000052, 46.471118063000105 ], [ 6.060229126000081, 46.46502024400003 ], [ 6.060229126000081, 46.459904277000064 ], [ 6.062399536000072, 46.455201722000069 ], [ 6.064776652000091, 46.451067607000041 ], [ 6.065500122000088, 46.447992859000109 ], [ 6.065500122000088, 46.440370586000043 ], [ 6.06756717900015, 46.433600973000111 ], [ 6.065706827000071, 46.427012228000095 ], [ 6.054234660000134, 46.419415792000038 ], [ 6.059019361000082, 46.417383211000086 ], [ 6.108184855000104, 46.396497294000127 ], [ 6.12286096200009, 46.385541891000045 ], [ 6.135056600000098, 46.370400696000033 ], [ 6.136400187000078, 46.359341940000022 ], [ 6.118607037000089, 46.331771085000085 ], [ 6.104050740000076, 46.309215800000104 ], [ 6.100743448000088, 46.301412659000093 ], [ 6.093612101000133, 46.273093974000076 ], [ 6.093095337000108, 46.262293600000064 ], [ 6.094025513000133, 46.253043518000041 ], [ 6.089684692000077, 46.246377259000027 ], [ 6.067670532000079, 46.241623027000045 ], [ 6.061882772000104, 46.241157939000018 ], [ 6.055888305000082, 46.241674704000062 ], [ 6.048033488000044, 46.243431702000024 ], [ 6.04617313600005, 46.243535055000066 ], [ 6.044519491000102, 46.243431702000024 ], [ 6.042865844000062, 46.243069967000039 ], [ 5.982921183000144, 46.222709452000103 ], [ 5.958529907000127, 46.211960754000089 ], [ 5.954809204000128, 46.19992014600011 ], [ 5.965247843000071, 46.186225891000092 ], [ 5.982921183000144, 46.170826314000109 ], [ 5.979820597000128, 46.162248027000075 ], [ 5.972172485000044, 46.152171122000041 ], [ 5.958839966000113, 46.13046702100003 ], [ 5.982921183000144, 46.14044057200006 ], [ 6.028293090000091, 46.147933655000074 ], [ 6.073871704000084, 46.149173890000029 ], [ 6.107874796000118, 46.138631897000053 ], [ 6.140327596000134, 46.150207418000022 ], [ 6.191383911000088, 46.191703594000089 ], [ 6.255359335000094, 46.221107484000058 ], [ 6.281197550000115, 46.240072734000123 ], [ 6.276029907000094, 46.263120423 ], [ 6.269001912000078, 46.26523915600005 ], [ 6.252258748000145, 46.259916484000101 ], [ 6.241820109000116, 46.263688864000031 ], [ 6.237582642000064, 46.267926331000083 ], [ 6.227970825000057, 46.284462789000074 ], [ 6.227454060000099, 46.288493551000087 ], [ 6.21825565600011, 46.305495097000104 ], [ 6.214121541000083, 46.315468649000096 ], [ 6.219495890000132, 46.329111227000013 ], [ 6.240579874000076, 46.348954977000105 ], [ 6.269105265000121, 46.375025737000087 ], [ 6.301558065000052, 46.394481914000082 ], [ 6.332357218000112, 46.401380717000038 ], [ 6.365223430000128, 46.402440084000048 ], [ 6.397676229000069, 46.408176168000082 ], [ 6.482942342000115, 46.448587138000065 ], [ 6.547021118000117, 46.45737213200006 ], [ 6.613683716000139, 46.455899354000067 ], [ 6.762666870000118, 46.429260152000026 ], [ 6.77771555400011, 46.424106493000025 ], [ 6.787058146000049, 46.414170635000019 ], [ 6.78810673300012, 46.405007978000057 ], [ 6.789228556000126, 46.395205383000061 ], [ 6.782097209000113, 46.378462220000117 ], [ 6.755742228000145, 46.357068177000102 ], [ 6.750367879000095, 46.345518494000075 ], [ 6.769488159000076, 46.322677511000066 ], [ 6.804938192000094, 46.296606751000084 ], [ 6.827675822000089, 46.269476624 ], [ 6.792225789000071, 46.221675924000024 ], [ 6.774862508000126, 46.185864156 ], [ 6.765664103000034, 46.151602681000085 ], [ 6.774345743000083, 46.134807841000011 ], [ 6.853927449000111, 46.122612203000088 ], [ 6.869223673000079, 46.1123285930001 ], [ 6.868190144000096, 46.104680482000035 ], [ 6.861162150000098, 46.097032369000047 ], [ 6.853100627000089, 46.090211081000106 ], [ 6.848553100000061, 46.085043437000095 ], [ 6.851343628000109, 46.086025290000052 ], [ 6.853100627000089, 46.076103414000059 ], [ 6.853410685000085, 46.06566477500003 ], [ 6.851963745000091, 46.064682922000074 ], [ 6.852377156000102, 46.056931458000051 ], [ 6.850310099000126, 46.052745667000025 ], [ 6.850930216000108, 46.049645081000065 ], [ 6.859715210000104, 46.044994202000012 ], [ 6.869223673000079, 46.044064026000072 ], [ 6.876871786000066, 46.048094788000057 ], [ 6.884003133000078, 46.053210755000052 ], [ 6.892374715000074, 46.0555878710001 ], [ 6.91511234500004, 46.0486115530001 ], [ 6.982808471000055, 45.995384827000052 ], [ 6.987666056000052, 45.993111064000018 ], [ 6.991283406000122, 45.982465719000018 ], [ 7.002755575000066, 45.961691793000071 ], [ 7.009783569000149, 45.943398336000101 ], [ 7.015157918000114, 45.933321431000067 ], [ 7.022082560000115, 45.925259909 ], [ 7.007716512000115, 45.920505677000094 ], [ 6.997174519000055, 45.911307272 ], [ 6.989112997000063, 45.899266663000034 ], [ 6.982808471000055, 45.885779114000044 ], [ 6.969165893000138, 45.869759420000022 ], [ 6.949012085000049, 45.857822164000069 ], [ 6.926377808000098, 45.84976064100006 ], [ 6.905087117000107, 45.845368144000062 ], [ 6.880385782000104, 45.845523173000018 ], [ 6.873461141000121, 45.844799704000124 ], [ 6.872736229768993, 45.83967982505159 ], [ 6.871699264678133, 45.832766724445854 ], [ 6.870662299587273, 45.828273209052128 ], [ 6.864440509042115, 45.826890588930986 ], [ 6.858564373527243, 45.833458034506428 ], [ 6.851996927951799, 45.836223274748718 ], [ 6.843355552194634, 45.838642859960729 ], [ 6.816203654000077, 45.832914124000084 ], [ 6.800804077000095, 45.826454570000053 ], [ 6.788091675000118, 45.81172678700004 ], [ 6.782717325000078, 45.795293681000075 ], [ 6.781993856000071, 45.777465312000018 ], [ 6.784681030000115, 45.759585266000059 ], [ 6.79594649200007, 45.718140768000112 ], [ 6.816100301000034, 45.696850077000121 ], [ 6.843075398000082, 45.682742412 ], [ 6.869223673000079, 45.679021708000064 ], [ 6.882556193000084, 45.675507711000122 ], [ 6.905293823000079, 45.659694723000129 ], [ 6.918626343000085, 45.652563375000099 ], [ 6.951079142000111, 45.646775615000124 ], [ 6.963378133000049, 45.640729472000075 ], [ 6.96947595200001, 45.625846659000032 ], [ 6.967098836000076, 45.620162252000071 ], [ 6.95562666800015, 45.602592265000013 ], [ 6.952939494000105, 45.594272360000062 ], [ 6.954903198000068, 45.586210836000063 ], [ 6.965858601000122, 45.574428609000066 ], [ 6.96978601100011, 45.566987203000039 ], [ 6.9752637120001, 45.525646058000106 ], [ 6.982808471000055, 45.511124980000048 ], [ 7.028490437000045, 45.493141581000074 ], [ 7.072001993000072, 45.470042217000085 ], [ 7.075368543000081, 45.466285856000056 ], [ 7.081820515000032, 45.459086813000013 ], [ 7.088745158000108, 45.446632793000035 ], [ 7.096806681000118, 45.435419007000078 ], [ 7.110139201000038, 45.428287659000048 ], [ 7.15292728600005, 45.415110169000073 ], [ 7.160678752000081, 45.410924378000047 ], [ 7.159645223000098, 45.39847035800004 ], [ 7.150756877000077, 45.383225810000013 ], [ 7.130086304000145, 45.357077535000101 ], [ 7.097736857000058, 45.329844056000113 ], [ 7.092569213000075, 45.323952942000105 ], [ 7.097633504000044, 45.294962464000022 ], [ 7.108382202000143, 45.274912008000072 ], [ 7.108382202000143, 45.259202373 ], [ 7.081200399000068, 45.243079325000039 ], [ 7.062183471000111, 45.218533021000056 ], [ 7.055465536000071, 45.213675436000031 ], [ 7.050194539000131, 45.215019023000096 ], [ 7.037688843000041, 45.225767721000025 ], [ 7.029730672000085, 45.228196513000071 ], [ 6.99448734500001, 45.221323548000029 ], [ 6.958727254000081, 45.209799703000087 ], [ 6.945808146000076, 45.201066386000022 ], [ 6.928444865000074, 45.179568990000078 ], [ 6.913768758000089, 45.170163880000118 ], [ 6.904673706000096, 45.168613587 ], [ 6.881315958000073, 45.168406881000053 ], [ 6.873461141000121, 45.165926412000076 ], [ 6.868190144000096, 45.157451477000066 ], [ 6.872841023000149, 45.152025452000075 ], [ 6.878628784000028, 45.147426250000038 ], [ 6.876665079000105, 45.141225078000062 ], [ 6.84410892700015, 45.130114645000035 ], [ 6.808142131000068, 45.139106344000069 ], [ 6.77145186300001, 45.1531623340001 ], [ 6.736415242000078, 45.157348125000041 ], [ 6.728870483000037, 45.154609273000077 ], [ 6.710887085000138, 45.144739075000118 ], [ 6.702205445000089, 45.141225078000062 ], [ 6.694350626000073, 45.140294902 ], [ 6.676263875000132, 45.140759990000035 ], [ 6.66737552900014, 45.139623109000027 ], [ 6.632700643000106, 45.125515442000093 ], [ 6.629385185000046, 45.123545113000048 ], [ 6.614613892000108, 45.114766745000068 ], [ 6.602728312000067, 45.103449606000098 ], [ 6.620298299000126, 45.08443267900013 ], [ 6.636576375000061, 45.074459127000111 ], [ 6.638126669000087, 45.067431132000095 ], [ 6.63698978700009, 45.059421285000028 ], [ 6.639676961000106, 45.05037791000008 ], [ 6.651665894000075, 45.035650126000078 ], [ 6.662207885000043, 45.029242249000035 ], [ 6.69724450700005, 45.02691681 ], [ 6.723496134000072, 45.013377584000025 ], [ 6.729904012000105, 44.984697164000025 ], [ 6.727940307000097, 44.928731588000019 ], [ 6.745406941000027, 44.907802633000031 ], [ 6.778169800000029, 44.887648825000056 ], [ 6.847106161000056, 44.859071758000098 ], [ 6.866019735000094, 44.855661113000068 ], [ 6.915319051000097, 44.862689108000083 ], [ 6.932682332000127, 44.8616555790001 ], [ 6.982808471000055, 44.846979472 ], [ 7.000791870000114, 44.8329751590001 ], [ 7.004925985000057, 44.827962545000034 ], [ 7.007096395000133, 44.822071432000044 ], [ 7.006786336000062, 44.819022522000111 ], [ 7.005856160000093, 44.816335348000067 ], [ 7.00595951400004, 44.811529440000086 ], [ 7.004099162000017, 44.810805969000072 ], [ 6.999138224000063, 44.795044658000094 ], [ 6.998414754000066, 44.793752747000056 ], [ 7.009783569000149, 44.772100322000071 ], [ 7.015157918000114, 44.747398987000039 ], [ 7.01898197400007, 44.738872376000032 ], [ 7.049367717000109, 44.697892965 ], [ 7.055155476000095, 44.684870504000074 ], [ 7.03727543200003, 44.684612122 ], [ 7.001205282000029, 44.692260234000074 ], [ 6.982808471000055, 44.692156881000031 ], [ 6.959864135000089, 44.683165182 ], [ 6.941467326000094, 44.666990459000019 ], [ 6.934335978000149, 44.64668162 ], [ 6.945601441000122, 44.625442607000096 ], [ 6.931648804000133, 44.617949525000071 ], [ 6.89733565200001, 44.575419821000125 ], [ 6.84638269000007, 44.547462871000036 ], [ 6.835737345000069, 44.534026998000073 ], [ 6.838837931000114, 44.502917786000026 ], [ 6.861265503000112, 44.474909160000024 ], [ 6.891651245000077, 44.451964824000086 ], [ 6.917799519000084, 44.436306864000031 ], [ 6.88420983900005, 44.42302602200003 ], [ 6.877181844000035, 44.414396057000076 ], [ 6.868810262000068, 44.3831834920001 ], [ 6.866329793000091, 44.377189026000067 ], [ 6.866123088000052, 44.372124736000089 ], [ 6.869843791000051, 44.362926331 ], [ 6.873977905000061, 44.358378805000044 ], [ 6.895992065000144, 44.339826966000018 ], [ 6.903846883000085, 44.330008444000057 ], [ 6.915629110000083, 44.309699605000034 ], [ 6.921210164000087, 44.302154846000079 ], [ 6.930201864000139, 44.295385234000051 ], [ 6.950045613000043, 44.285101624000035 ], [ 6.959244019000039, 44.277350159000051 ], [ 6.96554854300004, 44.267531636000072 ], [ 6.968855835000056, 44.258178202000025 ], [ 6.973403361000095, 44.249444885000045 ], [ 6.982808471000055, 44.241745098000067 ], [ 6.996140991000061, 44.237817688000078 ], [ 7.008026570000084, 44.239212952000074 ], [ 7.020015503000138, 44.242106832000061 ], [ 7.033451375000084, 44.242933655000073 ], [ 7.046060425000121, 44.240298157000055 ], [ 7.104868205000088, 44.21776723300006 ], [ 7.144969116000084, 44.207225240000085 ], [ 7.251319214000091, 44.160044657000057 ], [ 7.270129435000115, 44.154308574000098 ], [ 7.296174357000069, 44.151156311000037 ], [ 7.309300171000132, 44.147487284000064 ], [ 7.316224813000133, 44.140200908000068 ], [ 7.32159916100008, 44.131881002000014 ], [ 7.331004272000143, 44.125266419000113 ], [ 7.34061608900015, 44.123664449000088 ], [ 7.380820353000075, 44.122940980000081 ], [ 7.554763224000055, 44.15906280600008 ], [ 7.583598674000086, 44.160716451000056 ], [ 7.624733114000065, 44.180095113 ], [ 7.655635620000055, 44.176064352000097 ], [ 7.64188968900001, 44.143559876000083 ], [ 7.654085327000132, 44.124956360000041 ], [ 7.676202840000144, 44.108988343000092 ], [ 7.687942587000094, 44.090799457000074 ], [ 7.691912475000095, 44.084648743000074 ], [ 7.689948771000076, 44.06733713800007 ], [ 7.67878666200005, 44.056588441000045 ], [ 7.664317261000093, 44.048578593000073 ], [ 7.65336185700005, 44.039690247000053 ], [ 7.646953979000102, 44.027494609000044 ], [ 7.63868575000015, 44.005067037000046 ], [ 7.630934285000137, 43.993543193000036 ], [ 7.608610066000068, 43.97561147100005 ], [ 7.556933634000131, 43.944088847000089 ], [ 7.536779826000071, 43.920782776000053 ], [ 7.493474976000101, 43.886237081000061 ], [ 7.477868693000062, 43.86551483200013 ], [ 7.482726278000058, 43.840219219000076 ], [ 7.502289259000065, 43.792222398000035 ], [ 7.489105665000068, 43.78546784100007 ], [ 7.484873894000089, 43.785386460000041 ], [ 7.480723504000082, 43.785834052000041 ], [ 7.476410352000073, 43.784491278000075 ], [ 7.475759311000047, 43.780829169000071 ], [ 7.477305535000085, 43.768133856000077 ], [ 7.476410352000073, 43.764634507000039 ], [ 7.46843509200005, 43.761704820000034 ], [ 7.46265709700009, 43.762111721000053 ], [ 7.454345265000086, 43.757117291000043 ], [ 7.445974054000089, 43.749845360000052 ], [ 7.43745403212602, 43.743360540834651 ], [ 7.426246111000125, 43.755464229000026 ], [ 7.406968628000072, 43.76350555400002 ], [ 7.387538289000105, 43.757898662000102 ], [ 7.372655477000052, 43.745832215000021 ], [ 7.367262599000071, 43.73412453300007 ], [ 7.365750207000076, 43.722730283000018 ], [ 7.353184272000078, 43.715690694000045 ], [ 7.342295769000089, 43.707831122000073 ], [ 7.338063998000052, 43.698309637000079 ], [ 7.330533323000054, 43.686424123000052 ], [ 7.319001775000061, 43.685249958000043 ], [ 7.300903921000042, 43.687689084000056 ], [ 7.280252530000041, 43.693326274000071 ], [ 7.257273161000057, 43.691648004000058 ], [ 7.241674873000079, 43.684869052000067 ], [ 7.228509115000065, 43.674195809000082 ], [ 7.23181420800006, 43.66347049400008 ], [ 7.213804599000071, 43.648672916000066 ], [ 7.203791110000054, 43.644359650000069 ], [ 7.196677433000048, 43.656916607000085 ], [ 7.177651002000061, 43.660109419000037 ], [ 7.164594891000093, 43.656060956000033 ], [ 7.151621941000087, 43.654771226000037 ], [ 7.14421634200005, 43.645453192000048 ], [ 7.136566602000073, 43.641180731000077 ], [ 7.133067254000082, 43.633856512000079 ], [ 7.126154018000079, 43.605832972000087 ], [ 7.132090691000087, 43.578802802000041 ], [ 7.13257897200009, 43.573553778000075 ], [ 7.136241540000071, 43.562458638000066 ], [ 7.138916191000078, 43.554020358000059 ], [ 7.125511178000068, 43.547768114000064 ], [ 7.112940732000084, 43.564544154000089 ], [ 7.104323741000087, 43.568293579000056 ], [ 7.08842678700006, 43.568674446000045 ], [ 7.071052428000087, 43.560804798000049 ], [ 7.058107568000082, 43.549885465000045 ], [ 7.045077517000038, 43.542142829000056 ], [ 7.03720222700008, 43.536263506000068 ], [ 7.03063439400006, 43.547889169000086 ], [ 7.014468133000094, 43.547086582000077 ], [ 6.993818672000089, 43.548905626000078 ], [ 6.975599612000053, 43.546945957000048 ], [ 6.962087436000047, 43.540106512000079 ], [ 6.945203125000091, 43.527252672000088 ], [ 6.94088799900004, 43.512459668000076 ], [ 6.949554884000065, 43.507879950000074 ], [ 6.94898522200009, 43.507391669000071 ], [ 6.953805085000056, 43.504615839000053 ], [ 6.954298556000083, 43.500106394000056 ], [ 6.925079666000045, 43.472760512000036 ], [ 6.920372044000089, 43.449011824000081 ], [ 6.898241732000088, 43.437998781000033 ], [ 6.894027990000041, 43.427628415000072 ], [ 6.871072493000042, 43.426092930000038 ], [ 6.86967160800009, 43.432052322000061 ], [ 6.866559591000055, 43.435455794000063 ], [ 6.862957239000082, 43.439362059000075 ], [ 6.857987506000086, 43.436175765000087 ], [ 6.856098247000091, 43.428729440000041 ], [ 6.860136328000067, 43.415867890000072 ], [ 6.846671575000073, 43.412577136000039 ], [ 6.834825863000049, 43.415811149000035 ], [ 6.818843208000089, 43.416072341000074 ], [ 6.783050322000065, 43.408634723000034 ], [ 6.772973707000062, 43.41845419200007 ], [ 6.757085807000067, 43.422686592000048 ], [ 6.746501343000091, 43.417906118000076 ], [ 6.731146285000079, 43.407846721000055 ], [ 6.732823701000086, 43.382079007000073 ], [ 6.717784050000091, 43.366888739000046 ], [ 6.717837534000068, 43.350604247000035 ], [ 6.693930649000038, 43.348371571000087 ], [ 6.674571160000085, 43.346380927000041 ], [ 6.666026238000086, 43.333197333000044 ], [ 6.661306186000047, 43.322333075000074 ], [ 6.65202884200005, 43.314927476000037 ], [ 6.62462860100004, 43.295913060000089 ], [ 6.597242936000043, 43.284007286000076 ], [ 6.590891640000052, 43.268897951000042 ], [ 6.611672016000057, 43.264288237000073 ], [ 6.672358114000076, 43.276195573000052 ], [ 6.693373608000059, 43.272972798000069 ], [ 6.698021526000048, 43.265457074000039 ], [ 6.68539489200009, 43.248037166000074 ], [ 6.668355527000074, 43.239535642000078 ], [ 6.665403062000053, 43.221289739000042 ], [ 6.671977632000051, 43.213609246000033 ], [ 6.679800772000078, 43.201552814000081 ], [ 6.660400217000074, 43.190411679000078 ], [ 6.64039147200009, 43.181830145000049 ], [ 6.629161004000082, 43.179877020000049 ], [ 6.609873894000089, 43.173407294000071 ], [ 6.599457227000073, 43.174994208000044 ], [ 6.59546959700009, 43.179877020000049 ], [ 6.593272332000083, 43.187730210000041 ], [ 6.581275607000066, 43.184373620000088 ], [ 6.563718110000082, 43.184449375000042 ], [ 6.53991191700004, 43.182204009000088 ], [ 6.536426701000039, 43.172543855000072 ], [ 6.526714449000053, 43.160567422000042 ], [ 6.505683047000048, 43.150971264000077 ], [ 6.479162710000082, 43.156060168000067 ], [ 6.451331547000052, 43.152719291000039 ], [ 6.422017572000073, 43.152341580000041 ], [ 6.401678985000046, 43.146938167000087 ], [ 6.37854096500007, 43.136079156000051 ], [ 6.36608020500006, 43.118634922000069 ], [ 6.36987767800008, 43.105519380000032 ], [ 6.37537147200004, 43.090841114000057 ], [ 6.342257678000067, 43.090763369000058 ], [ 6.328868035000085, 43.09992096600007 ], [ 6.325694207000083, 43.104193427000041 ], [ 6.306202437000081, 43.109413116000042 ], [ 6.28037394100005, 43.118665523000061 ], [ 6.25347017900009, 43.120874773000082 ], [ 6.219702497000071, 43.116547581000077 ], [ 6.193198227000039, 43.108773327000051 ], [ 6.178664022000078, 43.102856328000087 ], [ 6.162933790000068, 43.092596747000073 ], [ 6.153168165000068, 43.071966864000046 ], [ 6.152767707000066, 43.048107306000077 ], [ 6.171330439000087, 43.042324989000065 ], [ 6.185420303000058, 43.045443635000083 ], [ 6.180072448000089, 43.035922138000046 ], [ 6.154461750000053, 43.033751133000067 ], [ 6.097694325000077, 43.031261474000075 ], [ 6.088517320000051, 43.034848587000056 ], [ 6.103031188000045, 43.040780500000039 ], [ 6.119254454000043, 43.045150180000064 ], [ 6.132065822000072, 43.052638336000086 ], [ 6.129087889000061, 43.07136218800008 ], [ 6.10966232800007, 43.084315665000076 ], [ 6.091933384000072, 43.082902795000052 ], [ 6.044522586000085, 43.078207767000038 ], [ 6.027008490000071, 43.078195102000052 ], [ 6.016520033000063, 43.098936371000036 ], [ 5.991732384000045, 43.102347472000076 ], [ 5.958652331000053, 43.102167952000059 ], [ 5.934092644000089, 43.11359284100007 ], [ 5.936534050000091, 43.11945221600007 ], [ 5.938243035000085, 43.129095770000049 ], [ 5.940928582000083, 43.134019273000035 ], [ 5.924489780000044, 43.134344794000071 ], [ 5.908539259000065, 43.131293036000045 ], [ 5.879405144000089, 43.120428778000075 ], [ 5.89625084700009, 43.115423895000049 ], [ 5.910610168000062, 43.093203995000067 ], [ 5.927252244000044, 43.087601061000044 ], [ 5.951378968000085, 43.07997756900005 ], [ 5.940288036000084, 43.070909717000063 ], [ 5.917208171000084, 43.072741825000037 ], [ 5.887956364000047, 43.072225869000079 ], [ 5.875336134000065, 43.068793036000045 ], [ 5.856605081000055, 43.044828515000063 ], [ 5.818960387000061, 43.053468984000062 ], [ 5.790241589000061, 43.069930794000072 ], [ 5.781873138000037, 43.07911819900005 ], [ 5.80289558000004, 43.088890484000046 ], [ 5.818085226000051, 43.099089592000041 ], [ 5.811464562000083, 43.106725482000058 ], [ 5.800564292000047, 43.111848943000041 ], [ 5.783406919000072, 43.114597606000075 ], [ 5.780840298000044, 43.123333604000038 ], [ 5.776126699000088, 43.130811081000047 ], [ 5.760558150000065, 43.131981992000078 ], [ 5.741011636000053, 43.132062651000069 ], [ 5.696298672000069, 43.146875111000043 ], [ 5.687673373000052, 43.168850002000056 ], [ 5.673918542000081, 43.179888546000086 ], [ 5.655221278000056, 43.185590034000086 ], [ 5.63421264200008, 43.187229117000072 ], [ 5.622902872000054, 43.176727412000048 ], [ 5.612420433000068, 43.160428659000047 ], [ 5.588262046000068, 43.167978602000062 ], [ 5.572706403000041, 43.169148290000066 ], [ 5.558973791000085, 43.181577564000065 ], [ 5.547245558000043, 43.193858529000067 ], [ 5.537835580000092, 43.207389644000045 ], [ 5.524952486000075, 43.212629082000035 ], [ 5.514335724000091, 43.207739925000055 ], [ 5.50417585100007, 43.205658895000056 ], [ 5.459833401000083, 43.208519183000078 ], [ 5.439753874000075, 43.207645710000065 ], [ 5.40951522000006, 43.211292373000049 ], [ 5.395310694000045, 43.212341013000071 ], [ 5.370337389000042, 43.207859321000058 ], [ 5.346980067000061, 43.215899318000083 ], [ 5.350596550000091, 43.233587958000044 ], [ 5.353770379000082, 43.243801174000055 ], [ 5.360850457000083, 43.253973700000074 ], [ 5.369151238000086, 43.270412502000056 ], [ 5.357342712000047, 43.280344528000057 ], [ 5.355967644000089, 43.292059637000079 ], [ 5.351817254000082, 43.297919012000079 ], [ 5.338882958000056, 43.334288836000042 ], [ 5.294173414000056, 43.355471883000064 ], [ 5.238278858000058, 43.32804075100006 ], [ 5.163237317000039, 43.329314199000066 ], [ 5.12517355600005, 43.325768743000083 ], [ 5.064794619000054, 43.328018530000065 ], [ 5.034022073000074, 43.335476431000075 ], [ 5.013936386000069, 43.357920695000075 ], [ 5.005572076000078, 43.381627502000072 ], [ 5.026133660000085, 43.409328518000052 ], [ 5.057139519000089, 43.422064520000049 ], [ 5.14616946700005, 43.422064520000049 ], [ 5.173838738000086, 43.428290106000077 ], [ 5.192881707000083, 43.439520575000074 ], [ 5.213552280000044, 43.457831122000073 ], [ 5.22632897200009, 43.480292059000078 ], [ 5.222829623000052, 43.503973700000074 ], [ 5.193614129000082, 43.489935614000046 ], [ 5.165537957000083, 43.482489325000074 ], [ 5.13998457100007, 43.48578522300005 ], [ 5.118418816000087, 43.503973700000074 ], [ 5.111501498000052, 43.519354559000078 ], [ 5.110850457000083, 43.527899481000077 ], [ 5.105723504000082, 43.533026434000078 ], [ 5.084971550000091, 43.538153387000079 ], [ 5.077403191000087, 43.538885809000078 ], [ 5.053721550000091, 43.538153387000079 ], [ 5.049571160000085, 43.541449286000045 ], [ 5.035329623000052, 43.555731512000079 ], [ 5.029144727000073, 43.558579820000034 ], [ 5.022308790000068, 43.55219147300005 ], [ 5.015879754000082, 43.538763739000046 ], [ 5.010996941000087, 43.525091864000046 ], [ 5.009287957000083, 43.517645575000074 ], [ 5.014659050000091, 43.498724677000041 ], [ 5.023692254000082, 43.490464585000041 ], [ 5.035817905000044, 43.485581773000035 ], [ 5.050303582000083, 43.476711330000057 ], [ 5.06226647200009, 43.451646226000037 ], [ 5.051117384000065, 43.429266669000071 ], [ 5.027598504000082, 43.416978257000039 ], [ 4.998465760000045, 43.414699406000068 ], [ 4.983083530000044, 43.417059637000079 ], [ 4.928477410000085, 43.440130927000041 ], [ 4.903168165000068, 43.431626695000034 ], [ 4.892588738000086, 43.425360419000071 ], [ 4.868174675000091, 43.421454169000071 ], [ 4.858409050000091, 43.415228583000044 ], [ 4.850271030000044, 43.401434637000079 ], [ 4.854991082000083, 43.396185614000046 ], [ 4.864890595000077, 43.377900012000055 ], [ 4.867531575000044, 43.365112099000044 ], [ 4.901005115000089, 43.366965085000061 ], [ 4.877188604000082, 43.350782491000075 ], [ 4.855778264000094, 43.341779141000075 ], [ 4.850823418000061, 43.358928844000047 ], [ 4.833262566000087, 43.381984768000052 ], [ 4.791758660000085, 43.399115302000041 ], [ 4.757823113000086, 43.422349351000037 ], [ 4.742442254000082, 43.448716539000088 ], [ 4.744965040000068, 43.507391669000071 ], [ 4.742442254000082, 43.524481512000079 ], [ 4.736175977000073, 43.539496161000045 ], [ 4.725840691000087, 43.556789455000057 ], [ 4.711924675000091, 43.571519273000035 ], [ 4.694590691000087, 43.579087632000039 ], [ 4.694590691000087, 43.57290273600006 ], [ 4.72437584700009, 43.538397528000075 ], [ 4.728770379000082, 43.527899481000077 ], [ 4.728770379000082, 43.456203518000052 ], [ 4.742523634000065, 43.422552802000041 ], [ 4.769704623000052, 43.401922919000071 ], [ 4.800059441000087, 43.386053778000075 ], [ 4.823018876000049, 43.36716896300004 ], [ 4.820279138000046, 43.346355716000062 ], [ 4.791247192000071, 43.345221958000081 ], [ 4.66588637600006, 43.347541336000063 ], [ 4.592335626000079, 43.359889274000068 ], [ 4.566288765000081, 43.37109356600007 ], [ 4.565544044000092, 43.387949009000067 ], [ 4.58570397200009, 43.404242255000042 ], [ 4.588043737000078, 43.416890776000059 ], [ 4.57959363000009, 43.43006620400007 ], [ 4.555208306000054, 43.443265515000064 ], [ 4.51303144600007, 43.455796617000033 ], [ 4.409418594000044, 43.447741342000086 ], [ 4.205902540000068, 43.459906317000048 ], [ 4.181651238000086, 43.463771877000056 ], [ 4.160329623000052, 43.471502997000073 ], [ 4.132823113000086, 43.487046617000033 ], [ 4.117198113000086, 43.510484117000033 ], [ 4.132823113000086, 43.532782294000071 ], [ 4.131195509000065, 43.53624095300006 ], [ 4.105316602000073, 43.55186595300006 ], [ 4.047455274000072, 43.556138414000088 ], [ 3.990896030000044, 43.550848700000074 ], [ 3.952972852000073, 43.539943752000056 ], [ 3.939300977000073, 43.532538153000075 ], [ 3.73991946700005, 43.412827867000033 ], [ 3.622162306000064, 43.374904690000051 ], [ 3.589691602000073, 43.354885158000059 ], [ 3.51335696700005, 43.281073309000078 ], [ 3.492360873000052, 43.274318752000056 ], [ 3.452403191000087, 43.288763739000046 ], [ 3.428396030000044, 43.28546784100007 ], [ 3.385427280000044, 43.283921617000033 ], [ 3.31771894600007, 43.263088283000059 ], [ 3.244313998000052, 43.219427802000041 ], [ 3.227549675000091, 43.204250393000052 ], [ 3.220957879000082, 43.195217190000051 ], [ 3.207286004000082, 43.18663157800006 ], [ 3.195892774000072, 43.176662502000056 ], [ 3.178721550000091, 43.165228583000044 ], [ 3.165944858000046, 43.152411200000074 ], [ 3.154470248000052, 43.135280666000085 ], [ 3.135996941000087, 43.121039130000042 ], [ 3.114024285000085, 43.106309312000064 ], [ 3.104177280000044, 43.087795315000051 ], [ 3.096039259000065, 43.07257721600007 ], [ 3.086029493000069, 43.054022528000075 ], [ 3.070404493000069, 43.026922919000071 ], [ 3.063243035000085, 43.008368231000077 ], [ 3.056081576000054, 42.992702541000085 ], [ 3.046153191000087, 42.964178778000075 ], [ 3.038991733000046, 42.942775783000059 ], [ 3.041840040000068, 42.932806708000044 ], [ 3.054698113000086, 42.927110093000067 ], [ 3.056081576000054, 42.907131252000056 ], [ 3.047536655000044, 42.847235419000071 ], [ 3.040456576000054, 42.790187893000052 ], [ 3.038991733000046, 42.750270901000079 ], [ 3.043304884000065, 42.724595445000034 ], [ 3.037608269000089, 42.683213609000063 ], [ 3.041840040000068, 42.629055080000057 ], [ 3.046153191000087, 42.587673244000086 ], [ 3.051849806000064, 42.554877020000049 ], [ 3.06609134200005, 42.542059637000079 ], [ 3.087494337000066, 42.534938869000086 ], [ 3.11459394600007, 42.530625718000067 ], [ 3.137380405000044, 42.52492910400008 ], [ 3.145925326000054, 42.514960028000075 ], [ 3.145925326000054, 42.503526109000063 ], [ 3.143077019000089, 42.492132880000042 ], [ 3.150238477000073, 42.482163804000038 ], [ 3.160248243000069, 42.475043036000045 ], [ 3.175873243000069, 42.45648834800005 ], [ 3.181569858000046, 42.43508535400008 ], [ 3.180969656804698, 42.43148414767083 ], [ 3.137823527000137, 42.425938620000082 ], [ 3.111675252000111, 42.425008444000056 ], [ 3.086147094000097, 42.427178854000047 ], [ 3.065579874000093, 42.432010600000055 ], [ 3.053590942000142, 42.437643331000075 ], [ 3.04387577300011, 42.445265605000046 ], [ 3.036020956000073, 42.454619039000093 ], [ 3.029613077000135, 42.465651957 ], [ 3.02299849400012, 42.467047221000072 ], [ 2.993749634000096, 42.467615662000114 ], [ 2.983104289000096, 42.469320984 ], [ 2.966051066000148, 42.461001079000127 ], [ 2.933701619000061, 42.470225322000019 ], [ 2.900835409000138, 42.451260071000078 ], [ 2.88409224500009, 42.449193014000016 ], [ 2.866935669000043, 42.449632263000026 ], [ 2.850812622000149, 42.44836619100009 ], [ 2.834792928000098, 42.441312358000076 ], [ 2.804613892000106, 42.419556580000048 ], [ 2.788594198000055, 42.412011821000092 ], [ 2.767716919000065, 42.409557191000047 ], [ 2.72854618300002, 42.414027202000071 ], [ 2.708082316000059, 42.412890320000045 ], [ 2.690408976000072, 42.406172384000016 ], [ 2.648241007000109, 42.381471049000098 ], [ 2.640282837000143, 42.372841085000076 ], [ 2.649377889000107, 42.353720806000084 ], [ 2.661780232000098, 42.343359680000063 ], [ 2.662193644000098, 42.339018861000071 ], [ 2.635425253000022, 42.337881979000073 ], [ 2.613411092000149, 42.340956726000101 ], [ 2.56741906700006, 42.352635600000085 ], [ 2.548092081000107, 42.352248027000073 ], [ 2.540340617000084, 42.346977031000037 ], [ 2.531969035000117, 42.330776470000032 ], [ 2.525251098000098, 42.325893047000093 ], [ 2.514812459000069, 42.325660503000037 ], [ 2.503650350000015, 42.328451030000011 ], [ 2.483393188000122, 42.336977641000018 ], [ 2.464893025000094, 42.340620829000031 ], [ 2.445566040000131, 42.351963806000086 ], [ 2.429856404000077, 42.367544251000126 ], [ 2.422518351000065, 42.383693136000019 ], [ 2.406602010000142, 42.384261576000071 ], [ 2.375492798000096, 42.389325867000039 ], [ 2.317305135000083, 42.409608867000046 ], [ 2.305316203000132, 42.416972758000057 ], [ 2.277410930000144, 42.428625794000126 ], [ 2.245991659000111, 42.426119487000037 ], [ 2.184186645000125, 42.411805115000064 ], [ 2.136954386000099, 42.416223450000061 ], [ 2.121038045000148, 42.410616557000125 ], [ 2.116283813000081, 42.405397237000031 ], [ 2.108739054000125, 42.39064361600002 ], [ 2.103984823000133, 42.384830017000027 ], [ 2.080110311000055, 42.37126495400004 ], [ 2.063263794000079, 42.35790659700011 ], [ 2.05168827300011, 42.352351380000087 ], [ 2.035255168000049, 42.349250794000071 ], [ 2.009210245000077, 42.347080383000062 ], [ 1.995671020000088, 42.348682353000086 ], [ 1.983372030000055, 42.354547628 ], [ 1.963734985000116, 42.367234192000055 ], [ 1.954226522000056, 42.382685445000035 ], [ 1.941100708000079, 42.420099182000016 ], [ 1.927458129000058, 42.436894023000079 ], [ 1.911955200000136, 42.441958313000058 ], [ 1.89324833200007, 42.442733460000071 ], [ 1.869787232000107, 42.446790060000055 ], [ 1.813666626000042, 42.475237936 ], [ 1.792685995000056, 42.481723328000058 ], [ 1.730570923000073, 42.488053691000076 ], [ 1.71217411300006, 42.49371226 ], [ 1.712690877000114, 42.496787008000055 ], [ 1.711967407000117, 42.499293315000031 ], [ 1.710003703000069, 42.501334534000065 ], [ 1.707006470000067, 42.502781474000059 ], [ 1.710623820000137, 42.527741191000061 ], [ 1.721682577000138, 42.548515116000019 ], [ 1.739976033000119, 42.561640930000053 ], [ 1.765090780000151, 42.563372091000033 ], [ 1.761107147000132, 42.567646197 ], [ 1.752688435000067, 42.576678772000051 ], [ 1.729434041000076, 42.582001445000103 ], [ 1.713310995000086, 42.589546204000058 ], [ 1.721992635000049, 42.609855042000063 ], [ 1.608304484000143, 42.618123271000016 ], [ 1.597349081000061, 42.621921489000059 ], [ 1.543088827000133, 42.649361674000019 ], [ 1.527792602000062, 42.648534852000083 ], [ 1.498440389000109, 42.640240784000028 ], [ 1.466814412000105, 42.641455180000051 ], [ 1.451414836000112, 42.602051901000053 ], [ 1.42929732200011, 42.59538564100005 ], [ 1.414827921000068, 42.60933827700002 ], [ 1.397981404000092, 42.643625590000042 ], [ 1.378757771000068, 42.663236796000078 ], [ 1.361084432000069, 42.686723735000058 ], [ 1.352712850000103, 42.690056865000045 ], [ 1.343307739000039, 42.690444438000057 ], [ 1.338243449000061, 42.694449361000053 ], [ 1.342584269000042, 42.708660381000115 ], [ 1.319123169000079, 42.713362936000081 ], [ 1.195926554000096, 42.713647156000079 ], [ 1.162543579000044, 42.705688986 ], [ 1.151484823000118, 42.706722514 ], [ 1.13432824700007, 42.7159725960001 ], [ 1.124096313000081, 42.72974436500003 ], [ 1.116551554000125, 42.745247294000066 ], [ 1.106733032000079, 42.759613343000055 ], [ 1.089059692000149, 42.771318054000048 ], [ 1.068182414000091, 42.776123963000046 ], [ 0.982916300000113, 42.780361430000099 ], [ 0.975268189000133, 42.783746236000113 ], [ 0.958731730000068, 42.793719788000018 ], [ 0.950256795000143, 42.796122742000065 ], [ 0.940024862000087, 42.79366811200002 ], [ 0.930619751000108, 42.788035380000068 ], [ 0.921111287000116, 42.784366354000085 ], [ 0.910362589000101, 42.787673646000073 ], [ 0.894446248000094, 42.799326681000039 ], [ 0.885764608000045, 42.804235942000091 ], [ 0.856102336000077, 42.812762553000098 ], [ 0.812900838000132, 42.831624451000025 ], [ 0.795744263000074, 42.833846537000042 ], [ 0.776313924000078, 42.832451274000036 ], [ 0.758847290000062, 42.835267640000026 ], [ 0.72432743300007, 42.845292867000026 ], [ 0.706757446000097, 42.846584779000082 ], [ 0.679368937000049, 42.845112 ], [ 0.656321248000097, 42.838419902000069 ], [ 0.651567016000087, 42.82405385400007 ], [ 0.653737427000095, 42.802685649000054 ], [ 0.639681437000149, 42.774677023000052 ], [ 0.650740194000065, 42.76338572300007 ], [ 0.643298787000049, 42.759070740000098 ], [ 0.63957808400005, 42.754833272000056 ], [ 0.633480265000088, 42.744782206000124 ], [ 0.647639608000134, 42.741035665000098 ], [ 0.659628540000085, 42.729899394000071 ], [ 0.666449829000044, 42.714758200000077 ], [ 0.66541630100005, 42.698660991000096 ], [ 0.66342581400005, 42.69621435100008 ], [ 0.656734660000097, 42.687989808000097 ], [ 0.64360884600012, 42.684475810000052 ], [ 0.608158813000102, 42.687989808000097 ], [ 0.483515259000029, 42.685302633000063 ], [ 0.466927124000023, 42.690444438000057 ], [ 0.428789917000074, 42.683028870000058 ], [ 0.409282064000081, 42.68225372300013 ], [ 0.389283285000118, 42.685147604000022 ], [ 0.384399862000095, 42.688584086000063 ], [ 0.383676391000108, 42.692692363000063 ], [ 0.384012288000093, 42.6968523150001 ], [ 0.381816040000103, 42.70010793100009 ], [ 0.354169148000096, 42.717497050000119 ], [ 0.336030721000071, 42.712691142000025 ], [ 0.318305704000039, 42.699539490000049 ], [ 0.290245402000039, 42.670290629000093 ], [ 0.275388428000099, 42.668688660000058 ], [ 0.259807983000144, 42.682382914000058 ], [ 0.238362264000045, 42.710365703000079 ], [ 0.222394246000079, 42.716205140000071 ], [ 0.169167521000134, 42.726462911000041 ], [ 0.152941121000111, 42.724602560000037 ], [ 0.134182576000114, 42.715223288000104 ], [ 0.072842651000144, 42.708479513000057 ], [ -0.004310262999923, 42.68752472000007 ], [ -0.038933471999911, 42.685147604000022 ], [ -0.078414265999953, 42.69667144800006 ], [ -0.084202026999918, 42.701089783000057 ], [ -0.088852905999886, 42.706128235000037 ], [ -0.095751708999956, 42.710675761000047 ], [ -0.108489949999921, 42.713362936000081 ], [ -0.119031941999879, 42.716851095000052 ], [ -0.121822468999937, 42.723310649 ], [ -0.12311437999989, 42.730364482000098 ], [ -0.129238036999936, 42.735893860000019 ], [ -0.145722818999928, 42.745893250000037 ], [ -0.157789265999924, 42.760698547000047 ], [ -0.163628702999887, 42.777984314000051 ], [ -0.161406615999908, 42.79534759600007 ], [ -0.179390014999882, 42.789740702000032 ], [ -0.208354654999937, 42.783875427000041 ], [ -0.235148885999934, 42.78622670500009 ], [ -0.247034463999853, 42.804830221000046 ], [ -0.305134937999952, 42.830810107000062 ], [ -0.307418375999873, 42.831831157000082 ], [ -0.322792113999952, 42.842502340000081 ], [ -0.328243977999932, 42.832580465 ], [ -0.335168619999905, 42.824958191000107 ], [ -0.342997599999933, 42.822736105 ], [ -0.351679239999896, 42.829247335000062 ], [ -0.399738321999934, 42.801316223000086 ], [ -0.423922892999911, 42.790670878000086 ], [ -0.454463662999927, 42.78891388000001 ], [ -0.508413858999887, 42.807491557000063 ], [ -0.533890339999914, 42.80800832200002 ], [ -0.535647338999894, 42.784211324000054 ], [ -0.544432332999861, 42.782015076000036 ], [ -0.561175495999919, 42.773540141000055 ], [ -0.56903031399986, 42.772635804000103 ], [ -0.578693806999866, 42.777338359000069 ], [ -0.578538777999938, 42.783306987000103 ], [ -0.577143513999943, 42.789792379000048 ], [ -0.582931274999936, 42.795838521000107 ], [ -0.587323770999916, 42.796846212000062 ], [ -0.603550170999938, 42.796846212000062 ], [ -0.610164753999925, 42.799094137000068 ], [ -0.609958048999971, 42.802840679 ], [ -0.60804602099995, 42.807181498 ], [ -0.609492960999944, 42.811444804000033 ], [ -0.648301961999891, 42.849788717000067 ], [ -0.666078653999904, 42.860744120000035 ], [ -0.700391804999924, 42.876427918 ], [ -0.710520385999899, 42.877668153000045 ], [ -0.720287231999862, 42.876608785000045 ], [ -0.730105753999908, 42.877513123000099 ], [ -0.740286010999881, 42.884799499000067 ], [ -0.745867065999903, 42.893920390000048 ], [ -0.744781859999904, 42.899294739000098 ], [ -0.741422891999889, 42.903893942000067 ], [ -0.740906128999939, 42.910896098000066 ], [ -0.745031962999889, 42.918727227 ], [ -0.759664672999861, 42.946501160000039 ], [ -0.786433064999926, 42.953270773000085 ], [ -0.863534301999948, 42.94306467700001 ], [ -0.943219360999905, 42.947896423000103 ], [ -0.981459920999896, 42.957043152 ], [ -1.016289834999952, 42.976240947000022 ], [ -1.028485473999893, 42.98670542400005 ], [ -1.0450736089999, 42.99021942200001 ], [ -1.079696817999888, 42.99339752200008 ], [ -1.087189900999931, 42.997996725000021 ], [ -1.103726358999921, 43.005748190000034 ], [ -1.112408, 43.008254496000021 ], [ -1.149925088999879, 43.00572235200012 ], [ -1.182532918999925, 43.025281881000055 ], [ -1.216897745999887, 43.039260356000042 ], [ -1.274878702999928, 43.046830953 ], [ -1.293688923999952, 43.055202535000078 ], [ -1.310587117999944, 43.069491069000051 ], [ -1.315082966999853, 43.082875265 ], [ -1.306969766999941, 43.095975240000044 ], [ -1.286040811999953, 43.109178569000036 ], [ -1.308623412999907, 43.113571066000034 ], [ -1.331050984999905, 43.107344056000031 ], [ -1.348259236999866, 43.093081360000056 ], [ -1.355183877999934, 43.073030904000021 ], [ -1.357612670999913, 43.046830953 ], [ -1.366139282999939, 43.033317567000026 ], [ -1.383140827999853, 43.029209290000026 ], [ -1.41052933799989, 43.030914612000075 ], [ -1.435023965999932, 43.035720520000083 ], [ -1.457141478999858, 43.04507395500012 ], [ -1.475279906999987, 43.060137634000014 ], [ -1.487837279999894, 43.081815898000102 ], [ -1.479620727999873, 43.090264995 ], [ -1.438434610999877, 43.12279530900004 ], [ -1.425773884999927, 43.135275167000131 ], [ -1.41052933799989, 43.166901144000022 ], [ -1.399677286999946, 43.206743673000048 ], [ -1.403501342999959, 43.243330587000074 ], [ -1.432233438999987, 43.265008850000086 ], [ -1.444222371999928, 43.265112203000101 ], [ -1.455281127999854, 43.262218323000113 ], [ -1.466391560999881, 43.260771383000119 ], [ -1.508094441999901, 43.276765239000056 ], [ -1.539203654999937, 43.283560690000016 ], [ -1.559047403999926, 43.284077454000069 ], [ -1.57398189299991, 43.277437032000066 ], [ -1.581888386999935, 43.260357971000118 ], [ -1.587572794999886, 43.251598817000044 ], [ -1.598476521999942, 43.246999613000085 ], [ -1.611085571999894, 43.245811056000051 ], [ -1.621885945999907, 43.246999613000085 ], [ -1.634081583999915, 43.251107890000085 ], [ -1.63904252099988, 43.255681255000056 ], [ -1.646328897999865, 43.272786153000098 ], [ -1.647982543999916, 43.281545309000066 ], [ -1.645192016999943, 43.287643128000028 ], [ -1.645036986999912, 43.292371521000106 ], [ -1.654907185999889, 43.297539164000014 ], [ -1.673872435999925, 43.304153748000019 ], [ -1.683019164999934, 43.304928894000014 ], [ -1.703328002999854, 43.298624370000098 ], [ -1.724825397999894, 43.296531474000048 ], [ -1.736555948999865, 43.29231984400009 ], [ -1.747356322999906, 43.291002096000042 ], [ -1.74972998599992, 43.294792691000069 ], [ -1.752420612999884, 43.29908945800004 ], [ -1.755779581999889, 43.318545634000102 ], [ -1.768233601999981, 43.330922140000084 ], [ -1.796914021999953, 43.341128235000056 ], [ -1.797172403999951, 43.353323873000065 ], [ -1.796448933999955, 43.37438202 ], [ -1.794074744885912, 43.386015332062847 ], [ -1.791371222999942, 43.384588934000078 ], [ -1.790760870999918, 43.384263414000088 ], [ -1.775502081999946, 43.376166083000044 ], [ -1.767974412999934, 43.383612372000073 ], [ -1.749623175999943, 43.389227606000077 ], [ -1.661000128999945, 43.399684963000084 ], [ -1.637806769999941, 43.423773505000042 ], [ -1.61546790299991, 43.432562567000048 ], [ -1.596750454999949, 43.442531643000052 ], [ -1.588042772999927, 43.451157945000034 ], [ -1.566395636999914, 43.482163804000038 ], [ -1.562082485999952, 43.493394273000035 ], [ -1.553334113999938, 43.501369533000059 ], [ -1.51398678299995, 43.538641669000071 ], [ -1.506337042999917, 43.550116278000075 ], [ -1.47687740799995, 43.580064195000034 ], [ -1.470041469999956, 43.611517645000049 ], [ -1.44595292899993, 43.668443101000037 ], [ -1.40493730399993, 43.83234284100007 ], [ -1.38117428299995, 43.889593817000048 ], [ -1.346099412999934, 44.019191799000055 ], [ -1.28156490799995, 44.30219147300005 ], [ -1.25413977799991, 44.442450262000079 ], [ -1.247303839999915, 44.50454336100006 ], [ -1.249745245999918, 44.519232489000046 ], [ -1.258290167999917, 44.547552802000041 ], [ -1.257232225999928, 44.556057033000059 ], [ -1.23078365799995, 44.583563544000071 ], [ -1.22687740799995, 44.589911200000074 ], [ -1.224191860999952, 44.601996161000045 ], [ -1.206288214999915, 44.64789459800005 ], [ -1.186512824999909, 44.66547272300005 ], [ -1.161447719999956, 44.666164455000057 ], [ -1.100209113999938, 44.655340887000079 ], [ -1.065012173999946, 44.659125067000048 ], [ -1.044748501999948, 44.669419664000088 ], [ -1.044422980999911, 44.684637762000079 ], [ -1.069162563999953, 44.703192450000074 ], [ -1.055490688999953, 44.703192450000074 ], [ -1.065297003999945, 44.717474677000041 ], [ -1.14085852799991, 44.768133856000077 ], [ -1.151722785999937, 44.771429755000042 ], [ -1.156402147999927, 44.773423570000034 ], [ -1.160633917999917, 44.776516018000052 ], [ -1.165353969999956, 44.778713283000059 ], [ -1.172230597999942, 44.778265692000048 ], [ -1.176503058999913, 44.775213934000078 ], [ -1.178456183999913, 44.770900783000059 ], [ -1.179758266999954, 44.766913153000075 ], [ -1.182118292999917, 44.765204169000071 ], [ -1.188588019999941, 44.755845445000034 ], [ -1.233631964999915, 44.706854559000078 ], [ -1.244943813999953, 44.66274648600006 ], [ -1.253814256999931, 44.638657945000034 ], [ -1.260365363999938, 44.627427476000037 ], [ -1.19945227799991, 45.120835679000038 ], [ -1.157866990999935, 45.279120184000078 ], [ -1.139963344999956, 45.490057684000078 ], [ -1.133697068999936, 45.504828192000048 ], [ -1.099598761999914, 45.553534247000073 ], [ -1.085275844999956, 45.569037177000041 ], [ -1.069162563999953, 45.573309637000079 ], [ -1.058583136999914, 45.569647528000075 ], [ -1.056223110999952, 45.565130927000041 ], [ -1.056752081999946, 45.557603257000039 ], [ -1.057362433999913, 45.54633209800005 ], [ -1.060170050999943, 45.543036200000074 ], [ -1.062326626999948, 45.53774648600006 ], [ -1.062326626999948, 45.532416083000044 ], [ -1.05923417899993, 45.527044989000046 ], [ -1.048695441999939, 45.515041408000059 ], [ -1.039947068999936, 45.50726959800005 ], [ -0.97297115799995, 45.470526434000078 ], [ -0.930775519999941, 45.453802802000041 ], [ -0.915272589999915, 45.450425523000035 ], [ -0.794178839999915, 45.355414130000042 ], [ -0.766184048999946, 45.326076565000051 ], [ -0.754505988999938, 45.295884507000039 ], [ -0.751942511999914, 45.275946356000077 ], [ -0.738677537999934, 45.238714911000045 ], [ -0.720041469999956, 45.14594147300005 ], [ -0.715972459999932, 45.134507554000038 ], [ -0.682199673999946, 45.07648346600007 ], [ -0.648182745999918, 45.044907945000034 ], [ -0.609852667999917, 45.018459377000056 ], [ -0.577788865999935, 45.005072333000044 ], [ -0.568959113999938, 44.997992255000042 ], [ -0.560699022999927, 44.985419012000079 ], [ -0.559193488999938, 44.976141669000071 ], [ -0.562082485999952, 44.960150458000044 ], [ -0.56086178299995, 44.939276434000078 ], [ -0.556507941999939, 44.918524481000077 ], [ -0.548166469999956, 44.902289130000042 ], [ -0.534657355999911, 44.894964911000045 ], [ -0.538644985999952, 44.908758856000077 ], [ -0.542388475999928, 44.937201239000046 ], [ -0.548451300999943, 44.94953034100007 ], [ -0.538970506999931, 44.976507880000042 ], [ -0.550363735999952, 44.998195705000057 ], [ -0.57258053299995, 45.01430898600006 ], [ -0.596180792999917, 45.024644273000035 ], [ -0.565297003999945, 45.023586330000057 ], [ -0.539418097999942, 45.019517320000034 ], [ -0.516428188999953, 45.011379299000055 ], [ -0.493763800999943, 44.997992255000042 ], [ -0.518950975999928, 45.029445705000057 ], [ -0.558745897999927, 45.043443101000037 ], [ -0.602162238999938, 45.053452867000033 ], [ -0.637766079999949, 45.073065497000073 ], [ -0.655995245999918, 45.099107164000088 ], [ -0.668690558999913, 45.130804755000042 ], [ -0.706654425999943, 45.322414455000057 ], [ -0.719715949999909, 45.361070054000038 ], [ -0.753041144999941, 45.424058335000041 ], [ -0.773101365999935, 45.452093817000048 ], [ -0.795480923999946, 45.477118231000077 ], [ -0.841786261999914, 45.514553127000056 ], [ -0.983509894999941, 45.586981512000079 ], [ -0.986887173999946, 45.59125397300005 ], [ -0.99087480399993, 45.610052802000041 ], [ -0.997222459999932, 45.614325262000079 ], [ -1.030262824999909, 45.622870184000078 ], [ -1.083811001999948, 45.660386460000041 ], [ -1.11392167899993, 45.668931382000039 ], [ -1.132801886999914, 45.671698309000078 ], [ -1.149322068999936, 45.678900458000044 ], [ -1.163441535999937, 45.688950914000088 ], [ -1.175607876999948, 45.700262762000079 ], [ -1.194203253999945, 45.710191148000035 ], [ -1.229359503999945, 45.704779364000046 ], [ -1.247303839999915, 45.709906317000048 ], [ -1.230132615999935, 45.77960846600007 ], [ -1.230295376999948, 45.79242584800005 ], [ -1.163807745999918, 45.806708075000074 ], [ -1.144276495999918, 45.80609772300005 ], [ -1.080555792999917, 45.753404039000088 ], [ -1.069162563999953, 45.748114325000074 ], [ -1.057240363999938, 45.740220445000034 ], [ -0.987172003999945, 45.717352606000077 ], [ -1.009632941999939, 45.735174872000073 ], [ -1.099476691999939, 45.786037502000056 ], [ -1.125355597999942, 45.807684637000079 ], [ -1.130686001999948, 45.81671784100007 ], [ -1.132150844999956, 45.828314520000049 ], [ -1.136586066999939, 45.843247789000088 ], [ -1.14321855399993, 45.85773346600007 ], [ -1.151722785999937, 45.868150132000039 ], [ -1.140614386999914, 45.872300523000035 ], [ -1.133656378999945, 45.878241278000075 ], [ -1.128529425999943, 45.88422272300005 ], [ -1.123768683999913, 45.888657945000034 ], [ -1.112538214999915, 45.895656643000052 ], [ -1.097035285999937, 45.902289130000042 ], [ -1.087757941999939, 45.903225002000056 ], [ -1.079741990999935, 45.902004299000055 ], [ -1.073353644999941, 45.904364325000074 ], [ -1.069162563999953, 45.915961005000042 ], [ -1.070423956999946, 45.926336981000077 ], [ -1.076324022999927, 45.936712958000044 ], [ -1.083485480999911, 45.945379950000074 ], [ -1.089751756999931, 45.950751044000071 ], [ -1.08421790299991, 45.953924872000073 ], [ -1.074208136999914, 45.96157461100006 ], [ -1.069162563999953, 45.964341539000088 ], [ -1.085560675999943, 45.971991278000075 ], [ -1.096587693999936, 45.985419012000079 ], [ -1.110747850999928, 46.018377997000073 ], [ -1.089751756999931, 46.008205471000053 ], [ -1.072987433999913, 46.007473049000055 ], [ -1.059722459999932, 46.015773830000057 ], [ -1.048695441999939, 46.03266022300005 ], [ -1.048695441999939, 46.038804429000038 ], [ -1.052886522999927, 46.04328034100007 ], [ -1.058583136999914, 46.047919012000079 ], [ -1.065174933999913, 46.051581122000073 ], [ -1.08421790299991, 46.056545315000051 ], [ -1.087757941999939, 46.064683335000041 ], [ -1.088734503999945, 46.074774481000077 ], [ -1.09601803299995, 46.088364976000037 ], [ -1.095692511999914, 46.097723700000074 ], [ -1.097035285999937, 46.101548570000034 ], [ -1.100738084999932, 46.103094794000071 ], [ -1.11359615799995, 46.106146552000041 ], [ -1.117014126999948, 46.107814846000053 ], [ -1.122954881999931, 46.112494208000044 ], [ -1.129017706999946, 46.115790106000077 ], [ -1.128895636999914, 46.120062567000048 ], [ -1.117014126999948, 46.128241278000075 ], [ -1.140370245999918, 46.140570380000042 ], [ -1.148019985999952, 46.141913153000075 ], [ -1.152088995999918, 46.143866278000075 ], [ -1.151844855999911, 46.148423570000034 ], [ -1.150542772999927, 46.153265692000048 ], [ -1.151722785999937, 46.156195380000042 ], [ -1.157093878999945, 46.156968492000033 ], [ -1.172230597999942, 46.156195380000042 ], [ -1.182606574999909, 46.158392645000049 ], [ -1.19163977799991, 46.157945054000038 ], [ -1.200184699999909, 46.159125067000048 ], [ -1.209706183999913, 46.166164455000057 ], [ -1.210804816999939, 46.174546617000033 ], [ -1.204416469999956, 46.184312242000033 ], [ -1.194488084999932, 46.192775783000059 ], [ -1.185170050999943, 46.197170315000051 ], [ -1.190541144999941, 46.216294664000088 ], [ -1.179595506999931, 46.229478257000039 ], [ -1.110747850999928, 46.25922272300005 ], [ -1.102650519999941, 46.271958726000037 ], [ -1.103505011999914, 46.280015367000033 ], [ -1.108021613999938, 46.28851959800005 ], [ -1.110747850999928, 46.302679755000042 ], [ -1.132476365999935, 46.324123440000051 ], [ -1.177235480999911, 46.326157945000034 ], [ -1.214344855999911, 46.310695705000057 ], [ -1.21320553299995, 46.279120184000078 ], [ -1.240101691999939, 46.284247137000079 ], [ -1.259185350999928, 46.300441799000055 ], [ -1.277414516999954, 46.319525458000044 ], [ -1.293365037999934, 46.322658596000053 ], [ -1.303456183999913, 46.323879299000055 ], [ -1.33421790299991, 46.336737372000073 ], [ -1.356841600999928, 46.350327867000033 ], [ -1.370228644999941, 46.354193427000041 ], [ -1.423329230999911, 46.342474677000041 ], [ -1.448719855999911, 46.343410549000055 ], [ -1.459584113999938, 46.364732164000088 ], [ -1.46548417899993, 46.389960028000075 ], [ -1.481434699999909, 46.408189195000034 ], [ -1.504465298999946, 46.419338283000059 ], [ -1.53189042899993, 46.423081773000035 ], [ -1.598784959999932, 46.425034898000035 ], [ -1.62564042899993, 46.431138414000088 ], [ -1.617176886999914, 46.443548895000049 ], [ -1.63345292899993, 46.454291083000044 ], [ -1.686756964999915, 46.460882880000042 ], [ -1.720285610999952, 46.481268622000073 ], [ -1.748605923999946, 46.486558335000041 ], [ -1.761138475999928, 46.492010809000078 ], [ -1.768422003999945, 46.500230210000041 ], [ -1.779652472999942, 46.52212148600006 ], [ -1.789173956999946, 46.532945054000038 ], [ -1.788889126999948, 46.520453192000048 ], [ -1.783070441999939, 46.504136460000041 ], [ -1.781727667999917, 46.495428778000075 ], [ -1.786000128999945, 46.490952867000033 ], [ -1.795399542999917, 46.494533596000053 ], [ -1.804798956999946, 46.503607489000046 ], [ -1.827056443999936, 46.576971747000073 ], [ -1.822661912999934, 46.59438711100006 ], [ -1.838693813999953, 46.59906647300005 ], [ -1.846587693999936, 46.610256252000056 ], [ -1.851226365999935, 46.623724677000041 ], [ -1.857411261999914, 46.635321356000077 ], [ -1.872425910999937, 46.647406317000048 ], [ -1.887806769999941, 46.65656159100007 ], [ -1.899769660999937, 46.666245835000041 ], [ -1.909901495999918, 46.691799221000053 ], [ -1.923166469999956, 46.699164130000042 ], [ -1.940012173999946, 46.703070380000042 ], [ -1.956450975999928, 46.704291083000044 ], [ -1.964995897999927, 46.71039459800005 ], [ -1.994618292999917, 46.752020575000074 ], [ -2.050282355999911, 46.792059637000079 ], [ -2.081288214999915, 46.807359117000033 ], [ -2.107167120999918, 46.813462632000039 ], [ -2.118763800999943, 46.819973049000055 ], [ -2.126088019999941, 46.835598049000055 ], [ -2.130034959999932, 46.854681708000044 ], [ -2.131255662999934, 46.871812242000033 ], [ -2.128773566999939, 46.893459377000056 ], [ -2.121978318999936, 46.903713283000059 ], [ -2.09634355399993, 46.916489976000037 ], [ -2.102162238999938, 46.930650132000039 ], [ -2.087473110999952, 46.941229559000078 ], [ -2.049224412999934, 46.957464911000045 ], [ -2.037017381999931, 46.972560940000051 ], [ -2.02017167899993, 47.008612372000073 ], [ -2.008290167999917, 47.026353257000039 ], [ -1.990712042999917, 47.035386460000041 ], [ -1.992583787999934, 47.052313544000071 ], [ -2.003773566999939, 47.070013739000046 ], [ -2.014556443999936, 47.081610419000071 ], [ -2.030018683999913, 47.09210846600007 ], [ -2.09015865799995, 47.115179755000042 ], [ -2.205474412999934, 47.129095770000049 ], [ -2.241118943999936, 47.142482815000051 ], [ -2.227853969999956, 47.148627020000049 ], [ -2.21703040299991, 47.155503648000035 ], [ -2.20539303299995, 47.161200262000079 ], [ -2.172840949999909, 47.16437409100007 ], [ -2.165191209999932, 47.167873440000051 ], [ -2.162098761999914, 47.176011460000041 ], [ -2.159087693999936, 47.19086334800005 ], [ -2.158680792999917, 47.204494533000059 ], [ -2.169300910999937, 47.22016022300005 ], [ -2.17210852799991, 47.235256252000056 ], [ -2.170887824999909, 47.246323960000041 ], [ -2.166981574999909, 47.25922272300005 ], [ -2.160552537999934, 47.271185614000046 ], [ -2.151682094999956, 47.279689846000053 ], [ -2.127674933999913, 47.286810614000046 ], [ -2.035633917999917, 47.29328034100007 ], [ -2.028716600999928, 47.296942450000074 ], [ -2.021962042999917, 47.299261786000045 ], [ -2.014556443999936, 47.300116278000075 ], [ -2.006581183999913, 47.29328034100007 ], [ -1.999134894999941, 47.288560289000088 ], [ -1.947865363999938, 47.279364325000074 ], [ -1.932484503999945, 47.279689846000053 ], [ -1.939361131999931, 47.286444403000075 ], [ -1.927805141999954, 47.286322333000044 ], [ -1.917062954999949, 47.284165757000039 ], [ -1.907338019999941, 47.27993398600006 ], [ -1.898426886999914, 47.273423570000034 ], [ -1.918853318999936, 47.273423570000034 ], [ -1.918853318999936, 47.266017971000053 ], [ -1.877837693999936, 47.245510158000059 ], [ -1.83625240799995, 47.239935614000046 ], [ -1.826079881999931, 47.235256252000056 ], [ -1.803944464999915, 47.218980210000041 ], [ -1.780995245999918, 47.211981512000079 ], [ -1.727040167999917, 47.210760809000078 ], [ -1.747222459999932, 47.219916083000044 ], [ -1.788238084999932, 47.225572007000039 ], [ -1.805653449999909, 47.235256252000056 ], [ -1.835926886999914, 47.259751695000034 ], [ -1.871164516999954, 47.279689846000053 ], [ -1.905629035999937, 47.293931382000039 ], [ -1.925689256999931, 47.298488674000055 ], [ -1.949289516999954, 47.300116278000075 ], [ -1.958159959999932, 47.302394924000055 ], [ -1.972157355999911, 47.312160549000055 ], [ -2.010121222999942, 47.319728908000059 ], [ -2.148101365999935, 47.313218492000033 ], [ -2.179554816999939, 47.300116278000075 ], [ -2.186594204999949, 47.292710679000038 ], [ -2.190581834999932, 47.286200262000079 ], [ -2.19595292899993, 47.27993398600006 ], [ -2.206288214999915, 47.273423570000034 ], [ -2.236073370999918, 47.267482815000051 ], [ -2.259429490999935, 47.251613674000055 ], [ -2.278391079999949, 47.24640534100007 ], [ -2.298085089999915, 47.246649481000077 ], [ -2.316070115999935, 47.251654364000046 ], [ -2.330962693999936, 47.260809637000079 ], [ -2.355336066999939, 47.280096747000073 ], [ -2.37140865799995, 47.286444403000075 ], [ -2.388091600999928, 47.287909247000073 ], [ -2.397450324999909, 47.287583726000037 ], [ -2.404896613999938, 47.286444403000075 ], [ -2.412831183999913, 47.281724351000037 ], [ -2.416574673999946, 47.274969794000071 ], [ -2.418120897999927, 47.268866278000075 ], [ -2.419178839999915, 47.266017971000053 ], [ -2.448394334999932, 47.266587632000039 ], [ -2.541981574999909, 47.300116278000075 ], [ -2.541981574999909, 47.30695221600007 ], [ -2.519032355999911, 47.304632880000042 ], [ -2.476063605999911, 47.290676174000055 ], [ -2.45335852799991, 47.29328034100007 ], [ -2.43618730399993, 47.307033596000053 ], [ -2.445383266999954, 47.320379950000074 ], [ -2.465443488999938, 47.333807684000078 ], [ -2.480620897999927, 47.347886460000041 ], [ -2.487945115999935, 47.345404364000046 ], [ -2.491281704999949, 47.343898830000057 ], [ -2.494252081999946, 47.341742255000042 ], [ -2.489369269999941, 47.334418036000045 ], [ -2.48892167899993, 47.33038971600007 ], [ -2.494252081999946, 47.32062409100007 ], [ -2.501698370999918, 47.32062409100007 ], [ -2.503325975999928, 47.349595445000034 ], [ -2.514800584999932, 47.364935614000046 ], [ -2.556385870999918, 47.383246161000045 ], [ -2.47679602799991, 47.415676174000055 ], [ -2.466135219999956, 47.415228583000044 ], [ -2.455799933999913, 47.412176825000074 ], [ -2.439035610999952, 47.409979559000078 ], [ -2.441029425999943, 47.404445705000057 ], [ -2.442209438999953, 47.404364325000074 ], [ -2.446400519999941, 47.402533270000049 ], [ -2.439035610999952, 47.396307684000078 ], [ -2.429432745999918, 47.403876044000071 ], [ -2.395008917999917, 47.416978257000039 ], [ -2.391835089999915, 47.423651434000078 ], [ -2.407134568999936, 47.425726630000042 ], [ -2.431752081999946, 47.426174221000053 ], [ -2.448150193999936, 47.430609442000048 ], [ -2.439035610999952, 47.44476959800005 ], [ -2.45531165299991, 47.452215887000079 ], [ -2.476185675999943, 47.45376211100006 ], [ -2.48892167899993, 47.459173895000049 ], [ -2.480620897999927, 47.478216864000046 ], [ -2.494740363999938, 47.491197007000039 ], [ -2.483631964999915, 47.497951565000051 ], [ -2.421213344999956, 47.500230210000041 ], [ -2.384673631999931, 47.507147528000075 ], [ -2.36392167899993, 47.50617096600007 ], [ -2.380116339999915, 47.50922272300005 ], [ -2.407053188999953, 47.506048895000049 ], [ -2.425363735999952, 47.50617096600007 ], [ -2.501698370999918, 47.526678778000075 ], [ -2.517486131999931, 47.528387762000079 ], [ -2.530506964999915, 47.527248440000051 ], [ -2.563221808999913, 47.51984284100007 ], [ -2.600697394999941, 47.51984284100007 ], [ -2.609852667999917, 47.517726955000057 ], [ -2.615589972999942, 47.514146226000037 ], [ -2.621693488999938, 47.513413804000038 ], [ -2.631988084999932, 47.51984284100007 ], [ -2.616932745999918, 47.521714585000041 ], [ -2.599354620999918, 47.529120184000078 ], [ -2.584462042999917, 47.54047272300005 ], [ -2.57681230399993, 47.553941148000035 ], [ -2.592274542999917, 47.543646552000041 ], [ -2.606434699999909, 47.542059637000079 ], [ -2.621205206999946, 47.543036200000074 ], [ -2.638254360999952, 47.540269273000035 ], [ -2.630116339999915, 47.539129950000074 ], [ -2.623931443999936, 47.537176825000074 ], [ -2.619943813999953, 47.533392645000049 ], [ -2.617787238999938, 47.526678778000075 ], [ -2.643055792999917, 47.526434637000079 ], [ -2.654774542999917, 47.528306382000039 ], [ -2.665516730999911, 47.53351471600007 ], [ -2.667103644999941, 47.509588934000078 ], [ -2.680734829999949, 47.50421784100007 ], [ -2.714019334999932, 47.512396552000041 ], [ -2.73070227799991, 47.511623440000051 ], [ -2.782785610999952, 47.499416408000059 ], [ -2.802154100999928, 47.498114325000074 ], [ -2.817128058999913, 47.499212958000044 ], [ -2.830189581999946, 47.503607489000046 ], [ -2.843658006999931, 47.512396552000041 ], [ -2.845692511999914, 47.516180731000077 ], [ -2.861073370999918, 47.535834052000041 ], [ -2.864816860999952, 47.536851304000038 ], [ -2.868967251999948, 47.542181708000044 ], [ -2.878529425999943, 47.545314846000053 ], [ -2.889881964999915, 47.546616929000038 ], [ -2.892933722999942, 47.547674872000073 ], [ -2.891509568999936, 47.549058335000041 ], [ -2.892079230999911, 47.553941148000035 ], [ -2.909250454999949, 47.558417059000078 ], [ -2.892567511999914, 47.566595770000049 ], [ -2.865305141999954, 47.566636460000041 ], [ -2.850575324999909, 47.546535549000055 ], [ -2.843658006999931, 47.546535549000055 ], [ -2.83812415299991, 47.551825262000079 ], [ -2.832427537999934, 47.554022528000075 ], [ -2.825428839999915, 47.552476304000038 ], [ -2.816395636999914, 47.546535549000055 ], [ -2.815297003999945, 47.552964585000041 ], [ -2.809559699999909, 47.567613023000035 ], [ -2.794016079999949, 47.555121161000045 ], [ -2.768666144999941, 47.549546617000033 ], [ -2.741444464999915, 47.551336981000077 ], [ -2.720204230999911, 47.560777085000041 ], [ -2.727650519999941, 47.567613023000035 ], [ -2.688628709999932, 47.604396877000056 ], [ -2.683990037999934, 47.622992255000042 ], [ -2.706532355999911, 47.642726955000057 ], [ -2.706532355999911, 47.636542059000078 ], [ -2.696929490999935, 47.629787502000056 ], [ -2.69562740799995, 47.62335846600007 ], [ -2.701568162999934, 47.618353583000044 ], [ -2.714019334999932, 47.616034247000073 ], [ -2.699777798999946, 47.609198309000078 ], [ -2.704253709999932, 47.604437567000048 ], [ -2.708607550999943, 47.602280992000033 ], [ -2.720204230999911, 47.601752020000049 ], [ -2.725331183999913, 47.607367255000042 ], [ -2.775380011999914, 47.629095770000049 ], [ -2.754465298999946, 47.627020575000074 ], [ -2.734486456999946, 47.622259833000044 ], [ -2.74632727799991, 47.633856512000079 ], [ -2.758208787999934, 47.639064846000053 ], [ -2.789133266999954, 47.642726955000057 ], [ -2.775380011999914, 47.636542059000078 ], [ -2.796050584999932, 47.629868882000039 ], [ -2.847727016999954, 47.626166083000044 ], [ -2.857980923999946, 47.619126695000034 ], [ -2.866769985999952, 47.607163804000038 ], [ -2.886382615999935, 47.60101959800005 ], [ -2.919422980999911, 47.595526434000078 ], [ -2.919422980999911, 47.601752020000049 ], [ -2.912668423999946, 47.601752020000049 ], [ -2.912668423999946, 47.609198309000078 ], [ -2.925689256999931, 47.607652085000041 ], [ -2.928822394999941, 47.606024481000077 ], [ -2.933094855999911, 47.601752020000049 ], [ -2.939930792999917, 47.601752020000049 ], [ -2.943755662999934, 47.613959052000041 ], [ -2.944813605999911, 47.624090887000079 ], [ -2.94163977799991, 47.631822007000039 ], [ -2.933094855999911, 47.636542059000078 ], [ -2.94749915299991, 47.636908270000049 ], [ -2.957997199999909, 47.642157294000071 ], [ -2.964588995999918, 47.651434637000079 ], [ -2.967193162999934, 47.663804429000038 ], [ -2.974680141999954, 47.663804429000038 ], [ -2.97329667899993, 47.655991929000038 ], [ -2.968576626999948, 47.643500067000048 ], [ -2.967193162999934, 47.636542059000078 ], [ -2.967193162999934, 47.612616278000075 ], [ -2.963612433999913, 47.602606512000079 ], [ -2.954701300999943, 47.591538804000038 ], [ -2.943511522999927, 47.58148834800005 ], [ -2.933094855999911, 47.574448960000041 ], [ -2.935617641999954, 47.567572333000044 ], [ -2.937245245999918, 47.564683335000041 ], [ -2.939930792999917, 47.560777085000041 ], [ -2.942616339999915, 47.564398505000042 ], [ -2.952951626999948, 47.574448960000041 ], [ -2.961293097999942, 47.570542710000041 ], [ -2.970285610999952, 47.576971747000073 ], [ -2.980946417999917, 47.58734772300005 ], [ -2.994496222999942, 47.595526434000078 ], [ -2.98859615799995, 47.582261460000041 ], [ -2.994211391999954, 47.576076565000051 ], [ -3.003407355999911, 47.578680731000077 ], [ -3.008168097999942, 47.591782945000034 ], [ -3.011789516999954, 47.607163804000038 ], [ -3.01821855399993, 47.605658270000049 ], [ -3.02171790299991, 47.594549872000073 ], [ -3.015695766999954, 47.581244208000044 ], [ -3.02993730399993, 47.581935940000051 ], [ -3.03579667899993, 47.583319403000075 ], [ -3.042388475999928, 47.588080145000049 ], [ -3.073841925999943, 47.57648346600007 ], [ -3.089751756999931, 47.575506903000075 ], [ -3.10374915299991, 47.581244208000044 ], [ -3.097320115999935, 47.584051825000074 ], [ -3.090728318999936, 47.588080145000049 ], [ -3.100453253999945, 47.594183661000045 ], [ -3.112049933999913, 47.599188544000071 ], [ -3.12328040299991, 47.598781643000052 ], [ -3.131703253999945, 47.588080145000049 ], [ -3.12718665299991, 47.586615302000041 ], [ -3.122954881999931, 47.583238023000035 ], [ -3.118031378999945, 47.581244208000044 ], [ -3.128895636999914, 47.547593492000033 ], [ -3.12328040299991, 47.51898834800005 ], [ -3.106760219999956, 47.495794989000046 ], [ -3.084543423999946, 47.478216864000046 ], [ -3.098133917999917, 47.478705145000049 ], [ -3.119130011999914, 47.482611395000049 ], [ -3.125477667999917, 47.478216864000046 ], [ -3.131703253999945, 47.478216864000046 ], [ -3.143788214999915, 47.507025458000044 ], [ -3.145375128999945, 47.516099351000037 ], [ -3.14321855399993, 47.527044989000046 ], [ -3.133859829999949, 47.543931382000039 ], [ -3.131703253999945, 47.557440497000073 ], [ -3.134185350999928, 47.580755927000041 ], [ -3.141184048999946, 47.598049221000053 ], [ -3.152170376999948, 47.611232815000051 ], [ -3.166493292999917, 47.622259833000044 ], [ -3.17601477799991, 47.626369533000059 ], [ -3.187245245999918, 47.629584052000041 ], [ -3.196685350999928, 47.633490302000041 ], [ -3.200591600999928, 47.639593817000048 ], [ -3.198394334999932, 47.652573960000041 ], [ -3.186350063999953, 47.680609442000048 ], [ -3.111195441999939, 47.704169012000079 ], [ -3.115061001999948, 47.709418036000045 ], [ -3.117176886999914, 47.715033270000049 ], [ -3.118031378999945, 47.722154039000088 ], [ -3.118031378999945, 47.732123114000046 ], [ -3.122792120999918, 47.72992584800005 ], [ -3.134510870999918, 47.726792710000041 ], [ -3.139149542999917, 47.724676825000074 ], [ -3.139759894999941, 47.745794989000046 ], [ -3.139149542999917, 47.75259023600006 ], [ -3.145375128999945, 47.75259023600006 ], [ -3.153187628999945, 47.742010809000078 ], [ -3.163929816999939, 47.743882554000038 ], [ -3.177357550999943, 47.748521226000037 ], [ -3.193186001999948, 47.74640534100007 ], [ -3.179188605999911, 47.742743231000077 ], [ -3.169667120999918, 47.735419012000079 ], [ -3.163319464999915, 47.724758205000057 ], [ -3.159087693999936, 47.711004950000074 ], [ -3.164051886999914, 47.710272528000075 ], [ -3.165028449999909, 47.709540106000077 ], [ -3.165028449999909, 47.707912502000056 ], [ -3.166493292999917, 47.704169012000079 ], [ -3.17837480399993, 47.710028387000079 ], [ -3.185373501999948, 47.706366278000075 ], [ -3.193226691999939, 47.699937242000033 ], [ -3.207386847999942, 47.697333075000074 ], [ -3.203521287999934, 47.694322007000039 ], [ -3.193186001999948, 47.683742580000057 ], [ -3.207142706999946, 47.67914459800005 ], [ -3.211903449999909, 47.669826565000051 ], [ -3.21507727799991, 47.660589911000045 ], [ -3.224191860999952, 47.656398830000057 ], [ -3.231597459999932, 47.660345770000049 ], [ -3.262074347999942, 47.683742580000057 ], [ -3.287587042999917, 47.688666083000044 ], [ -3.331532355999911, 47.69672272300005 ], [ -3.358265753999945, 47.697333075000074 ], [ -3.340199347999942, 47.702297268000052 ], [ -3.322417772999927, 47.700995184000078 ], [ -3.282622850999928, 47.691148179000038 ], [ -3.282622850999928, 47.697333075000074 ], [ -3.298451300999943, 47.703843492000033 ], [ -3.316273566999939, 47.708075262000079 ], [ -3.358265753999945, 47.711004950000074 ], [ -3.358265753999945, 47.718451239000046 ], [ -3.349354620999918, 47.71906159100007 ], [ -3.345122850999928, 47.721258856000077 ], [ -3.34398352799991, 47.726263739000046 ], [ -3.34398352799991, 47.735541083000044 ], [ -3.340565558999913, 47.739488023000035 ], [ -3.323557094999956, 47.73773834800005 ], [ -3.317290818999936, 47.738959052000041 ], [ -3.304432745999918, 47.761135158000059 ], [ -3.295399542999917, 47.773016669000071 ], [ -3.282622850999928, 47.77993398600006 ], [ -3.282622850999928, 47.787339585000041 ], [ -3.304351365999935, 47.770086981000077 ], [ -3.331776495999918, 47.752508856000077 ], [ -3.362172003999945, 47.740423895000049 ], [ -3.383168097999942, 47.737046617000033 ], [ -3.375477667999917, 47.734035549000055 ], [ -3.369252081999946, 47.729803778000075 ], [ -3.364491339999915, 47.724676825000074 ], [ -3.364491339999915, 47.718451239000046 ], [ -3.446441209999932, 47.704575914000088 ], [ -3.460682745999918, 47.707586981000077 ], [ -3.464995897999927, 47.713039455000057 ], [ -3.494862433999913, 47.738959052000041 ], [ -3.509185350999928, 47.759426174000055 ], [ -3.520253058999913, 47.768133856000077 ], [ -3.524484829999949, 47.772447007000039 ], [ -3.528309699999909, 47.77993398600006 ], [ -3.53929602799991, 47.77374909100007 ], [ -3.555653449999909, 47.773993231000077 ], [ -3.590972459999932, 47.77993398600006 ], [ -3.616851365999935, 47.779120184000078 ], [ -3.625152147999927, 47.77993398600006 ], [ -3.63304602799991, 47.783026434000078 ], [ -3.644398566999939, 47.791734117000033 ], [ -3.649037238999938, 47.79360586100006 ], [ -3.686919725999928, 47.792303778000075 ], [ -3.706166144999941, 47.796942450000074 ], [ -3.714588995999918, 47.810614325000074 ], [ -3.723215298999946, 47.813381252000056 ], [ -3.775380011999914, 47.79360586100006 ], [ -3.789906378999945, 47.803208726000037 ], [ -3.81118730399993, 47.802923895000049 ], [ -3.833566860999952, 47.799750067000048 ], [ -3.851714647999927, 47.801011460000041 ], [ -3.853098110999952, 47.804348049000055 ], [ -3.872222459999932, 47.828314520000049 ], [ -3.87922115799995, 47.833563544000071 ], [ -3.886463995999918, 47.837469794000071 ], [ -3.889963344999956, 47.843451239000046 ], [ -3.885853644999941, 47.855047919000071 ], [ -3.894520636999914, 47.855292059000078 ], [ -3.900786912999934, 47.857123114000046 ], [ -3.913197394999941, 47.862453518000052 ], [ -3.91633053299995, 47.87335846600007 ], [ -3.935129360999952, 47.887884833000044 ], [ -3.961822068999936, 47.899969794000071 ], [ -3.988270636999914, 47.903469143000052 ], [ -3.979237433999913, 47.883002020000049 ], [ -3.986480272999927, 47.867905992000033 ], [ -4.008900519999941, 47.851263739000046 ], [ -4.029204881999931, 47.855047919000071 ], [ -4.019154425999943, 47.854478257000039 ], [ -4.011219855999911, 47.855943101000037 ], [ -4.005441860999952, 47.860500393000052 ], [ -4.001942511999914, 47.869289455000057 ], [ -4.014068162999934, 47.866278387000079 ], [ -4.024037238999938, 47.865952867000033 ], [ -4.03156490799995, 47.863714911000045 ], [ -4.036691860999952, 47.855047919000071 ], [ -4.064930792999917, 47.870794989000046 ], [ -4.078236456999946, 47.874416408000059 ], [ -4.09439042899993, 47.875474351000037 ], [ -4.106556769999941, 47.880113023000035 ], [ -4.119292772999927, 47.891913153000075 ], [ -4.12913977799991, 47.907619533000059 ], [ -4.132191535999937, 47.923895575000074 ], [ -4.142730272999927, 47.912014065000051 ], [ -4.136830206999946, 47.896918036000045 ], [ -4.12336178299995, 47.883246161000045 ], [ -4.111195441999939, 47.875474351000037 ], [ -4.111195441999939, 47.869289455000057 ], [ -4.123768683999913, 47.86859772300005 ], [ -4.133615688999953, 47.866197007000039 ], [ -4.142648891999954, 47.861761786000045 ], [ -4.152740037999934, 47.855047919000071 ], [ -4.171620245999918, 47.877020575000074 ], [ -4.185617641999954, 47.874416408000059 ], [ -4.188465949999909, 47.862127997000073 ], [ -4.173898891999954, 47.855047919000071 ], [ -4.176665818999936, 47.851263739000046 ], [ -4.180043097999942, 47.848211981000077 ], [ -4.180043097999942, 47.841986395000049 ], [ -4.152740037999934, 47.841986395000049 ], [ -4.152740037999934, 47.834458726000037 ], [ -4.185210740999935, 47.813381252000056 ], [ -4.200550910999937, 47.807196356000077 ], [ -4.225168423999946, 47.802435614000046 ], [ -4.371815558999913, 47.807196356000077 ], [ -4.371245897999927, 47.81476471600007 ], [ -4.373443162999934, 47.828680731000077 ], [ -4.371815558999913, 47.834458726000037 ], [ -4.36546790299991, 47.837103583000044 ], [ -4.356068488999938, 47.837062893000052 ], [ -4.347645636999914, 47.838324286000045 ], [ -4.343861456999946, 47.845119533000059 ], [ -4.347320115999935, 47.862941799000055 ], [ -4.362212693999936, 47.888576565000051 ], [ -4.371978318999936, 47.915838934000078 ], [ -4.38695227799991, 47.934068101000037 ], [ -4.434641079999949, 47.975653387000079 ], [ -4.523264126999948, 48.022691148000035 ], [ -4.533273891999954, 48.026312567000048 ], [ -4.546701626999948, 48.020738023000035 ], [ -4.558990037999934, 48.010687567000048 ], [ -4.572010870999918, 48.005926825000074 ], [ -4.601958787999934, 48.025580145000049 ], [ -4.619211391999954, 48.02765534100007 ], [ -4.65298417899993, 48.026312567000048 ], [ -4.728138800999943, 48.040594794000071 ], [ -4.721506313999953, 48.044134833000044 ], [ -4.716460740999935, 48.05023834800005 ], [ -4.712269660999937, 48.056586005000042 ], [ -4.706206834999932, 48.06391022300005 ], [ -4.705555792999917, 48.067450262000079 ], [ -4.704253709999932, 48.071234442000048 ], [ -4.700795050999943, 48.074774481000077 ], [ -4.697417772999927, 48.074896552000041 ], [ -4.689523891999954, 48.068833726000037 ], [ -4.683705206999946, 48.067328192000048 ], [ -4.361927863999938, 48.115708726000037 ], [ -4.304758266999954, 48.104071356000077 ], [ -4.289906378999945, 48.108221747000073 ], [ -4.28538977799991, 48.115383205000057 ], [ -4.27570553299995, 48.143622137000079 ], [ -4.280181443999936, 48.15493398600006 ], [ -4.294341600999928, 48.167059637000079 ], [ -4.297352667999917, 48.174058335000041 ], [ -4.302357550999943, 48.196356512000079 ], [ -4.315825975999928, 48.205511786000045 ], [ -4.358225063999953, 48.211859442000048 ], [ -4.366118943999936, 48.21515534100007 ], [ -4.372425910999937, 48.220038153000075 ], [ -4.376861131999931, 48.225978908000059 ], [ -4.379261847999942, 48.232367255000042 ], [ -4.404367641999954, 48.226141669000071 ], [ -4.457630988999938, 48.248968817000048 ], [ -4.485463019999941, 48.242621161000045 ], [ -4.499989386999914, 48.22492096600007 ], [ -4.51398678299995, 48.202093817000048 ], [ -4.531646287999934, 48.183091539000088 ], [ -4.557484503999945, 48.17719147300005 ], [ -4.548736131999931, 48.198431708000044 ], [ -4.543771938999953, 48.205064195000034 ], [ -4.555043097999942, 48.216538804000038 ], [ -4.56118730399993, 48.225043036000045 ], [ -4.563628709999932, 48.232367255000042 ], [ -4.558664516999954, 48.244208075000074 ], [ -4.550933397999927, 48.248602606000077 ], [ -4.54718990799995, 48.25259023600006 ], [ -4.554066535999937, 48.262762762000079 ], [ -4.566273566999939, 48.264878648000035 ], [ -4.626332160999937, 48.266546942000048 ], [ -4.62368730399993, 48.277044989000046 ], [ -4.626332160999937, 48.287054755000042 ], [ -4.615386522999927, 48.291083075000074 ], [ -4.607085740999935, 48.290594794000071 ], [ -4.598784959999932, 48.288397528000075 ], [ -4.587880011999914, 48.287054755000042 ], [ -4.575184699999909, 48.290025132000039 ], [ -4.57290605399993, 48.296820380000042 ], [ -4.575510219999956, 48.303859768000052 ], [ -4.577259894999941, 48.307521877000056 ], [ -4.559478318999936, 48.338690497000073 ], [ -4.546701626999948, 48.346828518000052 ], [ -4.530140753999945, 48.341620184000078 ], [ -4.54320227799991, 48.304673570000034 ], [ -4.515533006999931, 48.295843817000048 ], [ -4.426503058999913, 48.300034898000035 ], [ -4.416371222999942, 48.296616929000038 ], [ -4.409657355999911, 48.292303778000075 ], [ -4.401966925999943, 48.288560289000088 ], [ -4.38898678299995, 48.287054755000042 ], [ -4.376861131999931, 48.287787177000041 ], [ -4.329701300999943, 48.297023830000057 ], [ -4.262603318999936, 48.300034898000035 ], [ -4.268950975999928, 48.295843817000048 ], [ -4.275217251999948, 48.294012762000079 ], [ -4.289906378999945, 48.293850002000056 ], [ -4.269357876999948, 48.288397528000075 ], [ -4.187489386999914, 48.300034898000035 ], [ -4.187489386999914, 48.307521877000056 ], [ -4.218820766999954, 48.306057033000059 ], [ -4.230539516999954, 48.309881903000075 ], [ -4.234730597999942, 48.32172272300005 ], [ -4.243967251999948, 48.31391022300005 ], [ -4.257720506999931, 48.311346747000073 ], [ -4.27017167899993, 48.314683335000041 ], [ -4.27570553299995, 48.32485586100006 ], [ -4.281971808999913, 48.32367584800005 ], [ -4.324696417999917, 48.32172272300005 ], [ -4.316314256999931, 48.330796617000033 ], [ -4.312082485999952, 48.333075262000079 ], [ -4.303618943999936, 48.33539459800005 ], [ -4.303130662999934, 48.339585679000038 ], [ -4.298491990999935, 48.343817450000074 ], [ -4.288685675999943, 48.348537502000056 ], [ -4.269398566999939, 48.36273834800005 ], [ -4.286284959999932, 48.362534898000035 ], [ -4.308990037999934, 48.351548570000034 ], [ -4.324696417999917, 48.348456122000073 ], [ -4.324696417999917, 48.355292059000078 ], [ -4.317290818999936, 48.355292059000078 ], [ -4.317290818999936, 48.36273834800005 ], [ -4.324696417999917, 48.36273834800005 ], [ -4.327788865999935, 48.357855536000045 ], [ -4.334055141999954, 48.352728583000044 ], [ -4.337717251999948, 48.348456122000073 ], [ -4.352609829999949, 48.352728583000044 ], [ -4.384185350999928, 48.338120835000041 ], [ -4.406605597999942, 48.33539459800005 ], [ -4.403797980999911, 48.339178778000075 ], [ -4.402821417999917, 48.339585679000038 ], [ -4.399159308999913, 48.341620184000078 ], [ -4.406605597999942, 48.348456122000073 ], [ -4.415028449999909, 48.342922268000052 ], [ -4.426503058999913, 48.338853257000039 ], [ -4.439930792999917, 48.336371161000045 ], [ -4.453724738999938, 48.33539459800005 ], [ -4.453724738999938, 48.341620184000078 ], [ -4.396595831999946, 48.387762762000079 ], [ -4.385568813999953, 48.393744208000044 ], [ -4.289906378999945, 48.431586005000042 ], [ -4.307728644999941, 48.42804596600007 ], [ -4.339019334999932, 48.416083075000074 ], [ -4.358957485999952, 48.411118882000039 ], [ -4.426503058999913, 48.403713283000059 ], [ -4.457508917999917, 48.39484284100007 ], [ -4.520619269999941, 48.368312893000052 ], [ -4.569569464999915, 48.360296942000048 ], [ -4.599354620999918, 48.350165106000077 ], [ -4.618885870999918, 48.348456122000073 ], [ -4.636341925999943, 48.351141669000071 ], [ -4.671131964999915, 48.360581773000035 ], [ -4.690541144999941, 48.36273834800005 ], [ -4.694081183999913, 48.359442450000074 ], [ -4.694081183999913, 48.35219961100006 ], [ -4.695668097999942, 48.344956773000035 ], [ -4.704497850999928, 48.341620184000078 ], [ -4.754994269999941, 48.341986395000049 ], [ -4.768381313999953, 48.345404364000046 ], [ -4.777170376999948, 48.355617580000057 ], [ -4.783355272999927, 48.37641022300005 ], [ -4.764759894999941, 48.377630927000041 ], [ -4.766346808999913, 48.390448309000078 ], [ -4.783355272999927, 48.417385158000059 ], [ -4.784901495999918, 48.43618398600006 ], [ -4.779855923999946, 48.454901434000078 ], [ -4.768055792999917, 48.468654690000051 ], [ -4.749256964999915, 48.472601630000042 ], [ -4.749256964999915, 48.47882721600007 ], [ -4.774647589999915, 48.491278387000079 ], [ -4.764556443999936, 48.520209052000041 ], [ -4.739898240999935, 48.550726630000042 ], [ -4.721994594999956, 48.568182684000078 ], [ -4.71157792899993, 48.563666083000044 ], [ -4.700795050999943, 48.560736395000049 ], [ -4.708241339999915, 48.568182684000078 ], [ -4.692290818999936, 48.575506903000075 ], [ -4.673451300999943, 48.579575914000088 ], [ -4.642486131999931, 48.581854559000078 ], [ -4.623036261999914, 48.578192450000074 ], [ -4.589833136999914, 48.565741278000075 ], [ -4.577259894999941, 48.568182684000078 ], [ -4.600493943999936, 48.589341539000088 ], [ -4.60773678299995, 48.603013414000088 ], [ -4.594634568999936, 48.609116929000038 ], [ -4.548817511999914, 48.601223049000055 ], [ -4.530140753999945, 48.601711330000057 ], [ -4.557484503999945, 48.609116929000038 ], [ -4.554432745999918, 48.613226630000042 ], [ -4.552601691999939, 48.616522528000075 ], [ -4.554798956999946, 48.619696356000077 ], [ -4.563628709999932, 48.623439846000053 ], [ -4.563628709999932, 48.629624742000033 ], [ -4.485463019999941, 48.629624742000033 ], [ -4.462880011999914, 48.632310289000088 ], [ -4.429798956999946, 48.642808335000041 ], [ -4.406605597999942, 48.643255927000041 ], [ -4.420399542999917, 48.648871161000045 ], [ -4.426503058999913, 48.650091864000046 ], [ -4.426503058999913, 48.657538153000075 ], [ -4.398060675999943, 48.660956122000073 ], [ -4.370228644999941, 48.671820380000042 ], [ -4.343251105999911, 48.678859768000052 ], [ -4.317290818999936, 48.67804596600007 ], [ -4.29914303299995, 48.663641669000071 ], [ -4.306507941999939, 48.641546942000048 ], [ -4.283111131999931, 48.643255927000041 ], [ -4.25259355399993, 48.655462958000044 ], [ -4.242054816999939, 48.657538153000075 ], [ -4.229807094999956, 48.655951239000046 ], [ -4.207142706999946, 48.649969794000071 ], [ -4.193755662999934, 48.650091864000046 ], [ -4.193755662999934, 48.657538153000075 ], [ -4.213002081999946, 48.661200262000079 ], [ -4.207753058999913, 48.671372789000088 ], [ -4.190581834999932, 48.68305084800005 ], [ -4.173898891999954, 48.691107489000046 ], [ -4.154652472999942, 48.696234442000048 ], [ -4.131459113999938, 48.699164130000042 ], [ -4.108713344999956, 48.698146877000056 ], [ -4.090687628999945, 48.691107489000046 ], [ -4.084787563999953, 48.697170315000051 ], [ -4.079253709999932, 48.696926174000055 ], [ -4.074330206999946, 48.692287502000056 ], [ -4.070220506999931, 48.684881903000075 ], [ -4.064035610999952, 48.684881903000075 ], [ -4.057362433999913, 48.689601955000057 ], [ -4.053293423999946, 48.695542710000041 ], [ -4.052642381999931, 48.703070380000042 ], [ -4.056548631999931, 48.712144273000035 ], [ -4.042713995999918, 48.713934637000079 ], [ -4.030506964999915, 48.717027085000041 ], [ -4.009348110999952, 48.725816148000035 ], [ -3.973988410999937, 48.732814846000053 ], [ -3.967762824999909, 48.729559637000079 ], [ -3.970285610999952, 48.720038153000075 ], [ -3.973866339999915, 48.712795315000051 ], [ -3.972727016999954, 48.707709052000041 ], [ -3.961008266999954, 48.704738674000055 ], [ -3.961008266999954, 48.698553778000075 ], [ -3.967762824999909, 48.698553778000075 ], [ -3.967762824999909, 48.691107489000046 ], [ -3.957753058999913, 48.686835028000075 ], [ -3.951039191999939, 48.679388739000046 ], [ -3.94953365799995, 48.669338283000059 ], [ -3.954741990999935, 48.657538153000075 ], [ -3.926584438999953, 48.676174221000053 ], [ -3.911936001999948, 48.681219794000071 ], [ -3.891997850999928, 48.67804596600007 ], [ -3.901966925999943, 48.672023830000057 ], [ -3.906320766999954, 48.670599677000041 ], [ -3.906320766999954, 48.66437409100007 ], [ -3.894195115999935, 48.653550523000035 ], [ -3.864654100999928, 48.641017971000053 ], [ -3.851714647999927, 48.629624742000033 ], [ -3.844309048999946, 48.636460679000038 ], [ -3.851714647999927, 48.643255927000041 ], [ -3.844309048999946, 48.650091864000046 ], [ -3.848947719999956, 48.656317450000074 ], [ -3.852447068999936, 48.664536851000037 ], [ -3.857899542999917, 48.684881903000075 ], [ -3.851714647999927, 48.684881903000075 ], [ -3.848500128999945, 48.679022528000075 ], [ -3.845448370999918, 48.676011460000041 ], [ -3.837473110999952, 48.670599677000041 ], [ -3.84007727799991, 48.688055731000077 ], [ -3.837147589999915, 48.707261460000041 ], [ -3.829253709999932, 48.718451239000046 ], [ -3.816965298999946, 48.712144273000035 ], [ -3.812652147999927, 48.716742255000042 ], [ -3.810454881999931, 48.721502997000073 ], [ -3.809803839999915, 48.726955471000053 ], [ -3.810129360999952, 48.733221747000073 ], [ -3.79710852799991, 48.721177476000037 ], [ -3.778431769999941, 48.717352606000077 ], [ -3.731922980999911, 48.718980210000041 ], [ -3.720855272999927, 48.716009833000044 ], [ -3.697865363999938, 48.702337958000044 ], [ -3.686634894999941, 48.698553778000075 ], [ -3.673817511999914, 48.698228257000039 ], [ -3.638172980999911, 48.704738674000055 ], [ -3.638539191999939, 48.68781159100007 ], [ -3.614003058999913, 48.682684637000079 ], [ -3.584787563999953, 48.682806708000044 ], [ -3.57054602799991, 48.687974351000037 ], [ -3.580474412999934, 48.711086330000057 ], [ -3.584543423999946, 48.726385809000078 ], [ -3.580474412999934, 48.733221747000073 ], [ -3.528309699999909, 48.739488023000035 ], [ -3.542836066999939, 48.745672919000071 ], [ -3.577381964999915, 48.774237372000073 ], [ -3.581532355999911, 48.790594794000071 ], [ -3.571400519999941, 48.799058335000041 ], [ -3.542591925999943, 48.807806708000044 ], [ -3.520863410999937, 48.833644924000055 ], [ -3.515288865999935, 48.841945705000057 ], [ -3.509185350999928, 48.841945705000057 ], [ -3.499826626999948, 48.836981512000079 ], [ -3.468129035999937, 48.835679429000038 ], [ -3.433583136999914, 48.822211005000042 ], [ -3.419748501999948, 48.821437893000052 ], [ -3.425404425999943, 48.818426825000074 ], [ -3.428089972999942, 48.815741278000075 ], [ -3.42992102799991, 48.812445380000042 ], [ -3.433338995999918, 48.807806708000044 ], [ -3.409901495999918, 48.806545315000051 ], [ -3.397613084999932, 48.807318427000041 ], [ -3.388742641999954, 48.81118398600006 ], [ -3.378651495999918, 48.819322007000039 ], [ -3.371815558999913, 48.822495835000041 ], [ -3.287464972999942, 48.843451239000046 ], [ -3.275786912999934, 48.849351304000038 ], [ -3.268950975999928, 48.849351304000038 ], [ -3.259510870999918, 48.847723700000074 ], [ -3.229725714999915, 48.872259833000044 ], [ -3.213612433999913, 48.869818427000041 ], [ -3.207142706999946, 48.855414130000042 ], [ -3.207753058999913, 48.835923570000034 ], [ -3.214955206999946, 48.817857164000088 ], [ -3.227894660999937, 48.807806708000044 ], [ -3.22679602799991, 48.803290106000077 ], [ -3.225575324999909, 48.800482489000046 ], [ -3.220529751999948, 48.794134833000044 ], [ -3.216867641999954, 48.806789455000057 ], [ -3.208729620999918, 48.816351630000042 ], [ -3.178822394999941, 48.841009833000044 ], [ -3.154204881999931, 48.85492584800005 ], [ -3.145375128999945, 48.862372137000079 ], [ -3.13499915299991, 48.859198309000078 ], [ -3.116444464999915, 48.874090887000079 ], [ -3.10374915299991, 48.876654364000046 ], [ -3.091460740999935, 48.871283270000049 ], [ -3.084339972999942, 48.862209377000056 ], [ -3.083729620999918, 48.851711330000057 ], [ -3.090728318999936, 48.841945705000057 ], [ -3.090728318999936, 48.835679429000038 ], [ -3.077056443999936, 48.828273830000057 ], [ -3.08462480399993, 48.820135809000078 ], [ -3.097523566999939, 48.794134833000044 ], [ -3.104074673999946, 48.786200262000079 ], [ -3.125477667999917, 48.767401434000078 ], [ -3.125477667999917, 48.759955145000049 ], [ -3.118031378999945, 48.759955145000049 ], [ -3.085031704999949, 48.80499909100007 ], [ -3.065500454999949, 48.823960679000038 ], [ -3.049183722999942, 48.821437893000052 ], [ -3.03929602799991, 48.826971747000073 ], [ -3.028716600999928, 48.828802802000041 ], [ -3.01821855399993, 48.826971747000073 ], [ -3.008168097999942, 48.821437893000052 ], [ -3.015695766999954, 48.814601955000057 ], [ -3.011789516999954, 48.813666083000044 ], [ -3.009388800999943, 48.813706773000035 ], [ -3.008371548999946, 48.812486070000034 ], [ -3.008168097999942, 48.807806708000044 ], [ -3.01781165299991, 48.805853583000044 ], [ -3.025502081999946, 48.802923895000049 ], [ -3.042388475999928, 48.794134833000044 ], [ -3.042388475999928, 48.787909247000073 ], [ -3.029286261999914, 48.780462958000044 ], [ -3.003651495999918, 48.773871161000045 ], [ -2.952951626999948, 48.772284247000073 ], [ -2.933094855999911, 48.767401434000078 ], [ -2.934437628999945, 48.759100653000075 ], [ -2.934396938999953, 48.753078518000052 ], [ -2.933094855999911, 48.746323960000041 ], [ -2.942738410999937, 48.740912177000041 ], [ -2.946685350999928, 48.739488023000035 ], [ -2.946685350999928, 48.733221747000073 ], [ -2.932036912999934, 48.726955471000053 ], [ -2.913970506999931, 48.716498114000046 ], [ -2.89867102799991, 48.704779364000046 ], [ -2.892079230999911, 48.69476959800005 ], [ -2.826975063999953, 48.657538153000075 ], [ -2.81704667899993, 48.627671617000033 ], [ -2.812977667999917, 48.619696356000077 ], [ -2.811431443999936, 48.614569403000075 ], [ -2.814361131999931, 48.609930731000077 ], [ -2.816395636999914, 48.60492584800005 ], [ -2.812977667999917, 48.598578192000048 ], [ -2.808013475999928, 48.595607815000051 ], [ -2.795033331999946, 48.59125397300005 ], [ -2.771066860999952, 48.579169012000079 ], [ -2.714019334999932, 48.560736395000049 ], [ -2.716949022999927, 48.551703192000048 ], [ -2.72101803299995, 48.544623114000046 ], [ -2.726673956999946, 48.538967190000051 ], [ -2.734486456999946, 48.534002997000073 ], [ -2.722727016999954, 48.533636786000045 ], [ -2.71312415299991, 48.530096747000073 ], [ -2.704701300999943, 48.524155992000033 ], [ -2.696278449999909, 48.516669012000079 ], [ -2.682362433999913, 48.509019273000035 ], [ -2.679676886999914, 48.518377997000073 ], [ -2.680246548999946, 48.532782294000071 ], [ -2.676136847999942, 48.540228583000044 ], [ -2.636341925999943, 48.538804429000038 ], [ -2.620025193999936, 48.54360586100006 ], [ -2.600697394999941, 48.557603257000039 ], [ -2.577056443999936, 48.582464911000045 ], [ -2.569406704999949, 48.588690497000073 ], [ -2.55882727799991, 48.594142971000053 ], [ -2.541086391999954, 48.598089911000045 ], [ -2.473622199999909, 48.625962632000039 ], [ -2.459543423999946, 48.636460679000038 ], [ -2.459543423999946, 48.643255927000041 ], [ -2.468006964999915, 48.643947658000059 ], [ -2.487456834999932, 48.650091864000046 ], [ -2.442860480999911, 48.659084377000056 ], [ -2.421050584999932, 48.656968492000033 ], [ -2.412261522999927, 48.643255927000041 ], [ -2.386219855999911, 48.650091864000046 ], [ -2.356068488999938, 48.663275458000044 ], [ -2.329986131999931, 48.680365302000041 ], [ -2.316070115999935, 48.698553778000075 ], [ -2.312489386999914, 48.68695709800005 ], [ -2.30532792899993, 48.679632880000042 ], [ -2.29523678299995, 48.676581122000073 ], [ -2.281971808999913, 48.67804596600007 ], [ -2.281971808999913, 48.670599677000041 ], [ -2.289418097999942, 48.666571356000077 ], [ -2.293771938999953, 48.661363023000035 ], [ -2.297474738999938, 48.65570709800005 ], [ -2.302398240999935, 48.650091864000046 ], [ -2.33031165299991, 48.629624742000033 ], [ -2.312652147999927, 48.620184637000079 ], [ -2.294016079999949, 48.628607489000046 ], [ -2.273589647999927, 48.642645575000074 ], [ -2.250965949999909, 48.650091864000046 ], [ -2.246205206999946, 48.644720770000049 ], [ -2.240712042999917, 48.621323960000041 ], [ -2.237294074999909, 48.615912177000041 ], [ -2.225941535999937, 48.612372137000079 ], [ -2.219227667999917, 48.603664455000057 ], [ -2.215687628999945, 48.59243398600006 ], [ -2.213693813999953, 48.581854559000078 ], [ -2.202788865999935, 48.585882880000042 ], [ -2.19554602799991, 48.593451239000046 ], [ -2.192128058999913, 48.603745835000041 ], [ -2.192616339999915, 48.615912177000041 ], [ -2.188384568999936, 48.601304429000038 ], [ -2.182972785999937, 48.588771877000056 ], [ -2.17406165299991, 48.582953192000048 ], [ -2.159087693999936, 48.588690497000073 ], [ -2.159087693999936, 48.595445054000038 ], [ -2.163197394999941, 48.596502997000073 ], [ -2.17210852799991, 48.601711330000057 ], [ -2.161040818999936, 48.613023179000038 ], [ -2.149322068999936, 48.618882554000038 ], [ -2.13703365799995, 48.617987372000073 ], [ -2.124338344999956, 48.609116929000038 ], [ -2.131255662999934, 48.615301825000074 ], [ -2.136626756999931, 48.622137762000079 ], [ -2.14484615799995, 48.636460679000038 ], [ -2.100209113999938, 48.646918036000045 ], [ -2.052357550999943, 48.650091864000046 ], [ -2.049794074999909, 48.645575262000079 ], [ -2.028716600999928, 48.619696356000077 ], [ -2.027088995999918, 48.608954169000071 ], [ -2.022043423999946, 48.598944403000075 ], [ -2.013254360999952, 48.591620184000078 ], [ -2.000884568999936, 48.588690497000073 ], [ -2.005116339999915, 48.578843492000033 ], [ -2.008290167999917, 48.575018622000073 ], [ -1.982492641999954, 48.548976955000057 ], [ -1.976389126999948, 48.535630601000037 ], [ -1.980295376999948, 48.513576565000051 ], [ -1.970448370999918, 48.520697333000044 ], [ -1.939361131999931, 48.534002997000073 ], [ -1.967274542999917, 48.547064520000049 ], [ -1.961903449999909, 48.554917710000041 ], [ -1.976633266999954, 48.572699286000045 ], [ -1.980295376999948, 48.588690497000073 ], [ -1.973500128999945, 48.588690497000073 ], [ -1.96939042899993, 48.584173895000049 ], [ -1.96515865799995, 48.581203518000052 ], [ -1.952951626999948, 48.575018622000073 ], [ -1.960357225999928, 48.586615302000041 ], [ -1.96939042899993, 48.592759507000039 ], [ -1.979807094999956, 48.595119533000059 ], [ -1.991118943999936, 48.595445054000038 ], [ -2.000477667999917, 48.601304429000038 ], [ -2.019032355999911, 48.631048895000049 ], [ -2.028716600999928, 48.643255927000041 ], [ -2.025542772999927, 48.651312567000048 ], [ -2.018137173999946, 48.660345770000049 ], [ -2.006581183999913, 48.667629299000055 ], [ -1.991118943999936, 48.670599677000041 ], [ -1.987700975999928, 48.673773505000042 ], [ -1.987700975999928, 48.680853583000044 ], [ -1.985910610999952, 48.687892971000053 ], [ -1.976958787999934, 48.691107489000046 ], [ -1.939361131999931, 48.691107489000046 ], [ -1.94562740799995, 48.698553778000075 ], [ -1.843739386999914, 48.712144273000035 ], [ -1.846669074999909, 48.707831122000073 ], [ -1.846913214999915, 48.70343659100007 ], [ -1.843576626999948, 48.698146877000056 ], [ -1.836333787999934, 48.691107489000046 ], [ -1.861195441999939, 48.664211330000057 ], [ -1.860951300999943, 48.640855210000041 ], [ -1.83820553299995, 48.623765367000033 ], [ -1.796009894999941, 48.615912177000041 ], [ -1.722808397999927, 48.615301825000074 ], [ -1.643950975999928, 48.623439846000053 ], [ -1.595692511999914, 48.64093659100007 ], [ -1.589670376999948, 48.641791083000044 ], [ -1.579701300999943, 48.643255927000041 ], [ -1.500559048999946, 48.636460679000038 ], [ -1.393137173999946, 48.652411200000074 ], [ -1.356556769999941, 48.643255927000041 ], [ -1.372303839999915, 48.660589911000045 ], [ -1.394602016999954, 48.66828034100007 ], [ -1.432850714999915, 48.670599677000041 ], [ -1.433013475999928, 48.66828034100007 ], [ -1.43773352799991, 48.664455471000053 ], [ -1.443267381999931, 48.662827867000033 ], [ -1.44595292899993, 48.667466539000088 ], [ -1.447092251999948, 48.673895575000074 ], [ -1.450510219999956, 48.679510809000078 ], [ -1.455799933999913, 48.683417059000078 ], [ -1.490223761999914, 48.690130927000041 ], [ -1.502674933999913, 48.695502020000049 ], [ -1.507964647999927, 48.701605536000045 ], [ -1.516468878999945, 48.725165106000077 ], [ -1.553618943999936, 48.747137762000079 ], [ -1.562082485999952, 48.770819403000075 ], [ -1.562570766999954, 48.798488674000055 ], [ -1.566761847999942, 48.822170315000051 ], [ -1.578846808999913, 48.837836005000042 ], [ -1.602935350999928, 48.841945705000057 ], [ -1.602935350999928, 48.849351304000038 ], [ -1.589100714999915, 48.853583075000074 ], [ -1.578521287999934, 48.862616278000075 ], [ -1.571848110999952, 48.874212958000044 ], [ -1.563710089999915, 48.922105210000041 ], [ -1.557036912999934, 48.932318427000041 ], [ -1.548410610999952, 48.923814195000034 ], [ -1.542795376999948, 48.935248114000046 ], [ -1.541981574999909, 48.944077867000033 ], [ -1.547027147999927, 48.949693101000037 ], [ -1.558990037999934, 48.95180898600006 ], [ -1.563059048999946, 48.957586981000077 ], [ -1.552235480999911, 49.015448309000078 ], [ -1.545765753999945, 49.030340887000079 ], [ -1.532338019999941, 49.035142320000034 ], [ -1.507964647999927, 49.027533270000049 ], [ -1.507964647999927, 49.033677476000037 ], [ -1.527251756999931, 49.039780992000033 ], [ -1.549712693999936, 49.039780992000033 ], [ -1.568430141999954, 49.03266022300005 ], [ -1.576324022999927, 49.017279364000046 ], [ -1.579457160999937, 49.013169664000088 ], [ -1.586537238999938, 49.01898834800005 ], [ -1.593576626999948, 49.028998114000046 ], [ -1.596750454999949, 49.03742096600007 ], [ -1.59593665299991, 49.061265367000033 ], [ -1.593739386999914, 49.071966864000046 ], [ -1.589344855999911, 49.082098700000074 ], [ -1.603423631999931, 49.083970445000034 ], [ -1.608754035999937, 49.091498114000046 ], [ -1.60773678299995, 49.102728583000044 ], [ -1.602935350999928, 49.115627346000053 ], [ -1.59593665299991, 49.128485419000071 ], [ -1.589019334999932, 49.134588934000078 ], [ -1.569488084999932, 49.143540757000039 ], [ -1.581776495999918, 49.14984772300005 ], [ -1.58421790299991, 49.148423570000034 ], [ -1.589344855999911, 49.143540757000039 ], [ -1.597767706999946, 49.159369208000044 ], [ -1.604481574999909, 49.178208726000037 ], [ -1.608794725999928, 49.197821356000077 ], [ -1.610422329999949, 49.215887762000079 ], [ -1.602650519999941, 49.225409247000073 ], [ -1.584462042999917, 49.226263739000046 ], [ -1.548410610999952, 49.219305731000077 ], [ -1.548410610999952, 49.225490627000056 ], [ -1.569569464999915, 49.229681708000044 ], [ -1.595285610999952, 49.237860419000071 ], [ -1.616851365999935, 49.238226630000042 ], [ -1.624663865999935, 49.219305731000077 ], [ -1.640533006999931, 49.231512762000079 ], [ -1.657093878999945, 49.268377997000073 ], [ -1.671864386999914, 49.280096747000073 ], [ -1.665394660999937, 49.28461334800005 ], [ -1.662587042999917, 49.286037502000056 ], [ -1.658192511999914, 49.287543036000045 ], [ -1.686919725999928, 49.302435614000046 ], [ -1.699086066999939, 49.313544012000079 ], [ -1.706654425999943, 49.329169012000079 ], [ -1.68618730399993, 49.329169012000079 ], [ -1.68618730399993, 49.335353908000059 ], [ -1.699126756999931, 49.355861721000053 ], [ -1.706654425999943, 49.355861721000053 ], [ -1.714751756999931, 49.33852773600006 ], [ -1.733265753999945, 49.346258856000077 ], [ -1.755726691999939, 49.362453518000052 ], [ -1.775502081999946, 49.370103257000039 ], [ -1.772857225999928, 49.377020575000074 ], [ -1.771107550999943, 49.379950262000079 ], [ -1.767974412999934, 49.383734442000048 ], [ -1.78189042899993, 49.381537177000041 ], [ -1.795074022999927, 49.377630927000041 ], [ -1.806792772999927, 49.376857815000051 ], [ -1.816477016999954, 49.383734442000048 ], [ -1.819569464999915, 49.39679596600007 ], [ -1.815785285999937, 49.430853583000044 ], [ -1.816477016999954, 49.445217190000051 ], [ -1.819406704999949, 49.452053127000056 ], [ -1.823597785999937, 49.458482164000088 ], [ -1.83820553299995, 49.475816148000035 ], [ -1.839507615999935, 49.480658270000049 ], [ -1.840240037999934, 49.485825914000088 ], [ -1.843739386999914, 49.49359772300005 ], [ -1.853586391999954, 49.504299221000053 ], [ -1.879465298999946, 49.524969794000071 ], [ -1.884673631999931, 49.530910549000055 ], [ -1.878407355999911, 49.544867255000042 ], [ -1.850168423999946, 49.561712958000044 ], [ -1.843739386999914, 49.571844794000071 ], [ -1.839222785999937, 49.603176174000055 ], [ -1.839507615999935, 49.61977773600006 ], [ -1.846913214999915, 49.633937893000052 ], [ -1.855051235999952, 49.645086981000077 ], [ -1.860585089999915, 49.654771226000037 ], [ -1.869496222999942, 49.661688544000071 ], [ -1.901600714999915, 49.665838934000078 ], [ -1.94562740799995, 49.677964585000041 ], [ -1.937652147999927, 49.701564846000053 ], [ -1.939564581999946, 49.716457424000055 ], [ -1.935210740999935, 49.724107164000088 ], [ -1.908355272999927, 49.726385809000078 ], [ -1.898996548999946, 49.724269924000055 ], [ -1.87913977799991, 49.714829820000034 ], [ -1.867298956999946, 49.712713934000078 ], [ -1.839426235999952, 49.715399481000077 ], [ -1.829457160999937, 49.712713934000078 ], [ -1.824615037999934, 49.70844147300005 ], [ -1.82095292899993, 49.696356512000079 ], [ -1.816477016999954, 49.691636460000041 ], [ -1.811838344999956, 49.690741278000075 ], [ -1.800892706999946, 49.692084052000041 ], [ -1.796009894999941, 49.691636460000041 ], [ -1.773996548999946, 49.686712958000044 ], [ -1.707753058999913, 49.680161851000037 ], [ -1.63304602799991, 49.66351959800005 ], [ -1.617176886999914, 49.664292710000041 ], [ -1.616688605999911, 49.662014065000051 ], [ -1.616363084999932, 49.657049872000073 ], [ -1.61392167899993, 49.652248440000051 ], [ -1.606678839999915, 49.650051174000055 ], [ -1.597320115999935, 49.652289130000042 ], [ -1.583729620999918, 49.662054755000042 ], [ -1.572865363999938, 49.664292710000041 ], [ -1.56118730399993, 49.663031317000048 ], [ -1.540394660999937, 49.657782294000071 ], [ -1.528431769999941, 49.657456773000035 ], [ -1.511463995999918, 49.662543036000045 ], [ -1.495920376999948, 49.67218659100007 ], [ -1.470122850999928, 49.695054429000038 ], [ -1.45571855399993, 49.702215887000079 ], [ -1.409494594999956, 49.71157461100006 ], [ -1.39126542899993, 49.712713934000078 ], [ -1.271148240999935, 49.698431708000044 ], [ -1.263050910999937, 49.695502020000049 ], [ -1.259103969999956, 49.688299872000073 ], [ -1.25413977799991, 49.671779690000051 ], [ -1.232248501999948, 49.641424872000073 ], [ -1.227772589999915, 49.624090887000079 ], [ -1.253325975999928, 49.612250067000048 ], [ -1.257557745999918, 49.602850653000075 ], [ -1.25999915299991, 49.593451239000046 ], [ -1.264027472999942, 49.589260158000059 ], [ -1.286203579999949, 49.588934637000079 ], [ -1.294992641999954, 49.586818752000056 ], [ -1.30142167899993, 49.581773179000038 ], [ -1.306263800999943, 49.558091539000088 ], [ -1.29360917899993, 49.538397528000075 ], [ -1.276519334999932, 49.520738023000035 ], [ -1.261586066999939, 49.493150132000039 ], [ -1.185292120999918, 49.430365302000041 ], [ -1.175689256999931, 49.415228583000044 ], [ -1.172230597999942, 49.393377997000073 ], [ -1.174224412999934, 49.382391669000071 ], [ -1.178700324999909, 49.374579169000071 ], [ -1.183257615999935, 49.36945221600007 ], [ -1.185170050999943, 49.366400458000044 ], [ -1.181996222999942, 49.356187242000033 ], [ -1.173817511999914, 49.357001044000071 ], [ -1.163075324999909, 49.361517645000049 ], [ -1.151722785999937, 49.362697658000059 ], [ -1.141021287999934, 49.356675523000035 ], [ -1.13345292899993, 49.349514065000051 ], [ -1.122873501999948, 49.345445054000038 ], [ -1.103423631999931, 49.349025783000059 ], [ -1.103423631999931, 49.355861721000053 ], [ -1.113758917999917, 49.365790106000077 ], [ -1.106353318999936, 49.379461981000077 ], [ -1.089588995999918, 49.391546942000048 ], [ -1.072255011999914, 49.39679596600007 ], [ -0.940419074999909, 49.392279364000046 ], [ -0.822132941999939, 49.362697658000059 ], [ -0.650786912999934, 49.355861721000053 ], [ -0.607980923999946, 49.347398179000038 ], [ -0.583363410999937, 49.345892645000049 ], [ -0.546945766999954, 49.358954169000071 ], [ -0.522531704999949, 49.355292059000078 ], [ -0.479481574999909, 49.342759507000039 ], [ -0.411122199999909, 49.342759507000039 ], [ -0.393625454999949, 49.338039455000057 ], [ -0.363433397999927, 49.325018622000073 ], [ -0.313099738999938, 49.317328192000048 ], [ -0.219471808999913, 49.280096747000073 ], [ -0.194081183999913, 49.29523346600007 ], [ -0.03384355399993, 49.320054429000038 ], [ 0.012868686000047, 49.33462148600006 ], [ 0.040293816000087, 49.350409247000073 ], [ 0.063080274000072, 49.354478257000039 ], [ 0.07195071700005, 49.359279690000051 ], [ 0.095957879000082, 49.383734442000048 ], [ 0.162364129000082, 49.415187893000052 ], [ 0.28687584700009, 49.433620510000083 ], [ 0.411306186000047, 49.452053127000056 ], [ 0.457286004000082, 49.46743398600006 ], [ 0.476573113000086, 49.478664455000057 ], [ 0.493174675000091, 49.49359772300005 ], [ 0.422129754000082, 49.464422919000071 ], [ 0.33961022200009, 49.456732489000046 ], [ 0.256846550000091, 49.464056708000044 ], [ 0.18531334700009, 49.479966539000088 ], [ 0.164805535000085, 49.479966539000088 ], [ 0.147308790000068, 49.480943101000037 ], [ 0.12435957100007, 49.48578522300005 ], [ 0.104421420000051, 49.49359772300005 ], [ 0.095957879000082, 49.503241278000075 ], [ 0.092784050000091, 49.509263414000088 ], [ 0.078623894000089, 49.515529690000051 ], [ 0.075368686000047, 49.52407461100006 ], [ 0.076589389000048, 49.534979559000078 ], [ 0.079681837000066, 49.542181708000044 ], [ 0.130869988000086, 49.603501695000034 ], [ 0.170909050000091, 49.691636460000041 ], [ 0.185883009000065, 49.703192450000074 ], [ 0.235850457000083, 49.729315497000073 ], [ 0.246755405000044, 49.729437567000048 ], [ 0.256846550000091, 49.735907294000071 ], [ 0.387461785000085, 49.775051174000055 ], [ 0.397634311000047, 49.784369208000044 ], [ 0.52279707100007, 49.832953192000048 ], [ 0.557383660000085, 49.839789130000042 ], [ 0.596690300000091, 49.857245184000078 ], [ 0.674815300000091, 49.875799872000073 ], [ 0.760915561000047, 49.875067450000074 ], [ 1.172618035000085, 49.961004950000074 ], [ 1.19695071700005, 49.973578192000048 ], [ 1.221202019000089, 49.978989976000037 ], [ 1.260996941000087, 50.007513739000046 ], [ 1.391286655000044, 50.075181382000039 ], [ 1.444102410000085, 50.117254950000074 ], [ 1.455821160000085, 50.123602606000077 ], [ 1.46452884200005, 50.132147528000075 ], [ 1.486827019000089, 50.185044664000088 ], [ 1.521006707000083, 50.214667059000078 ], [ 1.555349155000044, 50.217718817000048 ], [ 1.654307488000086, 50.186590887000079 ], [ 1.664073113000086, 50.187079169000071 ], [ 1.672536655000044, 50.192531643000052 ], [ 1.672536655000044, 50.199367580000057 ], [ 1.661957227000073, 50.198919989000046 ], [ 1.655284050000091, 50.200506903000075 ], [ 1.65007571700005, 50.204779364000046 ], [ 1.644541863000086, 50.212388414000088 ], [ 1.665049675000091, 50.212388414000088 ], [ 1.665049675000091, 50.219794012000079 ], [ 1.645681186000047, 50.220038153000075 ], [ 1.625498894000089, 50.224310614000046 ], [ 1.610036655000044, 50.232245184000078 ], [ 1.603526238000086, 50.243475653000075 ], [ 1.593923373000052, 50.256293036000045 ], [ 1.551117384000065, 50.269680080000057 ], [ 1.541514519000089, 50.277899481000077 ], [ 1.543142123000052, 50.31000397300005 ], [ 1.551524285000085, 50.34906647300005 ], [ 1.57203209700009, 50.375677802000041 ], [ 1.594981316000087, 50.372666734000063 ], [ 1.610362175000091, 50.370672919000071 ], [ 1.610362175000091, 50.376898505000042 ], [ 1.555186394000089, 50.404771226000037 ], [ 1.555186394000089, 50.41156647300005 ], [ 1.573496941000087, 50.445379950000074 ], [ 1.574229363000086, 50.492377020000049 ], [ 1.579274936000047, 50.533148505000042 ], [ 1.610362175000091, 50.548163153000075 ], [ 1.58334394600007, 50.574693101000037 ], [ 1.57789147200009, 50.588609117000033 ], [ 1.57357832100007, 50.635565497000073 ], [ 1.563161655000044, 50.678290106000077 ], [ 1.562673373000052, 50.698960679000038 ], [ 1.567637566000087, 50.716742255000042 ], [ 1.588715040000068, 50.756293036000045 ], [ 1.600108269000089, 50.770982164000088 ], [ 1.605642123000052, 50.790025132000039 ], [ 1.59929446700005, 50.812933661000045 ], [ 1.583181186000047, 50.849798895000049 ], [ 1.580821160000085, 50.863714911000045 ], [ 1.580577019000089, 50.868801174000055 ], [ 1.60482832100007, 50.881048895000049 ], [ 1.613454623000052, 50.883368231000077 ], [ 1.634287957000083, 50.884588934000078 ], [ 1.653330925000091, 50.889105536000045 ], [ 1.670176629000082, 50.900091864000046 ], [ 1.699066602000073, 50.925604559000078 ], [ 1.72982832100007, 50.943915106000077 ], [ 1.921397332000083, 50.996771552000041 ], [ 1.939300977000073, 50.99445221600007 ], [ 1.973480665000068, 51.007147528000075 ], [ 2.134043816000087, 51.019964911000045 ], [ 2.305511915000068, 51.055405992000033 ], [ 2.31609134200005, 51.059027411000045 ], [ 2.324473504000082, 51.059881903000075 ], [ 2.38445071700005, 51.05532461100006 ], [ 2.466075066000087, 51.068793036000045 ], [ 2.506683790000068, 51.080755927000041 ], [ 2.521494988000086, 51.087388414000088 ], [ 2.521799927545686, 51.08754088371883 ] ], [ [ 1.983372030000055, 42.44126068100006 ], [ 1.986162557000114, 42.44126068100006 ], [ 1.996084432000117, 42.442836812000095 ], [ 1.99949507600013, 42.443896180000067 ], [ 1.988436320000119, 42.458184713000051 ], [ 1.978307740000076, 42.474979554000114 ], [ 1.967972453000073, 42.485702413000027 ], [ 1.956603638000075, 42.481775005000074 ], [ 1.945648233000099, 42.463817445000089 ], [ 1.947508585000122, 42.451234233000079 ], [ 1.960634399000071, 42.443715312000037 ], [ 1.983372030000055, 42.44126068100006 ] ] ], [ [ [ -60.810414191999939, 14.461981512000079 ], [ -60.822661912999934, 14.456691799000055 ], [ -60.834828253999945, 14.427557684000078 ], [ -60.845204230999911, 14.414129950000074 ], [ -60.856434699999909, 14.409369208000044 ], [ -60.870594855999911, 14.408107815000051 ], [ -60.882476365999935, 14.413275458000044 ], [ -60.886789516999954, 14.427801825000074 ], [ -60.880767381999931, 14.437974351000037 ], [ -60.869496222999942, 14.441473700000074 ], [ -60.859852667999917, 14.44672272300005 ], [ -60.858876105999911, 14.461981512000079 ], [ -60.868519660999937, 14.475978908000059 ], [ -60.882232225999928, 14.470526434000078 ], [ -60.898101365999935, 14.460882880000042 ], [ -60.914133266999954, 14.461981512000079 ], [ -60.913400844999899, 14.47211334800005 ], [ -60.920033331999946, 14.47337474200009 ], [ -60.947621222999942, 14.468736070000091 ], [ -61.005970831999946, 14.476263739000046 ], [ -61.021595831999946, 14.474025783000059 ], [ -61.046376105999911, 14.464178778000075 ], [ -61.06118730399993, 14.461981512000079 ], [ -61.069569464999915, 14.466701565000051 ], [ -61.091623501999948, 14.496771552000041 ], [ -61.091135219999899, 14.50421784100007 ], [ -61.092396613999938, 14.508286851000037 ], [ -61.096791144999941, 14.511542059000078 ], [ -61.105865037999934, 14.516587632000039 ], [ -61.078521287999934, 14.544582424000055 ], [ -61.052316860999952, 14.557074286000045 ], [ -61.043812628999945, 14.565008856000077 ], [ -61.033273891999954, 14.549872137000079 ], [ -61.017730272999927, 14.545314846000053 ], [ -61.003325975999928, 14.550523179000038 ], [ -60.996001756999931, 14.565008856000077 ], [ -60.999379035999937, 14.571356512000079 ], [ -61.006988084999932, 14.581854559000078 ], [ -61.01431230399993, 14.595851955000057 ], [ -61.016468878999945, 14.612779039000088 ], [ -61.031402147999927, 14.607814846000053 ], [ -61.043568488999938, 14.605454820000091 ], [ -61.054269985999952, 14.605129299000055 ], [ -61.064930792999917, 14.605943101000037 ], [ -61.085926886999914, 14.604641018000052 ], [ -61.091623501999948, 14.605943101000037 ], [ -61.09593665299991, 14.610256252000056 ], [ -61.10220292899993, 14.622219143000052 ], [ -61.105865037999934, 14.626450914000088 ], [ -61.141590949999909, 14.650091864000046 ], [ -61.159575975999928, 14.666937567000048 ], [ -61.167347785999937, 14.684759833000044 ], [ -61.168080206999946, 14.691066799000055 ], [ -61.17023678299995, 14.696437893000052 ], [ -61.173573370999918, 14.701239325000074 ], [ -61.177886522999927, 14.705877997000073 ], [ -61.181630011999914, 14.713039455000057 ], [ -61.180043097999942, 14.719671942000048 ], [ -61.176665818999936, 14.726141669000071 ], [ -61.174794074999909, 14.732896226000037 ], [ -61.177113410999937, 14.744940497000073 ], [ -61.182972785999937, 14.756415106000077 ], [ -61.190541144999941, 14.76634349200009 ], [ -61.219105597999942, 14.795477606000077 ], [ -61.226185675999943, 14.807766018000052 ], [ -61.22883053299995, 14.821966864000046 ], [ -61.226185675999943, 14.835516669000071 ], [ -61.219471808999913, 14.846502997000073 ], [ -61.210601365999935, 14.854437567000048 ], [ -61.170969204999949, 14.876369533000059 ], [ -61.135894334999932, 14.876898505000042 ], [ -61.101958787999934, 14.866197007000039 ], [ -61.057850714999915, 14.838690497000073 ], [ -61.018625454999949, 14.82172272300005 ], [ -61.00226803299995, 14.811428127000056 ], [ -60.998158331999946, 14.804185289000088 ], [ -60.995676235999952, 14.795355536000045 ], [ -60.990630662999934, 14.787909247000073 ], [ -60.978993292999917, 14.784735419000071 ], [ -60.961293097999942, 14.749945380000042 ], [ -60.946888800999943, 14.761379299000055 ], [ -60.926584438999953, 14.771144924000055 ], [ -60.903187628999945, 14.777085679000038 ], [ -60.879302537999934, 14.777289130000042 ], [ -60.886301235999952, 14.771633205000057 ], [ -60.892445441999939, 14.767767645000049 ], [ -60.895375128999945, 14.763820705000057 ], [ -60.892974412999934, 14.757391669000071 ], [ -60.914133266999954, 14.736314195000091 ], [ -60.926177537999934, 14.755560614000046 ], [ -60.93382727799991, 14.75031159100007 ], [ -60.936675584999932, 14.731268622000073 ], [ -60.934559699999909, 14.708970445000091 ], [ -60.926177537999934, 14.712713934000078 ], [ -60.918934699999909, 14.712225653000075 ], [ -60.912668423999946, 14.708563544000071 ], [ -60.907297329999949, 14.702826239000046 ], [ -60.934559699999909, 14.688462632000039 ], [ -60.927113410999937, 14.68109772300005 ], [ -60.939279751999948, 14.674994208000044 ], [ -60.937489386999914, 14.666408596000053 ], [ -60.928863084999932, 14.66351959800005 ], [ -60.920277472999942, 14.674872137000079 ], [ -60.886789516999954, 14.660549221000053 ], [ -60.894357876999948, 14.659816799000055 ], [ -60.898304816999939, 14.658026434000078 ], [ -60.901682094999899, 14.655910549000055 ], [ -60.907297329999949, 14.65375397300005 ], [ -60.90103105399993, 14.638576565000051 ], [ -60.893381313999953, 14.630804755000042 ], [ -60.873158331999946, 14.619614976000037 ], [ -60.870228644999941, 14.614447333000044 ], [ -60.868763800999943, 14.607611395000049 ], [ -60.865061001999948, 14.601711330000057 ], [ -60.855458136999914, 14.599107164000088 ], [ -60.848378058999913, 14.596096096000053 ], [ -60.844960089999915, 14.58860911700009 ], [ -60.844309048999946, 14.579494533000059 ], [ -60.845204230999911, 14.571234442000048 ], [ -60.832142706999946, 14.578599351000037 ], [ -60.835845506999931, 14.565659898000092 ], [ -60.836415167999917, 14.552964585000041 ], [ -60.832997199999909, 14.541001695000091 ], [ -60.824777798999946, 14.530218817000048 ], [ -60.830922003999945, 14.527085679000038 ], [ -60.833404100999928, 14.524359442000048 ], [ -60.835072394999941, 14.521185614000046 ], [ -60.838368292999917, 14.516587632000039 ], [ -60.825266079999949, 14.51040273600006 ], [ -60.819813605999911, 14.496649481000077 ], [ -60.81663977799991, 14.480902411000045 ], [ -60.810414191999939, 14.468736070000091 ], [ -60.810414191999939, 14.461981512000079 ] ] ], [ [ [ -61.19399980399993, 15.932074286000045 ], [ -61.194691535999937, 15.919582424000055 ], [ -61.197743292999917, 15.910589911000045 ], [ -61.204253709999932, 15.902777411000045 ], [ -61.215728318999936, 15.893947658000059 ], [ -61.240712042999917, 15.881822007000039 ], [ -61.274891730999911, 15.87376536700009 ], [ -61.305083787999934, 15.878485419000071 ], [ -61.318186001999948, 15.904486395000049 ], [ -61.319203253999945, 15.911078192000048 ], [ -61.321685350999928, 15.919094143000052 ], [ -61.325103318999936, 15.925848700000074 ], [ -61.328724738999938, 15.928656317000048 ], [ -61.332020636999914, 15.93195221600007 ], [ -61.327788865999935, 15.939276434000078 ], [ -61.318186001999948, 15.952541408000059 ], [ -61.315297003999945, 15.966945705000057 ], [ -61.308257615999935, 15.977687893000052 ], [ -61.290191209999932, 15.99750397300005 ], [ -61.268299933999913, 16.009263414000088 ], [ -61.243885870999918, 16.003973700000074 ], [ -61.223988410999937, 15.987534898000092 ], [ -61.212391730999911, 15.958929755000042 ], [ -61.204904751999948, 15.953029690000051 ], [ -61.197377081999946, 15.945054429000038 ], [ -61.19399980399993, 15.932074286000045 ] ] ], [ [ [ -60.989247199999909, 16.346380927000041 ], [ -61.039906378999945, 16.31391022300005 ], [ -61.06859290299991, 16.302232164000088 ], [ -61.091623501999948, 16.30540599200009 ], [ -61.078521287999934, 16.312201239000046 ], [ -61.039133266999954, 16.34446849200009 ], [ -61.014881964999915, 16.353989976000037 ], [ -60.989247199999909, 16.346380927000041 ] ] ], [ [ [ -61.551665818999936, 16.285549221000053 ], [ -61.549183722999942, 16.280585028000075 ], [ -61.555409308999913, 16.258246161000045 ], [ -61.547963019999941, 16.238430080000057 ], [ -61.554595506999931, 16.236517645000049 ], [ -61.572661912999934, 16.232570705000057 ], [ -61.579457160999937, 16.222316799000055 ], [ -61.577300584999932, 16.175930080000057 ], [ -61.564564581999946, 16.14093659100007 ], [ -61.557728644999941, 16.086330471000053 ], [ -61.565988735999952, 16.03351471600007 ], [ -61.597482876999948, 15.99673086100006 ], [ -61.643422003999945, 15.970363674000055 ], [ -61.694935675999943, 15.949164130000042 ], [ -61.696522589999915, 15.955023505000042 ], [ -61.702381964999915, 15.969631252000056 ], [ -61.694935675999943, 15.976467190000051 ], [ -61.702015753999945, 15.989894924000055 ], [ -61.710804816999939, 15.997381903000075 ], [ -61.721058722999942, 16.003851630000042 ], [ -61.732777472999942, 16.01398346600007 ], [ -61.740061001999948, 16.025824286000045 ], [ -61.743641730999911, 16.037298895000049 ], [ -61.747792120999918, 16.046698309000078 ], [ -61.756418423999946, 16.05219147300005 ], [ -61.768625454999949, 16.087632554000038 ], [ -61.769439256999931, 16.166489976000037 ], [ -61.784291144999941, 16.202337958000044 ], [ -61.779449022999927, 16.217230536000045 ], [ -61.784006313999953, 16.229315497000073 ], [ -61.791900193999936, 16.240057684000078 ], [ -61.797352667999917, 16.250799872000073 ], [ -61.797840949999909, 16.26788971600007 ], [ -61.793853318999936, 16.299058335000041 ], [ -61.797352667999917, 16.312201239000046 ], [ -61.787587042999917, 16.320298570000091 ], [ -61.770822719999899, 16.348822333000044 ], [ -61.756418423999946, 16.360663153000075 ], [ -61.737863735999952, 16.365301825000074 ], [ -61.728586391999954, 16.359605210000041 ], [ -61.722035285999937, 16.350897528000075 ], [ -61.712025519999941, 16.346380927000041 ], [ -61.687001105999911, 16.341701565000051 ], [ -61.650135870999918, 16.329331773000092 ], [ -61.615834113999938, 16.311835028000075 ], [ -61.598744269999941, 16.291693427000041 ], [ -61.612945115999935, 16.285549221000053 ], [ -61.604644334999932, 16.282294012000079 ], [ -61.603138800999943, 16.281195380000042 ], [ -61.603016730999911, 16.282212632000039 ], [ -61.598744269999941, 16.285549221000053 ], [ -61.595570441999939, 16.281642971000053 ], [ -61.585072394999941, 16.271307684000078 ], [ -61.580230272999927, 16.282131252000056 ], [ -61.57054602799991, 16.289740302000041 ], [ -61.557972785999937, 16.291693427000041 ], [ -61.551665818999936, 16.285549221000053 ] ] ], [ [ [ -61.544178839999915, 16.285386460000041 ], [ -61.544097459999932, 16.28546784100007 ], [ -61.544097459999932, 16.285549221000053 ], [ -61.52765865799995, 16.337836005000042 ], [ -61.518137173999946, 16.348944403000075 ], [ -61.499663865999935, 16.353216864000046 ], [ -61.497059699999909, 16.356756903000075 ], [ -61.495513475999928, 16.365139065000051 ], [ -61.495228644999941, 16.37445709800005 ], [ -61.496245897999927, 16.38117096600007 ], [ -61.500355597999942, 16.385646877000056 ], [ -61.507313605999911, 16.389837958000044 ], [ -61.515614386999914, 16.393052476000037 ], [ -61.523589647999927, 16.394761460000041 ], [ -61.529164191999939, 16.430487372000073 ], [ -61.53384355399993, 16.439439195000091 ], [ -61.534291144999941, 16.449286200000074 ], [ -61.52562415299991, 16.462307033000059 ], [ -61.509917772999927, 16.480414130000042 ], [ -61.505848761999914, 16.48696523600006 ], [ -61.496245897999927, 16.493719794000071 ], [ -61.465321417999917, 16.509833075000074 ], [ -61.462513800999943, 16.513088283000059 ], [ -61.45929928299995, 16.511786200000074 ], [ -61.426828579999949, 16.489203192000048 ], [ -61.409413214999915, 16.472479559000078 ], [ -61.397613084999932, 16.451849677000041 ], [ -61.39321855399993, 16.425482489000046 ], [ -61.395659959999932, 16.399237372000073 ], [ -61.394154425999943, 16.389349677000041 ], [ -61.386463995999918, 16.37368398600006 ], [ -61.376616990999935, 16.359564520000049 ], [ -61.365712042999917, 16.348822333000044 ], [ -61.353138800999943, 16.340277411000045 ], [ -61.338693813999953, 16.332709052000041 ], [ -61.331776495999918, 16.34015534100007 ], [ -61.321522589999915, 16.334906317000048 ], [ -61.311838344999899, 16.334173895000049 ], [ -61.301665818999936, 16.334540106000077 ], [ -61.290191209999932, 16.332709052000041 ], [ -61.280588344999899, 16.327053127000056 ], [ -61.258900519999941, 16.30923086100006 ], [ -61.253000454999949, 16.30540599200009 ], [ -61.242583787999934, 16.300360419000071 ], [ -61.188384568999936, 16.263820705000057 ], [ -61.169178839999915, 16.258693752000056 ], [ -61.163563605999911, 16.252997137000079 ], [ -61.174794074999909, 16.243963934000078 ], [ -61.183176235999952, 16.244126695000091 ], [ -61.21125240799995, 16.25071849200009 ], [ -61.218861456999946, 16.25421784100007 ], [ -61.234445766999954, 16.258286851000037 ], [ -61.410715298999946, 16.21946849200009 ], [ -61.444447394999941, 16.205064195000091 ], [ -61.462147589999915, 16.202337958000044 ], [ -61.483713344999899, 16.205877997000073 ], [ -61.503407355999911, 16.213283596000053 ], [ -61.520415818999936, 16.22296784100007 ], [ -61.53384355399993, 16.233384507000039 ], [ -61.544097459999932, 16.245672919000071 ], [ -61.548329230999911, 16.258042710000041 ], [ -61.547963019999941, 16.271063544000071 ], [ -61.544178839999915, 16.285386460000041 ] ] ], [ [ [ 55.787852410000085, -21.103448174999926 ], [ 55.801768425000034, -21.111993096999925 ], [ 55.83757571700005, -21.126153252999927 ], [ 55.849864129000082, -21.137627862999921 ], [ 55.854502800000034, -21.156996351999908 ], [ 55.849131707000083, -21.173760674999926 ], [ 55.840586785000085, -21.190524997999944 ], [ 55.824229363000086, -21.264336846999925 ], [ 55.82195071700005, -21.285088799999926 ], [ 55.822520379000082, -21.303643487999921 ], [ 55.820811394000032, -21.324965101999908 ], [ 55.812022332000083, -21.342543226999908 ], [ 55.791270379000082, -21.349867445999905 ], [ 55.755707227000073, -21.34889088299991 ], [ 55.73796634200005, -21.351657809999949 ], [ 55.706553582000083, -21.367445570999905 ], [ 55.683116082000083, -21.37078215899993 ], [ 55.659922722000033, -21.369561455999929 ], [ 55.643809441000087, -21.363539320999905 ], [ 55.626800977000073, -21.369398695999905 ], [ 55.601573113000086, -21.37037525799991 ], [ 55.575043165000068, -21.367933851999908 ], [ 55.554453972000033, -21.363539320999905 ], [ 55.537119988000086, -21.355075778999947 ], [ 55.505625847000033, -21.33367278399993 ], [ 55.475433790000068, -21.326918226999908 ], [ 55.434336785000085, -21.311618747999944 ], [ 55.417816602000073, -21.30201588299991 ], [ 55.40984134200005, -21.293389580999929 ], [ 55.404144727000073, -21.28443775799991 ], [ 55.39779707100007, -21.277601820999905 ], [ 55.387054884000065, -21.274834893999923 ], [ 55.354502800000034, -21.274590752999927 ], [ 55.349619988000086, -21.271416924999926 ], [ 55.342295769000032, -21.25750090899993 ], [ 55.307627800000034, -21.219414971999925 ], [ 55.295583530000044, -21.199639580999929 ], [ 55.291026238000086, -21.176446221999925 ], [ 55.290782097000033, -21.158868096999925 ], [ 55.28842207100007, -21.143649997999944 ], [ 55.246348504000082, -21.090915622999944 ], [ 55.233246290000068, -21.069268487999921 ], [ 55.225433790000068, -21.048272393999923 ], [ 55.225433790000068, -21.029717705999929 ], [ 55.231211785000085, -21.009698174999926 ], [ 55.24187259200005, -20.99342213299991 ], [ 55.275401238000086, -20.980238539999959 ], [ 55.287852410000085, -20.964776299999926 ], [ 55.29232832100007, -20.946709893999923 ], [ 55.287445509000065, -20.932224216999941 ], [ 55.293467644000032, -20.926364841999941 ], [ 55.295420769000032, -20.921807549999926 ], [ 55.293467644000032, -20.91725025799991 ], [ 55.287445509000065, -20.911716403999947 ], [ 55.302989129000082, -20.905205987999921 ], [ 55.335948113000086, -20.905043226999908 ], [ 55.364024285000085, -20.886163018999923 ], [ 55.407969597000033, -20.863213799999926 ], [ 55.455821160000085, -20.861423434999949 ], [ 55.472504102000073, -20.863213799999926 ], [ 55.50131269600007, -20.873223565999922 ], [ 55.514008009000065, -20.875176690999922 ], [ 55.527110222000033, -20.870049737999921 ], [ 55.542491082000083, -20.875095309999949 ], [ 55.578379754000082, -20.874769789999959 ], [ 55.592295769000032, -20.880303643999923 ], [ 55.605804884000065, -20.888278903999947 ], [ 55.650645379000082, -20.898044528999947 ], [ 55.663828972000033, -20.905205987999921 ], [ 55.673838738000086, -20.913181247999944 ], [ 55.695323113000086, -20.93523528399993 ], [ 55.70281009200005, -20.949395440999922 ], [ 55.706553582000083, -20.98211028399993 ], [ 55.712087436000047, -20.993584893999923 ], [ 55.736582879000082, -21.017836195999905 ], [ 55.740000847000033, -21.02467213299991 ], [ 55.741465691000087, -21.044528903999947 ], [ 55.743662957000083, -21.054620049999926 ], [ 55.746836785000085, -21.062595309999949 ], [ 55.753103061000047, -21.066989841999941 ], [ 55.770518425000034, -21.073825778999947 ], [ 55.774180535000085, -21.079278252999927 ], [ 55.775889519000032, -21.083916924999926 ], [ 55.787852410000085, -21.103448174999926 ] ] ], [ [ [ 45.262217644000089, -12.76336028399993 ], [ 45.277110222000033, -12.747491143999923 ], [ 45.28256269600007, -12.74342213299991 ], [ 45.289317254000082, -12.759860934999949 ], [ 45.290863477000073, -12.774021091999941 ], [ 45.28842207100007, -12.78834400799991 ], [ 45.28256269600007, -12.804864190999922 ], [ 45.275726759000065, -12.804864190999922 ], [ 45.262217644000089, -12.76336028399993 ] ] ], [ [ [ 45.200694207000083, -12.722914320999905 ], [ 45.217621290000068, -12.73406340899993 ], [ 45.224782748000052, -12.745700778999947 ], [ 45.224945509000065, -12.759535414999959 ], [ 45.220550977000073, -12.777520440999922 ], [ 45.19695071700005, -12.811700127999927 ], [ 45.188161655000044, -12.817071221999925 ], [ 45.188731316000087, -12.828789971999925 ], [ 45.195160352000073, -12.840508721999925 ], [ 45.213145379000082, -12.851820570999905 ], [ 45.210948113000086, -12.865329684999949 ], [ 45.204356316000087, -12.878513278999947 ], [ 45.200694207000083, -12.883965752999927 ], [ 45.191661004000082, -12.904961846999925 ], [ 45.175303582000083, -12.924004815999922 ], [ 45.168223504000082, -12.944268487999921 ], [ 45.186371290000068, -12.968845309999949 ], [ 45.182302280000044, -12.975762627999927 ], [ 45.178070509000065, -12.981052341999941 ], [ 45.173024936000047, -12.985039971999925 ], [ 45.165863477000073, -12.989190362999921 ], [ 45.159922722000033, -12.978610934999949 ], [ 45.153086785000085, -12.979668877999927 ], [ 45.144297722000033, -12.985772393999923 ], [ 45.131846550000034, -12.989190362999921 ], [ 45.120616082000083, -12.986260674999926 ], [ 45.113291863000086, -12.981052341999941 ], [ 45.106700066000087, -12.978122653999947 ], [ 45.097178582000083, -12.982354424999926 ], [ 45.098480665000068, -12.967868747999944 ], [ 45.094493035000085, -12.958184502999927 ], [ 45.084971550000034, -12.953708591999941 ], [ 45.070323113000086, -12.955010674999926 ], [ 45.070323113000086, -12.94890715899993 ], [ 45.088389519000089, -12.940362237999921 ], [ 45.090179884000065, -12.924004815999922 ], [ 45.081228061000047, -12.908298434999949 ], [ 45.062510613000086, -12.898532809999949 ], [ 45.065277540000068, -12.893161716999941 ], [ 45.072927280000044, -12.88836028399993 ], [ 45.083994988000086, -12.887383721999925 ], [ 45.090098504000082, -12.891045830999929 ], [ 45.107920769000089, -12.911716403999947 ], [ 45.124766472000033, -12.921482028999947 ], [ 45.13412519600007, -12.916924737999921 ], [ 45.136485222000033, -12.903903903999947 ], [ 45.131846550000034, -12.887383721999925 ], [ 45.123871290000068, -12.875095309999949 ], [ 45.113291863000086, -12.863376559999949 ], [ 45.083994988000086, -12.839043877999927 ], [ 45.097992384000065, -12.833428643999923 ], [ 45.104502800000034, -12.832777601999908 ], [ 45.104502800000034, -12.825941664999959 ], [ 45.098643425000034, -12.817478122999944 ], [ 45.094248894000089, -12.802829684999949 ], [ 45.090830925000034, -12.773858330999929 ], [ 45.087168816000087, -12.759698174999926 ], [ 45.078379754000082, -12.75359465899993 ], [ 45.067149285000085, -12.750095309999949 ], [ 45.056651238000086, -12.74342213299991 ], [ 45.049489780000044, -12.734307549999926 ], [ 45.045176629000082, -12.725192966999941 ], [ 45.042979363000086, -12.713962497999944 ], [ 45.042491082000083, -12.698418877999927 ], [ 45.090830925000034, -12.647230726999908 ], [ 45.094737175000034, -12.65357838299991 ], [ 45.095957879000082, -12.656508070999905 ], [ 45.097178582000083, -12.660821221999925 ], [ 45.092784050000034, -12.661879164999959 ], [ 45.090179884000065, -12.663262627999927 ], [ 45.083994988000086, -12.66765715899993 ], [ 45.090505405000044, -12.667087497999944 ], [ 45.093516472000033, -12.669040622999944 ], [ 45.094981316000087, -12.672051690999922 ], [ 45.097178582000083, -12.674493096999925 ], [ 45.110606316000087, -12.685804945999905 ], [ 45.128916863000086, -12.707452080999929 ], [ 45.138682488000086, -12.714939059999949 ], [ 45.152598504000082, -12.718194268999923 ], [ 45.183767123000052, -12.717950127999927 ], [ 45.200694207000083, -12.722914320999905 ] ] ], [ [ [ 9.456553582000083, 42.647406317000048 ], [ 9.48210696700005, 42.620103257000039 ], [ 9.476898634000065, 42.620103257000039 ], [ 9.476817254000082, 42.619086005000042 ], [ 9.456553582000083, 42.647406317000048 ] ] ], [ [ [ 8.56576582100007, 42.208563544000071 ], [ 8.574066602000073, 42.219916083000044 ], [ 8.56576582100007, 42.225734768000052 ], [ 8.55241946700005, 42.228989976000037 ], [ 8.545258009000065, 42.232855536000045 ], [ 8.549489780000044, 42.242254950000074 ], [ 8.55990644600007, 42.244330145000049 ], [ 8.586273634000065, 42.243353583000044 ], [ 8.593760613000086, 42.246283270000049 ], [ 8.60132897200009, 42.250677802000041 ], [ 8.610850457000083, 42.254624742000033 ], [ 8.651133660000085, 42.26040273600006 ], [ 8.664724155000044, 42.264878648000035 ], [ 8.675059441000087, 42.270656643000052 ], [ 8.680837436000047, 42.272772528000075 ], [ 8.68523196700005, 42.271918036000045 ], [ 8.687754754000082, 42.272935289000088 ], [ 8.688731316000087, 42.280951239000046 ], [ 8.674001498000052, 42.289496161000045 ], [ 8.672048373000052, 42.291164455000057 ], [ 8.634776238000086, 42.304836330000057 ], [ 8.632334832000083, 42.308661200000074 ], [ 8.629649285000085, 42.315252997000073 ], [ 8.625173373000052, 42.319159247000073 ], [ 8.61109459700009, 42.310044664000088 ], [ 8.605316602000073, 42.310451565000051 ], [ 8.601410352000073, 42.31476471600007 ], [ 8.599864129000082, 42.321926174000055 ], [ 8.604746941000087, 42.325588283000059 ], [ 8.634776238000086, 42.338934637000079 ], [ 8.612803582000083, 42.352443752000056 ], [ 8.59156334700009, 42.351141669000071 ], [ 8.55209394600007, 42.338934637000079 ], [ 8.559580925000091, 42.346380927000041 ], [ 8.553477410000085, 42.354885158000059 ], [ 8.549652540000068, 42.365790106000077 ], [ 8.549082879000082, 42.377101955000057 ], [ 8.55209394600007, 42.386704820000034 ], [ 8.560801629000082, 42.381659247000073 ], [ 8.570485873000052, 42.381781317000048 ], [ 8.579600457000083, 42.385931708000044 ], [ 8.586273634000065, 42.392971096000053 ], [ 8.598643425000091, 42.387600002000056 ], [ 8.602386915000068, 42.391913153000075 ], [ 8.603526238000086, 42.400336005000042 ], [ 8.607269727000073, 42.407212632000039 ], [ 8.612071160000085, 42.411810614000046 ], [ 8.614024285000085, 42.416245835000041 ], [ 8.618662957000083, 42.419582424000055 ], [ 8.650889519000089, 42.42328522300005 ], [ 8.65951582100007, 42.429877020000049 ], [ 8.661631707000083, 42.43976471600007 ], [ 8.661387566000087, 42.451890367000033 ], [ 8.672373894000089, 42.464422919000071 ], [ 8.676768425000091, 42.472479559000078 ], [ 8.672048373000052, 42.476141669000071 ], [ 8.659678582000083, 42.477118231000077 ], [ 8.657074415000068, 42.480047919000071 ], [ 8.659353061000047, 42.484361070000034 ], [ 8.667491082000083, 42.509711005000042 ], [ 8.680430535000085, 42.521063544000071 ], [ 8.697601759000065, 42.527004299000055 ], [ 8.71656334700009, 42.53070709800005 ], [ 8.710785352000073, 42.540106512000079 ], [ 8.716319207000083, 42.561997789000088 ], [ 8.709157748000052, 42.57172272300005 ], [ 8.709157748000052, 42.579169012000079 ], [ 8.716970248000052, 42.576117255000042 ], [ 8.719737175000091, 42.575995184000078 ], [ 8.720876498000052, 42.574123440000051 ], [ 8.723480665000068, 42.565497137000079 ], [ 8.74000084700009, 42.572333075000074 ], [ 8.750661655000044, 42.568793036000045 ], [ 8.759613477000073, 42.561753648000035 ], [ 8.77125084700009, 42.55805084800005 ], [ 8.786957227000073, 42.561997789000088 ], [ 8.798838738000086, 42.571763414000088 ], [ 8.807465040000068, 42.585109768000052 ], [ 8.812836134000065, 42.599595445000034 ], [ 8.805430535000085, 42.606431382000039 ], [ 8.843028191000087, 42.60805898600006 ], [ 8.906504754000082, 42.632473049000055 ], [ 9.018321160000085, 42.650132554000038 ], [ 9.049978061000047, 42.662176825000074 ], [ 9.052989129000082, 42.681586005000042 ], [ 9.10710696700005, 42.725897528000075 ], [ 9.117849155000044, 42.732001044000071 ], [ 9.141449415000068, 42.73501211100006 ], [ 9.165212436000047, 42.735174872000073 ], [ 9.176036004000082, 42.732814846000053 ], [ 9.185069207000083, 42.733384507000039 ], [ 9.236827019000089, 42.722560940000051 ], [ 9.257823113000086, 42.713934637000079 ], [ 9.264659050000091, 42.708889065000051 ], [ 9.27084394600007, 42.702215887000079 ], [ 9.276133660000085, 42.694159247000073 ], [ 9.285329623000052, 42.674750067000048 ], [ 9.292165561000047, 42.674750067000048 ], [ 9.32789147200009, 42.720038153000075 ], [ 9.342539910000085, 42.749090887000079 ], [ 9.333018425000091, 42.77094147300005 ], [ 9.340993686000047, 42.790106512000079 ], [ 9.335459832000083, 42.807603257000039 ], [ 9.321787957000083, 42.823919989000046 ], [ 9.305674675000091, 42.839260158000059 ], [ 9.333018425000091, 42.867132880000042 ], [ 9.332855665000068, 42.875799872000073 ], [ 9.326345248000052, 42.885321356000077 ], [ 9.326182488000086, 42.893784898000035 ], [ 9.330251498000052, 42.903550523000035 ], [ 9.336924675000091, 42.910386460000041 ], [ 9.360199415000068, 42.928615627000056 ], [ 9.35678144600007, 42.933539130000042 ], [ 9.355723504000082, 42.936509507000039 ], [ 9.356944207000083, 42.940659898000035 ], [ 9.360199415000068, 42.949123440000051 ], [ 9.349945509000065, 42.957220770000049 ], [ 9.34343509200005, 42.973089911000045 ], [ 9.341807488000086, 42.990668036000045 ], [ 9.346690300000091, 43.003729559000078 ], [ 9.36304772200009, 43.011542059000078 ], [ 9.404307488000086, 43.011664130000042 ], [ 9.422373894000089, 43.017401434000078 ], [ 9.435557488000086, 43.003729559000078 ], [ 9.444509311000047, 42.997992255000042 ], [ 9.464040561000047, 42.990057684000078 ], [ 9.464040561000047, 42.982611395000049 ], [ 9.455577019000089, 42.974554755000042 ], [ 9.453868035000085, 42.963812567000048 ], [ 9.45875084700009, 42.952337958000044 ], [ 9.47006269600007, 42.942287502000056 ], [ 9.465505405000044, 42.923529364000046 ], [ 9.484385613000086, 42.832424221000053 ], [ 9.482758009000065, 42.802313544000071 ], [ 9.450368686000047, 42.708889065000051 ], [ 9.451426629000082, 42.69672272300005 ], [ 9.449392123000052, 42.682603257000039 ], [ 9.450368686000047, 42.653631903000075 ], [ 9.449066602000073, 42.651068427000041 ], [ 9.446055535000085, 42.648586330000057 ], [ 9.443369988000086, 42.645249742000033 ], [ 9.442881707000083, 42.640570380000042 ], [ 9.445323113000086, 42.637884833000044 ], [ 9.449961785000085, 42.635728257000039 ], [ 9.454600457000083, 42.634588934000078 ], [ 9.456553582000083, 42.634426174000055 ], [ 9.459239129000082, 42.625433661000045 ], [ 9.461680535000085, 42.619818427000041 ], [ 9.461436394000089, 42.614569403000075 ], [ 9.456553582000083, 42.606431382000039 ], [ 9.46461022200009, 42.601629950000074 ], [ 9.468028191000087, 42.594956773000035 ], [ 9.470713738000086, 42.587225653000075 ], [ 9.476898634000065, 42.579169012000079 ], [ 9.484873894000089, 42.574448960000041 ], [ 9.511892123000052, 42.565497137000079 ], [ 9.50912519600007, 42.579982815000051 ], [ 9.504730665000068, 42.586615302000041 ], [ 9.48959394600007, 42.612616278000075 ], [ 9.518565300000091, 42.580959377000056 ], [ 9.528086785000085, 42.563544012000079 ], [ 9.532237175000091, 42.54437897300005 ], [ 9.530039910000085, 42.486314195000034 ], [ 9.533376498000052, 42.456244208000044 ], [ 9.545909050000091, 42.435126044000071 ], [ 9.539886915000068, 42.422064520000049 ], [ 9.535411004000082, 42.408189195000034 ], [ 9.532725457000083, 42.392523505000042 ], [ 9.532237175000091, 42.373724677000041 ], [ 9.536957227000073, 42.353176174000055 ], [ 9.555430535000085, 42.314276434000078 ], [ 9.559580925000091, 42.294582424000055 ], [ 9.552256707000083, 42.170152085000041 ], [ 9.559580925000091, 42.146551825000074 ], [ 9.556895379000082, 42.138251044000071 ], [ 9.554942254000082, 42.120835679000038 ], [ 9.552744988000086, 42.113023179000038 ], [ 9.545583530000044, 42.103989976000037 ], [ 9.518565300000091, 42.085109768000052 ], [ 9.507823113000086, 42.072211005000042 ], [ 9.492442254000082, 42.047756252000056 ], [ 9.423838738000086, 41.973537502000056 ], [ 9.408702019000089, 41.962225653000075 ], [ 9.403168165000068, 41.952948309000078 ], [ 9.402842644000089, 41.91742584800005 ], [ 9.39429772200009, 41.84796784100007 ], [ 9.403005405000044, 41.779730536000045 ], [ 9.401621941000087, 41.706447658000059 ], [ 9.398610873000052, 41.70148346600007 ], [ 9.391123894000089, 41.699042059000078 ], [ 9.381195509000065, 41.692694403000075 ], [ 9.372243686000047, 41.68390534100007 ], [ 9.367035352000073, 41.674221096000053 ], [ 9.380707227000073, 41.674221096000053 ], [ 9.377940300000091, 41.656439520000049 ], [ 9.373057488000086, 41.64516836100006 ], [ 9.363617384000065, 41.640041408000059 ], [ 9.35320071700005, 41.640814520000049 ], [ 9.345225457000083, 41.640326239000046 ], [ 9.342133009000065, 41.634670315000051 ], [ 9.346690300000091, 41.619574286000045 ], [ 9.333262566000087, 41.62445709800005 ], [ 9.318207227000073, 41.627142645000049 ], [ 9.303721550000091, 41.627834377000056 ], [ 9.292165561000047, 41.62641022300005 ], [ 9.293955925000091, 41.617621161000045 ], [ 9.284434441000087, 41.607652085000041 ], [ 9.278575066000087, 41.598374742000033 ], [ 9.292165561000047, 41.591620184000078 ], [ 9.325043165000068, 41.601955471000053 ], [ 9.34506269600007, 41.604478257000039 ], [ 9.354177280000044, 41.595404364000046 ], [ 9.350596550000091, 41.581203518000052 ], [ 9.341075066000087, 41.569281317000048 ], [ 9.326670769000089, 41.561102606000077 ], [ 9.309092644000089, 41.558172919000071 ], [ 9.299652540000068, 41.553290106000077 ], [ 9.292165561000047, 41.542914130000042 ], [ 9.281993035000085, 41.533270575000074 ], [ 9.264659050000091, 41.530829169000071 ], [ 9.268728061000047, 41.52374909100007 ], [ 9.269867384000065, 41.516791083000044 ], [ 9.268728061000047, 41.509955145000049 ], [ 9.264659050000091, 41.502875067000048 ], [ 9.276215040000068, 41.499416408000059 ], [ 9.279144727000073, 41.49164459800005 ], [ 9.27475019600007, 41.482855536000045 ], [ 9.264659050000091, 41.476141669000071 ], [ 9.27084394600007, 41.468736070000034 ], [ 9.25521894600007, 41.463609117000033 ], [ 9.228037957000083, 41.450018622000073 ], [ 9.21070397200009, 41.448228257000039 ], [ 9.21070397200009, 41.44086334800005 ], [ 9.22006269600007, 41.435044664000088 ], [ 9.223317905000044, 41.427313544000071 ], [ 9.219981316000087, 41.419623114000046 ], [ 9.21070397200009, 41.41351959800005 ], [ 9.21070397200009, 41.407294012000079 ], [ 9.22201582100007, 41.410956122000073 ], [ 9.23796634200005, 41.422267971000053 ], [ 9.250336134000065, 41.427801825000074 ], [ 9.246592644000089, 41.412909247000073 ], [ 9.238780144000089, 41.395900783000059 ], [ 9.23015384200005, 41.380926825000074 ], [ 9.223155144000089, 41.37250397300005 ], [ 9.20671634200005, 41.365912177000041 ], [ 9.193858269000089, 41.369126695000034 ], [ 9.169118686000047, 41.38617584800005 ], [ 9.153330925000091, 41.391343492000033 ], [ 9.122243686000047, 41.394964911000045 ], [ 9.096446160000085, 41.403509833000044 ], [ 9.107269727000073, 41.429266669000071 ], [ 9.112152540000068, 41.432562567000048 ], [ 9.121348504000082, 41.434637762000079 ], [ 9.10515384200005, 41.445502020000049 ], [ 9.080902540000068, 41.453192450000074 ], [ 9.066579623000052, 41.461900132000039 ], [ 9.07984459700009, 41.476141669000071 ], [ 9.07984459700009, 41.482367255000042 ], [ 9.068207227000073, 41.479478257000039 ], [ 9.03874759200005, 41.461900132000039 ], [ 9.031993035000085, 41.468736070000034 ], [ 9.034190300000091, 41.470892645000049 ], [ 9.035411004000082, 41.471625067000048 ], [ 9.036631707000083, 41.472845770000049 ], [ 9.03874759200005, 41.476141669000071 ], [ 9.028086785000085, 41.473822333000044 ], [ 9.024099155000044, 41.47211334800005 ], [ 9.018321160000085, 41.468736070000034 ], [ 9.01148522200009, 41.476141669000071 ], [ 9.000987175000091, 41.48305898600006 ], [ 8.975596550000091, 41.489081122000073 ], [ 8.951019727000073, 41.491888739000046 ], [ 8.935720248000052, 41.489203192000048 ], [ 8.924815300000091, 41.494940497000073 ], [ 8.916758660000085, 41.501654364000046 ], [ 8.906911655000044, 41.507310289000088 ], [ 8.883636915000068, 41.51117584800005 ], [ 8.881114129000082, 41.514837958000044 ], [ 8.879161004000082, 41.519354559000078 ], [ 8.873708530000044, 41.523382880000042 ], [ 8.864268425000091, 41.525336005000042 ], [ 8.856293165000068, 41.525336005000042 ], [ 8.848399285000085, 41.526109117000033 ], [ 8.83961022200009, 41.530829169000071 ], [ 8.85328209700009, 41.537665106000077 ], [ 8.85328209700009, 41.543850002000056 ], [ 8.840586785000085, 41.547267971000053 ], [ 8.83334394600007, 41.550726630000042 ], [ 8.82390384200005, 41.549953518000052 ], [ 8.80990644600007, 41.552679755000042 ], [ 8.797211134000065, 41.557074286000045 ], [ 8.791758660000085, 41.561224677000041 ], [ 8.796397332000083, 41.580552476000037 ], [ 8.793223504000082, 41.587307033000059 ], [ 8.778086785000085, 41.591620184000078 ], [ 8.785411004000082, 41.604681708000044 ], [ 8.792002800000091, 41.625148830000057 ], [ 8.801768425000091, 41.639064846000053 ], [ 8.819021030000044, 41.632635809000078 ], [ 8.872569207000083, 41.651068427000041 ], [ 8.881114129000082, 41.657131252000056 ], [ 8.885752800000091, 41.670884507000039 ], [ 8.896983269000089, 41.677923895000049 ], [ 8.910655144000089, 41.683823960000041 ], [ 8.922699415000068, 41.694647528000075 ], [ 8.899180535000085, 41.695461330000057 ], [ 8.836436394000089, 41.708929755000042 ], [ 8.812347852000073, 41.70929596600007 ], [ 8.78882897200009, 41.712551174000055 ], [ 8.776133660000085, 41.722398179000038 ], [ 8.78492272200009, 41.74249909100007 ], [ 8.760101759000065, 41.742661851000037 ], [ 8.719086134000065, 41.730698960000041 ], [ 8.695567254000082, 41.729437567000048 ], [ 8.698090040000068, 41.73305898600006 ], [ 8.702972852000073, 41.74249909100007 ], [ 8.688731316000087, 41.741766669000071 ], [ 8.677989129000082, 41.744086005000042 ], [ 8.667979363000086, 41.74750397300005 ], [ 8.655121290000068, 41.749904690000051 ], [ 8.668223504000082, 41.754868882000039 ], [ 8.696299675000091, 41.758205471000053 ], [ 8.709157748000052, 41.763576565000051 ], [ 8.717539910000085, 41.772040106000077 ], [ 8.72201582100007, 41.782416083000044 ], [ 8.720225457000083, 41.791693427000041 ], [ 8.709157748000052, 41.797064520000049 ], [ 8.709157748000052, 41.804510809000078 ], [ 8.731944207000083, 41.804592190000051 ], [ 8.752289259000065, 41.809800523000035 ], [ 8.78492272200009, 41.824408270000049 ], [ 8.780039910000085, 41.833929755000042 ], [ 8.772308790000068, 41.840399481000077 ], [ 8.762380405000044, 41.844142971000053 ], [ 8.750824415000068, 41.845526434000078 ], [ 8.783702019000089, 41.853583075000074 ], [ 8.791758660000085, 41.859116929000038 ], [ 8.789317254000082, 41.861314195000034 ], [ 8.785817905000044, 41.867987372000073 ], [ 8.781748894000089, 41.87368398600006 ], [ 8.778086785000085, 41.872788804000038 ], [ 8.790049675000091, 41.886948960000041 ], [ 8.791758660000085, 41.887111721000053 ], [ 8.79460696700005, 41.892157294000071 ], [ 8.803396030000044, 41.900539455000057 ], [ 8.805430535000085, 41.906927802000041 ], [ 8.803070509000065, 41.907456773000035 ], [ 8.791758660000085, 41.913763739000046 ], [ 8.785980665000068, 41.922837632000039 ], [ 8.781423373000052, 41.928778387000079 ], [ 8.77507571700005, 41.932318427000041 ], [ 8.764414910000085, 41.934271552000041 ], [ 8.744395379000082, 41.932806708000044 ], [ 8.71029707100007, 41.918768622000073 ], [ 8.688731316000087, 41.913763739000046 ], [ 8.647634311000047, 41.911810614000046 ], [ 8.629893425000091, 41.908636786000045 ], [ 8.614268425000091, 41.900783596000053 ], [ 8.607269727000073, 41.913763739000046 ], [ 8.618662957000083, 41.930487372000073 ], [ 8.614431186000047, 41.944077867000033 ], [ 8.586273634000065, 41.968980210000041 ], [ 8.635508660000085, 41.972642320000034 ], [ 8.655039910000085, 41.978705145000049 ], [ 8.668793165000068, 41.996323960000041 ], [ 8.656097852000073, 42.002875067000048 ], [ 8.664561394000089, 42.014471747000073 ], [ 8.684336785000085, 42.025580145000049 ], [ 8.706065300000091, 42.030462958000044 ], [ 8.711273634000065, 42.033270575000074 ], [ 8.73804772200009, 42.043931382000039 ], [ 8.743418816000087, 42.044134833000044 ], [ 8.744965040000068, 42.056586005000042 ], [ 8.739105665000068, 42.063421942000048 ], [ 8.723480665000068, 42.072088934000078 ], [ 8.706228061000047, 42.100490627000056 ], [ 8.699229363000086, 42.109320380000042 ], [ 8.68881269600007, 42.111151434000078 ], [ 8.660899285000085, 42.105454820000034 ], [ 8.655121290000068, 42.109320380000042 ], [ 8.647715691000087, 42.122015692000048 ], [ 8.629567905000044, 42.130072333000044 ], [ 8.606700066000087, 42.133734442000048 ], [ 8.586273634000065, 42.133490302000041 ], [ 8.591075066000087, 42.14288971600007 ], [ 8.593760613000086, 42.146551825000074 ], [ 8.586273634000065, 42.151434637000079 ], [ 8.578135613000086, 42.154201565000051 ], [ 8.569102410000085, 42.154974677000041 ], [ 8.559580925000091, 42.153998114000046 ], [ 8.56967207100007, 42.155585028000075 ], [ 8.57789147200009, 42.158758856000077 ], [ 8.593760613000086, 42.167059637000079 ], [ 8.593760613000086, 42.174505927000041 ], [ 8.56576582100007, 42.174505927000041 ], [ 8.56576582100007, 42.181301174000055 ], [ 8.577647332000083, 42.184881903000075 ], [ 8.58179772200009, 42.194525458000044 ], [ 8.57781009200005, 42.204413153000075 ], [ 8.56576582100007, 42.208563544000071 ] ] ], [ [ [ -1.21939042899993, 45.943915106000077 ], [ -1.224354620999918, 45.935044664000088 ], [ -1.213937954999949, 45.92804596600007 ], [ -1.185170050999943, 45.915961005000042 ], [ -1.177723761999914, 45.906927802000041 ], [ -1.17609615799995, 45.89874909100007 ], [ -1.184193488999938, 45.856350002000056 ], [ -1.194569464999915, 45.830064195000034 ], [ -1.20921790299991, 45.814154364000046 ], [ -1.22687740799995, 45.81976959800005 ], [ -1.241200324999909, 45.854559637000079 ], [ -1.249419725999928, 45.867743231000077 ], [ -1.260365363999938, 45.881822007000039 ], [ -1.31899980399993, 45.928127346000053 ], [ -1.34015865799995, 45.938666083000044 ], [ -1.361724412999934, 45.956732489000046 ], [ -1.378325975999928, 45.975978908000059 ], [ -1.373890753999945, 45.984930731000077 ], [ -1.371652798999946, 45.995306708000044 ], [ -1.382923956999946, 46.018500067000048 ], [ -1.40493730399993, 46.053168036000045 ], [ -1.373890753999945, 46.05023834800005 ], [ -1.339914516999954, 46.037827867000033 ], [ -1.308705206999946, 46.020249742000033 ], [ -1.285145636999914, 46.001654364000046 ], [ -1.273833787999934, 45.997626044000071 ], [ -1.261219855999911, 46.000677802000041 ], [ -1.247629360999952, 46.001776434000078 ], [ -1.233631964999915, 45.991685289000088 ], [ -1.229562954999949, 45.979234117000033 ], [ -1.231190558999913, 45.967922268000052 ], [ -1.230458136999914, 45.958197333000044 ], [ -1.21939042899993, 45.950751044000071 ], [ -1.21939042899993, 45.943915106000077 ] ] ], [ [ [ -1.281402147999927, 46.156195380000042 ], [ -1.286284959999932, 46.160101630000042 ], [ -1.290679490999935, 46.161322333000044 ], [ -1.336089647999927, 46.167222398000035 ], [ -1.432850714999915, 46.210842190000051 ], [ -1.48892167899993, 46.203355210000041 ], [ -1.504261847999942, 46.20766836100006 ], [ -1.544829881999931, 46.239894924000055 ], [ -1.555816209999932, 46.24555084800005 ], [ -1.555816209999932, 46.251776434000078 ], [ -1.498117641999954, 46.261908270000049 ], [ -1.480091925999943, 46.25922272300005 ], [ -1.472727016999954, 46.255275783000059 ], [ -1.467884894999941, 46.249904690000051 ], [ -1.46743730399993, 46.243963934000078 ], [ -1.473866339999915, 46.238104559000078 ], [ -1.497710740999935, 46.245184637000079 ], [ -1.507964647999927, 46.24555084800005 ], [ -1.49054928299995, 46.224432684000078 ], [ -1.464182094999956, 46.22492096600007 ], [ -1.435454881999931, 46.23383209800005 ], [ -1.411122199999909, 46.238104559000078 ], [ -1.411122199999909, 46.231268622000073 ], [ -1.425363735999952, 46.231268622000073 ], [ -1.425363735999952, 46.223822333000044 ], [ -1.408762173999946, 46.218247789000088 ], [ -1.308094855999911, 46.206935940000051 ], [ -1.284738735999952, 46.196437893000052 ], [ -1.265736456999946, 46.180975653000075 ], [ -1.25413977799991, 46.16242096600007 ], [ -1.263417120999918, 46.161851304000038 ], [ -1.270863410999937, 46.160223700000074 ], [ -1.281402147999927, 46.156195380000042 ] ] ], [ [ [ -2.337228969999956, 46.731594143000052 ], [ -2.298207160999937, 46.72016022300005 ], [ -2.279693162999934, 46.710272528000075 ], [ -2.268950975999928, 46.697414455000057 ], [ -2.291371222999942, 46.703599351000037 ], [ -2.37140865799995, 46.704291083000044 ], [ -2.382923956999946, 46.722642320000034 ], [ -2.375152147999927, 46.731634833000044 ], [ -2.356800910999937, 46.733791408000059 ], [ -2.337228969999956, 46.731594143000052 ] ] ], [ [ [ -2.200103318999936, 46.985419012000079 ], [ -2.189808722999942, 46.977240302000041 ], [ -2.155751105999911, 46.964911200000074 ], [ -2.14484615799995, 46.957464911000045 ], [ -2.140044725999928, 46.943426825000074 ], [ -2.137684699999909, 46.923163153000075 ], [ -2.142567511999914, 46.909857489000046 ], [ -2.159087693999936, 46.916489976000037 ], [ -2.173695441999939, 46.939154364000046 ], [ -2.194813605999911, 46.961859442000048 ], [ -2.220204230999911, 46.973863023000035 ], [ -2.247303839999915, 46.96430084800005 ], [ -2.263172980999911, 46.979803778000075 ], [ -2.278675910999937, 47.018133856000077 ], [ -2.295643683999913, 47.033189195000034 ], [ -2.23859615799995, 47.035345770000049 ], [ -2.220448370999918, 47.033189195000034 ], [ -2.200021938999953, 47.024359442000048 ], [ -2.197417772999927, 47.013006903000075 ], [ -2.201324022999927, 46.999741929000038 ], [ -2.200103318999936, 46.985419012000079 ] ] ], [ [ [ -3.114654100999928, 47.33148834800005 ], [ -3.102691209999932, 47.327337958000044 ], [ -3.072743292999917, 47.328314520000049 ], [ -3.06281490799995, 47.32062409100007 ], [ -3.067005988999938, 47.301947333000044 ], [ -3.093617316999939, 47.296616929000038 ], [ -3.171701626999948, 47.301581122000073 ], [ -3.223459438999953, 47.312160549000055 ], [ -3.240956183999913, 47.32062409100007 ], [ -3.237619594999956, 47.336371161000045 ], [ -3.245350714999915, 47.352850653000075 ], [ -3.25617428299995, 47.368801174000055 ], [ -3.262074347999942, 47.383246161000045 ], [ -3.253651495999918, 47.388861395000049 ], [ -3.249623175999943, 47.395209052000041 ], [ -3.242990688999953, 47.395331122000073 ], [ -3.234120245999918, 47.389553127000056 ], [ -3.221506313999953, 47.387518622000073 ], [ -3.176503058999913, 47.371486721000053 ], [ -3.151600714999915, 47.358140367000033 ], [ -3.148793097999942, 47.355373440000051 ], [ -3.114654100999928, 47.33148834800005 ] ] ], [ [ [ -5.050282355999911, 48.47882721600007 ], [ -5.048166469999956, 48.476507880000042 ], [ -5.046254035999937, 48.473822333000044 ], [ -5.042958136999914, 48.471991278000075 ], [ -5.036610480999911, 48.472601630000042 ], [ -5.036610480999911, 48.46515534100007 ], [ -5.087961391999954, 48.447211005000042 ], [ -5.105539516999954, 48.444647528000075 ], [ -5.105539516999954, 48.45148346600007 ], [ -5.102162238999938, 48.451849677000041 ], [ -5.095122850999928, 48.451117255000042 ], [ -5.091867641999954, 48.45148346600007 ], [ -5.097767706999946, 48.461330471000053 ], [ -5.107411261999914, 48.463364976000037 ], [ -5.132801886999914, 48.458319403000075 ], [ -5.132801886999914, 48.46515534100007 ], [ -5.091786261999914, 48.48078034100007 ], [ -5.06899980399993, 48.485052802000041 ], [ -5.050282355999911, 48.47882721600007 ] ] ], [ [ [ -61.624663865999935, 15.871242580000057 ], [ -61.621083136999914, 15.867743231000077 ], [ -61.616078253999945, 15.860052802000041 ], [ -61.618804490999935, 15.85228099200009 ], [ -61.627552863999938, 15.846991278000075 ], [ -61.638335740999935, 15.853216864000046 ], [ -61.634592251999948, 15.866156317000048 ], [ -61.624663865999935, 15.871242580000057 ] ] ], [ [ [ -61.566477016999954, 15.87836334800005 ], [ -61.566029425999943, 15.876776434000078 ], [ -61.565012173999946, 15.874416408000059 ], [ -61.57054602799991, 15.869614976000037 ], [ -61.582183397999927, 15.861802476000037 ], [ -61.592640753999945, 15.858384507000039 ], [ -61.595692511999914, 15.862860419000071 ], [ -61.59048417899993, 15.867580471000053 ], [ -61.585113084999932, 15.870672919000071 ], [ -61.579945441999939, 15.880804755000042 ], [ -61.573882615999935, 15.883368231000077 ], [ -61.567982550999943, 15.881048895000049 ], [ -61.566477016999954, 15.87836334800005 ] ] ], [ [ [ 6.235036655000044, 43.022406317000048 ], [ 6.241884786000071, 43.025649718000068 ], [ 6.251004127000044, 43.017296825000074 ], [ 6.252208826000071, 43.002632198000072 ], [ 6.23023522200009, 42.995347398000035 ], [ 6.21648196700005, 42.990383205000057 ], [ 6.20248457100007, 42.987127997000073 ], [ 6.190114780000044, 42.990179755000042 ], [ 6.166188998000052, 42.999660549000055 ], [ 6.164724155000044, 43.005072333000044 ], [ 6.17514082100007, 43.008978583000044 ], [ 6.202972852000073, 43.008002020000049 ], [ 6.211599155000044, 43.011623440000051 ], [ 6.215017123000052, 43.014715887000079 ], [ 6.218272332000083, 43.015448309000078 ], [ 6.221039259000065, 43.014960028000075 ], [ 6.233393453000076, 43.015581543000053 ], [ 6.235036655000044, 43.022406317000048 ] ] ] ] } },
{ "type": "Feature", "properties": { "NAME": "Germany", "ISO_A2": "DE", "ISO_A3": "DEU" }, "geometry": { "type": "MultiPolygon", "coordinates": [ [ [ [ 13.815724731000074, 48.766430156000055 ], [ 13.785855754000067, 48.724778951000033 ], [ 13.783581991000062, 48.715270488000058 ], [ 13.788749634000055, 48.71651072300007 ], [ 13.799394979000056, 48.702609762000108 ], [ 13.804355916000105, 48.69956085200009 ], [ 13.816861612000082, 48.695581767000093 ], [ 13.803529093000066, 48.687158508000024 ], [ 13.800945272000064, 48.675221253000061 ], [ 13.806216268000099, 48.642923483000075 ], [ 13.805492798000103, 48.626128642000126 ], [ 13.802392211000068, 48.611710918000099 ], [ 13.796191040000082, 48.598585104000037 ], [ 13.779034464000119, 48.57393544600005 ], [ 13.774280233000127, 48.569207052000067 ], [ 13.766012003000071, 48.563755188000087 ], [ 13.758053833000105, 48.561481425000053 ], [ 13.737279907000072, 48.559259339000064 ], [ 13.733869263000145, 48.559776103 ], [ 13.72539432800005, 48.548381450000093 ], [ 13.716505981000125, 48.521690572000054 ], [ 13.714335571000049, 48.523215027000063 ], [ 13.673356160000111, 48.535488180000087 ], [ 13.658059936000143, 48.551094463000041 ], [ 13.641833537000139, 48.559104309000119 ], [ 13.624366902000105, 48.565357158000026 ], [ 13.520703979000132, 48.58458079100005 ], [ 13.487217652000112, 48.58158355700003 ], [ 13.454558146000068, 48.57344451900012 ], [ 13.445566447000118, 48.567915141000114 ], [ 13.440088745000111, 48.560964661000028 ], [ 13.440708862000093, 48.557347311000044 ], [ 13.443706095000096, 48.552851461000031 ], [ 13.447736857000109, 48.534816386000031 ], [ 13.457038615000045, 48.5251787320001 ], [ 13.459209025000121, 48.516393738000019 ], [ 13.456418498000062, 48.506652731000074 ], [ 13.442982625000099, 48.487713319000122 ], [ 13.438228394000106, 48.478540752000029 ], [ 13.436368042000112, 48.469238994000094 ], [ 13.438228394000106, 48.440997824000121 ], [ 13.436161336000055, 48.430585022000102 ], [ 13.431717163000144, 48.423712057000031 ], [ 13.427169637000105, 48.418544413000021 ], [ 13.425205932000068, 48.413376770000028 ], [ 13.41952152500005, 48.392163595000071 ], [ 13.405568888000062, 48.37658315100002 ], [ 13.307797079000068, 48.319635722000058 ], [ 13.274207397000055, 48.307104187000036 ], [ 13.136438029000118, 48.291058655000072 ], [ 13.032775106000145, 48.26356679300001 ], [ 13.01665205900008, 48.255892843000126 ], [ 12.979445027000054, 48.232018332000038 ], [ 12.947198934000113, 48.22000356100007 ], [ 12.931696004000088, 48.211631979000103 ], [ 12.933039591000068, 48.209254863000055 ], [ 12.877642456000103, 48.202046001 ], [ 12.862552938000107, 48.196645813000046 ], [ 12.853457886000029, 48.189979553000015 ], [ 12.835164429000145, 48.170704244 ], [ 12.822141968000039, 48.160679017000049 ], [ 12.782351115000012, 48.142023825000095 ], [ 12.778320353000112, 48.138716533 ], [ 12.764057658000127, 48.123756205000021 ], [ 12.75795983900008, 48.121895854000016 ], [ 12.751448608000118, 48.122102560000073 ], [ 12.745040731000074, 48.12062978200008 ], [ 12.738942912000113, 48.113446757000034 ], [ 12.736979207000076, 48.099959209000062 ], [ 12.742043498000072, 48.086781718000069 ], [ 12.750931844000064, 48.07474111 ], [ 12.760233602000113, 48.064870911000028 ], [ 12.830616903000134, 48.015468242000011 ], [ 12.845603068000088, 47.993144023000056 ], [ 12.84824627100005, 47.98238892000002 ], [ 12.848600301000118, 47.980948385000019 ], [ 12.853974650000083, 47.970483907000087 ], [ 12.862036173000149, 47.962551575000035 ], [ 12.88601403800007, 47.952888082000086 ], [ 12.906167847000063, 47.938909607000099 ], [ 12.914229370000044, 47.935989889000027 ], [ 12.931075887000105, 47.924879456 ], [ 12.964975626000125, 47.871962790000012 ], [ 12.986576375000112, 47.850258688000011 ], [ 12.99122725400008, 47.847106426000053 ], [ 12.926735067000038, 47.777394918000127 ], [ 12.921257365000145, 47.769540101000089 ], [ 12.91929366100004, 47.763183899000055 ], [ 12.918983602000139, 47.756776022000011 ], [ 12.917226603000074, 47.75016143800012 ], [ 12.910818726000116, 47.743081767 ], [ 12.910612019000069, 47.742926738000065 ], [ 12.892008504000103, 47.723548076 ], [ 12.90833825600015, 47.712360129000061 ], [ 12.964045451000089, 47.705357971000055 ], [ 12.979031616000043, 47.707089132000121 ], [ 13.004353068000029, 47.714608053000049 ], [ 13.019855998000139, 47.712928569 ], [ 13.032258341000102, 47.706624044000094 ], [ 13.044557332000068, 47.696572978000049 ], [ 13.064091024000078, 47.673990377000038 ], [ 13.072049194000044, 47.659469299000065 ], [ 13.074839722000092, 47.646653545 ], [ 13.07421960400012, 47.634509583000082 ], [ 13.072049194000044, 47.622417298000116 ], [ 13.069568725000067, 47.620246887000022 ], [ 13.057683146000016, 47.600428976000032 ], [ 13.057063029000062, 47.597664286000096 ], [ 13.040939982000083, 47.583349915 ], [ 13.038252807000049, 47.584021709000083 ], [ 13.039079631000078, 47.561335755000115 ], [ 13.041250041000069, 47.561904196000071 ], [ 13.040113159000043, 47.560457255000088 ], [ 13.030604696000069, 47.544256694000083 ], [ 13.028124227000092, 47.541647034000064 ], [ 13.028124227000092, 47.524232077000036 ], [ 13.028951050000103, 47.51803090500006 ], [ 13.031224812000119, 47.512553203000053 ], [ 13.034428751000092, 47.507437236000058 ], [ 13.037012573000112, 47.501365255000039 ], [ 13.03732263100008, 47.49304535000006 ], [ 13.008797241000138, 47.470101014000122 ], [ 13.001872599000052, 47.466018576000025 ], [ 12.991123901000037, 47.465682679000039 ], [ 12.984922729000061, 47.468266500000126 ], [ 12.979341674000125, 47.472245586000028 ], [ 12.969729858000022, 47.475733745000056 ], [ 12.959291219000079, 47.475527039 ], [ 12.951022990000126, 47.472478130000084 ], [ 12.942548055000145, 47.470488587000048 ], [ 12.931592651000074, 47.473511658000049 ], [ 12.882603393000068, 47.498574728000065 ], [ 12.83692142700005, 47.53265533500003 ], [ 12.828446492000126, 47.537254538000084 ], [ 12.81904138100009, 47.5395283000001 ], [ 12.803641805000098, 47.541336975 ], [ 12.778940470000094, 47.55482452400004 ], [ 12.773669474000144, 47.579500021000044 ], [ 12.785865112000067, 47.602676901000038 ], [ 12.81315026900009, 47.611823629000028 ], [ 12.793306518000094, 47.62479441300006 ], [ 12.767364950000058, 47.636369935000104 ], [ 12.751655314000061, 47.649392396000039 ], [ 12.761990600000075, 47.666859029000094 ], [ 12.744834025000017, 47.665360413000073 ], [ 12.688713419000067, 47.675127259000035 ], [ 12.653056681000095, 47.675127259000035 ], [ 12.617399943000095, 47.66933949800007 ], [ 12.59838301500011, 47.662879944000011 ], [ 12.563374919000069, 47.641761370000054 ], [ 12.553837931000118, 47.636008199000102 ], [ 12.538231649000096, 47.63133148200005 ], [ 12.517147664000049, 47.628540955000076 ], [ 12.496580444000074, 47.628902690000061 ], [ 12.482524454000043, 47.633579407000056 ], [ 12.45275883000005, 47.649754130000034 ], [ 12.44469730600008, 47.656291199000023 ], [ 12.439219604000073, 47.664481914000035 ], [ 12.428780965000044, 47.685798442000035 ], [ 12.424130086000076, 47.691560365 ], [ 12.407696980000111, 47.693730774000088 ], [ 12.368422892000041, 47.683550517000029 ], [ 12.35147302300004, 47.681690166000024 ], [ 12.293698771000038, 47.690010071000088 ], [ 12.271891317000012, 47.687891337000011 ], [ 12.249567098000057, 47.680010682000059 ], [ 12.238715047000113, 47.678899639000051 ], [ 12.22879317200011, 47.684868266000066 ], [ 12.223315470000017, 47.695901184000078 ], [ 12.226622762000119, 47.702877502000078 ], [ 12.233030639000049, 47.7088719690001 ], [ 12.236544637000122, 47.71677846300004 ], [ 12.239128459000113, 47.727449646000039 ], [ 12.242229044000055, 47.732023011000095 ], [ 12.239748576000096, 47.73168711400011 ], [ 12.22517582200004, 47.727372132000127 ], [ 12.216494181000058, 47.723703105000126 ], [ 12.192412964000113, 47.710163880000053 ], [ 12.176599976000119, 47.705823059000082 ], [ 12.178563680000053, 47.697658183000058 ], [ 12.181767619000112, 47.692128805000053 ], [ 12.189105672000039, 47.685565898000064 ], [ 12.197270549000052, 47.680088196000085 ], [ 12.202334839000116, 47.677788595000052 ], [ 12.20512536600009, 47.672285055000074 ], [ 12.206779012000112, 47.645568339000093 ], [ 12.205745483000044, 47.636214905000074 ], [ 12.202128133000144, 47.629832866000029 ], [ 12.173602742000099, 47.605079855 ], [ 12.165644572000133, 47.603968811000087 ], [ 11.935891154000018, 47.610738424000047 ], [ 11.851968627000105, 47.599162903 ], [ 11.840703166000054, 47.594615377000068 ], [ 11.830677938000122, 47.57761383100005 ], [ 11.820342651000118, 47.575288391000115 ], [ 11.764015340000128, 47.583117371000029 ], [ 11.682573283000096, 47.583349915 ], [ 11.63895837400014, 47.589241028000103 ], [ 11.620458211000113, 47.589654440000018 ], [ 11.6170475670001, 47.58676056000003 ], [ 11.589142293000094, 47.570379131000081 ], [ 11.58232100400005, 47.559785462 ], [ 11.574466186000109, 47.53663442 ], [ 11.569401896000045, 47.527384339 ], [ 11.551211792000089, 47.513690084000061 ], [ 11.529507690000116, 47.507850648000087 ], [ 11.482585490000048, 47.502579651000062 ], [ 11.459951212000107, 47.507437236000058 ], [ 11.435353231000107, 47.509710999000092 ], [ 11.412615600000038, 47.506093648 ], [ 11.36548669400014, 47.469325867000023 ], [ 11.377785685000077, 47.467052104000103 ], [ 11.388637736000135, 47.462220357 ], [ 11.392461792000063, 47.454778951000051 ], [ 11.383883504000039, 47.444857076000076 ], [ 11.36765710500012, 47.440128683000083 ], [ 11.324248901000118, 47.439431051 ], [ 11.305645385000076, 47.435400290000089 ], [ 11.286318400000113, 47.423204651000091 ], [ 11.273089233000121, 47.411112366000097 ], [ 11.258826538000051, 47.400725403000067 ], [ 11.237019083000121, 47.393955790000049 ], [ 11.213041219000019, 47.395816142000044 ], [ 11.215211629000095, 47.422997945000034 ], [ 11.193817587000098, 47.42894073500004 ], [ 11.168599487000051, 47.424264018000073 ], [ 11.103280477000084, 47.393568218000027 ], [ 11.083746785000102, 47.389511618000128 ], [ 10.979463745000146, 47.390545146000093 ], [ 10.965511108000072, 47.396074524000099 ], [ 10.955279175000072, 47.409613750000076 ], [ 10.95765629100012, 47.409717103000034 ], [ 10.960860229000104, 47.414316305000071 ], [ 10.96313399200011, 47.421240947000044 ], [ 10.962823934000141, 47.427958883000073 ], [ 10.959826701000111, 47.432506409000027 ], [ 10.909907267000051, 47.468989970000038 ], [ 10.858437540000068, 47.485164693000016 ], [ 10.851616252000014, 47.493097026000086 ], [ 10.883862346000086, 47.508005676000025 ], [ 10.892233928000053, 47.514878643000102 ], [ 10.86928959100004, 47.526583354000067 ], [ 10.858644247000115, 47.530665792 ], [ 10.844794962000066, 47.531311747000061 ], [ 10.830635620000123, 47.528572896000114 ], [ 10.79032800300007, 47.516067200000023 ], [ 10.760769083000127, 47.513638407000045 ], [ 10.752190795000104, 47.515395406000025 ], [ 10.747229858000139, 47.52014963800012 ], [ 10.743922567000141, 47.525317281000028 ], [ 10.73989180500007, 47.528469544000089 ], [ 10.607910197000109, 47.562265930000066 ], [ 10.583725627000121, 47.562472636000038 ], [ 10.569876343000061, 47.555935567000049 ], [ 10.549619181000054, 47.536789450000057 ], [ 10.536906779000105, 47.529864808000056 ], [ 10.525124552000108, 47.528469544000089 ], [ 10.482543172000135, 47.532862040000069 ], [ 10.466936890000085, 47.537719625000094 ], [ 10.458772013000072, 47.541647034000064 ], [ 10.453501017000065, 47.546246236000016 ], [ 10.451744018000085, 47.55482452400004 ], [ 10.455464721000084, 47.561180726000075 ], [ 10.460322306000108, 47.565986633000065 ], [ 10.461562540000045, 47.569914043000054 ], [ 10.457118368000124, 47.579241638000084 ], [ 10.453604370000079, 47.58110199 ], [ 10.445956258000109, 47.579060771000044 ], [ 10.429213094000147, 47.577019552000067 ], [ 10.41422692900008, 47.573014628000081 ], [ 10.415673868000084, 47.564384665000048 ], [ 10.424355509000122, 47.553351746000047 ], [ 10.430970093000042, 47.542163798 ], [ 10.429729858000087, 47.532913717 ], [ 10.41960127800013, 47.49304535000006 ], [ 10.433657267000058, 47.48785186800005 ], [ 10.442235555000082, 47.481392314000104 ], [ 10.447609904000046, 47.472581483000099 ], [ 10.451744018000085, 47.460204977000032 ], [ 10.451950724000113, 47.438759257000115 ], [ 10.442855672000064, 47.416280010000023 ], [ 10.428282918000093, 47.3960486860001 ], [ 10.411643107000089, 47.381036683000033 ], [ 10.403064819000036, 47.377109273000073 ], [ 10.381980835000121, 47.37212249800011 ], [ 10.371645549000107, 47.367394104000127 ], [ 10.365651082000085, 47.361115418000011 ], [ 10.343430216000058, 47.330755514000074 ], [ 10.325446818000046, 47.314322409000098 ], [ 10.305913126000064, 47.302178447000088 ], [ 10.2611613360001, 47.283497416000031 ], [ 10.239353882000074, 47.277735494000055 ], [ 10.17495085000013, 47.27237555400005 ], [ 10.159875529000061, 47.271120911000068 ], [ 10.155431355000076, 47.27287790900003 ], [ 10.15946211800005, 47.279130758000051 ], [ 10.168660522000067, 47.290422058 ], [ 10.172691284000052, 47.292308248000026 ], [ 10.185920451000129, 47.29499542300006 ], [ 10.190778036000069, 47.298251038000032 ], [ 10.193258504000141, 47.304917298000035 ], [ 10.192741739000098, 47.310911764000068 ], [ 10.190467977000083, 47.317474671000056 ], [ 10.208554729000099, 47.354474996000093 ], [ 10.209278198000078, 47.372484233000094 ], [ 10.190881388000093, 47.379228008000027 ], [ 10.146956420000066, 47.373801982000074 ], [ 10.135070842000118, 47.364887797000037 ], [ 10.130833374000076, 47.362665711000048 ], [ 10.125665731000083, 47.362691549000047 ], [ 10.11533044400008, 47.366954855000088 ], [ 10.110369507000115, 47.367394104000127 ], [ 10.097243693000053, 47.363130799000075 ], [ 10.089595581000083, 47.359280904000016 ], [ 10.082877644000064, 47.359074199000062 ], [ 10.073162475000117, 47.365482076000021 ], [ 10.067788127000142, 47.375042217 ], [ 10.066857951000088, 47.385790914000026 ], [ 10.064170776000054, 47.396177878000046 ], [ 10.053215373000086, 47.404859518000094 ], [ 10.07595300300008, 47.416874288000074 ], [ 10.080603881000116, 47.427390442000032 ], [ 10.071818888000053, 47.439120993000117 ], [ 10.022622924000075, 47.487955221000064 ], [ 10.011254110000095, 47.484441224000122 ], [ 10.002365764000075, 47.479170227000097 ], [ 9.993580770000079, 47.476586406000095 ], [ 9.982625366000093, 47.481030579 ], [ 9.981075073000085, 47.486870016000083 ], [ 9.980765015000088, 47.489918925000026 ], [ 9.980765015000088, 47.492941997000045 ], [ 9.971669962000135, 47.506403707000075 ], [ 9.95916426600013, 47.514878643000102 ], [ 9.948725626000083, 47.524232077000036 ], [ 9.945935099000053, 47.540768534000037 ], [ 9.933842814000059, 47.534205628000038 ], [ 9.918753296000148, 47.532190247000088 ], [ 9.888987671000081, 47.533792216000037 ], [ 9.858911988000102, 47.541336975 ], [ 9.853847697000106, 47.540406800000127 ], [ 9.841548706000083, 47.53503245000006 ], [ 9.833487182000084, 47.534619039000049 ], [ 9.81312666900007, 47.541750387 ], [ 9.809302612000124, 47.552318217000064 ], [ 9.811266317000047, 47.564488017000073 ], [ 9.807959025000059, 47.576321920000098 ], [ 9.796280152000065, 47.584951885000024 ], [ 9.782120809000048, 47.588414205000063 ], [ 9.767134643000048, 47.587277324000056 ], [ 9.75266524200012, 47.582058004000046 ], [ 9.730857788000094, 47.564901429000074 ], [ 9.718455444000114, 47.546711324000043 ], [ 9.7039860430001, 47.531415100000075 ], [ 9.676700887000095, 47.522630107000097 ], [ 9.612622111000064, 47.521880799000101 ], [ 9.554143852000095, 47.532743111000102 ], [ 9.549886922000042, 47.533533834000067 ], [ 9.547481674000068, 47.534547102000047 ], [ 9.273211304000142, 47.650090027000047 ], [ 9.234350627000083, 47.656162008000067 ], [ 9.196936890000131, 47.656136170000067 ], [ 9.183397664000069, 47.670424704000069 ], [ 9.128103881000129, 47.670424704000069 ], [ 9.016586141000118, 47.678899639000051 ], [ 8.997672566000091, 47.673835348000082 ], [ 8.981756225000055, 47.662156474000099 ], [ 8.945376017000086, 47.654301656000072 ], [ 8.906205281000041, 47.651795349000096 ], [ 8.881710652000095, 47.656136170000067 ], [ 8.852668498000099, 47.670786438000064 ], [ 8.851935119000075, 47.671281723000092 ], [ 8.837785685000142, 47.680837504000081 ], [ 8.837682333000117, 47.687787985000071 ], [ 8.856079142000112, 47.690681864000069 ], [ 8.830240926000101, 47.70719248500005 ], [ 8.797581420000114, 47.72003407900003 ], [ 8.770709676000109, 47.720860901000052 ], [ 8.761717977000075, 47.701249695000044 ], [ 8.769882853000098, 47.695074361000067 ], [ 8.71706954000004, 47.694557597000099 ], [ 8.715105835000116, 47.701068827000071 ], [ 8.712625366000054, 47.708691101000042 ], [ 8.70466719500007, 47.715331523000046 ], [ 8.700429728000131, 47.723496399000069 ], [ 8.703737020000119, 47.730033468000059 ], [ 8.71706954000004, 47.743546855000019 ], [ 8.719756714000084, 47.747319234000045 ], [ 8.71314213000008, 47.757421977 ], [ 8.703323608000119, 47.758713887000042 ], [ 8.692264852000108, 47.757163595000023 ], [ 8.681929565000104, 47.758739726000059 ], [ 8.674488159000077, 47.7666978970001 ], [ 8.66663334200004, 47.778273417000051 ], [ 8.657021525000118, 47.788117778000029 ], [ 8.644102417000113, 47.791011658000016 ], [ 8.635007365000149, 47.784603780000069 ], [ 8.629839721000053, 47.762796326000043 ], [ 8.617437378000091, 47.757318624000064 ], [ 8.607618856000101, 47.762253723000114 ], [ 8.604104858000142, 47.774397685000011 ], [ 8.603174682000088, 47.787316793000016 ], [ 8.601624390000069, 47.794603170000087 ], [ 8.58312422700007, 47.800235901000022 ], [ 8.558216187000085, 47.801166077000076 ], [ 8.542299846000077, 47.795016581000098 ], [ 8.55160160300008, 47.779255270000121 ], [ 8.536512085000084, 47.774087626000025 ], [ 8.482665242000053, 47.766852926000055 ], [ 8.471503133000112, 47.767059632000027 ], [ 8.463648315000086, 47.763907370000069 ], [ 8.450109090000097, 47.750471497000021 ], [ 8.445458211000044, 47.74318512000012 ], [ 8.437913452000089, 47.723186341000101 ], [ 8.427268107000117, 47.716468404000054 ], [ 8.401946655000131, 47.707089132000121 ], [ 8.392128133000142, 47.699518535000053 ], [ 8.390991251000059, 47.692128805000053 ], [ 8.395228719000102, 47.684816590000068 ], [ 8.397709188000078, 47.67628997900006 ], [ 8.391301310000131, 47.665463765000098 ], [ 8.40701094500011, 47.661562195000059 ], [ 8.411971883000149, 47.661045430000016 ], [ 8.437603394000121, 47.647842102000126 ], [ 8.458273966000121, 47.639883932000046 ], [ 8.476050659000066, 47.6404006960001 ], [ 8.490830119000066, 47.645568339000093 ], [ 8.504679402000136, 47.652260437000038 ], [ 8.519665568000107, 47.657350566 ], [ 8.568241414000113, 47.662931621000027 ], [ 8.582194051000101, 47.661329651000088 ], [ 8.593588683000092, 47.658168560000021 ], [ 8.598213745000066, 47.656885478000063 ], [ 8.607308797000115, 47.656291199000023 ], [ 8.601624390000069, 47.632597555000089 ], [ 8.595113159000107, 47.634819641 ], [ 8.594493042000039, 47.640969137000056 ], [ 8.593562866000099, 47.642571106000091 ], [ 8.589222046000117, 47.642467754000066 ], [ 8.583951050000081, 47.641124166000097 ], [ 8.580333699000107, 47.639005432000019 ], [ 8.578059936000074, 47.633476054000099 ], [ 8.579713583000114, 47.628928529000078 ], [ 8.582090698000087, 47.625026957000031 ], [ 8.582504110000087, 47.621590475000076 ], [ 8.581263875000047, 47.614769186000032 ], [ 8.581780639000101, 47.607663677000104 ], [ 8.580643758000093, 47.600170594000062 ], [ 8.576305366000042, 47.595023058000052 ], [ 8.574132527000103, 47.592444967000077 ], [ 8.560696655000072, 47.58939605700003 ], [ 8.551719149000036, 47.596863329000072 ], [ 8.549637899000061, 47.598594462000037 ], [ 8.53775231900002, 47.6121336880001 ], [ 8.522352742000038, 47.621900534000062 ], [ 8.492380411000084, 47.619833476000011 ], [ 8.461787964000081, 47.606139221 ], [ 8.450109090000097, 47.589034323000035 ], [ 8.448868856000075, 47.584280091000053 ], [ 8.421100326000044, 47.5811118700001 ], [ 8.418069702000111, 47.580766094000083 ], [ 8.354094279000037, 47.581024475000063 ], [ 8.316163777000014, 47.587845764000022 ], [ 8.306345255000053, 47.592186585 ], [ 8.299317260000038, 47.60182423900001 ], [ 8.293942912000091, 47.611461894000044 ], [ 8.288568562000108, 47.6158027150001 ], [ 8.276993042000072, 47.616629537000037 ], [ 8.251051473000132, 47.622003886000087 ], [ 8.232964721000116, 47.621952210000089 ], [ 8.17901452600006, 47.6158027150001 ], [ 8.173846883000067, 47.613528951 ], [ 8.168885946000103, 47.608645528000082 ], [ 8.162064656000041, 47.603762105000058 ], [ 8.143771199000071, 47.600067241000048 ], [ 8.122067098000088, 47.592134908000091 ], [ 8.113902221000075, 47.587845764000022 ], [ 8.105427286000065, 47.581257019000034 ], [ 8.101396525000069, 47.576192729000056 ], [ 8.096952351000141, 47.571851909000074 ], [ 8.087237182000109, 47.567381897000061 ], [ 8.042278686000088, 47.560560608000102 ], [ 7.91215743000015, 47.560560608000102 ], [ 7.909470256000105, 47.564798076000059 ], [ 7.907506551000097, 47.574177348000021 ], [ 7.904302613000112, 47.583556621000056 ], [ 7.898204794000065, 47.587845764000022 ], [ 7.83371260600012, 47.590481263000029 ], [ 7.819656616000117, 47.595338847000065 ], [ 7.801466512000076, 47.576089376000127 ], [ 7.78555017100004, 47.56319610600012 ], [ 7.766739949000055, 47.555961406000065 ], [ 7.727320447000125, 47.550422624000063 ], [ 7.683437540000114, 47.544256694000083 ], [ 7.661423380000116, 47.546246236000016 ], [ 7.64690103500007, 47.551445236000049 ], [ 7.609746948000094, 47.564746399000043 ], [ 7.612337281000094, 47.564731041000115 ], [ 7.635895223000091, 47.564591370000088 ], [ 7.646540568000091, 47.571541850000088 ], [ 7.65966638200004, 47.596579082000076 ], [ 7.637032104000099, 47.594977112000052 ], [ 7.586028488000125, 47.584618544000065 ], [ 7.590109904000144, 47.594822083000011 ], [ 7.592487020000078, 47.598413595000082 ], [ 7.590316609000098, 47.607947896000084 ], [ 7.58504561400008, 47.613167216000093 ], [ 7.578637735000115, 47.616939596000023 ], [ 7.5726432700001, 47.622003886000087 ], [ 7.550112345000088, 47.652441305000067 ], [ 7.536573120000099, 47.665205384000032 ], [ 7.521793660000071, 47.670424704000069 ], [ 7.517866251000015, 47.675023906000021 ], [ 7.514662312000041, 47.685798442000035 ], [ 7.511871785000096, 47.707321676000092 ], [ 7.515385783000056, 47.713316142000011 ], [ 7.531922241000132, 47.725201722000051 ], [ 7.537813355000139, 47.731816304000048 ], [ 7.538330119000079, 47.748146057000085 ], [ 7.525927775000099, 47.783156840000075 ], [ 7.528614949000143, 47.797031963000066 ], [ 7.542877645000118, 47.829433086000066 ], [ 7.548458699000122, 47.834238993000056 ], [ 7.561997925000099, 47.839225769000038 ], [ 7.564168334000101, 47.850413717000052 ], [ 7.55900069100008, 47.869017233000122 ], [ 7.559207397000137, 47.873461405000015 ], [ 7.558380575000115, 47.875993551000093 ], [ 7.557863810000072, 47.878525697 ], [ 7.55900069100008, 47.882711488000027 ], [ 7.561997925000099, 47.887052307000019 ], [ 7.568612508000115, 47.891367290000076 ], [ 7.5726432700001, 47.896302389000127 ], [ 7.578947795000119, 47.906327617000059 ], [ 7.580808146000038, 47.910797628000054 ], [ 7.579567911000083, 47.927049866000075 ], [ 7.584942261000037, 47.940408224000109 ], [ 7.611607300000088, 47.959399313000077 ], [ 7.621115763000063, 47.971439922000044 ], [ 7.618945353000072, 48.00265248700002 ], [ 7.575743856000145, 48.053708802000088 ], [ 7.5726432700001, 48.094972433000109 ], [ 7.578947795000119, 48.114480286000017 ], [ 7.58566573000013, 48.129724833000054 ], [ 7.592900431000089, 48.138664856000091 ], [ 7.599721720000048, 48.144710999000026 ], [ 7.604786010000026, 48.152565816000063 ], [ 7.606749715000149, 48.166983541000079 ], [ 7.613364298000079, 48.179205018000104 ], [ 7.676616252000144, 48.238400371000083 ], [ 7.687158243000113, 48.252921448000038 ], [ 7.693462769000121, 48.269871318000028 ], [ 7.695529825000079, 48.290180156000062 ], [ 7.702454467000081, 48.311186625000047 ], [ 7.71857751500005, 48.319997457000042 ], [ 7.736974325000062, 48.326663717000073 ], [ 7.75072025500009, 48.341365662000058 ], [ 7.751960490000016, 48.355344137000046 ], [ 7.746896199000048, 48.36867665700008 ], [ 7.740384969000075, 48.381440736000044 ], [ 7.737181030000102, 48.393481344000023 ], [ 7.738317912000099, 48.406607158000085 ], [ 7.745655965000111, 48.433013814000063 ], [ 7.75072025500009, 48.444408468000049 ], [ 7.757644897000148, 48.453891093000024 ], [ 7.764156128000138, 48.460350648000073 ], [ 7.769220419000106, 48.47006581700002 ], [ 7.771287475000065, 48.4891085820001 ], [ 7.776455119000076, 48.498177796000064 ], [ 7.788444051000027, 48.506342672000088 ], [ 7.813455444000027, 48.519468486000036 ], [ 7.813455444000027, 48.526341451000022 ], [ 7.801673217000115, 48.547580465000081 ], [ 7.801776571000062, 48.582358704000043 ], [ 7.810251506000071, 48.615018209000098 ], [ 7.852419475000119, 48.658684794000081 ], [ 7.864098348000084, 48.664162497000049 ], [ 7.880634806000074, 48.667728170000046 ], [ 7.895931030000042, 48.676513163000024 ], [ 7.92331953900009, 48.698217265000025 ], [ 7.935205119000102, 48.70333323200002 ], [ 7.948434285000104, 48.711859844000017 ], [ 7.959182983000119, 48.72136830700002 ], [ 7.963627157000133, 48.729274801000045 ], [ 7.96486739100007, 48.748343405000028 ], [ 7.970138387000105, 48.757283427000075 ], [ 7.981507202000103, 48.759763896000052 ], [ 8.009619181000119, 48.760073954000021 ], [ 8.017267293000117, 48.761830954000104 ], [ 8.022951701000068, 48.765086569000076 ], [ 8.025122111000144, 48.770615947000081 ], [ 8.027292521000049, 48.780021058000031 ], [ 8.031943400000102, 48.785343730000093 ], [ 8.03659427900007, 48.788289287000097 ], [ 8.038764689000061, 48.790769756000074 ], [ 8.047549682000124, 48.791028137000026 ], [ 8.084239950000097, 48.804050598000075 ], [ 8.090337769000143, 48.807512920000093 ], [ 8.102740112000049, 48.821310526000062 ], [ 8.14811202000007, 48.90373443600005 ], [ 8.179324585000131, 48.942698467000056 ], [ 8.199891545000099, 48.958250331000031 ], [ 8.200305216000032, 48.958563131000048 ], [ 8.188729695000092, 48.965746155000019 ], [ 8.090441121000083, 48.979182028000068 ], [ 7.931897827000114, 49.034837546000077 ], [ 7.913811075000098, 49.036181133000056 ], [ 7.856863647000125, 49.032253723000068 ], [ 7.773664591000113, 49.048118388 ], [ 7.762605835000102, 49.04615468300004 ], [ 7.739144735000139, 49.037731425000075 ], [ 7.726949096000112, 49.035664368000099 ], [ 7.717337281000113, 49.036594544000067 ], [ 7.696149943000052, 49.041555481 ], [ 7.685091187000069, 49.042795716000043 ], [ 7.672482137000117, 49.041038717000063 ], [ 7.660803264000066, 49.037731425000075 ], [ 7.648814331000096, 49.035716045000115 ], [ 7.644938840000066, 49.036294476000094 ], [ 7.634965047000037, 49.037783101000073 ], [ 7.625663289000101, 49.043002421 ], [ 7.61594812000007, 49.055973206000019 ], [ 7.608610066000068, 49.061967672000051 ], [ 7.586389201000117, 49.069564107000119 ], [ 7.542670939000061, 49.07457672200006 ], [ 7.52086348500012, 49.083671774000052 ], [ 7.507737671000058, 49.094575501000108 ], [ 7.485103394000106, 49.11870839500007 ], [ 7.471047404000103, 49.128320212000077 ], [ 7.472804403000083, 49.131627503000075 ], [ 7.475284871000042, 49.13390126600008 ], [ 7.482726278000058, 49.137053528000038 ], [ 7.476111694000082, 49.15152292900008 ], [ 7.458024942000065, 49.155863750000051 ], [ 7.414823446000128, 49.157775778000072 ], [ 7.410482625000043, 49.168937887000098 ], [ 7.39105228700015, 49.170023092000108 ], [ 7.371633809000087, 49.166173614000101 ], [ 7.367591186000084, 49.165372213000055 ], [ 7.350951376000069, 49.159171042000068 ], [ 7.346300496000111, 49.154210104000114 ], [ 7.339065796000028, 49.139689026000056 ], [ 7.33400150600005, 49.13415964800005 ], [ 7.326456746000105, 49.131834208000029 ], [ 7.305992879000144, 49.130128887000055 ], [ 7.297104533000038, 49.12811350500003 ], [ 7.290800008000105, 49.123100892000068 ], [ 7.280258016000062, 49.108993226000038 ], [ 7.274366902000054, 49.105014140000051 ], [ 7.268062378000138, 49.105634257000119 ], [ 7.241190633000144, 49.113902486000072 ], [ 7.154994344000016, 49.114419251000086 ], [ 7.139284708000048, 49.117933248000057 ], [ 7.123575073000097, 49.123307597000021 ], [ 7.085334513000106, 49.141549378000079 ], [ 7.079856812000116, 49.142014465 ], [ 7.07076175900005, 49.136123353000087 ], [ 7.071588582000061, 49.130593974000092 ], [ 7.07479252100012, 49.125374655000073 ], [ 7.073242228000112, 49.120310364000019 ], [ 7.042546427000076, 49.107597962000042 ], [ 7.020532267000078, 49.11896677700004 ], [ 7.008956746000138, 49.146406963000075 ], [ 7.009473510000078, 49.181701965000073 ], [ 6.987872762000109, 49.182425436000088 ], [ 6.925447632000044, 49.205576477000065 ], [ 6.914388876000146, 49.206661683000064 ], [ 6.885243367000044, 49.20480133100007 ], [ 6.843488810000082, 49.211054180000062 ], [ 6.833463583000054, 49.209452210000038 ], [ 6.827675822000089, 49.195551250000037 ], [ 6.835220581000044, 49.179376526000041 ], [ 6.839044637000086, 49.162788392000053 ], [ 6.821784709000099, 49.147750550000055 ], [ 6.809072306000132, 49.145838522000034 ], [ 6.770108276000144, 49.15529530900001 ], [ 6.725563192000038, 49.155553691000065 ], [ 6.713780965000126, 49.158860982000064 ], [ 6.700965210000049, 49.172865296000069 ], [ 6.703755737000108, 49.185112610000019 ], [ 6.708820027000087, 49.197773336000054 ], [ 6.702515503000086, 49.213638001000064 ], [ 6.698484741000073, 49.213586324000048 ], [ 6.685048868000138, 49.207798564000072 ], [ 6.680604696000046, 49.207488505000086 ], [ 6.677917521000097, 49.211054180000062 ], [ 6.675953817000078, 49.218908997000099 ], [ 6.674816935000138, 49.221131084 ], [ 6.671612996000079, 49.225316875000047 ], [ 6.663758179000041, 49.243868713000083 ], [ 6.659520711000084, 49.24676259400006 ], [ 6.645671427000138, 49.250018209000032 ], [ 6.640297078000089, 49.252757060000093 ], [ 6.639160196000148, 49.256787822 ], [ 6.641227254000114, 49.266916403000025 ], [ 6.639676961000106, 49.27115387 ], [ 6.573169393000029, 49.313115133000096 ], [ 6.556426228000078, 49.326395976000086 ], [ 6.550121704000077, 49.338023173000053 ], [ 6.555599406000056, 49.347169902000033 ], [ 6.573376098000097, 49.347738343000103 ], [ 6.577716919000068, 49.355799866000083 ], [ 6.574306274000037, 49.361794332000031 ], [ 6.525730428000145, 49.395487366000069 ], [ 6.518805786000058, 49.402153626000072 ], [ 6.520769491000095, 49.4025670380001 ], [ 6.520562785000038, 49.408148092000019 ], [ 6.517875610000118, 49.416416321000057 ], [ 6.511674438000114, 49.424736226 ], [ 6.494517863000056, 49.435536601000038 ], [ 6.402740519000133, 49.465457255000089 ], [ 6.391681763000122, 49.466697490000016 ], [ 6.383516886000109, 49.46463043200005 ], [ 6.364499959000057, 49.456103821000042 ], [ 6.353854614000056, 49.454760234000062 ], [ 6.345307071000093, 49.455348652000097 ], [ 6.345379679000132, 49.462718404000029 ], [ 6.342279094000105, 49.493000794000054 ], [ 6.348808550000058, 49.525289755000117 ], [ 6.350754028000097, 49.534910381000046 ], [ 6.350754028000097, 49.566588034000048 ], [ 6.356438435000143, 49.577595113000044 ], [ 6.371527954000044, 49.592994690000026 ], [ 6.397572876000112, 49.613871969000101 ], [ 6.407701457000087, 49.627411194000089 ], [ 6.415246216000128, 49.634645894000059 ], [ 6.417933390000144, 49.63914174500006 ], [ 6.417003215000108, 49.645756327000058 ], [ 6.410905396000146, 49.64963206000003 ], [ 6.404497518000113, 49.652474264 ], [ 6.402740519000133, 49.655781555 ], [ 6.418243449000045, 49.669889222000037 ], [ 6.49172733600011, 49.700791728000027 ], [ 6.489763631000073, 49.702962138000018 ], [ 6.482942342000115, 49.708078105000098 ], [ 6.486352986000043, 49.712935690000037 ], [ 6.49100386500001, 49.71443430600003 ], [ 6.499685506000077, 49.712212219000023 ], [ 6.492554158000132, 49.718413391000112 ], [ 6.487799926000122, 49.725596416000073 ], [ 6.485526163000117, 49.733761292000068 ], [ 6.486249634000018, 49.742701315000019 ], [ 6.495964803000049, 49.748230693000025 ], [ 6.49637821400006, 49.752106425000065 ], [ 6.493691040000044, 49.756550598000061 ], [ 6.493794392000069, 49.763630268999989 ], [ 6.498548624000051, 49.785386048000092 ], [ 6.499995564000045, 49.786057841000073 ], [ 6.500098918000077, 49.794481100000084 ], [ 6.502269327000079, 49.795876363000062 ], [ 6.502579387000139, 49.795669658000108 ], [ 6.4972050370001, 49.799442038000038 ], [ 6.493277629000119, 49.799597066000061 ], [ 6.462478475000069, 49.805488180000069 ], [ 6.414522746000046, 49.805488180000069 ], [ 6.397056111000097, 49.808588766000113 ], [ 6.380106242000068, 49.815565084000113 ], [ 6.351374145000079, 49.833290100000013 ], [ 6.33442427500006, 49.8402147420001 ], [ 6.325639282000083, 49.840369772000045 ], [ 6.310653116000111, 49.834478659000055 ], [ 6.30259159400012, 49.834943747000082 ], [ 6.301558065000052, 49.838302714000079 ], [ 6.295567892000093, 49.848615692000109 ], [ 6.291532837000119, 49.855562643000084 ], [ 6.286778605000109, 49.861040345000063 ], [ 6.27220585200007, 49.867138164000025 ], [ 6.238306111000043, 49.876905009000083 ], [ 6.222699829000106, 49.887136943000044 ], [ 6.18983361800008, 49.938296611000041 ], [ 6.172677043000107, 49.956228333000027 ], [ 6.161928345000092, 49.942482402000095 ], [ 6.153970174000051, 49.951215719000075 ], [ 6.138777303000097, 49.979327698000091 ], [ 6.12151737500011, 49.996277568000025 ], [ 6.117176554000139, 50.004390768000107 ], [ 6.119967081000084, 50.015501200000031 ], [ 6.113765910000012, 50.03637848000001 ], [ 6.10725467900005, 50.044595032000032 ], [ 6.096402629000096, 50.048625794000131 ], [ 6.105704386000127, 50.060304668000086 ], [ 6.10942509000003, 50.063560283000086 ], [ 6.107151327000111, 50.06376698800004 ], [ 6.101156861000078, 50.063405254000045 ], [ 6.099399861000109, 50.064128723000053 ], [ 6.105704386000127, 50.092240702000069 ], [ 6.110561971000038, 50.105986634000018 ], [ 6.11748661300004, 50.120456035000061 ], [ 6.126581665000089, 50.127329000000103 ], [ 6.129475545000076, 50.134046937000036 ], [ 6.125961547000117, 50.140196432000025 ], [ 6.115832967000074, 50.145467428000032 ], [ 6.11800337700015, 50.150376689000083 ], [ 6.121310668000149, 50.161590475000125 ], [ 6.123171020000058, 50.164897767000028 ], [ 6.13174930800011, 50.168308411000041 ], [ 6.151696411000017, 50.169341939000034 ], [ 6.159137817000044, 50.172442526000069 ], [ 6.165132284000066, 50.181899312000056 ], [ 6.165752400000144, 50.193164775000085 ], [ 6.160171346000112, 50.20453359 ], [ 6.146838827000096, 50.214042054000075 ], [ 6.15717411300011, 50.222723694000038 ], [ 6.179808390000062, 50.233007304000026 ], [ 6.189626912000023, 50.242722473000057 ], [ 6.210400838000083, 50.249026998 ], [ 6.253395630000057, 50.256778463000089 ], [ 6.271792439000137, 50.267423808000089 ], [ 6.267348267000045, 50.276415507000124 ], [ 6.269415324000107, 50.286492412000072 ], [ 6.276029907000094, 50.296104228000061 ], [ 6.285951782000097, 50.303855692000084 ], [ 6.299491007000086, 50.308868307000054 ], [ 6.310653116000111, 50.308248190000072 ], [ 6.322021932000098, 50.305405986 ], [ 6.335457804000043, 50.303855692000084 ], [ 6.36201949000008, 50.306956279000119 ], [ 6.374525187000074, 50.31548289100003 ], [ 6.373399684000105, 50.323080035000075 ], [ 6.372458130000098, 50.32943552700003 ], [ 6.337731567000077, 50.368089498000032 ], [ 6.336387980000097, 50.379923402000045 ], [ 6.34331262200007, 50.393307597000089 ], [ 6.350443969000111, 50.416872051000084 ], [ 6.351167440000012, 50.43356353800003 ], [ 6.347343384000084, 50.436974183000061 ], [ 6.340212036000139, 50.43785268200007 ], [ 6.331633748000115, 50.446896057000046 ], [ 6.326156046000108, 50.457024638000078 ], [ 6.32326216600012, 50.466016337000028 ], [ 6.325742635000097, 50.474026184000095 ], [ 6.336904744000037, 50.481002502000095 ], [ 6.31871464000011, 50.481674296000094 ], [ 6.27540979000014, 50.488030497000025 ], [ 6.260113566000086, 50.492681376000078 ], [ 6.257839803000053, 50.494076640000074 ], [ 6.255566040000133, 50.494593404000099 ], [ 6.253085571000071, 50.494076640000074 ], [ 6.25091516100008, 50.492681376000078 ], [ 6.217118774000085, 50.486015117000065 ], [ 6.207196900000099, 50.486325175000061 ], [ 6.199238729000029, 50.490407613000073 ], [ 6.190660441000091, 50.501828105000058 ], [ 6.182598917000121, 50.506582337000069 ], [ 6.190557088000077, 50.515212301000091 ], [ 6.178878214000093, 50.515780742000047 ], [ 6.170816691000113, 50.517951152000037 ], [ 6.169473103000144, 50.522498678 ], [ 6.177327922000075, 50.530198466000073 ], [ 6.160688110000052, 50.543582663 ], [ 6.17908492000015, 50.561979472000118 ], [ 6.210607543000037, 50.578670959000036 ], [ 6.232931763000096, 50.587145894000045 ], [ 6.232931763000096, 50.590763245000048 ], [ 6.244300577000075, 50.599548239000015 ], [ 6.251328572000091, 50.608436585000035 ], [ 6.249054809000086, 50.614431051000068 ], [ 6.180015096000119, 50.615516256000049 ], [ 6.159447876000115, 50.622389222000024 ], [ 6.147769002000047, 50.636755270000023 ], [ 6.161101521000063, 50.642181296 ], [ 6.100226685000052, 50.701299134000053 ], [ 6.081003052000113, 50.713494772000089 ], [ 6.064363240000091, 50.714476624000056 ], [ 6.02477909300012, 50.707551982000055 ], [ 6.011549926000043, 50.708533835000125 ], [ 6.007622518000062, 50.716905417000092 ], [ 6.011343221000089, 50.72744740800006 ], [ 6.010826457000036, 50.737059225000067 ], [ 5.994186645000127, 50.742588603000073 ], [ 5.992739705000133, 50.744448955000095 ], [ 5.992636353000108, 50.746257630000073 ], [ 5.993256469000073, 50.74806630500008 ], [ 5.994910116000113, 50.749926656000085 ], [ 5.997080525000115, 50.762949117000019 ], [ 5.990569295000057, 50.769046936000066 ], [ 5.980647420000139, 50.773439433000064 ], [ 5.972999308000055, 50.781811015000031 ], [ 5.968761841000116, 50.794626770000022 ], [ 5.983954712000127, 50.792197978000061 ], [ 5.998320760000041, 50.800724589000069 ], [ 6.003591756000077, 50.812610169000024 ], [ 6.001421346000086, 50.821808574 ], [ 6.000491170000117, 50.830438538000053 ], [ 6.009276164000113, 50.840463765000081 ], [ 6.023022095000073, 50.845424704000024 ], [ 6.045553019000067, 50.844184469000098 ], [ 6.056715129000111, 50.852659404000079 ], [ 6.062812948000072, 50.862943014000095 ], [ 6.063123006000069, 50.870901184000061 ], [ 6.054648071000145, 50.891468404000037 ], [ 6.056508423000139, 50.898082988000041 ], [ 6.061779419000089, 50.90350901300009 ], [ 6.063743124000041, 50.907539775000018 ], [ 6.031083618000139, 50.914722799000046 ], [ 6.007519165000133, 50.924076233000093 ], [ 5.999871053000078, 50.929398906000031 ], [ 5.997287232000076, 50.937357076000112 ], [ 5.995840291000064, 50.951774801000013 ], [ 5.999664348000096, 50.960094706000078 ], [ 6.005762167000057, 50.968517965000061 ], [ 6.003695109000091, 50.973737284 ], [ 5.967831665000062, 50.970998434000037 ], [ 5.941580037000023, 50.976476135000027 ], [ 5.927730754000066, 50.977664694000069 ], [ 5.914191529000078, 50.97523590100009 ], [ 5.888249959000035, 50.967122701000093 ], [ 5.874607381000118, 50.965365703000018 ], [ 5.87357385200005, 50.990583801000056 ], [ 5.858174275000067, 51.019341736000072 ], [ 5.852489868000106, 51.042751160000037 ], [ 5.88049849500004, 51.052052918000058 ], [ 5.894347778000082, 51.047143657000035 ], [ 5.906233358000122, 51.037402649000072 ], [ 5.919565877000139, 51.02970286 ], [ 5.937962687000038, 51.03094309500004 ], [ 5.950261678000089, 51.039469707000038 ], [ 5.969485311000113, 51.064920350000065 ], [ 5.982921183000144, 51.074687195000124 ], [ 6.075421997000092, 51.120369161000028 ], [ 6.132369426000082, 51.139825338000023 ], [ 6.147252238000107, 51.15225352 ], [ 6.12627160700012, 51.164578349000053 ], [ 6.149112589000111, 51.176334737000033 ], [ 6.157070760000067, 51.179254456000123 ], [ 6.134126424000044, 51.184215394000077 ], [ 6.084310344000102, 51.162692159000031 ], [ 6.060849243000121, 51.17090871200007 ], [ 6.053717895000091, 51.18938303700007 ], [ 6.056611776000096, 51.211707255000036 ], [ 6.065190063000102, 51.231628520000058 ], [ 6.075421997000092, 51.242661439000059 ], [ 6.096505981000121, 51.258810324000038 ], [ 6.147769002000047, 51.318160706000057 ], [ 6.158207641000075, 51.324594422000118 ], [ 6.183632446000104, 51.335704854000042 ], [ 6.193554321000079, 51.344515686000037 ], [ 6.198928670000043, 51.3569697060001 ], [ 6.202029256000088, 51.378880513000055 ], [ 6.207817016000149, 51.387665508000069 ], [ 6.192727499000057, 51.398956808000023 ], [ 6.194071086000122, 51.417379456000035 ], [ 6.201719197000102, 51.438644308 ], [ 6.205336548000105, 51.458436382000073 ], [ 6.20047896300008, 51.476574809000013 ], [ 6.19334761500005, 51.509337667000111 ], [ 6.153039998000082, 51.538431499000026 ], [ 6.086480754000092, 51.59553395600004 ], [ 6.082139933000121, 51.607807109000063 ], [ 6.087514282000086, 51.622095642000048 ], [ 6.099193156000069, 51.644471538000047 ], [ 6.031497030000054, 51.662997539000074 ], [ 6.008552694000116, 51.681187643 ], [ 6.02198856600009, 51.709506328000018 ], [ 6.012066691000086, 51.715862528000045 ], [ 5.989742472000103, 51.726378682000089 ], [ 5.978270304000091, 51.729789327 ], [ 5.949228150000096, 51.729375916 ], [ 5.939306274000103, 51.731882223000085 ], [ 5.940133097000029, 51.742630921000099 ], [ 5.946056400000117, 51.746288216000025 ], [ 5.962353963000083, 51.756351013000128 ], [ 5.964110962000063, 51.776556499000023 ], [ 5.950778442000114, 51.795909322000071 ], [ 5.928040812000063, 51.806735535000101 ], [ 5.931451457000065, 51.815649720000053 ], [ 5.948091268000098, 51.822961935000123 ], [ 5.988915650000081, 51.82745778400006 ], [ 6.008242635000045, 51.832573751000055 ], [ 6.028913208000063, 51.842108053000047 ], [ 6.043279256000062, 51.846862285000029 ], [ 6.084000284000126, 51.853657735000056 ], [ 6.116453084000057, 51.848283387000023 ], [ 6.140017537000062, 51.844536845000093 ], [ 6.156140584000127, 51.842056376000116 ], [ 6.142704712000068, 51.855182190000093 ], [ 6.105394327000056, 51.879470113000067 ], [ 6.09299198400015, 51.885309550000059 ], [ 6.1269950760001, 51.896730041000083 ], [ 6.159241170000058, 51.887299093000095 ], [ 6.191383911000088, 51.871150208000117 ], [ 6.225180298000083, 51.862546082000094 ], [ 6.256392862000069, 51.866809387000032 ], [ 6.264661092000011, 51.866189271000067 ], [ 6.271792439000137, 51.861900127000112 ], [ 6.282851196000138, 51.849601135000071 ], [ 6.287398722000091, 51.846164653000031 ], [ 6.325742635000097, 51.842547303000046 ], [ 6.341969034000016, 51.836682028000055 ], [ 6.344966268000121, 51.821101583000129 ], [ 6.382483358000115, 51.827586975000074 ], [ 6.38661747200004, 51.837560527000093 ], [ 6.378452596000045, 51.86011728900003 ], [ 6.442531372000133, 51.848360901000021 ], [ 6.462891887000069, 51.848360901000021 ], [ 6.47942834400007, 51.853011780000102 ], [ 6.528624308000133, 51.876421204000067 ], [ 6.628153117000068, 51.897505189000086 ], [ 6.716674846000046, 51.899262187000048 ], [ 6.743753296000079, 51.908331401000041 ], [ 6.767007690000099, 51.925513815 ], [ 6.789848673000108, 51.95114532500007 ], [ 6.798013550000121, 51.956700542000064 ], [ 6.805661661000102, 51.957527365 ], [ 6.81072595200007, 51.960576274000019 ], [ 6.811656127000049, 51.972797751000044 ], [ 6.809175659000061, 51.979541525000073 ], [ 6.804008016000068, 51.984373271 ], [ 6.778169800000029, 52.001271465000073 ], [ 6.7128507890001, 52.023854065000094 ], [ 6.690939982000117, 52.027858988 ], [ 6.675023641000109, 52.034809469 ], [ 6.672956583000143, 52.050054016000033 ], [ 6.679881225000116, 52.060466818000052 ], [ 6.688872925000084, 52.063102316000069 ], [ 6.699414917000126, 52.063567404000096 ], [ 6.711403849000106, 52.067288107000095 ], [ 6.719465373000077, 52.073566793000012 ], [ 6.7276302490001, 52.086305033000073 ], [ 6.73290124500005, 52.091989441000024 ], [ 6.749851115000126, 52.10286733000008 ], [ 6.765870808000102, 52.108396709 ], [ 6.77157568400014, 52.108792502000043 ], [ 6.830673055000091, 52.112892558000013 ], [ 6.843282105000128, 52.119998067000026 ], [ 6.865399617000037, 52.147799988000074 ], [ 6.884829956000118, 52.160331523000096 ], [ 6.927721395000077, 52.171907044000037 ], [ 6.94766849700008, 52.182810771 ], [ 6.971129598000061, 52.206271871000084 ], [ 6.981878296000076, 52.213997498000069 ], [ 7.026320027000054, 52.230637309000102 ], [ 7.029110555000017, 52.235779114000096 ], [ 7.026600152000071, 52.238622686999989 ], [ 7.02073897300005, 52.245261739000071 ], [ 7.011850626000125, 52.266629944000087 ], [ 7.012470744000098, 52.284949239000056 ], [ 7.019705444000067, 52.300038758000042 ], [ 7.039755900000102, 52.328615825000028 ], [ 7.048230835000112, 52.365073547000023 ], [ 7.034174845000081, 52.390782573000095 ], [ 6.973300008000137, 52.451373190000069 ], [ 6.966995483000034, 52.449564515000091 ], [ 6.960794311000143, 52.442846578000044 ], [ 6.951492553000037, 52.437472229 ], [ 6.92648116100014, 52.432976380000085 ], [ 6.9002295330001, 52.431917012999989 ], [ 6.872014200000137, 52.434733378000047 ], [ 6.820337769000105, 52.446825663000041 ], [ 6.741169474000088, 52.453672791000102 ], [ 6.714814494000109, 52.461553447000043 ], [ 6.695074097000145, 52.475609437000045 ], [ 6.688976278000098, 52.490518087000012 ], [ 6.687529337000115, 52.508139751 ], [ 6.684015340000144, 52.525993958000058 ], [ 6.671716349000121, 52.541677755000094 ], [ 6.688252807000111, 52.542582093000064 ], [ 6.743753296000079, 52.559712830000095 ], [ 6.710990438000096, 52.576636862 ], [ 6.70396244300008, 52.583070577000043 ], [ 6.703652384000094, 52.591390483000012 ], [ 6.708199911000122, 52.599684550000077 ], [ 6.710163615000056, 52.608650412000017 ], [ 6.701792032000071, 52.619114889000045 ], [ 6.719083149000085, 52.626758982000055 ], [ 6.73703536000005, 52.634695333000067 ], [ 6.77052168700007, 52.641025696 ], [ 6.865399617000037, 52.641955872000054 ], [ 6.918419637000056, 52.632189026 ], [ 6.967718953000144, 52.636659038000019 ], [ 6.982808471000055, 52.632783305000075 ], [ 7.018465210000045, 52.625987854000115 ], [ 7.036655314000058, 52.647381897000045 ], [ 7.04399336700007, 52.682625224 ], [ 7.053295125000091, 52.790577291000048 ], [ 7.061976766000043, 52.824011942000126 ], [ 7.072150759000124, 52.841316552000066 ], [ 7.079856812000116, 52.854423523 ], [ 7.161918986000103, 52.932635804000128 ], [ 7.183623088000104, 52.966122131000034 ], [ 7.19282149300011, 52.998006490000094 ], [ 7.194371786000119, 53.033844096000038 ], [ 7.18507002700008, 53.105441793000082 ], [ 7.181349324000081, 53.114175111000051 ], [ 7.176491740000074, 53.119394430000071 ], [ 7.172667684000118, 53.125750631000088 ], [ 7.171944214000121, 53.137713725000069 ], [ 7.174424682000108, 53.145775249000039 ], [ 7.18858402500004, 53.167789408000019 ], [ 7.195405314000112, 53.184997661000111 ], [ 7.198505900000043, 53.200578105000048 ], [ 7.19747237100006, 53.216623637000097 ], [ 7.194590691000087, 53.245021877000056 ], [ 7.20443769600007, 53.248277085000041 ], [ 7.215830925000091, 53.255601304000038 ], [ 7.224619988000086, 53.262925523000035 ], [ 7.233571811000047, 53.273627020000049 ], [ 7.236989780000044, 53.285549221000053 ], [ 7.229502800000091, 53.296576239000046 ], [ 7.254730665000068, 53.319525458000044 ], [ 7.268321160000085, 53.32367584800005 ], [ 7.291514519000089, 53.323919989000046 ], [ 7.313161655000044, 53.320502020000049 ], [ 7.347666863000086, 53.307359117000033 ], [ 7.36654707100007, 53.302801825000074 ], [ 7.342539910000085, 53.324042059000078 ], [ 7.302907748000052, 53.332749742000033 ], [ 7.075205925000091, 53.337591864000046 ], [ 7.038259311000047, 53.348578192000048 ], [ 7.023610873000052, 53.37641022300005 ], [ 7.023285352000073, 53.450506903000075 ], [ 7.027679884000065, 53.467352606000077 ], [ 7.047048373000052, 53.497707424000055 ], [ 7.051442905000044, 53.512600002000056 ], [ 7.059743686000047, 53.521714585000041 ], [ 7.079356316000087, 53.521551825000074 ], [ 7.119639519000089, 53.516302802000041 ], [ 7.125010613000086, 53.524359442000048 ], [ 7.13453209700009, 53.527411200000074 ], [ 7.141774936000047, 53.537176825000074 ], [ 7.13998457100007, 53.549790757000039 ], [ 7.131114129000082, 53.55695221600007 ], [ 7.101898634000065, 53.565741278000075 ], [ 7.088877800000091, 53.573716539000031 ], [ 7.086761915000068, 53.586859442000048 ], [ 7.10092207100007, 53.597886460000041 ], [ 7.133148634000065, 53.611273505000042 ], [ 7.169444207000083, 53.635484117000033 ], [ 7.188975457000083, 53.643500067000048 ], [ 7.226084832000083, 53.666489976000037 ], [ 7.305023634000065, 53.684800523000035 ], [ 7.458832227000073, 53.695135809000078 ], [ 7.469574415000068, 53.690741278000075 ], [ 7.48023522200009, 53.682033596000053 ], [ 7.503916863000086, 53.678656317000048 ], [ 7.651377800000091, 53.696966864000046 ], [ 7.951426629000082, 53.721909898000035 ], [ 8.031423373000052, 53.708075262000079 ], [ 8.031423373000052, 53.70062897300005 ], [ 8.024912957000083, 53.672552802000041 ], [ 8.052907748000052, 53.636297919000071 ], [ 8.094086134000065, 53.604722398000035 ], [ 8.127614780000044, 53.590765692000048 ], [ 8.127614780000044, 53.58462148600006 ], [ 8.119151238000086, 53.571926174000055 ], [ 8.134613477000073, 53.567450262000079 ], [ 8.156748894000089, 53.563666083000044 ], [ 8.167979363000086, 53.553208726000037 ], [ 8.164886915000068, 53.535223700000074 ], [ 8.155446811000047, 53.52602773600006 ], [ 8.133799675000091, 53.516302802000041 ], [ 8.115733269000089, 53.510728257000039 ], [ 8.076345248000052, 53.508612372000073 ], [ 8.058767123000052, 53.502020575000074 ], [ 8.076996290000068, 53.468695380000042 ], [ 8.086192254000082, 53.456122137000079 ], [ 8.099782748000052, 53.447414455000057 ], [ 8.112478061000047, 53.451076565000051 ], [ 8.123871290000068, 53.454006252000056 ], [ 8.140635613000086, 53.453599351000037 ], [ 8.152354363000086, 53.449774481000077 ], [ 8.171397332000083, 53.436590887000079 ], [ 8.178558790000068, 53.433742580000057 ], [ 8.186696811000047, 53.429510809000078 ], [ 8.194834832000083, 53.420111395000049 ], [ 8.205332879000082, 53.410711981000077 ], [ 8.219737175000091, 53.406439520000049 ], [ 8.236501498000052, 53.406724351000037 ], [ 8.248708530000044, 53.408392645000049 ], [ 8.25945071700005, 53.412298895000049 ], [ 8.271739129000082, 53.419501044000071 ], [ 8.292816602000073, 53.440497137000079 ], [ 8.315114780000044, 53.47492096600007 ], [ 8.320485873000052, 53.50922272300005 ], [ 8.291514519000089, 53.529364325000074 ], [ 8.252207879000082, 53.523098049000055 ], [ 8.231211785000085, 53.525213934000078 ], [ 8.233164910000085, 53.539862372000073 ], [ 8.241709832000083, 53.556301174000055 ], [ 8.248871290000068, 53.590277411000045 ], [ 8.257334832000083, 53.604437567000048 ], [ 8.270681186000047, 53.612860419000071 ], [ 8.287608269000089, 53.616888739000046 ], [ 8.329356316000087, 53.618109442000048 ], [ 8.348480665000068, 53.612860419000071 ], [ 8.363291863000086, 53.600572007000039 ], [ 8.375498894000089, 53.586900132000039 ], [ 8.387705925000091, 53.577134507000039 ], [ 8.428070509000065, 53.56476471600007 ], [ 8.51343834700009, 53.554754950000074 ], [ 8.55209394600007, 53.54360586100006 ], [ 8.55209394600007, 53.536200262000079 ], [ 8.528168165000068, 53.523911851000037 ], [ 8.506195509000065, 53.507961330000057 ], [ 8.49000084700009, 53.486395575000074 ], [ 8.483897332000083, 53.45734284100007 ], [ 8.485036655000044, 53.401190497000073 ], [ 8.490896030000044, 53.376450914000031 ], [ 8.504405144000089, 53.35805898600006 ], [ 8.507334832000083, 53.382798570000034 ], [ 8.496755405000044, 53.445257880000042 ], [ 8.497569207000083, 53.474758205000057 ], [ 8.512868686000047, 53.496486721000053 ], [ 8.535817905000044, 53.50617096600007 ], [ 8.556651238000086, 53.51821523600006 ], [ 8.56576582100007, 53.546698309000078 ], [ 8.560801629000082, 53.551703192000048 ], [ 8.535166863000086, 53.590765692000048 ], [ 8.527517123000052, 53.596625067000048 ], [ 8.517100457000083, 53.610174872000073 ], [ 8.508311394000089, 53.625148830000057 ], [ 8.501231316000087, 53.644191799000055 ], [ 8.487071160000085, 53.666937567000048 ], [ 8.483897332000083, 53.683579820000034 ], [ 8.48609459700009, 53.700425523000035 ], [ 8.492198113000086, 53.71515534100007 ], [ 8.529633009000065, 53.770697333000044 ], [ 8.556162957000083, 53.830959377000056 ], [ 8.573252800000091, 53.857652085000041 ], [ 8.58757571700005, 53.870428778000075 ], [ 8.60710696700005, 53.881537177000041 ], [ 8.629242384000065, 53.889390367000033 ], [ 8.651866082000083, 53.892482815000051 ], [ 8.672699415000068, 53.891587632000039 ], [ 8.684580925000091, 53.888495184000078 ], [ 8.709157748000052, 53.871975002000056 ], [ 8.744639519000089, 53.85415273600006 ], [ 8.782481316000087, 53.842474677000041 ], [ 8.86068769600007, 53.831000067000048 ], [ 8.903575066000087, 53.831732489000046 ], [ 8.97624759200005, 53.84243398600006 ], [ 9.016286655000044, 53.840521552000041 ], [ 9.035004102000073, 53.853583075000074 ], [ 9.114512566000087, 53.865139065000051 ], [ 9.193614129000082, 53.86469147300005 ], [ 9.21070397200009, 53.871975002000056 ], [ 9.22429446700005, 53.865912177000041 ], [ 9.240733269000089, 53.864162502000056 ], [ 9.274668816000087, 53.865139065000051 ], [ 9.283376498000052, 53.86163971600007 ], [ 9.305349155000044, 53.844549872000073 ], [ 9.402679884000065, 53.742417710000041 ], [ 9.442881707000083, 53.71430084800005 ], [ 9.470957879000082, 53.70062897300005 ], [ 9.484711134000065, 53.69009023600006 ], [ 9.498383009000065, 53.659857489000046 ], [ 9.567067905000044, 53.599595445000034 ], [ 9.582367384000065, 53.591294664000031 ], [ 9.60092207100007, 53.586330471000053 ], [ 9.62476647200009, 53.58462148600006 ], [ 9.637217644000089, 53.581000067000048 ], [ 9.69662519600007, 53.556626695000034 ], [ 9.764008009000065, 53.547674872000073 ], [ 9.819021030000044, 53.540350653000075 ], [ 9.832041863000086, 53.54360586100006 ], [ 9.819590691000087, 53.556626695000034 ], [ 9.782074415000068, 53.569728908000059 ], [ 9.692393425000091, 53.575913804000038 ], [ 9.655772332000083, 53.58462148600006 ], [ 9.58366946700005, 53.612453518000052 ], [ 9.550791863000086, 53.634588934000078 ], [ 9.539073113000086, 53.666489976000037 ], [ 9.536143425000091, 53.693752346000053 ], [ 9.532237175000091, 53.711167710000041 ], [ 9.522227410000085, 53.716620184000078 ], [ 9.475271030000044, 53.732163804000038 ], [ 9.460215691000087, 53.735419012000079 ], [ 9.435801629000082, 53.74868398600006 ], [ 9.412445509000065, 53.77875397300005 ], [ 9.396657748000052, 53.811021226000037 ], [ 9.395192905000044, 53.831000067000048 ], [ 9.35873457100007, 53.839544989000046 ], [ 9.295583530000044, 53.871893622000073 ], [ 9.257823113000086, 53.885565497000073 ], [ 9.22046959700009, 53.890773830000057 ], [ 9.09343509200005, 53.892482815000051 ], [ 9.055430535000085, 53.902899481000077 ], [ 9.029958530000044, 53.907131252000056 ], [ 9.018321160000085, 53.902736721000053 ], [ 9.007823113000086, 53.892482815000051 ], [ 8.984629754000082, 53.897040106000077 ], [ 8.949473504000082, 53.912909247000073 ], [ 8.916026238000086, 53.937404690000051 ], [ 8.83334394600007, 54.036444403000075 ], [ 8.871836785000085, 54.046942450000074 ], [ 8.890635613000086, 54.047796942000048 ], [ 8.914561394000089, 54.043890692000048 ], [ 8.953868035000085, 54.028306382000039 ], [ 8.975352410000085, 54.02407461100006 ], [ 8.997243686000047, 54.030218817000048 ], [ 9.004893425000091, 54.041164455000057 ], [ 9.01303144600007, 54.060980536000045 ], [ 9.018565300000091, 54.082424221000053 ], [ 9.018321160000085, 54.097886460000041 ], [ 9.006683790000068, 54.108140367000033 ], [ 8.988129102000073, 54.117865302000041 ], [ 8.974457227000073, 54.128078518000052 ], [ 8.977305535000085, 54.139471747000073 ], [ 8.977305535000085, 54.145697333000044 ], [ 8.95289147200009, 54.150091864000046 ], [ 8.917979363000086, 54.146307684000078 ], [ 8.885427280000044, 54.13703034100007 ], [ 8.867442254000082, 54.125189520000049 ], [ 8.86068769600007, 54.125189520000049 ], [ 8.83334394600007, 54.153143622000073 ], [ 8.815684441000087, 54.175604559000078 ], [ 8.812836134000065, 54.180487372000073 ], [ 8.820974155000044, 54.200506903000075 ], [ 8.836273634000065, 54.217759507000039 ], [ 8.846690300000091, 54.233547268000052 ], [ 8.83961022200009, 54.248724677000041 ], [ 8.83961022200009, 54.255560614000046 ], [ 8.851898634000065, 54.261053778000075 ], [ 8.89421634200005, 54.26821523600006 ], [ 8.91146894600007, 54.269191799000055 ], [ 8.922048373000052, 54.274237372000073 ], [ 8.937510613000086, 54.286688544000071 ], [ 8.953135613000086, 54.302557684000078 ], [ 8.963145379000082, 54.317613023000035 ], [ 8.940277540000068, 54.315008856000077 ], [ 8.902598504000082, 54.295843817000048 ], [ 8.881114129000082, 54.290269273000035 ], [ 8.883067254000082, 54.29360586100006 ], [ 8.885915561000047, 54.300726630000042 ], [ 8.887950066000087, 54.303941148000035 ], [ 8.857595248000052, 54.301825262000079 ], [ 8.805430535000085, 54.29242584800005 ], [ 8.774668816000087, 54.290269273000035 ], [ 8.738942905000044, 54.293890692000048 ], [ 8.723480665000068, 54.290269273000035 ], [ 8.690196160000085, 54.271470445000034 ], [ 8.678477410000085, 54.269191799000055 ], [ 8.651866082000083, 54.27484772300005 ], [ 8.623383009000065, 54.290106512000079 ], [ 8.602712436000047, 54.312079169000071 ], [ 8.599864129000082, 54.338080145000049 ], [ 8.614024285000085, 54.348374742000033 ], [ 8.641368035000085, 54.355658270000049 ], [ 8.672048373000052, 54.359279690000051 ], [ 8.695567254000082, 54.358587958000044 ], [ 8.695567254000082, 54.365423895000049 ], [ 8.677582227000073, 54.367905992000033 ], [ 8.66382897200009, 54.375555731000077 ], [ 8.650645379000082, 54.377997137000079 ], [ 8.634776238000086, 54.365423895000049 ], [ 8.626231316000087, 54.37641022300005 ], [ 8.629161004000082, 54.387681382000039 ], [ 8.63843834700009, 54.398138739000046 ], [ 8.648448113000086, 54.406398830000057 ], [ 8.669769727000073, 54.400824286000045 ], [ 8.750824415000068, 54.413804429000038 ], [ 8.86068769600007, 54.413804429000038 ], [ 8.88607832100007, 54.417792059000078 ], [ 8.907237175000091, 54.425523179000038 ], [ 8.949473504000082, 54.447333075000074 ], [ 8.98804772200009, 54.45844147300005 ], [ 9.004730665000068, 54.465887762000079 ], [ 9.01148522200009, 54.482123114000046 ], [ 9.011566602000073, 54.506333726000037 ], [ 8.98609459700009, 54.529282945000034 ], [ 8.904470248000052, 54.580633856000077 ], [ 8.892832879000082, 54.59125397300005 ], [ 8.887950066000087, 54.60187409100007 ], [ 8.878754102000073, 54.606512762000079 ], [ 8.858164910000085, 54.606146552000041 ], [ 8.837087436000047, 54.602687893000052 ], [ 8.82585696700005, 54.598130601000037 ], [ 8.819021030000044, 54.605617580000057 ], [ 8.85328209700009, 54.619289455000057 ], [ 8.818369988000086, 54.673651434000078 ], [ 8.805430535000085, 54.687567450000074 ], [ 8.77670332100007, 54.697984117000033 ], [ 8.722666863000086, 54.725531317000048 ], [ 8.688731316000087, 54.735296942000048 ], [ 8.688731316000087, 54.742173570000034 ], [ 8.694346550000091, 54.760239976000037 ], [ 8.68132571700005, 54.780585028000075 ], [ 8.66187584700009, 54.800604559000078 ], [ 8.648448113000086, 54.817857164000031 ], [ 8.642751498000052, 54.844183661000045 ], [ 8.647227410000085, 54.867377020000049 ], [ 8.660775934000071, 54.896311156000067 ], [ 8.695882202000092, 54.889984029000047 ], [ 8.732779175000104, 54.889053854000011 ], [ 8.80088871200013, 54.903833314000039 ], [ 8.824246459000079, 54.905900370000083 ], [ 8.904138224000064, 54.897942200000031 ], [ 8.982686401000109, 54.879338684000075 ], [ 9.194766480000055, 54.850399882000019 ], [ 9.211509644000103, 54.841821594000081 ], [ 9.216057169000123, 54.831744690000036 ], [ 9.219054403000143, 54.817792054000037 ], [ 9.226392456000042, 54.805906474000025 ], [ 9.244065796000143, 54.801772360000101 ], [ 9.317032918000052, 54.801617330000042 ], [ 9.332019084000137, 54.803219300000094 ], [ 9.341734253000084, 54.809058736000068 ], [ 9.35599694800004, 54.811332499000073 ], [ 9.366952352000112, 54.817016907000024 ], [ 9.385039103000054, 54.819394023000072 ], [ 9.405192911000114, 54.808386943000087 ], [ 9.422142781000019, 54.80725006100009 ], [ 9.436922241000048, 54.810143942000067 ], [ 9.437503027053964, 54.810411127382693 ], [ 9.451426629000082, 54.810370184000078 ], [ 9.510996941000087, 54.827826239000046 ], [ 9.529958530000044, 54.841498114000046 ], [ 9.55437259200005, 54.84711334800005 ], [ 9.566905144000089, 54.860174872000073 ], [ 9.579925977000073, 54.866278387000079 ], [ 9.583181186000047, 54.830267645000049 ], [ 9.631602410000085, 54.819891669000071 ], [ 9.69304446700005, 54.818019924000055 ], [ 9.734629754000082, 54.807318427000041 ], [ 9.752126498000052, 54.799627997000073 ], [ 9.778086785000085, 54.793158270000049 ], [ 9.801768425000091, 54.783392645000049 ], [ 9.81218509200005, 54.766058661000045 ], [ 9.823741082000083, 54.756740627000056 ], [ 9.849864129000082, 54.759344794000071 ], [ 9.895355665000068, 54.769476630000042 ], [ 9.891449415000068, 54.790269273000035 ], [ 9.915049675000091, 54.791205145000049 ], [ 9.947520379000082, 54.779527085000041 ], [ 9.97046959700009, 54.762640692000048 ], [ 9.98414147200009, 54.728501695000034 ], [ 9.990489129000082, 54.720526434000078 ], [ 9.999522332000083, 54.712958075000074 ], [ 10.018239780000044, 54.701239325000074 ], [ 10.005381707000083, 54.695502020000049 ], [ 9.992198113000086, 54.696478583000044 ], [ 9.97982832100007, 54.699774481000077 ], [ 9.97046959700009, 54.701239325000074 ], [ 9.971039259000065, 54.699042059000078 ], [ 9.946299675000091, 54.687648830000057 ], [ 9.94312584700009, 54.687567450000074 ], [ 9.936696811000047, 54.68500397300005 ], [ 9.932383660000085, 54.685248114000046 ], [ 9.929942254000082, 54.683091539000031 ], [ 9.92945397200009, 54.673895575000074 ], [ 9.944102410000085, 54.673325914000031 ], [ 9.970225457000083, 54.677923895000049 ], [ 9.996348504000082, 54.678778387000079 ], [ 10.01140384200005, 54.667059637000079 ], [ 10.022146030000044, 54.672430731000077 ], [ 10.033539259000065, 54.672919012000079 ], [ 10.039073113000086, 54.666815497000073 ], [ 10.031911655000044, 54.652777411000045 ], [ 10.036957227000073, 54.638902085000041 ], [ 10.037608269000089, 54.619086005000042 ], [ 10.031911655000044, 54.577704169000071 ], [ 10.026866082000083, 54.559963283000059 ], [ 10.020030144000089, 54.545843817000048 ], [ 10.010427280000044, 54.534328518000052 ], [ 9.99781334700009, 54.523667710000041 ], [ 9.965586785000085, 54.50617096600007 ], [ 9.925303582000083, 54.493109442000048 ], [ 9.882009311000047, 54.484849351000037 ], [ 9.840098504000082, 54.482123114000046 ], [ 9.840098504000082, 54.475287177000041 ], [ 9.883311394000089, 54.462103583000044 ], [ 10.12468509200005, 54.495754299000055 ], [ 10.143402540000068, 54.491848049000055 ], [ 10.203868035000085, 54.461004950000074 ], [ 10.183929884000065, 54.449367580000057 ], [ 10.183848504000082, 54.438421942000048 ], [ 10.191742384000065, 54.426174221000053 ], [ 10.19703209700009, 54.410101630000042 ], [ 10.191254102000073, 54.396714585000041 ], [ 10.17709394600007, 54.384263414000031 ], [ 10.159027540000068, 54.37531159100007 ], [ 10.141774936000047, 54.372259833000044 ], [ 10.144379102000073, 54.370021877000056 ], [ 10.14779707100007, 54.368312893000052 ], [ 10.148285352000073, 54.365179755000042 ], [ 10.141774936000047, 54.358587958000044 ], [ 10.152517123000052, 54.351792710000041 ], [ 10.155528191000087, 54.343410549000055 ], [ 10.151621941000087, 54.333970445000034 ], [ 10.141774936000047, 54.324408270000049 ], [ 10.16374759200005, 54.329169012000079 ], [ 10.180349155000044, 54.341131903000075 ], [ 10.203868035000085, 54.372259833000044 ], [ 10.217133009000065, 54.405422268000052 ], [ 10.22437584700009, 54.413804429000038 ], [ 10.234385613000086, 54.417710679000038 ], [ 10.272146030000044, 54.420070705000057 ], [ 10.285817905000044, 54.424750067000048 ], [ 10.292491082000083, 54.430161851000037 ], [ 10.297618035000085, 54.435736395000049 ], [ 10.306895379000082, 54.441107489000046 ], [ 10.318369988000086, 54.443304755000042 ], [ 10.360850457000083, 54.441107489000046 ], [ 10.382823113000086, 54.434759833000044 ], [ 10.443369988000086, 54.406398830000057 ], [ 10.601084832000083, 54.365423895000049 ], [ 10.690196160000085, 54.316229559000078 ], [ 10.731293165000068, 54.310207424000055 ], [ 10.77711022200009, 54.315130927000041 ], [ 10.810801629000082, 54.327378648000035 ], [ 10.867930535000085, 54.358587958000044 ], [ 10.900889519000089, 54.371039130000042 ], [ 10.93531334700009, 54.37954336100006 ], [ 11.018809441000087, 54.385891018000052 ], [ 11.018809441000087, 54.379095770000049 ], [ 11.000824415000068, 54.378566799000055 ], [ 10.975840691000087, 54.378404039000031 ], [ 10.993174675000091, 54.373846747000073 ], [ 11.010508660000085, 54.377183335000041 ], [ 11.033946160000085, 54.367621161000045 ], [ 11.104177280000044, 54.39288971600007 ], [ 11.135508660000085, 54.385891018000052 ], [ 11.098399285000085, 54.361517645000049 ], [ 11.087738477000073, 54.351752020000049 ], [ 11.08179772200009, 54.354641018000052 ], [ 11.066579623000052, 54.358587958000044 ], [ 11.077403191000087, 54.342230536000045 ], [ 11.086599155000044, 54.302435614000046 ], [ 11.094493035000085, 54.28351471600007 ], [ 11.087087436000047, 54.270900783000059 ], [ 11.087738477000073, 54.253892320000034 ], [ 11.094493035000085, 54.225083726000037 ], [ 11.090179884000065, 54.207993882000039 ], [ 11.080577019000089, 54.198879299000055 ], [ 11.070974155000044, 54.192572333000044 ], [ 11.066579623000052, 54.18390534100007 ], [ 10.950450066000087, 54.139471747000073 ], [ 10.910329623000052, 54.109198309000078 ], [ 10.892832879000082, 54.102525132000039 ], [ 10.852386915000068, 54.094305731000077 ], [ 10.844574415000068, 54.094468492000033 ], [ 10.836110873000052, 54.089992580000057 ], [ 10.829356316000087, 54.092840887000079 ], [ 10.822276238000086, 54.097357489000046 ], [ 10.813324415000068, 54.097886460000041 ], [ 10.805430535000085, 54.094875393000052 ], [ 10.801442905000044, 54.092230536000045 ], [ 10.762868686000047, 54.056830145000049 ], [ 10.752614780000044, 54.050116278000075 ], [ 10.752614780000044, 54.043890692000048 ], [ 10.765879754000082, 54.024359442000048 ], [ 10.780446811000047, 54.009955145000049 ], [ 10.799652540000068, 54.000555731000077 ], [ 10.826914910000085, 53.995428778000075 ], [ 10.865570509000065, 53.997788804000038 ], [ 10.875498894000089, 53.995428778000075 ], [ 10.88257897200009, 53.985052802000041 ], [ 10.883555535000085, 53.973130601000037 ], [ 10.887380405000044, 53.963934637000079 ], [ 10.90211022200009, 53.961371161000045 ], [ 10.90601647200009, 53.961208401000079 ], [ 10.91765384200005, 53.960760809000078 ], [ 10.922618035000085, 53.961371161000045 ], [ 10.935394727000073, 53.967271226000037 ], [ 10.964691602000073, 53.985419012000079 ], [ 10.981211785000085, 53.989243882000039 ], [ 11.000254754000082, 53.991603908000059 ], [ 11.053477410000085, 54.008490302000041 ], [ 11.175059441000087, 54.018011786000045 ], [ 11.183848504000082, 54.016017971000053 ], [ 11.19076582100007, 54.010321356000077 ], [ 11.197276238000086, 53.996242580000057 ], [ 11.204356316000087, 53.989243882000039 ], [ 11.23991946700005, 53.983465887000079 ], [ 11.245371941000087, 53.978420315000051 ], [ 11.240733269000089, 53.955633856000077 ], [ 11.242930535000085, 53.945217190000051 ], [ 11.25562584700009, 53.94086334800005 ], [ 11.285411004000082, 53.939683335000041 ], [ 11.293711785000085, 53.94086334800005 ], [ 11.334157748000052, 53.961371161000045 ], [ 11.341807488000086, 53.958319403000075 ], [ 11.352061394000089, 53.944159247000073 ], [ 11.358246290000068, 53.94086334800005 ], [ 11.399912957000083, 53.94086334800005 ], [ 11.400401238000086, 53.937730210000041 ], [ 11.438731316000087, 53.909125067000048 ], [ 11.446299675000091, 53.906154690000051 ], [ 11.457692905000044, 53.906154690000051 ], [ 11.458994988000086, 53.916693427000041 ], [ 11.469086134000065, 53.932766018000052 ], [ 11.476817254000082, 53.952704169000071 ], [ 11.47242272200009, 53.968817450000074 ], [ 11.47982832100007, 53.976141669000071 ], [ 11.489512566000087, 53.980617580000057 ], [ 11.497894727000073, 53.981838283000059 ], [ 11.495941602000073, 53.986314195000034 ], [ 11.49350019600007, 53.997626044000071 ], [ 11.491709832000083, 54.002346096000053 ], [ 11.525889519000089, 54.022772528000075 ], [ 11.525889519000089, 54.030218817000048 ], [ 11.519053582000083, 54.030218817000048 ], [ 11.519053582000083, 54.036444403000075 ], [ 11.54460696700005, 54.030178127000056 ], [ 11.553233269000089, 54.030218817000048 ], [ 11.573496941000087, 54.039048570000034 ], [ 11.591319207000083, 54.065619208000044 ], [ 11.604746941000087, 54.071234442000048 ], [ 11.612803582000083, 54.07290273600006 ], [ 11.619395379000082, 54.077297268000052 ], [ 11.624522332000083, 54.083644924000055 ], [ 11.628916863000086, 54.091050523000035 ], [ 11.629567905000044, 54.09601471600007 ], [ 11.622080925000091, 54.099554755000042 ], [ 11.622080925000091, 54.104681708000044 ], [ 11.625254754000082, 54.109808661000045 ], [ 11.629405144000089, 54.113226630000042 ], [ 11.633148634000065, 54.115912177000041 ], [ 11.65788821700005, 54.142238674000055 ], [ 11.689707879000082, 54.155218817000048 ], [ 11.728770379000082, 54.15851471600007 ], [ 11.81226647200009, 54.149807033000059 ], [ 12.050629102000073, 54.179917710000041 ], [ 12.088145379000082, 54.194077867000033 ], [ 12.093272332000083, 54.165432033000059 ], [ 12.08952884200005, 54.137640692000048 ], [ 12.091644727000073, 54.113999742000033 ], [ 12.11500084700009, 54.097886460000041 ], [ 12.105316602000073, 54.11001211100006 ], [ 12.100352410000085, 54.135972398000035 ], [ 12.09506269600007, 54.145697333000044 ], [ 12.105479363000086, 54.157375393000052 ], [ 12.134287957000083, 54.166978257000039 ], [ 12.142832879000082, 54.180487372000073 ], [ 12.131602410000085, 54.181138414000031 ], [ 12.12086022200009, 54.17999909100007 ], [ 12.110606316000087, 54.177435614000046 ], [ 12.10132897200009, 54.173651434000078 ], [ 12.108897332000083, 54.183010158000059 ], [ 12.142832879000082, 54.209173895000049 ], [ 12.163096550000091, 54.219916083000044 ], [ 12.18685957100007, 54.243353583000044 ], [ 12.20093834700009, 54.248724677000041 ], [ 12.214040561000047, 54.250962632000039 ], [ 12.289398634000065, 54.275091864000046 ], [ 12.327321811000047, 54.293768622000073 ], [ 12.342133009000065, 54.303941148000035 ], [ 12.378184441000087, 54.344916083000044 ], [ 12.438324415000068, 54.395819403000075 ], [ 12.444834832000083, 54.405462958000044 ], [ 12.48609459700009, 54.447333075000074 ], [ 12.501963738000086, 54.473578192000048 ], [ 12.51343834700009, 54.482245184000078 ], [ 12.533864780000044, 54.488267320000034 ], [ 12.533864780000044, 54.482123114000046 ], [ 12.52702884200005, 54.482123114000046 ], [ 12.548350457000083, 54.462062893000052 ], [ 12.59148196700005, 54.451727606000077 ], [ 12.819102410000085, 54.451727606000077 ], [ 12.856618686000047, 54.441107489000046 ], [ 12.879649285000085, 54.448797919000071 ], [ 12.908376498000052, 54.444647528000075 ], [ 12.921153191000087, 54.433498440000051 ], [ 12.896332227000073, 54.420070705000057 ], [ 12.87077884200005, 54.416815497000073 ], [ 12.763682488000086, 54.42218659100007 ], [ 12.720957879000082, 54.431586005000042 ], [ 12.694590691000087, 54.433661200000074 ], [ 12.686778191000087, 54.431626695000034 ], [ 12.676117384000065, 54.422552802000041 ], [ 12.670420769000089, 54.420070705000057 ], [ 12.65007571700005, 54.420070705000057 ], [ 12.624196811000047, 54.422919012000079 ], [ 12.614512566000087, 54.419745184000078 ], [ 12.608409050000091, 54.406398830000057 ], [ 12.602224155000044, 54.413804429000038 ], [ 12.596934441000087, 54.411932684000078 ], [ 12.588063998000052, 54.407456773000035 ], [ 12.58171634200005, 54.406398830000057 ], [ 12.583506707000083, 54.397853908000059 ], [ 12.58765709700009, 54.394029039000031 ], [ 12.594004754000082, 54.392767645000049 ], [ 12.602224155000044, 54.392075914000031 ], [ 12.598643425000091, 54.391546942000048 ], [ 12.595876498000052, 54.391506252000056 ], [ 12.594411655000044, 54.390204169000071 ], [ 12.594737175000091, 54.385891018000052 ], [ 12.57553144600007, 54.391994533000059 ], [ 12.55404707100007, 54.390814520000049 ], [ 12.535980665000068, 54.383734442000048 ], [ 12.52702884200005, 54.372259833000044 ], [ 12.510752800000091, 54.384263414000031 ], [ 12.490977410000085, 54.39008209800005 ], [ 12.45476321700005, 54.392075914000031 ], [ 12.438487175000091, 54.387518622000073 ], [ 12.424978061000047, 54.375921942000048 ], [ 12.418467644000089, 54.360663153000075 ], [ 12.424001498000052, 54.344916083000044 ], [ 12.409678582000083, 54.346625067000048 ], [ 12.403819207000083, 54.348089911000045 ], [ 12.396739129000082, 54.351752020000049 ], [ 12.389903191000087, 54.344916083000044 ], [ 12.396494988000086, 54.332953192000048 ], [ 12.391612175000091, 54.321112372000073 ], [ 12.379079623000052, 54.312445380000042 ], [ 12.362559441000087, 54.310207424000055 ], [ 12.369639519000089, 54.296576239000046 ], [ 12.377940300000091, 54.285874742000033 ], [ 12.380137566000087, 54.277085679000038 ], [ 12.36882571700005, 54.269191799000055 ], [ 12.412445509000065, 54.25141022300005 ], [ 12.436778191000087, 54.247707424000055 ], [ 12.458181186000047, 54.255560614000046 ], [ 12.442637566000087, 54.255194403000075 ], [ 12.430837436000047, 54.258612372000073 ], [ 12.410329623000052, 54.269191799000055 ], [ 12.416840040000068, 54.280951239000046 ], [ 12.426280144000089, 54.289618231000077 ], [ 12.451426629000082, 54.303941148000035 ], [ 12.457286004000082, 54.306301174000055 ], [ 12.468272332000083, 54.308335679000038 ], [ 12.47242272200009, 54.310207424000055 ], [ 12.475596550000091, 54.315130927000041 ], [ 12.476573113000086, 54.327785549000055 ], [ 12.478688998000052, 54.331854559000078 ], [ 12.495616082000083, 54.340277411000045 ], [ 12.560557488000086, 54.358587958000044 ], [ 12.547048373000052, 54.364488023000035 ], [ 12.54078209700009, 54.365423895000049 ], [ 12.54078209700009, 54.372259833000044 ], [ 12.559336785000085, 54.376288153000075 ], [ 12.56609134200005, 54.375921942000048 ], [ 12.574229363000086, 54.372259833000044 ], [ 12.574229363000086, 54.379095770000049 ], [ 12.592946811000047, 54.369330145000049 ], [ 12.62273196700005, 54.373928127000056 ], [ 12.677256707000083, 54.392075914000031 ], [ 12.675059441000087, 54.395412502000056 ], [ 12.672373894000089, 54.40298086100006 ], [ 12.670420769000089, 54.406398830000057 ], [ 12.680837436000047, 54.410874742000033 ], [ 12.692556186000047, 54.413641669000071 ], [ 12.70484459700009, 54.414618231000077 ], [ 12.717539910000085, 54.413804429000038 ], [ 12.717539910000085, 54.406398830000057 ], [ 12.70248457100007, 54.404120184000078 ], [ 12.692393425000091, 54.396185614000046 ], [ 12.686534050000091, 54.384751695000034 ], [ 12.684092644000089, 54.372259833000044 ], [ 12.69662519600007, 54.384955145000049 ], [ 12.701182488000086, 54.391669012000079 ], [ 12.704600457000083, 54.399603583000044 ], [ 12.713552280000044, 54.39008209800005 ], [ 12.723806186000047, 54.381252346000053 ], [ 12.735036655000044, 54.378159898000035 ], [ 12.746104363000086, 54.385891018000052 ], [ 12.757823113000086, 54.379787502000056 ], [ 12.768565300000091, 54.380072333000044 ], [ 12.778330925000091, 54.384751695000034 ], [ 12.787119988000086, 54.392075914000031 ], [ 12.789886915000068, 54.384344794000071 ], [ 12.79468834700009, 54.377142645000049 ], [ 12.800954623000052, 54.370754299000055 ], [ 12.81804446700005, 54.357977606000077 ], [ 12.821787957000083, 54.356146552000041 ], [ 12.825368686000047, 54.357245184000078 ], [ 12.835459832000083, 54.358587958000044 ], [ 12.854665561000047, 54.357855536000045 ], [ 12.864756707000083, 54.359564520000049 ], [ 12.875987175000091, 54.365423895000049 ], [ 12.88453209700009, 54.373480536000045 ], [ 12.894867384000065, 54.389715887000079 ], [ 12.903819207000083, 54.399603583000044 ], [ 12.92937259200005, 54.41437409100007 ], [ 12.969086134000065, 54.429388739000046 ], [ 13.008799675000091, 54.438055731000077 ], [ 13.034190300000091, 54.433661200000074 ], [ 13.021494988000086, 54.426459052000041 ], [ 13.021006707000083, 54.414536851000037 ], [ 13.028575066000087, 54.401841539000031 ], [ 13.04037519600007, 54.392075914000031 ], [ 13.08366946700005, 54.378973700000074 ], [ 13.095550977000073, 54.372259833000044 ], [ 13.076670769000089, 54.352525132000039 ], [ 13.080739780000044, 54.337144273000035 ], [ 13.109222852000073, 54.310207424000055 ], [ 13.112071160000085, 54.299302476000037 ], [ 13.112071160000085, 54.288478908000059 ], [ 13.11491946700005, 54.280015367000033 ], [ 13.125987175000091, 54.276597398000035 ], [ 13.170664910000085, 54.276597398000035 ], [ 13.170664910000085, 54.269191799000055 ], [ 13.161306186000047, 54.269029039000031 ], [ 13.154633009000065, 54.267320054000038 ], [ 13.143402540000068, 54.263006903000075 ], [ 13.176117384000065, 54.264837958000044 ], [ 13.228363477000073, 54.247381903000075 ], [ 13.263194207000083, 54.24249909100007 ], [ 13.28882897200009, 54.234279690000051 ], [ 13.321787957000083, 54.194525458000044 ], [ 13.348887566000087, 54.180487372000073 ], [ 13.33334394600007, 54.174017645000049 ], [ 13.321543816000087, 54.166815497000073 ], [ 13.346527540000068, 54.166937567000048 ], [ 13.383799675000091, 54.178127346000053 ], [ 13.403493686000047, 54.173651434000078 ], [ 13.395681186000047, 54.161932684000078 ], [ 13.390879754000082, 54.157294012000079 ], [ 13.382985873000052, 54.153143622000073 ], [ 13.394786004000082, 54.148911851000037 ], [ 13.40211022200009, 54.151312567000048 ], [ 13.408702019000089, 54.15460846600007 ], [ 13.41773522200009, 54.153143622000073 ], [ 13.42318769600007, 54.148098049000055 ], [ 13.437673373000052, 54.125189520000049 ], [ 13.450368686000047, 54.110419012000079 ], [ 13.465098504000082, 54.098456122000073 ], [ 13.483571811000047, 54.091294664000031 ], [ 13.507090691000087, 54.091050523000035 ], [ 13.507090691000087, 54.097886460000041 ], [ 13.498871290000068, 54.102484442000048 ], [ 13.487478061000047, 54.11391836100006 ], [ 13.479258660000085, 54.118353583000044 ], [ 13.479258660000085, 54.125189520000049 ], [ 13.602712436000047, 54.139471747000073 ], [ 13.632334832000083, 54.147528387000079 ], [ 13.683441602000073, 54.168036200000074 ], [ 13.711924675000091, 54.173651434000078 ], [ 13.71648196700005, 54.168443101000037 ], [ 13.714691602000073, 54.164048570000034 ], [ 13.708262566000087, 54.160874742000033 ], [ 13.698252800000091, 54.159328518000052 ], [ 13.698252800000091, 54.153143622000073 ], [ 13.728770379000082, 54.143866278000075 ], [ 13.808116082000083, 54.104681708000044 ], [ 13.808116082000083, 54.097886460000041 ], [ 13.793711785000085, 54.083197333000044 ], [ 13.785492384000065, 54.06391022300005 ], [ 13.77320397200009, 54.04633209800005 ], [ 13.746104363000086, 54.036444403000075 ], [ 13.758148634000065, 54.030991929000038 ], [ 13.787119988000086, 54.009100653000075 ], [ 13.797618035000085, 53.998928127000056 ], [ 13.803477410000085, 53.996323960000041 ], [ 13.83179772200009, 53.989243882000039 ], [ 13.838633660000085, 53.986314195000034 ], [ 13.84310957100007, 53.979559637000079 ], [ 13.846202019000089, 53.972235419000071 ], [ 13.849131707000083, 53.967596747000073 ], [ 13.850271030000044, 53.964016018000052 ], [ 13.84896894600007, 53.959458726000037 ], [ 13.848643425000091, 53.955552476000037 ], [ 13.852549675000091, 53.953843492000033 ], [ 13.86687259200005, 53.954657294000071 ], [ 13.870127800000091, 53.953843492000033 ], [ 13.875498894000089, 53.951239325000074 ], [ 13.881602410000085, 53.949042059000078 ], [ 13.887950066000087, 53.94757721600007 ], [ 13.893565300000091, 53.947088934000078 ], [ 13.90601647200009, 53.943060614000046 ], [ 13.90756269600007, 53.933539130000042 ], [ 13.901377800000091, 53.922308661000045 ], [ 13.890147332000083, 53.912909247000073 ], [ 13.818532748000052, 53.877997137000079 ], [ 13.808116082000083, 53.865139065000051 ], [ 13.817067905000044, 53.852932033000059 ], [ 13.835785352000073, 53.847479559000078 ], [ 13.854340040000068, 53.844916083000044 ], [ 13.862803582000083, 53.84125397300005 ], [ 13.869151238000086, 53.830308335000041 ], [ 13.883799675000091, 53.817694403000075 ], [ 13.899912957000083, 53.809149481000077 ], [ 13.910655144000089, 53.810492255000042 ], [ 13.984222852000073, 53.773993231000077 ], [ 14.01734459700009, 53.769517320000034 ], [ 14.033539259000065, 53.757513739000046 ], [ 14.037445509000065, 53.755275783000059 ], [ 14.061534050000091, 53.756415106000077 ], [ 14.068858269000089, 53.755275783000059 ], [ 14.094004754000082, 53.746323960000041 ], [ 14.106130405000044, 53.743353583000044 ], [ 14.186534050000091, 53.739813544000071 ], [ 14.214691602000073, 53.744859117000033 ], [ 14.226573113000086, 53.758693752000056 ], [ 14.23414147200009, 53.761786200000074 ], [ 14.250173373000052, 53.759955145000049 ], [ 14.264496290000068, 53.751613674000055 ], [ 14.267425977000073, 53.735419012000079 ], [ 14.25953209700009, 53.72797272300005 ], [ 14.212738477000073, 53.708075262000079 ], [ 14.225352410000085, 53.70376211100006 ], [ 14.24000084700009, 53.700751044000071 ], [ 14.256195509000065, 53.699448960000041 ], [ 14.263900720257396, 53.699976159680759 ], [ 14.263862752000136, 53.699875794 ], [ 14.265102986000073, 53.671763815000062 ], [ 14.260968872000149, 53.656209209000039 ], [ 14.27605839000006, 53.636623841000116 ], [ 14.297039022000149, 53.597763164000057 ], [ 14.298899373000069, 53.58789296500008 ], [ 14.296212199000138, 53.551306051000026 ], [ 14.29693566900005, 53.529136862000101 ], [ 14.304170370000094, 53.508517965000109 ], [ 14.328458293000097, 53.486090394000101 ], [ 14.338896932000125, 53.465213115000054 ], [ 14.359877564000044, 53.444077454000094 ], [ 14.370316202000083, 53.39229766900003 ], [ 14.391260511000098, 53.334017003000056 ], [ 14.398014770000088, 53.315222270000092 ], [ 14.399565064000114, 53.306747335000082 ], [ 14.400185180000079, 53.288608908000057 ], [ 14.403285767000028, 53.278790385 ], [ 14.409383586000075, 53.272434184000062 ], [ 14.424679810000043, 53.26465688100005 ], [ 14.428607219000099, 53.259075827000046 ], [ 14.441629680000062, 53.251841126000059 ], [ 14.415584757000062, 53.220990296000068 ], [ 14.408246704000078, 53.214401551 ], [ 14.39770471200012, 53.210990906000077 ], [ 14.387782837000117, 53.202076722000058 ], [ 14.380651489000087, 53.189855245000032 ], [ 14.377860962000113, 53.1765485640001 ], [ 14.381478312000098, 53.160296326 ], [ 14.38747277900012, 53.146136984000051 ], [ 14.389539835000107, 53.131667583000095 ], [ 14.359567505000143, 53.075056051000033 ], [ 14.356776977000095, 53.066684469000066 ], [ 14.343341105000036, 53.048623555000049 ], [ 14.312645305000103, 53.02921905500007 ], [ 14.253734172000094, 53.000874533000072 ], [ 14.192859334000048, 52.981650900000048 ], [ 14.144490193000109, 52.959920960000048 ], [ 14.144490193000109, 52.953693950000044 ], [ 14.150484660000131, 52.943642884000027 ], [ 14.162680298000055, 52.908167013000096 ], [ 14.164954061000088, 52.895661317000091 ], [ 14.160819946000061, 52.876747742000063 ], [ 14.150484660000131, 52.86462961900007 ], [ 14.12392297300002, 52.850651144000054 ], [ 14.13539514200005, 52.836595154000051 ], [ 14.152758423000051, 52.828326925000098 ], [ 14.173739054000066, 52.824347839000026 ], [ 14.195959920000092, 52.823365987000059 ], [ 14.216010375000053, 52.817991639000084 ], [ 14.248669882000115, 52.794582215000034 ], [ 14.275955037000131, 52.785719706000023 ], [ 14.382201782000095, 52.738151551 ], [ 14.39770471200012, 52.727118632999989 ], [ 14.431914510000098, 52.686087546000053 ], [ 14.442353149000041, 52.679963887999989 ], [ 14.461370076, 52.67456370100011 ], [ 14.49010217300011, 52.650637512000017 ], [ 14.549943481000071, 52.636193950000077 ], [ 14.607964828000092, 52.596462963000064 ], [ 14.613712199000105, 52.59252736400002 ], [ 14.644821411000066, 52.576921082000084 ], [ 14.616812785000064, 52.541031800000027 ], [ 14.609061320000137, 52.517803243000017 ], [ 14.627664836000093, 52.507416280000101 ], [ 14.632315715000061, 52.49674509800009 ], [ 14.615779256000081, 52.473283997000024 ], [ 14.591594686000093, 52.449797059000034 ], [ 14.539814901000113, 52.421865947000057 ], [ 14.54539595600005, 52.382152608000055 ], [ 14.569167114000095, 52.3385118610001 ], [ 14.590147746000099, 52.309418030000089 ], [ 14.584153280000066, 52.291227926000047 ], [ 14.606580851000075, 52.275750835000068 ], [ 14.640480590000067, 52.265053813000051 ], [ 14.668902628000097, 52.260997213000039 ], [ 14.696911255000117, 52.2534782930001 ], [ 14.712414184000124, 52.235908305000024 ], [ 14.712104126000042, 52.215444438000063 ], [ 14.69257043500005, 52.199579773000053 ], [ 14.69257043500005, 52.193378601000077 ], [ 14.707039836000149, 52.179451803000077 ], [ 14.703215780000022, 52.16516327 ], [ 14.692467082000093, 52.146973165000063 ], [ 14.686369263000131, 52.121031596000122 ], [ 14.696394491000063, 52.106691386000122 ], [ 14.76140344300012, 52.076667379000057 ], [ 14.74300663300005, 52.062533875000028 ], [ 14.735358520000148, 52.05403310200002 ], [ 14.732154582000078, 52.045067241000069 ], [ 14.730294230000084, 52.03589467400009 ], [ 14.726056762000042, 52.026437887000029 ], [ 14.704456014000073, 52.002227478000052 ], [ 14.699081665000108, 51.992512309000105 ], [ 14.695567667000148, 51.931456604000104 ], [ 14.687092733000043, 51.911897074000095 ], [ 14.67169315600006, 51.893887838000083 ], [ 14.653296346000076, 51.878617453000047 ], [ 14.595935507000064, 51.842418112000118 ], [ 14.582809693000115, 51.825080668000012 ], [ 14.585806925000043, 51.803893332000044 ], [ 14.602240031000093, 51.788312887000117 ], [ 14.620326782000092, 51.780535584000106 ], [ 14.634176066000066, 51.769011739000078 ], [ 14.638103475000037, 51.742630921000099 ], [ 14.648438761000136, 51.717206116000099 ], [ 14.670969686000149, 51.700773011000123 ], [ 14.719545532000069, 51.675632426 ], [ 14.732464640000074, 51.658346659000088 ], [ 14.74228316200012, 51.632973532 ], [ 14.743936808000086, 51.606644390000056 ], [ 14.732154582000078, 51.58661977200002 ], [ 14.71272424300011, 51.567421977 ], [ 14.704559367000087, 51.547991638000028 ], [ 14.706769960000116, 51.540828064000081 ], [ 14.710037068000076, 51.5302407840001 ], [ 14.732154582000078, 51.515823059000084 ], [ 14.797473592000131, 51.502102966000038 ], [ 14.818557576000075, 51.492697856000078 ], [ 14.818557576000075, 51.492594504000053 ], [ 14.841398559000083, 51.48442962700004 ], [ 14.888320760000113, 51.475747987 ], [ 14.910955038000083, 51.468978373000041 ], [ 14.926561320000104, 51.461330261000072 ], [ 14.945061483000131, 51.449186300000079 ], [ 14.95539676900006, 51.435414530000045 ], [ 14.946921835000126, 51.42290883400004 ], [ 14.950647846000038, 51.396539377000025 ], [ 14.956637004000072, 51.354153341000043 ], [ 14.956637004000072, 51.353223165000102 ], [ 14.960977824000054, 51.335291443000031 ], [ 14.963768352000017, 51.328392639000057 ], [ 14.982268514000054, 51.308006287000111 ], [ 15.004902792000081, 51.291288961000063 ], [ 15.019475545000148, 51.271677755000056 ], [ 15.014307901000052, 51.242661439000059 ], [ 15.017925252000026, 51.23956085200011 ], [ 15.022059367000054, 51.236770325000052 ], [ 15.004902792000081, 51.215608826 ], [ 14.991363566000103, 51.18896962500007 ], [ 14.983198690000108, 51.160909323000041 ], [ 14.982061808000083, 51.135639547000082 ], [ 14.979994751000021, 51.122797954000092 ], [ 14.973380168000119, 51.116131694000089 ], [ 14.965628703000021, 51.111506653000035 ], [ 14.960254354000057, 51.104582011000034 ], [ 14.958497355000077, 51.094737651000074 ], [ 14.958290649000048, 51.07551401800005 ], [ 14.955293417000121, 51.064041850000123 ], [ 14.910644979000097, 50.992650859000022 ], [ 14.860208781000068, 50.916841533000124 ], [ 14.824655395000036, 50.891830139000049 ], [ 14.810496053000065, 50.877050680000124 ], [ 14.810392700000136, 50.858447164000054 ], [ 14.794579712000143, 50.831627096000076 ], [ 14.785071248000065, 50.820051575000022 ], [ 14.775356079000119, 50.812971904 ], [ 14.759233032000054, 50.810181376000045 ], [ 14.737528931000043, 50.810698141000088 ], [ 14.700425252000059, 50.815969137000124 ], [ 14.662184692000068, 50.834365946000034 ], [ 14.647921997000111, 50.839378561000089 ], [ 14.61319543500008, 50.845579732000076 ], [ 14.608337850000055, 50.85307281500009 ], [ 14.611851847000111, 50.870952861000049 ], [ 14.628801717000101, 50.89611928300009 ], [ 14.634589478000066, 50.909400127000097 ], [ 14.629215128000112, 50.920717266000068 ], [ 14.617122843000118, 50.920872294000034 ], [ 14.561829061000111, 50.906351217000079 ], [ 14.550356893000099, 50.912087301000028 ], [ 14.555834594000089, 50.924282939000065 ], [ 14.567823527000144, 50.938648987000064 ], [ 14.575574992000043, 50.950689596000032 ], [ 14.577435343000047, 50.965727437000012 ], [ 14.574334758000106, 50.97549428300006 ], [ 14.566686645000118, 50.983400778000018 ], [ 14.554594360000038, 50.992650859000022 ], [ 14.542295369000101, 50.998748678000069 ], [ 14.515320272000082, 51.003037822000053 ], [ 14.502917928000102, 51.008515524000032 ], [ 14.493512818000056, 51.016706238000054 ], [ 14.49010217300011, 51.022700704 ], [ 14.48793176300012, 51.028721009000023 ], [ 14.482144002000069, 51.037195943000128 ], [ 14.473462362000106, 51.023372498000086 ], [ 14.462093547000109, 51.019651794000069 ], [ 14.425816691000136, 51.020943706000097 ], [ 14.39780806400006, 51.013114726000097 ], [ 14.386749308000049, 51.013269756000042 ], [ 14.375897257000076, 51.016990459000041 ], [ 14.369386027000104, 51.022442322000117 ], [ 14.364115031000097, 51.027997538000037 ], [ 14.356570272000056, 51.032338359 ], [ 14.319363240000115, 51.04001230900009 ], [ 14.287530558000071, 51.03683420800003 ], [ 14.263552694000055, 51.021434632000037 ], [ 14.249496704000137, 50.992650859000022 ], [ 14.238334595000111, 50.982470602000049 ], [ 14.250013469000095, 50.977613017000053 ], [ 14.283809855000072, 50.974822490000079 ], [ 14.303756958000093, 50.969706523000085 ], [ 14.302206665000057, 50.967691142000049 ], [ 14.293731730000076, 50.96397043900005 ], [ 14.292801554000107, 50.95348012400008 ], [ 14.318329712000065, 50.937512106000057 ], [ 14.355226685000076, 50.930639140000082 ], [ 14.381891724000127, 50.920872294000034 ], [ 14.375897257000076, 50.895964254000049 ], [ 14.34654504400001, 50.880202942000082 ], [ 14.268100220000093, 50.884130351000053 ], [ 14.232133423000022, 50.879376119000042 ], [ 14.221281372000078, 50.872606507000015 ], [ 14.202987915000108, 50.855139873000056 ], [ 14.190792277000099, 50.847905172000097 ], [ 14.034936157000061, 50.802584941000092 ], [ 14.015712524000037, 50.801758118000052 ], [ 13.979125610000096, 50.804755351000082 ], [ 13.959591919000076, 50.802068177000038 ], [ 13.948843221000061, 50.797210592000042 ], [ 13.933546997000093, 50.784808248000061 ], [ 13.923315064000121, 50.779950664000026 ], [ 13.910706014000084, 50.778762105000013 ], [ 13.900990844000148, 50.780622457000035 ], [ 13.892515910000043, 50.780415752000053 ], [ 13.883317505000065, 50.773232727 ], [ 13.879080037000108, 50.763517558000061 ], [ 13.880320272000034, 50.75504262300008 ], [ 13.882697388000082, 50.748014628000064 ], [ 13.882180624000057, 50.742743632000028 ], [ 13.87535933400008, 50.736542461000042 ], [ 13.869571574000105, 50.735250549000099 ], [ 13.863473755000143, 50.735147197000074 ], [ 13.834534953000087, 50.723675029000034 ], [ 13.816551554000114, 50.721349589000013 ], [ 13.770662882000039, 50.724605204000099 ], [ 13.74906213400007, 50.723209941000036 ], [ 13.71102828000005, 50.714269918000085 ], [ 13.691752970000096, 50.711841126000124 ], [ 13.601939331000096, 50.712151185000025 ], [ 13.556567423000075, 50.706725159000044 ], [ 13.515639689000068, 50.691015524000065 ], [ 13.527215210000094, 50.675667623 ], [ 13.523287801000038, 50.662180075000052 ], [ 13.509955281000117, 50.651224671000065 ], [ 13.493315471000074, 50.643214823000093 ], [ 13.49910323000006, 50.635204977000015 ], [ 13.498173055000109, 50.629158834000052 ], [ 13.492178589000076, 50.624456279000086 ], [ 13.482256713000083, 50.620890605000014 ], [ 13.464893432000054, 50.607092998000056 ], [ 13.447943563000052, 50.59727447600001 ], [ 13.429340048000114, 50.594328919000091 ], [ 13.407015828000056, 50.601305237000091 ], [ 13.400401245000126, 50.60657623400003 ], [ 13.386345256000112, 50.621614075000096 ], [ 13.380970906000073, 50.625489807000079 ], [ 13.368775268000149, 50.62833201100004 ], [ 13.365984741000091, 50.627091777000018 ], [ 13.365364624000108, 50.623474427000119 ], [ 13.359370158000104, 50.619340312000091 ], [ 13.321853068000109, 50.60239044300009 ], [ 13.316272013000088, 50.596034241000055 ], [ 13.305626668000087, 50.575777080000066 ], [ 13.284646037000101, 50.568955790000089 ], [ 13.268006226000068, 50.573658346000073 ], [ 13.251779825000142, 50.58089304700006 ], [ 13.232349487000079, 50.582029928000068 ], [ 13.199069865000126, 50.525340882000066 ], [ 13.184703817000127, 50.508752747000059 ], [ 13.160105835000138, 50.497022197000049 ], [ 13.107395874000133, 50.498985901000097 ], [ 13.079180542000074, 50.492784729 ], [ 13.078973836000102, 50.492681376000078 ], [ 13.078870483000088, 50.492681376000078 ], [ 13.069775431000096, 50.491079407000043 ], [ 13.06037032100005, 50.490614319000102 ], [ 13.051068563000115, 50.49113108400006 ], [ 13.042283570000052, 50.492784729 ], [ 13.03453210400005, 50.496505432000035 ], [ 13.026263875000097, 50.497642314000032 ], [ 13.017892293000102, 50.496350404000069 ], [ 13.00962406400015, 50.492681376000078 ], [ 13.003112833000102, 50.451908672000101 ], [ 12.996601603000045, 50.433666891000044 ], [ 12.982442261000074, 50.422969870000045 ], [ 12.960631103000111, 50.409234123000047 ], [ 12.952573283000078, 50.404159648000032 ], [ 12.918363485000071, 50.405399882000054 ], [ 12.825759318000109, 50.441418356000057 ], [ 12.817387736000029, 50.443020325000091 ], [ 12.80839603700008, 50.441831767000068 ], [ 12.794340047000077, 50.435888977000062 ], [ 12.788138875000072, 50.434338684000025 ], [ 12.770258830000046, 50.435940654000078 ], [ 12.754239136000081, 50.435320536000106 ], [ 12.737909383000044, 50.43154815700008 ], [ 12.725093628000138, 50.423434958000072 ], [ 12.702976115000041, 50.401524150000014 ], [ 12.691814006000101, 50.39465118400004 ], [ 12.678791544000063, 50.393721008000099 ], [ 12.625358114000051, 50.399922181000065 ], [ 12.550530640000119, 50.396356507000107 ], [ 12.510223022000076, 50.38876007100005 ], [ 12.482524454000043, 50.373567200000124 ], [ 12.475083048000045, 50.369433085000097 ], [ 12.471569051000074, 50.364472148000047 ], [ 12.469501994000098, 50.359407858000068 ], [ 12.466814819000092, 50.354912008000056 ], [ 12.467021525000121, 50.35284495100008 ], [ 12.46836511300009, 50.349485983000065 ], [ 12.468985229000083, 50.345558574 ], [ 12.466814819000092, 50.341889547 ], [ 12.462784058000096, 50.340494283000041 ], [ 12.453792359000147, 50.340700990000087 ], [ 12.450175008000144, 50.339357402000118 ], [ 12.438289429000122, 50.332536113000074 ], [ 12.408937215000066, 50.321994121 ], [ 12.398188517000051, 50.315172831000055 ], [ 12.367182658000104, 50.279051005000028 ], [ 12.355813842000117, 50.271402894000047 ], [ 12.344651733000092, 50.266390280000095 ], [ 12.336486857000068, 50.258587138000067 ], [ 12.333799683000052, 50.242722473000057 ], [ 12.314059286000088, 50.226496074000053 ], [ 12.308684936000105, 50.217090963000018 ], [ 12.305584351000078, 50.199314270000073 ], [ 12.308581583000091, 50.186911927 ], [ 12.314369344000056, 50.176214905000094 ], [ 12.314369344000056, 50.167326559000074 ], [ 12.300416707000068, 50.160815328000112 ], [ 12.28336348400012, 50.162210592000079 ], [ 12.273234904000077, 50.172339173000054 ], [ 12.26124597200004, 50.199882711000029 ], [ 12.260212443000057, 50.205050355000125 ], [ 12.258455445000067, 50.210889791000014 ], [ 12.254321330000039, 50.217401021000072 ], [ 12.249980510000057, 50.22117340100003 ], [ 12.232513875000109, 50.232490540000086 ], [ 12.229930054000107, 50.234815979000118 ], [ 12.228896525000039, 50.237038066000125 ], [ 12.229826701000093, 50.239053447000074 ], [ 12.232513875000109, 50.240965475000095 ], [ 12.233754110000064, 50.241688943999989 ], [ 12.235097697000128, 50.24225738500003 ], [ 12.23644128400008, 50.24256744500012 ], [ 12.237991577000116, 50.242722473000057 ], [ 12.242435750000112, 50.248355204000106 ], [ 12.24295251500007, 50.252954407000047 ], [ 12.239645223000139, 50.256571758000021 ], [ 12.232513875000109, 50.259103902000035 ], [ 12.20378177900011, 50.259568990000034 ], [ 12.189209025000139, 50.262462871000125 ], [ 12.178046916000113, 50.26876739500004 ], [ 12.174119507000057, 50.276570537000069 ], [ 12.174429565000139, 50.293727112000042 ], [ 12.168538452000121, 50.302977193000046 ], [ 12.149314819000011, 50.311710511000015 ], [ 12.101343547000027, 50.313980338000064 ], [ 12.076140991000045, 50.315172831000055 ], [ 12.099188680000083, 50.299773255000062 ], [ 12.107250203000092, 50.290884908000052 ], [ 12.110970906000091, 50.276622213000067 ], [ 12.109110555000086, 50.263806458 ], [ 12.102392619000057, 50.259155579000023 ], [ 12.092057333000071, 50.254814758000052 ], [ 12.079551635000144, 50.242722473000057 ], [ 12.089886922000062, 50.230836894000035 ], [ 12.139289592000097, 50.211044820000055 ], [ 12.163784220000139, 50.193784892000068 ], [ 12.175049682000093, 50.182622783000042 ], [ 12.182697795000081, 50.170737203 ], [ 12.185591675000069, 50.155699361000117 ], [ 12.178563680000053, 50.132961731000037 ], [ 12.179183797000121, 50.117975566000084 ], [ 12.187865438000074, 50.102834372000061 ], [ 12.202024780000045, 50.094514465000103 ], [ 12.218044474000095, 50.088571676000086 ], [ 12.232513875000109, 50.080510152 ], [ 12.241402221000044, 50.070639954000015 ], [ 12.243469279000095, 50.060408020000025 ], [ 12.243675984000049, 50.051312969000051 ], [ 12.246879923000108, 50.04495676700013 ], [ 12.398188517000051, 49.992763570000065 ], [ 12.399222046000119, 49.992763570000065 ], [ 12.414518270000059, 49.983048401000119 ], [ 12.451311889000067, 49.980567932000028 ], [ 12.468158406000043, 49.970232646000042 ], [ 12.470742228000063, 49.955608216000044 ], [ 12.463817586000062, 49.942120666000093 ], [ 12.462680705000139, 49.931268616000054 ], [ 12.503608439000089, 49.915765687000047 ], [ 12.517871135000064, 49.912200012000071 ], [ 12.524072306000051, 49.904965312000101 ], [ 12.520971720000091, 49.88553497300002 ], [ 12.51291019700011, 49.870238749000052 ], [ 12.489862508000044, 49.842695211000077 ], [ 12.482524454000043, 49.827243958000068 ], [ 12.46247399900011, 49.831223043000065 ], [ 12.456376180000035, 49.817115377000036 ], [ 12.455859415000106, 49.796134746000021 ], [ 12.452655477000121, 49.779701640000056 ], [ 12.436739135000096, 49.769263001000027 ], [ 12.395397990000077, 49.75789418600003 ], [ 12.38361576300008, 49.74285634400006 ], [ 12.388576700000016, 49.732314351000085 ], [ 12.398911987000133, 49.719498597 ], [ 12.419582560000038, 49.700223287000071 ], [ 12.433948608000065, 49.691800029000078 ], [ 12.44924483200009, 49.685030416000032 ], [ 12.482524454000043, 49.674695130000046 ], [ 12.49637373900012, 49.669992575000052 ], [ 12.504641968000072, 49.65939890500006 ], [ 12.505365437000137, 49.64611806300006 ], [ 12.496890503000145, 49.633870748000035 ], [ 12.499474324000062, 49.632527161000084 ], [ 12.507432495000103, 49.62999501600008 ], [ 12.502678263000121, 49.622140198000054 ], [ 12.501954793000039, 49.619711406000093 ], [ 12.512186727000113, 49.611649882 ], [ 12.536061239000105, 49.603123271000086 ], [ 12.546603230000073, 49.595578512000131 ], [ 12.553631225000061, 49.584726461000074 ], [ 12.558282104000028, 49.562557272000063 ], [ 12.562312867000117, 49.550826722000082 ], [ 12.568720744000075, 49.538837789000112 ], [ 12.575025268000076, 49.529897766 ], [ 12.58288008700012, 49.522404683000062 ], [ 12.593732137000075, 49.515014954000051 ], [ 12.604997599000114, 49.512792867000044 ], [ 12.61553959200009, 49.513774720000114 ], [ 12.622980998000116, 49.50984731000004 ], [ 12.624324585000068, 49.493000794000054 ], [ 12.627218465000055, 49.460186259000054 ], [ 12.632179402000105, 49.443959859000032 ], [ 12.643548218000092, 49.429490458000018 ], [ 12.663081909000113, 49.418896790000034 ], [ 12.709177286000028, 49.404737447000073 ], [ 12.729331095000106, 49.391146546000087 ], [ 12.762093953000118, 49.343242493000062 ], [ 12.777906941000111, 49.332545472000064 ], [ 12.797750692000108, 49.327842917000098 ], [ 12.856661825000089, 49.32221018500006 ], [ 12.875368693000098, 49.323863831000025 ], [ 12.870924519000084, 49.336731263 ], [ 12.884670451000119, 49.339573467000079 ], [ 12.92291101100011, 49.332700501000019 ], [ 12.939860881000101, 49.326757711000099 ], [ 12.954330282000058, 49.319109599000015 ], [ 12.982442261000074, 49.299627584000021 ], [ 12.999805542000104, 49.294925029000055 ], [ 13.005386597000012, 49.286760153000031 ], [ 13.006730184000077, 49.277096659 ], [ 13.011277710000115, 49.267794902000063 ], [ 13.043213745000088, 49.242886861 ], [ 13.043420451000145, 49.242783509000063 ], [ 13.055822795000012, 49.238184306000036 ], [ 13.149460489000148, 49.154830221000068 ], [ 13.162586303000126, 49.135141500000131 ], [ 13.178502645000066, 49.118346660000057 ], [ 13.206821330000139, 49.107494609000113 ], [ 13.267282755000082, 49.105634257000119 ], [ 13.287333211000117, 49.100569967000027 ], [ 13.299528849000126, 49.093645325000054 ], [ 13.32991459100009, 49.06692861 ], [ 13.372392618000049, 49.03850657200006 ], [ 13.383554728000149, 49.021091614000042 ], [ 13.384174845000132, 48.993031311000024 ], [ 13.398540893000131, 48.977683411000058 ], [ 13.427272990000034, 48.959958395000044 ], [ 13.458898966000049, 48.94502390600006 ], [ 13.482256713000083, 48.93763417600006 ], [ 13.492592, 48.955049133 ], [ 13.50210046400008, 48.966056214000091 ], [ 13.515949747000036, 48.970242005000031 ], [ 13.522395447000093, 48.969341930000084 ], [ 13.538894083000059, 48.967038066000057 ], [ 13.55646407100005, 48.959958395000044 ], [ 13.573413940000137, 48.951018372000092 ], [ 13.590467163000085, 48.944817200000031 ], [ 13.608657267000126, 48.946160787000068 ], [ 13.611137736000103, 48.927247213000058 ], [ 13.621783081000103, 48.909057109000102 ], [ 13.637389363000125, 48.893450826000063 ], [ 13.654442586000073, 48.882237040000021 ], [ 13.673356160000111, 48.876345928000021 ], [ 13.710614868000022, 48.872470195000048 ], [ 13.724670858000138, 48.867302552000055 ], [ 13.747925252000073, 48.843376363000047 ], [ 13.796191040000082, 48.779814352000088 ], [ 13.815724731000074, 48.766430156000055 ] ] ], [ [ [ 14.210052931000064, 53.938462632000039 ], [ 14.193066040000105, 53.911490784000094 ], [ 14.184797811000067, 53.908131816 ], [ 14.175289348000092, 53.906478170000028 ], [ 14.192755981000118, 53.89376576800008 ], [ 14.200818737000134, 53.878157293000029 ], [ 14.087412957000083, 53.870428778000075 ], [ 14.065114780000044, 53.872381903000075 ], [ 14.048350457000083, 53.879380601000037 ], [ 14.02507571700005, 53.863836981000077 ], [ 13.99586022200009, 53.853745835000041 ], [ 13.938487175000091, 53.844671942000048 ], [ 13.875254754000082, 53.84406159100007 ], [ 13.840098504000082, 53.850287177000041 ], [ 13.821787957000083, 53.865139065000051 ], [ 13.834727410000085, 53.867987372000073 ], [ 13.855479363000086, 53.877386786000045 ], [ 13.887705925000091, 53.881537177000041 ], [ 13.922373894000089, 53.893377997000073 ], [ 13.931651238000086, 53.899318752000056 ], [ 13.938975457000083, 53.928208726000037 ], [ 13.901866082000083, 53.969794012000079 ], [ 13.904470248000052, 53.995428778000075 ], [ 13.95484459700009, 53.99359772300005 ], [ 13.972666863000086, 53.989243882000039 ], [ 13.965830925000091, 53.981838283000059 ], [ 13.968272332000083, 53.976263739000046 ], [ 13.96029707100007, 53.956732489000046 ], [ 13.958994988000086, 53.94086334800005 ], [ 13.974619988000086, 53.95734284100007 ], [ 13.987478061000047, 53.961411851000037 ], [ 14.027842644000089, 53.961371161000045 ], [ 14.022634311000047, 53.958970445000034 ], [ 14.018565300000091, 53.956366278000075 ], [ 14.015879754000082, 53.952704169000071 ], [ 14.014333530000044, 53.947088934000078 ], [ 14.048350457000083, 53.94086334800005 ], [ 14.040293816000087, 53.953843492000033 ], [ 14.053070509000065, 53.978420315000051 ], [ 14.051280144000089, 54.005072333000044 ], [ 14.037445509000065, 54.021714585000041 ], [ 14.014333530000044, 54.016017971000053 ], [ 14.006195509000065, 54.032294012000079 ], [ 13.995290561000047, 54.045721747000073 ], [ 13.981700066000087, 54.056341864000046 ], [ 13.965830925000091, 54.063788153000075 ], [ 13.946055535000085, 54.066595770000049 ], [ 13.926117384000065, 54.064032294000071 ], [ 13.915863477000073, 54.056382554000038 ], [ 13.924815300000091, 54.043890692000048 ], [ 13.924815300000091, 54.036444403000075 ], [ 13.916270379000082, 54.033636786000045 ], [ 13.907237175000091, 54.027492580000057 ], [ 13.899912957000083, 54.019720770000049 ], [ 13.896983269000089, 54.012274481000077 ], [ 13.890879754000082, 54.010158596000053 ], [ 13.855967644000089, 54.002346096000053 ], [ 13.858083530000044, 54.015773830000057 ], [ 13.865570509000065, 54.02407461100006 ], [ 13.873545769000089, 54.029974677000041 ], [ 13.87631269600007, 54.036444403000075 ], [ 13.871104363000086, 54.048651434000078 ], [ 13.863617384000065, 54.049994208000044 ], [ 13.854991082000083, 54.04633209800005 ], [ 13.823008660000085, 54.037909247000073 ], [ 13.80827884200005, 54.026312567000048 ], [ 13.794200066000087, 54.018133856000077 ], [ 13.774099155000044, 54.022772528000075 ], [ 13.782074415000068, 54.042141018000052 ], [ 13.809255405000044, 54.075100002000056 ], [ 13.814952019000089, 54.101263739000046 ], [ 13.806162957000083, 54.11664459800005 ], [ 13.76531009200005, 54.141913153000075 ], [ 13.752940300000091, 54.153143622000073 ], [ 13.762217644000089, 54.164455471000053 ], [ 13.777598504000082, 54.174017645000049 ], [ 13.796153191000087, 54.178290106000077 ], [ 13.814952019000089, 54.173651434000078 ], [ 13.823741082000083, 54.163967190000051 ], [ 13.844086134000065, 54.131293036000045 ], [ 13.855967644000089, 54.118353583000044 ], [ 13.88249759200005, 54.102443752000056 ], [ 13.948415561000047, 54.079779364000046 ], [ 13.986175977000073, 54.071234442000048 ], [ 14.016612175000091, 54.06000397300005 ], [ 14.192393425000091, 53.946112372000073 ], [ 14.209483269000089, 53.938625393000052 ], [ 14.210052931000064, 53.938462632000039 ] ] ], [ [ [ 6.798106316000087, 53.604437567000048 ], [ 6.775645379000082, 53.602484442000048 ], [ 6.740896030000044, 53.593451239000046 ], [ 6.72242272200009, 53.590765692000048 ], [ 6.72242272200009, 53.58462148600006 ], [ 6.733571811000047, 53.582017320000034 ], [ 6.742198113000086, 53.578355210000041 ], [ 6.749522332000083, 53.572414455000057 ], [ 6.756521030000044, 53.562892971000053 ], [ 6.747569207000083, 53.565985419000071 ], [ 6.734629754000082, 53.575181382000039 ], [ 6.726084832000083, 53.577134507000039 ], [ 6.715993686000047, 53.576076565000051 ], [ 6.701182488000086, 53.571437893000052 ], [ 6.69507897200009, 53.570298570000034 ], [ 6.67709394600007, 53.57562897300005 ], [ 6.663340691000087, 53.58734772300005 ], [ 6.65951582100007, 53.599107164000031 ], [ 6.671153191000087, 53.604437567000048 ], [ 6.747325066000087, 53.618353583000044 ], [ 6.784678582000083, 53.620062567000048 ], [ 6.798106316000087, 53.604437567000048 ] ] ], [ [ [ 6.873789910000085, 53.672756252000056 ], [ 6.910817905000044, 53.683661200000074 ], [ 7.047048373000052, 53.694159247000073 ], [ 7.085459832000083, 53.686997789000031 ], [ 6.873789910000085, 53.672756252000056 ] ] ], [ [ [ 7.133148634000065, 53.708075262000079 ], [ 7.178965691000087, 53.72406647300005 ], [ 7.232920769000089, 53.729437567000048 ], [ 7.346202019000089, 53.72797272300005 ], [ 7.346690300000091, 53.723211981000077 ], [ 7.34506269600007, 53.722072658000059 ], [ 7.342295769000089, 53.72211334800005 ], [ 7.295746290000068, 53.711004950000074 ], [ 7.17359459700009, 53.701402085000041 ], [ 7.133148634000065, 53.708075262000079 ] ] ], [ [ [ 7.36654707100007, 53.72797272300005 ], [ 7.383067254000082, 53.734849351000037 ], [ 7.403493686000047, 53.736721096000053 ], [ 7.422618035000085, 53.734198309000078 ], [ 7.435557488000086, 53.72797272300005 ], [ 7.432383660000085, 53.72406647300005 ], [ 7.42904707100007, 53.722479559000078 ], [ 7.42123457100007, 53.721136786000045 ], [ 7.381195509000065, 53.728501695000034 ], [ 7.36654707100007, 53.72797272300005 ] ] ], [ [ [ 8.120127800000091, 53.721136786000045 ], [ 8.132660352000073, 53.734035549000055 ], [ 8.152354363000086, 53.739162502000056 ], [ 8.174815300000091, 53.737005927000041 ], [ 8.195974155000044, 53.72797272300005 ], [ 8.181651238000086, 53.72797272300005 ], [ 8.171722852000073, 53.725572007000039 ], [ 8.155772332000083, 53.716376044000071 ], [ 8.150889519000089, 53.71430084800005 ], [ 8.14226321700005, 53.715643622000073 ], [ 8.136729363000086, 53.717962958000044 ], [ 8.130707227000073, 53.718451239000046 ], [ 8.120127800000091, 53.71430084800005 ], [ 8.120127800000091, 53.721136786000045 ] ] ], [ [ [ 7.517425977000073, 53.762111721000053 ], [ 7.606618686000047, 53.762600002000056 ], [ 7.62671959700009, 53.755275783000059 ], [ 7.627207879000082, 53.750921942000048 ], [ 7.625743035000085, 53.749945380000042 ], [ 7.623301629000082, 53.749986070000034 ], [ 7.620616082000083, 53.749090887000079 ], [ 7.547699415000068, 53.750433661000045 ], [ 7.513926629000082, 53.745510158000059 ], [ 7.511241082000083, 53.72797272300005 ], [ 7.481944207000083, 53.727118231000077 ], [ 7.472992384000065, 53.73187897300005 ], [ 7.469574415000068, 53.745347398000035 ], [ 7.474619988000086, 53.756822007000039 ], [ 7.486989780000044, 53.761419989000046 ], [ 7.517425977000073, 53.762111721000053 ] ] ], [ [ [ 7.660899285000085, 53.762111721000053 ], [ 7.686289910000085, 53.780991929000038 ], [ 7.72828209700009, 53.78656647300005 ], [ 7.812836134000065, 53.783148505000042 ], [ 7.812836134000065, 53.776353257000039 ], [ 7.79859459700009, 53.776353257000039 ], [ 7.776215040000068, 53.767971096000053 ], [ 7.748220248000052, 53.760931708000044 ], [ 7.719493035000085, 53.759914455000057 ], [ 7.69499759200005, 53.769517320000034 ], [ 7.685883009000065, 53.761786200000074 ], [ 7.67709394600007, 53.757798570000034 ], [ 7.668630405000044, 53.757879950000074 ], [ 7.660899285000085, 53.762111721000053 ] ] ], [ [ [ 7.873789910000085, 53.776353257000039 ], [ 7.854502800000091, 53.784572658000059 ], [ 7.858897332000083, 53.790920315000051 ], [ 7.87671959700009, 53.794867255000042 ], [ 7.897634311000047, 53.796291408000059 ], [ 7.914073113000086, 53.795355536000045 ], [ 7.928965691000087, 53.792547919000071 ], [ 7.955577019000089, 53.782904364000046 ], [ 7.946055535000085, 53.784002997000073 ], [ 7.93531334700009, 53.783148505000042 ], [ 7.893239780000044, 53.788967190000051 ], [ 7.875254754000082, 53.788397528000075 ], [ 7.873789910000085, 53.776353257000039 ] ] ], [ [ [ 11.375661655000044, 53.981838283000059 ], [ 11.39039147200009, 54.004584052000041 ], [ 11.426605665000068, 54.022935289000031 ], [ 11.468028191000087, 54.030951239000046 ], [ 11.497894727000073, 54.022772528000075 ], [ 11.468272332000083, 53.970689195000034 ], [ 11.457692905000044, 53.961371161000045 ], [ 11.445323113000086, 53.961127020000049 ], [ 11.444509311000047, 53.968085028000075 ], [ 11.451426629000082, 53.985541083000044 ], [ 11.44703209700009, 53.997137762000079 ], [ 11.438731316000087, 53.997259833000044 ], [ 11.43327884200005, 53.988755601000037 ], [ 11.437754754000082, 53.975002346000053 ], [ 11.423106316000087, 53.967718817000048 ], [ 11.407074415000068, 53.96820709800005 ], [ 11.390961134000065, 53.973944403000075 ], [ 11.375661655000044, 53.981838283000059 ] ] ], [ [ [ 11.528493686000047, 54.075100002000056 ], [ 11.528575066000087, 54.077460028000075 ], [ 11.533946160000085, 54.084865627000056 ], [ 11.601898634000065, 54.10415273600006 ], [ 11.615896030000044, 54.112127997000073 ], [ 11.59896894600007, 54.098049221000053 ], [ 11.552744988000086, 54.073065497000073 ], [ 11.539561394000089, 54.05695221600007 ], [ 11.533946160000085, 54.05695221600007 ], [ 11.528493686000047, 54.075100002000056 ] ] ], [ [ [ 8.963145379000082, 54.523667710000041 ], [ 8.958506707000083, 54.522447007000039 ], [ 8.956309441000087, 54.519435940000051 ], [ 8.955821160000085, 54.514960028000075 ], [ 8.956879102000073, 54.509426174000055 ], [ 8.938487175000091, 54.499090887000079 ], [ 8.925791863000086, 54.486761786000045 ], [ 8.911306186000047, 54.475490627000056 ], [ 8.887950066000087, 54.468451239000046 ], [ 8.844493035000085, 54.466498114000046 ], [ 8.82390384200005, 54.470851955000057 ], [ 8.812836134000065, 54.482123114000046 ], [ 8.823741082000083, 54.485541083000044 ], [ 8.82553144600007, 54.491197007000039 ], [ 8.820974155000044, 54.497259833000044 ], [ 8.812836134000065, 54.501939195000034 ], [ 8.844493035000085, 54.519720770000049 ], [ 8.879649285000085, 54.529120184000078 ], [ 8.919200066000087, 54.530462958000044 ], [ 8.963145379000082, 54.523667710000041 ] ] ], [ [ [ 11.25562584700009, 54.478705145000049 ], [ 11.31421959700009, 54.413804429000038 ], [ 11.188487175000091, 54.426174221000053 ], [ 11.170176629000082, 54.420070705000057 ], [ 11.174652540000068, 54.416001695000034 ], [ 11.17904707100007, 54.414211330000057 ], [ 11.138845248000052, 54.412665106000077 ], [ 11.11264082100007, 54.415228583000044 ], [ 11.10132897200009, 54.423488674000055 ], [ 11.10328209700009, 54.443833726000037 ], [ 11.098643425000091, 54.451646226000037 ], [ 11.084320509000065, 54.454779364000046 ], [ 11.058116082000083, 54.455267645000049 ], [ 11.047373894000089, 54.453273830000057 ], [ 11.039886915000068, 54.447333075000074 ], [ 11.032481316000087, 54.447333075000074 ], [ 11.029144727000073, 54.454657294000071 ], [ 11.025726759000065, 54.458807684000078 ], [ 11.020355665000068, 54.458970445000034 ], [ 11.008474155000044, 54.454657294000071 ], [ 11.005707227000073, 54.468451239000046 ], [ 11.033702019000089, 54.508856512000079 ], [ 11.072927280000044, 54.531195380000042 ], [ 11.121267123000052, 54.535956122000073 ], [ 11.206553582000083, 54.514471747000073 ], [ 11.23210696700005, 54.501654364000046 ], [ 11.24000084700009, 54.49555084800005 ], [ 11.25562584700009, 54.478705145000049 ] ] ], [ [ [ 13.143402540000068, 54.598130601000037 ], [ 13.11890709700009, 54.586411851000037 ], [ 13.113129102000073, 54.570054429000038 ], [ 13.112152540000068, 54.550685940000051 ], [ 13.102549675000091, 54.52993398600006 ], [ 13.095225457000083, 54.524359442000048 ], [ 13.081065300000091, 54.517157294000071 ], [ 13.075043165000068, 54.509426174000055 ], [ 13.071462436000047, 54.499660549000055 ], [ 13.069590691000087, 54.489650783000059 ], [ 13.068207227000073, 54.468451239000046 ], [ 13.061371290000068, 54.468451239000046 ], [ 13.061371290000068, 54.482123114000046 ], [ 13.06421959700009, 54.505113023000035 ], [ 13.095550977000073, 54.570786851000037 ], [ 13.102305535000085, 54.596096096000053 ], [ 13.109629754000082, 54.603094794000071 ], [ 13.125987175000091, 54.605617580000057 ], [ 13.139821811000047, 54.606024481000077 ], [ 13.151052280000044, 54.60492584800005 ], [ 13.157237175000091, 54.59906647300005 ], [ 13.157074415000068, 54.587958075000074 ], [ 13.156504754000082, 54.589056708000044 ], [ 13.15365644600007, 54.591131903000075 ], [ 13.149668816000087, 54.591376044000071 ], [ 13.149668816000087, 54.577704169000071 ], [ 13.143402540000068, 54.577704169000071 ], [ 13.143402540000068, 54.598130601000037 ] ] ], [ [ [ 13.698252800000091, 54.392075914000031 ], [ 13.724864129000082, 54.36359284100007 ], [ 13.74195397200009, 54.350490627000056 ], [ 13.766449415000068, 54.344916083000044 ], [ 13.753103061000047, 54.33930084800005 ], [ 13.740082227000073, 54.329820054000038 ], [ 13.73015384200005, 54.316839911000045 ], [ 13.72624759200005, 54.300523179000038 ], [ 13.72624759200005, 54.284654039000031 ], [ 13.723155144000089, 54.278387762000079 ], [ 13.712738477000073, 54.278998114000046 ], [ 13.690928582000083, 54.28351471600007 ], [ 13.702647332000083, 54.28351471600007 ], [ 13.711924675000091, 54.28656647300005 ], [ 13.715993686000047, 54.29328034100007 ], [ 13.711924675000091, 54.303941148000035 ], [ 13.705088738000086, 54.303941148000035 ], [ 13.694834832000083, 54.297430731000077 ], [ 13.67945397200009, 54.294012762000079 ], [ 13.663340691000087, 54.293890692000048 ], [ 13.651133660000085, 54.29718659100007 ], [ 13.651133660000085, 54.303941148000035 ], [ 13.688243035000085, 54.313299872000073 ], [ 13.703623894000089, 54.320461330000057 ], [ 13.711924675000091, 54.331854559000078 ], [ 13.65992272200009, 54.329779364000046 ], [ 13.636729363000086, 54.325506903000075 ], [ 13.61695397200009, 54.317613023000035 ], [ 13.672129754000082, 54.340318101000037 ], [ 13.690928582000083, 54.344916083000044 ], [ 13.690928582000083, 54.351752020000049 ], [ 13.664073113000086, 54.353257554000038 ], [ 13.65007571700005, 54.352443752000056 ], [ 13.64031009200005, 54.348334052000041 ], [ 13.626800977000073, 54.339097398000035 ], [ 13.618337436000047, 54.341376044000071 ], [ 13.610606316000087, 54.34796784100007 ], [ 13.59929446700005, 54.351752020000049 ], [ 13.49968509200005, 54.344916083000044 ], [ 13.48178144600007, 54.338283596000053 ], [ 13.428884311000047, 54.310939846000053 ], [ 13.41773522200009, 54.300523179000038 ], [ 13.406097852000073, 54.285223700000074 ], [ 13.381602410000085, 54.282212632000039 ], [ 13.359629754000082, 54.275458075000074 ], [ 13.355723504000082, 54.248724677000041 ], [ 13.369395379000082, 54.255560614000046 ], [ 13.369639519000089, 54.260646877000056 ], [ 13.367523634000065, 54.261948960000041 ], [ 13.364756707000083, 54.26203034100007 ], [ 13.363129102000073, 54.263006903000075 ], [ 13.410899285000085, 54.26788971600007 ], [ 13.41773522200009, 54.266058661000045 ], [ 13.425059441000087, 54.243231512000079 ], [ 13.423024936000047, 54.23273346600007 ], [ 13.407237175000091, 54.228216864000046 ], [ 13.37867272200009, 54.230861721000053 ], [ 13.34701582100007, 54.237453518000052 ], [ 13.311534050000091, 54.251125393000052 ], [ 13.319509311000047, 54.256415106000077 ], [ 13.324880405000044, 54.26821523600006 ], [ 13.335215691000087, 54.28351471600007 ], [ 13.320567254000082, 54.278387762000079 ], [ 13.313975457000083, 54.274400132000039 ], [ 13.307871941000087, 54.269191799000055 ], [ 13.31185957100007, 54.266424872000073 ], [ 13.314707879000082, 54.263006903000075 ], [ 13.29468834700009, 54.264105536000045 ], [ 13.284190300000091, 54.262844143000052 ], [ 13.276866082000083, 54.259263414000031 ], [ 13.267914259000065, 54.25649648600006 ], [ 13.257985873000052, 54.260443427000041 ], [ 13.248789910000085, 54.26626211100006 ], [ 13.242442254000082, 54.269191799000055 ], [ 13.227793816000087, 54.270819403000075 ], [ 13.210134311000047, 54.275824286000045 ], [ 13.199229363000086, 54.284409898000035 ], [ 13.20484459700009, 54.29718659100007 ], [ 13.190277540000068, 54.299750067000048 ], [ 13.159678582000083, 54.290961005000042 ], [ 13.149668816000087, 54.290269273000035 ], [ 13.142832879000082, 54.298000393000052 ], [ 13.148936394000089, 54.304754950000074 ], [ 13.162282748000052, 54.307684637000079 ], [ 13.17750084700009, 54.303941148000035 ], [ 13.17750084700009, 54.310207424000055 ], [ 13.115489129000082, 54.338080145000049 ], [ 13.129242384000065, 54.359564520000049 ], [ 13.148936394000089, 54.37726471600007 ], [ 13.174327019000089, 54.383978583000044 ], [ 13.20484459700009, 54.372259833000044 ], [ 13.211680535000085, 54.379095770000049 ], [ 13.223317905000044, 54.37250397300005 ], [ 13.237152540000068, 54.373968817000048 ], [ 13.266856316000087, 54.385891018000052 ], [ 13.251149936000047, 54.386908270000049 ], [ 13.239268425000091, 54.393622137000079 ], [ 13.234385613000086, 54.403387762000079 ], [ 13.239024285000085, 54.413804429000038 ], [ 13.239024285000085, 54.420070705000057 ], [ 13.225352410000085, 54.420843817000048 ], [ 13.217946811000047, 54.425685940000051 ], [ 13.211599155000044, 54.43109772300005 ], [ 13.201426629000082, 54.433661200000074 ], [ 13.156993035000085, 54.426825262000079 ], [ 13.174327019000089, 54.447658596000053 ], [ 13.181813998000052, 54.453029690000051 ], [ 13.208832227000073, 54.456935940000051 ], [ 13.239024285000085, 54.46625397300005 ], [ 13.25953209700009, 54.468451239000046 ], [ 13.25953209700009, 54.475287177000041 ], [ 13.260752800000091, 54.475490627000056 ], [ 13.266856316000087, 54.477484442000048 ], [ 13.27312259200005, 54.482123114000046 ], [ 13.245371941000087, 54.488348700000074 ], [ 13.233246290000068, 54.493068752000056 ], [ 13.225352410000085, 54.501939195000034 ], [ 13.228770379000082, 54.504299221000053 ], [ 13.231944207000083, 54.506008205000057 ], [ 13.233653191000087, 54.50922272300005 ], [ 13.232758009000065, 54.51626211100006 ], [ 13.203298373000052, 54.509466864000046 ], [ 13.185394727000073, 54.508286851000037 ], [ 13.17750084700009, 54.512844143000052 ], [ 13.175303582000083, 54.516017971000053 ], [ 13.170664910000085, 54.516791083000044 ], [ 13.166026238000086, 54.519110419000071 ], [ 13.16382897200009, 54.52680084800005 ], [ 13.162608269000089, 54.53546784100007 ], [ 13.158864780000044, 54.540676174000055 ], [ 13.152354363000086, 54.542954820000034 ], [ 13.143402540000068, 54.542914130000042 ], [ 13.166351759000065, 54.549383856000077 ], [ 13.242930535000085, 54.555975653000075 ], [ 13.25953209700009, 54.553778387000079 ], [ 13.264903191000087, 54.547796942000048 ], [ 13.276540561000047, 54.545070705000057 ], [ 13.288259311000047, 54.539943752000056 ], [ 13.293630405000044, 54.52680084800005 ], [ 13.297862175000091, 54.519680080000057 ], [ 13.305511915000068, 54.523423570000034 ], [ 13.309255405000044, 54.534816799000055 ], [ 13.301036004000082, 54.550360419000071 ], [ 13.315440300000091, 54.56195709800005 ], [ 13.33366946700005, 54.573065497000073 ], [ 13.352549675000091, 54.581447658000059 ], [ 13.369395379000082, 54.585150458000044 ], [ 13.358246290000068, 54.56476471600007 ], [ 13.350759311000047, 54.555975653000075 ], [ 13.342051629000082, 54.550360419000071 ], [ 13.348399285000085, 54.550482489000046 ], [ 13.353851759000065, 54.549872137000079 ], [ 13.358653191000087, 54.547552802000041 ], [ 13.363129102000073, 54.542914130000042 ], [ 13.358083530000044, 54.538153387000079 ], [ 13.348887566000087, 54.523667710000041 ], [ 13.363291863000086, 54.523138739000046 ], [ 13.374847852000073, 54.525580145000049 ], [ 13.383799675000091, 54.53188711100006 ], [ 13.389821811000047, 54.542914130000042 ], [ 13.381358269000089, 54.54437897300005 ], [ 13.371836785000085, 54.548895575000074 ], [ 13.363129102000073, 54.550360419000071 ], [ 13.363129102000073, 54.557196356000077 ], [ 13.37671959700009, 54.564642645000049 ], [ 13.387868686000047, 54.551255601000037 ], [ 13.405528191000087, 54.538234768000052 ], [ 13.41732832100007, 54.524562893000052 ], [ 13.410899285000085, 54.509426174000055 ], [ 13.430674675000091, 54.492743231000077 ], [ 13.455577019000089, 54.487494208000044 ], [ 13.507090691000087, 54.488267320000034 ], [ 13.49968509200005, 54.495754299000055 ], [ 13.509287957000083, 54.508978583000044 ], [ 13.514170769000089, 54.51312897300005 ], [ 13.520762566000087, 54.51626211100006 ], [ 13.520762566000087, 54.523667710000041 ], [ 13.512950066000087, 54.537543036000045 ], [ 13.50749759200005, 54.544663804000038 ], [ 13.49968509200005, 54.550360419000071 ], [ 13.49968509200005, 54.557196356000077 ], [ 13.50554446700005, 54.559719143000052 ], [ 13.508799675000091, 54.561835028000075 ], [ 13.512868686000047, 54.563544012000079 ], [ 13.520762566000087, 54.564642645000049 ], [ 13.520762566000087, 54.570786851000037 ], [ 13.508311394000089, 54.570379950000074 ], [ 13.500254754000082, 54.566066799000055 ], [ 13.49390709700009, 54.560736395000049 ], [ 13.486582879000082, 54.557196356000077 ], [ 13.475759311000047, 54.55609772300005 ], [ 13.441416863000086, 54.557196356000077 ], [ 13.436045769000089, 54.560370184000078 ], [ 13.430674675000091, 54.567450262000079 ], [ 13.423838738000086, 54.57453034100007 ], [ 13.414317254000082, 54.577704169000071 ], [ 13.399261915000068, 54.579575914000031 ], [ 13.393077019000089, 54.584540106000077 ], [ 13.389659050000091, 54.591050523000035 ], [ 13.382985873000052, 54.598130601000037 ], [ 13.371348504000082, 54.608099677000041 ], [ 13.369151238000086, 54.612127997000073 ], [ 13.355723504000082, 54.605617580000057 ], [ 13.347911004000082, 54.600816148000035 ], [ 13.33179772200009, 54.587836005000042 ], [ 13.30836022200009, 54.579575914000031 ], [ 13.291351759000065, 54.568793036000045 ], [ 13.273285352000073, 54.560939846000053 ], [ 13.25326582100007, 54.564642645000049 ], [ 13.24976647200009, 54.57648346600007 ], [ 13.256846550000091, 54.594916083000044 ], [ 13.269867384000065, 54.611802476000037 ], [ 13.283946160000085, 54.619289455000057 ], [ 13.286957227000073, 54.623521226000037 ], [ 13.291270379000082, 54.632961330000057 ], [ 13.293467644000089, 54.642279364000046 ], [ 13.290537957000083, 54.646551825000074 ], [ 13.24586022200009, 54.639797268000052 ], [ 13.231211785000085, 54.633856512000079 ], [ 13.224782748000052, 54.634955145000049 ], [ 13.225352410000085, 54.646551825000074 ], [ 13.230967644000089, 54.653306382000039 ], [ 13.24154707100007, 54.659979559000078 ], [ 13.25359134200005, 54.665025132000039 ], [ 13.390798373000052, 54.688177802000041 ], [ 13.418711785000085, 54.688421942000048 ], [ 13.44507897200009, 54.680080471000053 ], [ 13.44507897200009, 54.673895575000074 ], [ 13.429698113000086, 54.666734117000033 ], [ 13.409027540000068, 54.659816799000055 ], [ 13.390879754000082, 54.650539455000057 ], [ 13.382985873000052, 54.636379299000055 ], [ 13.385996941000087, 54.618638414000031 ], [ 13.394541863000086, 54.604437567000048 ], [ 13.407725457000083, 54.593410549000055 ], [ 13.424571160000085, 54.585150458000044 ], [ 13.466319207000083, 54.576890367000033 ], [ 13.595957879000082, 54.591376044000071 ], [ 13.640472852000073, 54.585679429000038 ], [ 13.670664910000085, 54.566229559000078 ], [ 13.677256707000083, 54.54047272300005 ], [ 13.651133660000085, 54.51626211100006 ], [ 13.60678144600007, 54.498968817000048 ], [ 13.584808790000068, 54.486517645000049 ], [ 13.575450066000087, 54.471869208000044 ], [ 13.579112175000091, 54.455064195000034 ], [ 13.587901238000086, 54.437567450000074 ], [ 13.599131707000083, 54.422674872000073 ], [ 13.609548373000052, 54.413804429000038 ], [ 13.630056186000047, 54.407538153000075 ], [ 13.67741946700005, 54.400824286000045 ], [ 13.698252800000091, 54.392075914000031 ] ] ], [ [ [ 8.332367384000065, 54.693793036000045 ], [ 8.382334832000083, 54.639146226000037 ], [ 8.401377800000091, 54.632961330000057 ], [ 8.387705925000091, 54.626125393000052 ], [ 8.353688998000052, 54.618963934000078 ], [ 8.330251498000052, 54.631415106000077 ], [ 8.311371290000068, 54.651353257000039 ], [ 8.291514519000089, 54.667059637000079 ], [ 8.320485873000052, 54.698716539000031 ], [ 8.338389519000089, 54.710150458000044 ], [ 8.360362175000091, 54.714829820000034 ], [ 8.36068769600007, 54.710028387000079 ], [ 8.35914147200009, 54.708929755000042 ], [ 8.356293165000068, 54.709173895000049 ], [ 8.353526238000086, 54.707993882000039 ], [ 8.342458530000044, 54.701402085000041 ], [ 8.332367384000065, 54.693793036000045 ] ] ], [ [ [ 8.497569207000083, 54.756415106000077 ], [ 8.553233269000089, 54.754461981000077 ], [ 8.57593834700009, 54.74640534100007 ], [ 8.593760613000086, 54.728501695000034 ], [ 8.593760613000086, 54.721665757000039 ], [ 8.585459832000083, 54.713609117000033 ], [ 8.574066602000073, 54.694403387000079 ], [ 8.56576582100007, 54.687567450000074 ], [ 8.55209394600007, 54.68500397300005 ], [ 8.535166863000086, 54.68618398600006 ], [ 8.519867384000065, 54.689601955000057 ], [ 8.511241082000083, 54.693793036000045 ], [ 8.485199415000068, 54.688055731000077 ], [ 8.45281009200005, 54.693833726000037 ], [ 8.394541863000086, 54.714829820000034 ], [ 8.414235873000052, 54.73578522300005 ], [ 8.436778191000087, 54.748480536000045 ], [ 8.464121941000087, 54.754787502000056 ], [ 8.497569207000083, 54.756415106000077 ] ] ], [ [ [ 8.360362175000091, 54.948187567000048 ], [ 8.354502800000091, 54.91274648600006 ], [ 8.38835696700005, 54.894232489000046 ], [ 8.436534050000091, 54.887274481000077 ], [ 8.654470248000052, 54.893622137000079 ], [ 8.629405144000089, 54.882147528000075 ], [ 8.504405144000089, 54.88617584800005 ], [ 8.488780144000089, 54.881293036000045 ], [ 8.461192254000082, 54.868801174000055 ], [ 8.446055535000085, 54.866278387000079 ], [ 8.377126498000052, 54.866278387000079 ], [ 8.370616082000083, 54.868231512000079 ], [ 8.361989780000044, 54.876939195000034 ], [ 8.353526238000086, 54.879339911000045 ], [ 8.343923373000052, 54.879095770000049 ], [ 8.337412957000083, 54.87759023600006 ], [ 8.307139519000089, 54.865383205000057 ], [ 8.302012566000087, 54.862616278000075 ], [ 8.299327019000089, 54.855292059000078 ], [ 8.297862175000091, 54.835598049000055 ], [ 8.294932488000086, 54.831529039000031 ], [ 8.298350457000083, 54.776922919000071 ], [ 8.295746290000068, 54.759100653000075 ], [ 8.29070071700005, 54.745306708000044 ], [ 8.284434441000087, 54.742377020000049 ], [ 8.277842644000089, 54.756415106000077 ], [ 8.27702884200005, 54.782782294000071 ], [ 8.288584832000083, 54.891302802000041 ], [ 8.298024936000047, 54.912543036000045 ], [ 8.373708530000044, 55.034979559000078 ], [ 8.41578209700009, 55.065334377000056 ], [ 8.463389519000089, 55.050685940000051 ], [ 8.402354363000086, 55.048773505000042 ], [ 8.394541863000086, 55.043850002000056 ], [ 8.422211134000065, 55.042181708000044 ], [ 8.430430535000085, 55.030015367000033 ], [ 8.42156009200005, 55.01626211100006 ], [ 8.380869988000086, 55.003078518000052 ], [ 8.361989780000044, 54.986802476000037 ], [ 8.351573113000086, 54.966742255000042 ], [ 8.360362175000091, 54.948187567000048 ] ] ], [ [ [ 8.63453209700009, 54.542629299000055 ], [ 8.69890384200005, 54.558579820000034 ], [ 8.70093834700009, 54.547756252000056 ], [ 8.692881707000083, 54.523260809000078 ], [ 8.669769727000073, 54.501898505000042 ], [ 8.641286655000044, 54.492377020000049 ], [ 8.61882571700005, 54.492621161000045 ], [ 8.606130405000044, 54.499212958000044 ], [ 8.595876498000052, 54.513657945000034 ], [ 8.602061394000089, 54.529771226000037 ], [ 8.620127800000091, 54.537909247000073 ], [ 8.627452019000089, 54.539943752000056 ], [ 8.63453209700009, 54.542629299000055 ] ] ], [ [ [ 7.904144727000073, 54.180405992000033 ], [ 7.899180535000085, 54.178168036000045 ], [ 7.897715691000087, 54.182318427000041 ], [ 7.893565300000091, 54.183091539000031 ], [ 7.89039147200009, 54.187567450000074 ], [ 7.885915561000047, 54.190659898000035 ], [ 7.879893425000091, 54.193915106000077 ], [ 7.894541863000086, 54.194647528000075 ], [ 7.900645379000082, 54.190659898000035 ], [ 7.904144727000073, 54.180405992000033 ] ] ], [ [ [ 7.912364129000082, 54.192287502000056 ], [ 7.929860873000052, 54.195298570000034 ], [ 7.933441602000073, 54.189886786000045 ], [ 7.91765384200005, 54.186997789000031 ], [ 7.912364129000082, 54.192287502000056 ] ] ] ] } },
{ "type": "Feature", "properties": { "NAME": "Japan", "ISO_A2": "JP", "ISO_A3": "JPN" }, "geometry": { "type": "MultiPolygon", "coordinates": [ [ [ [ 129.783213738000086, 31.799627997000073 ], [ 129.790863477000016, 31.784409898000035 ], [ 129.798594597000033, 31.763657945000034 ], [ 129.799571160000028, 31.745428778000075 ], [ 129.78638756600003, 31.737616278000075 ], [ 129.776133660000028, 31.729478257000039 ], [ 129.741709832000083, 31.676174221000053 ], [ 129.729340040000011, 31.644232489000046 ], [ 129.719248894000089, 31.63735586100006 ], [ 129.695977406, 31.621447336000074 ], [ 129.67769407500009, 31.629699673000061 ], [ 129.659373675000097, 31.64193470500004 ], [ 129.655381433, 31.659784838000064 ], [ 129.676297655000099, 31.666966426000045 ], [ 129.690602868000042, 31.70019805600009 ], [ 129.716644727000016, 31.730373440000051 ], [ 129.73170006600003, 31.737616278000075 ], [ 129.75359134200005, 31.743801174000055 ], [ 129.767751498000052, 31.759344794000071 ], [ 129.776703321000014, 31.779527085000041 ], [ 129.783213738000086, 31.799627997000073 ] ] ], [ [ [ 131.659790276000081, 32.476819574000046 ], [ 131.656629400000043, 32.457357730000069 ], [ 131.673889183000028, 32.441804894000086 ], [ 131.68913158600003, 32.421737335000046 ], [ 131.663584832000083, 32.406439520000049 ], [ 131.653086785000028, 32.401271877000056 ], [ 131.641368035000028, 32.399237372000073 ], [ 131.633474155000044, 32.395493882000039 ], [ 131.629405144000089, 32.386786200000074 ], [ 131.621836785000028, 32.360296942000048 ], [ 131.619476759, 32.337103583000044 ], [ 131.61646569100003, 32.33234284100007 ], [ 131.61101321700005, 32.329982815000051 ], [ 131.60279381600003, 32.323553778000075 ], [ 131.592539910000028, 32.303656317000048 ], [ 131.580414259, 32.253973700000074 ], [ 131.562416900000017, 32.217916371000058 ], [ 131.550327242000094, 32.169466089000082 ], [ 131.53052845600007, 32.107391282000037 ], [ 131.496486394000044, 32.012744267000073 ], [ 131.458570337000083, 31.905451862000064 ], [ 131.447276238000086, 31.876898505000042 ], [ 131.449961785000028, 31.858710028000075 ], [ 131.447621863, 31.847434831000044 ], [ 131.455903478000096, 31.821973977000084 ], [ 131.468042276, 31.80489943300006 ], [ 131.496348504000025, 31.795965887000079 ], [ 131.493011915000011, 31.786932684000078 ], [ 131.478526238000086, 31.770331122000073 ], [ 131.475271030000044, 31.762152411000045 ], [ 131.450531446000014, 31.65110911700009 ], [ 131.455332879000025, 31.620917059000078 ], [ 131.423350457000083, 31.598334052000041 ], [ 131.411468946000014, 31.586127020000049 ], [ 131.406911655000044, 31.569728908000059 ], [ 131.404063347000033, 31.568060614000046 ], [ 131.390798373000052, 31.548814195000034 ], [ 131.386485222000033, 31.539007880000042 ], [ 131.385264519000089, 31.526922919000071 ], [ 131.38795006600003, 31.520493882000039 ], [ 131.391449415000011, 31.516750393000052 ], [ 131.393321160000028, 31.512274481000077 ], [ 131.393728061000047, 31.491034247000073 ], [ 131.388926629000025, 31.485581773000035 ], [ 131.37623131600003, 31.474432684000078 ], [ 131.373545769000089, 31.467352606000077 ], [ 131.363780144000089, 31.419663804000038 ], [ 131.35865319100003, 31.41046784100007 ], [ 131.345469597000033, 31.394964911000045 ], [ 131.341807488000086, 31.386053778000075 ], [ 131.340586785000028, 31.378729559000078 ], [ 131.338226759, 31.372626044000071 ], [ 131.33130944100003, 31.367661851000037 ], [ 131.327647332000083, 31.371323960000041 ], [ 131.324961785000028, 31.372870184000078 ], [ 131.318207227000016, 31.375148830000057 ], [ 131.322601759, 31.381293036000045 ], [ 131.323741082000083, 31.383937893000052 ], [ 131.325043165000011, 31.38812897300005 ], [ 131.28484134200005, 31.381984768000052 ], [ 131.265879754000025, 31.38117096600007 ], [ 131.249847852000016, 31.38812897300005 ], [ 131.245127800000091, 31.395575262000079 ], [ 131.24577884200005, 31.412176825000074 ], [ 131.243011915000011, 31.422267971000053 ], [ 131.238617384, 31.428412177000041 ], [ 131.219248894000089, 31.446478583000044 ], [ 131.212657097000033, 31.454738674000055 ], [ 131.207802354000023, 31.456049140000061 ], [ 131.200342492, 31.457373282000049 ], [ 131.178633013000081, 31.452428893000047 ], [ 131.161556885000095, 31.463997931000051 ], [ 131.150645379000025, 31.47134023600006 ], [ 131.130381707000083, 31.469427802000041 ], [ 131.109385613000086, 31.464544989000046 ], [ 131.071787957000083, 31.449611721000053 ], [ 131.056895379000025, 31.439642645000049 ], [ 131.045258009, 31.427476304000038 ], [ 131.02807477500005, 31.401785761000042 ], [ 131.013610736000032, 31.363069850000045 ], [ 131.02545128600002, 31.354095225000037 ], [ 131.059580925000091, 31.344875393000052 ], [ 131.083343946000014, 31.338446356000077 ], [ 131.104014519000089, 31.32884349200009 ], [ 131.107387594000102, 31.317184411000085 ], [ 131.104381835000027, 31.309449248000078 ], [ 131.082986237, 31.297055970000088 ], [ 131.074216905000071, 31.282104405000041 ], [ 131.092590767000047, 31.276050664000081 ], [ 131.124747195000054, 31.288345546000073 ], [ 131.132113944000025, 31.279513102000067 ], [ 131.060249739000028, 31.225314840000067 ], [ 131.032950897000092, 31.227524446000075 ], [ 131.008159402000047, 31.22108228400009 ], [ 131.006602410000028, 31.199774481000077 ], [ 130.997080925000091, 31.186590887000079 ], [ 130.979991082000083, 31.155991929000038 ], [ 130.968597852000016, 31.141750393000052 ], [ 130.956228061000047, 31.13117096600007 ], [ 130.94068444100003, 31.121323960000041 ], [ 130.924001498000052, 31.112982489000046 ], [ 130.907237175000091, 31.106919664000088 ], [ 130.870680662000041, 31.096018518000051 ], [ 130.845225457000083, 31.089911200000074 ], [ 130.819511054000031, 31.087260474000061 ], [ 130.792357105000065, 31.077847115000054 ], [ 130.773796452000056, 31.065482772000053 ], [ 130.767588738000086, 31.056463934000078 ], [ 130.72542805, 31.04703956700007 ], [ 130.69488036000007, 31.018824916000085 ], [ 130.677943044000017, 31.005010434000042 ], [ 130.657722026000101, 31.00319120000006 ], [ 130.663339410000049, 31.069506364000063 ], [ 130.688975457000083, 31.09015534100007 ], [ 130.728688998000052, 31.111558335000041 ], [ 130.742686394000089, 31.121283270000049 ], [ 130.764784453000061, 31.186509332000071 ], [ 130.753940574000012, 31.203882653000051 ], [ 130.780369115000099, 31.242514662000076 ], [ 130.789670147000038, 31.275148674000036 ], [ 130.796646298000041, 31.325345784000035 ], [ 130.795251606000079, 31.344425107000063 ], [ 130.782725457000083, 31.372788804000038 ], [ 130.769541863000086, 31.402411200000074 ], [ 130.74732506600003, 31.435492255000042 ], [ 130.703417386000069, 31.459304551000059 ], [ 130.692525190000083, 31.485572010000055 ], [ 130.705332879000025, 31.52875397300005 ], [ 130.695567254000025, 31.545803127000056 ], [ 130.636892123000052, 31.555243231000077 ], [ 130.619476759, 31.564276434000078 ], [ 130.609385613000086, 31.566310940000051 ], [ 130.598317905000044, 31.573431708000044 ], [ 130.590888846000098, 31.585987911000075 ], [ 130.613893058000031, 31.612066478000088 ], [ 130.637878059000059, 31.622594691000074 ], [ 130.662282748000052, 31.617865302000041 ], [ 130.687836134, 31.61945221600007 ], [ 130.711680535000028, 31.614406643000052 ], [ 130.72234134200005, 31.597316799000055 ], [ 130.719248894000089, 31.570705471000053 ], [ 130.722666863000086, 31.563421942000048 ], [ 130.73601321700005, 31.559475002000056 ], [ 130.749034050000091, 31.559719143000052 ], [ 130.758636915000011, 31.563788153000075 ], [ 130.776377800000091, 31.579901434000078 ], [ 130.799001498000052, 31.611721096000053 ], [ 130.810313347000033, 31.650946356000077 ], [ 130.804535352000016, 31.687241929000038 ], [ 130.776377800000091, 31.710272528000075 ], [ 130.737964688000034, 31.708438590000071 ], [ 130.686045769000089, 31.725531317000048 ], [ 130.644786004000025, 31.714748440000051 ], [ 130.613047722000033, 31.68235911700009 ], [ 130.610118035000028, 31.672308661000045 ], [ 130.606211785000028, 31.646633205000057 ], [ 130.602224155000044, 31.638251044000071 ], [ 130.574961785000028, 31.611273505000042 ], [ 130.56763756600003, 31.600734768000052 ], [ 130.558441602000016, 31.566310940000051 ], [ 130.54224694100003, 31.54173411700009 ], [ 130.529144727000016, 31.513251044000071 ], [ 130.518077019000089, 31.472398179000038 ], [ 130.516123894000089, 31.453314520000049 ], [ 130.520518425000091, 31.432440497000073 ], [ 130.55046634200005, 31.375148830000057 ], [ 130.562673373000052, 31.334377346000053 ], [ 130.57349694100003, 31.314601955000057 ], [ 130.58912194100003, 31.306219794000071 ], [ 130.602875196000014, 31.301988023000035 ], [ 130.623681984000086, 31.275646770000037 ], [ 130.660329623000052, 31.271429755000042 ], [ 130.661957227000016, 31.258612372000073 ], [ 130.65007571700005, 31.223700262000079 ], [ 130.646657748000052, 31.206935940000051 ], [ 130.639821811000047, 31.186468817000048 ], [ 130.623301629000025, 31.178859768000052 ], [ 130.603688998000052, 31.172349351000037 ], [ 130.586436394000089, 31.155422268000052 ], [ 130.573578321000014, 31.16742584800005 ], [ 130.562510613000086, 31.166937567000048 ], [ 130.550791863000086, 31.16242096600007 ], [ 130.53679446700005, 31.162176825000074 ], [ 130.521739129000025, 31.16868724200009 ], [ 130.51685631600003, 31.175441799000055 ], [ 130.516123894000089, 31.189520575000074 ], [ 130.506602410000028, 31.212795315000051 ], [ 130.494802280000044, 31.227240302000041 ], [ 130.451144476000081, 31.249388072000045 ], [ 130.297373894000089, 31.253729559000078 ], [ 130.27507571700005, 31.252997137000079 ], [ 130.248789910000028, 31.244126695000034 ], [ 130.2222047140001, 31.246299862000058 ], [ 130.21205593000002, 31.26086575100004 ], [ 130.208715226000095, 31.279282515000034 ], [ 130.203093214000091, 31.293824192000045 ], [ 130.192952418, 31.31515659300004 ], [ 130.179381995000085, 31.327781069000082 ], [ 130.190721529000029, 31.326789327000085 ], [ 130.206595059000051, 31.324819150000053 ], [ 130.207774285000028, 31.336615302000041 ], [ 130.19654381600003, 31.354193427000041 ], [ 130.170258009, 31.377020575000074 ], [ 130.140635613000086, 31.397650458000044 ], [ 130.118988477000016, 31.408636786000045 ], [ 130.145030144000089, 31.420070705000057 ], [ 130.153086785000028, 31.422267971000053 ], [ 130.162364129000025, 31.421942450000074 ], [ 130.17546634200005, 31.417303778000075 ], [ 130.184092644000089, 31.416083075000074 ], [ 130.195974155000044, 31.412054755000042 ], [ 130.215179884, 31.391058661000045 ], [ 130.228282097000033, 31.381293036000045 ], [ 130.244883660000028, 31.404852606000077 ], [ 130.293268129000012, 31.444704032000061 ], [ 130.304760233000025, 31.476634180000076 ], [ 130.317067905000044, 31.493068752000056 ], [ 130.328461134, 31.529038804000038 ], [ 130.334483269000089, 31.562404690000051 ], [ 130.324473504000025, 31.586737372000073 ], [ 130.337657097000033, 31.607896226000037 ], [ 130.336192254000025, 31.626166083000044 ], [ 130.32545006600003, 31.642075914000088 ], [ 130.297373894000089, 31.669989325000074 ], [ 130.259287957000083, 31.720851955000057 ], [ 130.246267123000052, 31.729641018000052 ], [ 130.199717644000089, 31.753729559000078 ], [ 130.184092644000089, 31.758693752000056 ], [ 130.181813998000052, 31.768255927000041 ], [ 130.171430627000063, 31.790136657000062 ], [ 130.181000196000014, 31.826971747000073 ], [ 130.190318738000087, 31.835088246000055 ], [ 130.222829623000052, 31.824448960000041 ], [ 130.235118035000028, 31.819525458000044 ], [ 130.207855665000011, 31.843695380000042 ], [ 130.197003742000106, 31.858485428000051 ], [ 130.214729791000082, 31.885618474000069 ], [ 130.220437744000037, 31.929594515000076 ], [ 130.213917550000019, 31.95017443200004 ], [ 130.205126644000075, 31.971670373000052 ], [ 130.194102410000028, 31.980902411000045 ], [ 130.189952019000089, 31.986029364000046 ], [ 130.174106087000041, 31.998755987000038 ], [ 130.172993660000088, 32.017449556000088 ], [ 130.186307185000032, 32.026795814000081 ], [ 130.204048122000017, 32.048285308000061 ], [ 130.20404738700006, 32.072580785000071 ], [ 130.179860873000052, 32.093451239000046 ], [ 130.206797722000033, 32.120672919000071 ], [ 130.248301629000025, 32.133734442000048 ], [ 130.278656446000014, 32.100531317000048 ], [ 130.29851321700005, 32.105861721000053 ], [ 130.31959069100003, 32.118231512000079 ], [ 130.331879102000016, 32.128607489000046 ], [ 130.335134311000047, 32.135199286000045 ], [ 130.344655795, 32.161769924000055 ], [ 130.34498131600003, 32.16274648600006 ], [ 130.348480665000011, 32.166571356000077 ], [ 130.356944207000083, 32.16937897300005 ], [ 130.35865319100003, 32.172674872000073 ], [ 130.357758009, 32.187241929000038 ], [ 130.35865319100003, 32.190659898000035 ], [ 130.431000196000014, 32.257147528000075 ], [ 130.441172722000033, 32.282619533000059 ], [ 130.444021030000044, 32.28782786700009 ], [ 130.457041863000086, 32.294867255000042 ], [ 130.461680535000028, 32.299953518000052 ], [ 130.463715040000011, 32.309393622000073 ], [ 130.460459832000083, 32.318182684000078 ], [ 130.461680535000028, 32.327215887000079 ], [ 130.469574415000011, 32.34711334800005 ], [ 130.477061394000089, 32.349025783000059 ], [ 130.50318444100003, 32.327215887000079 ], [ 130.512461785000028, 32.33820221600007 ], [ 130.513926629000025, 32.35032786700009 ], [ 130.510020379000025, 32.378485419000071 ], [ 130.51490319100003, 32.385891018000052 ], [ 130.540537957000083, 32.416001695000034 ], [ 130.562022332000083, 32.427069403000075 ], [ 130.571299675000091, 32.45189036700009 ], [ 130.56763756600003, 32.477687893000052 ], [ 130.55046634200005, 32.491685289000088 ], [ 130.558848504000025, 32.501776434000078 ], [ 130.570078972000033, 32.505601304000038 ], [ 130.598806186000047, 32.505357164000088 ], [ 130.590586785000028, 32.518459377000056 ], [ 130.567718946000014, 32.534165757000039 ], [ 130.564707879000025, 32.54633209800005 ], [ 130.570078972000033, 32.554592190000051 ], [ 130.641286655000044, 32.607489325000074 ], [ 130.656423373000052, 32.623724677000041 ], [ 130.668304884, 32.64874909100007 ], [ 130.641449415000011, 32.648342190000051 ], [ 130.478037957000083, 32.622015692000048 ], [ 130.461680535000028, 32.615220445000034 ], [ 130.448008660000028, 32.62140534100007 ], [ 130.457204623000052, 32.635199286000045 ], [ 130.475271030000044, 32.647040106000077 ], [ 130.54420006600003, 32.676703192000048 ], [ 130.565440300000091, 32.693426825000074 ], [ 130.576508009, 32.698391018000052 ], [ 130.591970248000052, 32.697211005000042 ], [ 130.608164910000028, 32.702215887000079 ], [ 130.61646569100003, 32.70376211100006 ], [ 130.625987175000091, 32.704006252000056 ], [ 130.625987175000091, 32.711411851000037 ], [ 130.612315300000091, 32.71625397300005 ], [ 130.601410352000016, 32.726141669000071 ], [ 130.594493035000028, 32.737982489000046 ], [ 130.591970248000052, 32.748724677000041 ], [ 130.593760613000086, 32.755601304000038 ], [ 130.598155144000089, 32.763088283000059 ], [ 130.609385613000086, 32.77570221600007 ], [ 130.613047722000033, 32.781236070000034 ], [ 130.611338738000086, 32.78546784100007 ], [ 130.607676629000025, 32.789862372000073 ], [ 130.605642123000052, 32.796454169000071 ], [ 130.59302819100003, 32.81586334800005 ], [ 130.516123894000089, 32.868475653000075 ], [ 130.470225457000083, 32.909735419000071 ], [ 130.441254102000016, 32.923651434000078 ], [ 130.433116082000083, 32.94171784100007 ], [ 130.426442905000044, 33.007147528000075 ], [ 130.428477410000028, 33.050523179000038 ], [ 130.421641472000033, 33.06976959800005 ], [ 130.422211134, 33.082586981000077 ], [ 130.420664910000028, 33.087591864000046 ], [ 130.415049675000091, 33.091620184000078 ], [ 130.409678582000083, 33.092678127000056 ], [ 130.404470248000052, 33.093003648000035 ], [ 130.400157097000033, 33.095038153000075 ], [ 130.379405144000089, 33.107855536000045 ], [ 130.372243686000047, 33.114894924000055 ], [ 130.367523634, 33.126369533000059 ], [ 130.368011915000011, 33.134955145000049 ], [ 130.364756707000083, 33.140326239000046 ], [ 130.337412957000083, 33.143377997000073 ], [ 130.314789259, 33.148504950000074 ], [ 130.300547722000033, 33.149644273000035 ], [ 130.290442744000075, 33.14958862900005 ], [ 130.258148634, 33.178656317000048 ], [ 130.24139647700008, 33.188234066000064 ], [ 130.21930162000001, 33.159465952000062 ], [ 130.178233269000089, 33.134914455000057 ], [ 130.150889519000089, 33.111883856000077 ], [ 130.127564872000107, 33.120936620000066 ], [ 130.131946085000095, 33.101971727000034 ], [ 130.14512925400004, 33.084836260000088 ], [ 130.160492384, 33.054103908000059 ], [ 130.203901479000024, 32.991781615000036 ], [ 130.222310199000049, 32.975205048000078 ], [ 130.219146927, 32.955059859000073 ], [ 130.204257785000095, 32.950871108000058 ], [ 130.203786655000044, 32.928900458000044 ], [ 130.188536294000073, 32.91532115800004 ], [ 130.163596061000021, 32.909290813000041 ], [ 130.149130251000088, 32.896413044000042 ], [ 130.134639816, 32.889044178000063 ], [ 130.115407748000052, 32.880275783000059 ], [ 130.105316602000016, 32.875921942000048 ], [ 130.122315101000027, 32.86881610800009 ], [ 130.132528802000024, 32.855939357000068 ], [ 130.153634952000061, 32.842457332000038 ], [ 130.178284289000089, 32.842494953000084 ], [ 130.19500237200009, 32.844940112000074 ], [ 130.243587902000058, 32.875284097000076 ], [ 130.307284519000063, 32.876298975000054 ], [ 130.339419787, 32.856579311000075 ], [ 130.35124759200005, 32.833929755000042 ], [ 130.372243686000047, 32.793402411000045 ], [ 130.374847852000016, 32.780178127000056 ], [ 130.375782094000101, 32.747884438000085 ], [ 130.373706217000063, 32.738968889000034 ], [ 130.354991082000083, 32.717230536000045 ], [ 130.350936331000071, 32.70406338500004 ], [ 130.36082701600003, 32.687963369000045 ], [ 130.341703709000058, 32.667257674000041 ], [ 130.305577510000035, 32.651433968000049 ], [ 130.26823067700002, 32.650361334000081 ], [ 130.259045663000052, 32.643865711000046 ], [ 130.259938998000052, 32.632717190000051 ], [ 130.253916863000086, 32.624823309000078 ], [ 130.236508021000077, 32.622476706000043 ], [ 130.231545640000036, 32.61001434800005 ], [ 130.223079018000021, 32.60588090300007 ], [ 130.198412044000065, 32.602978191000034 ], [ 130.181480284000031, 32.592327246000082 ], [ 130.165986973000031, 32.592955657000061 ], [ 130.173053879, 32.603633781000042 ], [ 130.169561583000018, 32.619092230000035 ], [ 130.155487560000097, 32.625654336000082 ], [ 130.147049244000073, 32.633992047000049 ], [ 130.129457349000063, 32.641134202000046 ], [ 130.128792608000026, 32.661317419000056 ], [ 130.12813256000004, 32.683870546000037 ], [ 130.142223267000077, 32.682064904000072 ], [ 130.153507700000091, 32.686197489000051 ], [ 130.166925104000029, 32.698037947000046 ], [ 130.177480226000057, 32.705179565000037 ], [ 130.190131683, 32.714106049000065 ], [ 130.20132314600005, 32.724250206000079 ], [ 130.210313824000082, 32.733249841000088 ], [ 130.207585429, 32.752162345000045 ], [ 130.195833427000025, 32.757391134000045 ], [ 130.186819922000041, 32.76206462600004 ], [ 130.18287194100003, 32.769029039000088 ], [ 130.186045769000089, 32.774359442000048 ], [ 130.190233162000027, 32.783481734000077 ], [ 130.17842736700004, 32.792921787000068 ], [ 130.148099008000031, 32.795353716000079 ], [ 130.138214265000101, 32.788847353000051 ], [ 130.126222063, 32.788870092000082 ], [ 130.093789355000013, 32.794860309000057 ], [ 130.064166807000106, 32.784811268000055 ], [ 130.050045710000063, 32.772364374000063 ], [ 130.032411657000011, 32.759349865000047 ], [ 130.008445791000099, 32.754626322000036 ], [ 129.9908080350001, 32.746916780000049 ], [ 129.970379838000099, 32.744563219000042 ], [ 129.962671806, 32.752894191000053 ], [ 129.962011591000078, 32.761809253000081 ], [ 129.958508413, 32.764782273000037 ], [ 129.949325824000084, 32.757661216000088 ], [ 129.954890895000062, 32.745171077000066 ], [ 129.942136283000082, 32.72852185000005 ], [ 129.916764599000089, 32.698278549000065 ], [ 129.90344364200007, 32.681137185000068 ], [ 129.894929384000079, 32.662689399000044 ], [ 129.874452904, 32.648988692000046 ], [ 129.855444742000032, 32.64008608000006 ], [ 129.841276696000023, 32.639415249000081 ], [ 129.837724593000075, 32.631667790000051 ], [ 129.832285601000081, 32.615804797000067 ], [ 129.808543322000105, 32.597552280000059 ], [ 129.785829554000088, 32.58310535600009 ], [ 129.782908803000055, 32.573503108000068 ], [ 129.776561353000034, 32.576457201000039 ], [ 129.763146868000035, 32.579976042000055 ], [ 129.749611511000012, 32.57269832500009 ], [ 129.74035124, 32.568442387000061 ], [ 129.734004908000088, 32.580920387000049 ], [ 129.749590169000044, 32.591710442000078 ], [ 129.761687350000102, 32.595980299000075 ], [ 129.775197284, 32.600851520000049 ], [ 129.782974576000015, 32.607414885000082 ], [ 129.794162524000058, 32.632314333000068 ], [ 129.804615349000073, 32.647683737000079 ], [ 129.814495961000034, 32.662551104000045 ], [ 129.818083510000065, 32.677438175000077 ], [ 129.813871815000084, 32.683379350000052 ], [ 129.803249284, 32.677995584000087 ], [ 129.796882591000099, 32.684506210000052 ], [ 129.796922555000037, 32.69224452900005 ], [ 129.808959797000057, 32.694068048000076 ], [ 129.815319547000058, 32.701797723000084 ], [ 129.825954166000088, 32.704808136000054 ], [ 129.834378031000028, 32.69412163700008 ], [ 129.845693536, 32.701274033000061 ], [ 129.85906009200005, 32.724514065000051 ], [ 129.823795170000039, 32.721984624000072 ], [ 129.823985222000033, 32.736070054000038 ], [ 129.803721550000091, 32.772284247000073 ], [ 129.793304884, 32.780178127000056 ], [ 129.784678582000083, 32.784898179000038 ], [ 129.778656446000014, 32.791001695000034 ], [ 129.776377800000091, 32.803290106000077 ], [ 129.771006707000083, 32.813950914000088 ], [ 129.754508987, 32.818482657000061 ], [ 129.744343281000056, 32.809885540000039 ], [ 129.73271004500009, 32.805570175000071 ], [ 129.721034942000074, 32.827074138000057 ], [ 129.698090040000011, 32.839544989000046 ], [ 129.687022332000083, 32.854803778000075 ], [ 129.678396030000044, 32.870428778000075 ], [ 129.674652540000011, 32.880519924000055 ], [ 129.673350457000083, 32.892401434000078 ], [ 129.669688347000033, 32.904974677000041 ], [ 129.661306186000047, 32.914740302000041 ], [ 129.651866082000083, 32.922796942000048 ], [ 129.638430137, 32.926546363000057 ], [ 129.631129363000014, 32.956533586000035 ], [ 129.632402665000086, 32.979106667000053 ], [ 129.646269195000059, 32.989563298000064 ], [ 129.653518836000103, 33.004253288000086 ], [ 129.649720817, 33.01704906000009 ], [ 129.651861514000075, 33.03355786700007 ], [ 129.660658300000023, 33.039696591000052 ], [ 129.663416734000066, 33.06902397600004 ], [ 129.681612229000052, 33.094092267000065 ], [ 129.720197527000096, 33.078967687000045 ], [ 129.734711134, 33.060248114000046 ], [ 129.735362175000091, 33.057847398000035 ], [ 129.734222852000016, 33.049058335000041 ], [ 129.734711134, 33.046616929000038 ], [ 129.73796634200005, 33.046128648000035 ], [ 129.744336841000063, 33.051523762000045 ], [ 129.750154465000037, 33.057039056000065 ], [ 129.755266295000069, 33.055216089000055 ], [ 129.759665339000094, 33.047889438000084 ], [ 129.753120151000076, 33.04176196700007 ], [ 129.738631910000095, 33.019118252000055 ], [ 129.73578382200003, 33.003843619000065 ], [ 129.74166376900007, 32.99103548100004 ], [ 129.751838637000105, 32.995939633000035 ], [ 129.766328098000031, 33.017953982000051 ], [ 129.796959, 33.010061728000039 ], [ 129.812307573, 32.994803580000053 ], [ 129.823276995000015, 32.979537528000037 ], [ 129.81600930400009, 32.970967451000035 ], [ 129.813844919000076, 32.96179569800006 ], [ 129.816088967000042, 32.937947697000084 ], [ 129.814669304000063, 32.92265535000007 ], [ 129.806676955000057, 32.914696547000062 ], [ 129.800827475, 32.923866660000044 ], [ 129.795673966000095, 32.947794180000074 ], [ 129.786944806000065, 32.947804871000073 ], [ 129.789935250000099, 32.912245389000077 ], [ 129.803794708000055, 32.902460108000071 ], [ 129.807477280000057, 32.885941909000053 ], [ 129.794399834000046, 32.874920702000054 ], [ 129.814814352000099, 32.863313026000071 ], [ 129.822833672, 32.858437588000072 ], [ 129.831586129000016, 32.850508251000065 ], [ 129.841788679000047, 32.84441060100005 ], [ 129.845439553, 32.838308484000038 ], [ 129.85052814900007, 32.841370511000036 ], [ 129.854884546, 32.847485752000068 ], [ 129.868702126000017, 32.853013496000074 ], [ 129.874514132000058, 32.860963222000066 ], [ 129.883205584000052, 32.875692707000042 ], [ 129.935609647000092, 32.860488941000085 ], [ 129.987877909000076, 32.841714061000062 ], [ 130.003147542000079, 32.845378716000084 ], [ 129.985691116, 32.863087170000085 ], [ 129.931224421000024, 32.928894270000058 ], [ 129.929725265, 32.957641312000078 ], [ 129.939183717000105, 32.972323424000081 ], [ 129.947601759, 32.995062567000048 ], [ 129.945622642000103, 33.015757714000074 ], [ 129.912081621000084, 33.036508148000053 ], [ 129.881443666, 33.062762999000086 ], [ 129.853011313000025, 33.05416733900006 ], [ 129.834069739000029, 33.043134917000089 ], [ 129.823859385000105, 33.043118812000046 ], [ 129.822355524000045, 33.062679990000049 ], [ 129.797515059000034, 33.07730904400006 ], [ 129.786589339000102, 33.07056414200008 ], [ 129.774951840000085, 33.058313960000078 ], [ 129.761096099000042, 33.057062665000046 ], [ 129.746479535000049, 33.065590119000035 ], [ 129.742442254000025, 33.076361395000049 ], [ 129.733225585000014, 33.101632521000056 ], [ 129.739066415000025, 33.101034589000051 ], [ 129.749196811000047, 33.098130601000037 ], [ 129.745585437000045, 33.116334760000086 ], [ 129.746288238000034, 33.124895688000038 ], [ 129.760144857, 33.129815316000077 ], [ 129.758676612000045, 33.138941491000082 ], [ 129.747730037, 33.139524329000039 ], [ 129.728526238000086, 33.122300523000035 ], [ 129.723644641000078, 33.132775250000066 ], [ 129.721437557000058, 33.14557295600008 ], [ 129.722856346000071, 33.158403969000062 ], [ 129.70976418500004, 33.162570344000073 ], [ 129.71216881600003, 33.141058661000045 ], [ 129.708018425000091, 33.119208075000074 ], [ 129.704112175000091, 33.111802476000037 ], [ 129.696862257000021, 33.114265208000063 ], [ 129.680747006000047, 33.11487864500009 ], [ 129.673489606000089, 33.103868783000053 ], [ 129.666514519000089, 33.101263739000046 ], [ 129.662331943000027, 33.12651117200005 ], [ 129.683604363000086, 33.131048895000049 ], [ 129.687022332000083, 33.142238674000055 ], [ 129.68327884200005, 33.152329820000034 ], [ 129.674327019000089, 33.160223700000074 ], [ 129.663259311000047, 33.166001695000034 ], [ 129.652842644000089, 33.170152085000041 ], [ 129.656097852000016, 33.178941148000035 ], [ 129.656097852000016, 33.184881903000075 ], [ 129.652679884, 33.190252997000073 ], [ 129.645518425000091, 33.197455145000049 ], [ 129.638031446000014, 33.192775783000059 ], [ 129.628103061000047, 33.191799221000053 ], [ 129.617442254000025, 33.194647528000075 ], [ 129.600108269000089, 33.208319403000075 ], [ 129.590098504000025, 33.211127020000049 ], [ 129.56413821700005, 33.211127020000049 ], [ 129.552144346000091, 33.225838734000035 ], [ 129.56334175500001, 33.255490408000071 ], [ 129.565342394000027, 33.272067360000051 ], [ 129.573820247000072, 33.27683511400005 ], [ 129.580912373000047, 33.275084413000059 ], [ 129.591498490000049, 33.283410159000084 ], [ 129.589342952000038, 33.289914626000041 ], [ 129.584325775000025, 33.301145664000046 ], [ 129.57146659700004, 33.320639601000039 ], [ 129.57628043, 33.347896503000072 ], [ 129.580412760000058, 33.371007269000074 ], [ 129.592415279000079, 33.381115210000075 ], [ 129.620616082000083, 33.359279690000051 ], [ 129.644379102000016, 33.362372137000079 ], [ 129.673184681000066, 33.398539117000041 ], [ 129.679602532000104, 33.389672534000056 ], [ 129.676873476000083, 33.362418888000036 ], [ 129.701007885000081, 33.353006931000039 ], [ 129.744163746000027, 33.364314257000046 ], [ 129.807465040000011, 33.348130601000037 ], [ 129.814545118000069, 33.331244208000044 ], [ 129.814707879000025, 33.330877997000073 ], [ 129.819834832000083, 33.304754950000074 ], [ 129.827159050000091, 33.293890692000048 ], [ 129.837901238000086, 33.285386460000041 ], [ 129.851573113000086, 33.28001536700009 ], [ 129.847992384, 33.293402411000045 ], [ 129.841328118000092, 33.315977314000065 ], [ 129.84629540100002, 33.347964606000062 ], [ 129.859008134000078, 33.367514084000049 ], [ 129.871025357, 33.378177884000081 ], [ 129.861863318000019, 33.390046186000063 ], [ 129.868662957000083, 33.397447007000039 ], [ 129.816392187000019, 33.426102031000084 ], [ 129.796885613000086, 33.444484768000052 ], [ 129.787257223000097, 33.454519039000047 ], [ 129.79717159900008, 33.467581796000047 ], [ 129.804244745, 33.481823058000089 ], [ 129.818440047000081, 33.484211776000052 ], [ 129.835459832000083, 33.466376044000071 ], [ 129.841319207000083, 33.454413153000075 ], [ 129.84888756600003, 33.442450262000079 ], [ 129.862071160000028, 33.436997789000088 ], [ 129.871348504000025, 33.442938544000071 ], [ 129.86687259200005, 33.456732489000046 ], [ 129.84395138900004, 33.481217054000069 ], [ 129.836834739000096, 33.513254121000045 ], [ 129.854579244000092, 33.532853854000052 ], [ 129.853187156000104, 33.552501711000048 ], [ 129.868788919000053, 33.539399950000075 ], [ 129.885831383000095, 33.535840221000058 ], [ 129.910059486000023, 33.547204999000087 ], [ 129.942149285000028, 33.531683661000045 ], [ 129.961273634, 33.512762762000079 ], [ 129.956996801000059, 33.502782411000055 ], [ 129.945544702, 33.490855127000088 ], [ 129.941208901000095, 33.479536587000041 ], [ 129.953331260000027, 33.473655596000071 ], [ 129.962647894000042, 33.482607278000046 ], [ 129.966901622000023, 33.472528834000059 ], [ 129.966868876000035, 33.463027013000044 ], [ 129.975389076000056, 33.454143143000067 ], [ 129.9889460280001, 33.448851378000086 ], [ 130.01685631600003, 33.445786851000037 ], [ 130.028819207000083, 33.450669664000088 ], [ 130.040212436000047, 33.46124909100007 ], [ 130.044625616000076, 33.485740904000068 ], [ 130.055294383000046, 33.495225676000075 ], [ 130.085972111000046, 33.506531864000067 ], [ 130.103844862000074, 33.511905245000037 ], [ 130.115261802000077, 33.508950786000071 ], [ 130.125987175000091, 33.516180731000077 ], [ 130.129893425000091, 33.51898834800005 ], [ 130.142751498000052, 33.520493882000039 ], [ 130.156423373000052, 33.525376695000034 ], [ 130.167979363000086, 33.534084377000056 ], [ 130.174164259, 33.546861070000034 ], [ 130.161875847000033, 33.546616929000038 ], [ 130.129893425000091, 33.540025132000039 ], [ 130.12037194100003, 33.543158270000049 ], [ 130.117930535000028, 33.556830145000049 ], [ 130.109141472000033, 33.559881903000075 ], [ 130.09693444100003, 33.561712958000044 ], [ 130.092051629000025, 33.566473700000074 ], [ 130.09302819100003, 33.573431708000044 ], [ 130.098480665000011, 33.581691799000055 ], [ 130.109141472000033, 33.589748440000051 ], [ 130.119395379000025, 33.59125397300005 ], [ 130.129161004000025, 33.59125397300005 ], [ 130.139414910000028, 33.594671942000048 ], [ 130.156663622, 33.606505515000038 ], [ 130.153839339, 33.618942981000089 ], [ 130.159547527000086, 33.629596054000046 ], [ 130.170746290000011, 33.628851630000042 ], [ 130.181895379000025, 33.629055080000057 ], [ 130.19068444100003, 33.63031647300005 ], [ 130.197764519000089, 33.633612372000073 ], [ 130.20476321700005, 33.639715887000079 ], [ 130.208011242, 33.665076437000039 ], [ 130.220550977000016, 33.659735419000071 ], [ 130.23170006600003, 33.653306382000039 ], [ 130.236501498000052, 33.644232489000046 ], [ 130.227156233000073, 33.634843539000087 ], [ 130.231384383000091, 33.61884615200006 ], [ 130.24537194100003, 33.611761786000045 ], [ 130.251475457000083, 33.607977606000077 ], [ 130.271921373000055, 33.611668141000052 ], [ 130.2754495370001, 33.603367650000052 ], [ 130.265431678000027, 33.588579515000049 ], [ 130.273243747000038, 33.582642956000086 ], [ 130.285411004000025, 33.576971747000073 ], [ 130.29029381600003, 33.574204820000034 ], [ 130.295297534000042, 33.579042582000056 ], [ 130.301524285000028, 33.579657294000071 ], [ 130.305430535000028, 33.584947007000039 ], [ 130.315307038000014, 33.59736182000006 ], [ 130.330268732000036, 33.597919940000054 ], [ 130.358049624000046, 33.597258600000089 ], [ 130.37303995000002, 33.603144833000044 ], [ 130.390865624000071, 33.604874022000047 ], [ 130.399478352000074, 33.616110501000037 ], [ 130.402407685000071, 33.630920788000083 ], [ 130.407501008000054, 33.650468484000044 ], [ 130.403260381, 33.658186881000063 ], [ 130.398692254000025, 33.669134833000044 ], [ 130.379242384, 33.659247137000079 ], [ 130.361582879000025, 33.646226304000038 ], [ 130.348971888000051, 33.641130205000081 ], [ 130.336168333000046, 33.647677552000061 ], [ 130.324786740000036, 33.653034533000039 ], [ 130.318393976000038, 33.658380708000038 ], [ 130.30698072000007, 33.655440605000081 ], [ 130.294900039000026, 33.664350875000082 ], [ 130.289262620000045, 33.681544502000065 ], [ 130.294280577, 33.689239407000059 ], [ 130.304966046, 33.687442912000051 ], [ 130.310610901000018, 33.672617553000066 ], [ 130.324122259000092, 33.664887418000035 ], [ 130.345497897000087, 33.662471590000052 ], [ 130.386485222000033, 33.677232164000088 ], [ 130.40202884200005, 33.689398505000042 ], [ 130.41529381600003, 33.702826239000046 ], [ 130.428721550000091, 33.713690497000073 ], [ 130.44459069100003, 33.71820709800005 ], [ 130.452113086000054, 33.727973853000037 ], [ 130.467673844000046, 33.743563601000062 ], [ 130.469986551000034, 33.762869178000074 ], [ 130.466759595000099, 33.780352986000082 ], [ 130.455703651000022, 33.782232178000072 ], [ 130.448008660000028, 33.789943752000056 ], [ 130.449554884, 33.802232164000088 ], [ 130.45435631600003, 33.807684637000079 ], [ 130.462087436000047, 33.81118398600006 ], [ 130.472178582000083, 33.817531643000052 ], [ 130.47779381600003, 33.825140692000048 ], [ 130.488942905000044, 33.855373440000051 ], [ 130.497080925000091, 33.848130601000037 ], [ 130.507578972000033, 33.84906647300005 ], [ 130.53052819100003, 33.861558335000041 ], [ 130.539073113000086, 33.86945221600007 ], [ 130.542328321000014, 33.875962632000039 ], [ 130.548187696000014, 33.880764065000051 ], [ 130.564707879000025, 33.883286851000037 ], [ 130.612071160000028, 33.879787502000056 ], [ 130.633067254000025, 33.882473049000055 ], [ 130.654063347000033, 33.896307684000078 ], [ 130.684418165000011, 33.93423086100006 ], [ 130.692393425000091, 33.937323309000078 ], [ 130.705251498000052, 33.938706773000035 ], [ 130.717051629000025, 33.937892971000053 ], [ 130.731504838000092, 33.931848734000084 ], [ 130.756048919000023, 33.943681113000082 ], [ 130.790494512, 33.944411308000042 ], [ 130.828227904000073, 33.939585138000041 ], [ 130.821338882000077, 33.920287137000059 ], [ 130.835868687000016, 33.925729009000065 ], [ 130.861423419000062, 33.925567718000082 ], [ 130.8711989950001, 33.913516099000049 ], [ 130.880852813000047, 33.895939521000059 ], [ 130.896983269000089, 33.88930898600006 ], [ 130.913584832000083, 33.891180731000077 ], [ 130.926036004000025, 33.89907461100006 ], [ 130.941416863000086, 33.916815497000073 ], [ 130.949471364000033, 33.938192839000067 ], [ 130.976567246000059, 33.957366930000035 ], [ 131.007147594, 33.966054932000077 ], [ 131.018685658000095, 33.956262097000035 ], [ 131.01531009200005, 33.935126044000071 ], [ 131.006358269000089, 33.922919012000079 ], [ 131.00359134200005, 33.916815497000073 ], [ 131.004161004000025, 33.911078192000048 ], [ 130.992928835000043, 33.897664667000072 ], [ 131.001770798000052, 33.887228684000036 ], [ 130.999829321000107, 33.873863540000059 ], [ 130.984607055000083, 33.87396048700009 ], [ 130.988081329000011, 33.864284161000057 ], [ 130.990684390000069, 33.856827183000064 ], [ 130.984334856000032, 33.848697918000084 ], [ 130.97974694100003, 33.842718817000048 ], [ 130.963574186000073, 33.833235282000089 ], [ 130.961924675000091, 33.820054429000038 ], [ 130.961680535000028, 33.816229559000078 ], [ 130.965993686000047, 33.813055731000077 ], [ 130.985510796000085, 33.808664865000083 ], [ 131.006944709000095, 33.813087590000066 ], [ 131.00359134200005, 33.779689846000053 ], [ 131.006032748000052, 33.772284247000073 ], [ 131.009776238000086, 33.746161200000074 ], [ 131.019786004000025, 33.726548570000034 ], [ 131.050791863000086, 33.681870835000041 ], [ 131.064463738000086, 33.653265692000048 ], [ 131.08130944100003, 33.634955145000049 ], [ 131.102976181000031, 33.624253238000051 ], [ 131.119971697000096, 33.626338521000037 ], [ 131.145874657000036, 33.621633672000087 ], [ 131.188699101, 33.616028293000056 ], [ 131.219869183000014, 33.607544870000083 ], [ 131.256463812000106, 33.604955352000047 ], [ 131.283834455000033, 33.582369180000057 ], [ 131.323093352, 33.581220552000048 ], [ 131.367620482, 33.57480177900004 ], [ 131.417703108000069, 33.581681679000042 ], [ 131.423175824000054, 33.589053522000086 ], [ 131.459314056000039, 33.616143772000044 ], [ 131.475637047000077, 33.631565882000075 ], [ 131.484032287000105, 33.653038364000054 ], [ 131.498557214000016, 33.666985190000048 ], [ 131.521045117000085, 33.676370792000057 ], [ 131.55147501700003, 33.680444246000036 ], [ 131.573801546000027, 33.680895527000075 ], [ 131.590017123000052, 33.683010158000059 ], [ 131.607188347000033, 33.67719147300005 ], [ 131.627452019000089, 33.667669989000046 ], [ 131.647227410000028, 33.669826565000051 ], [ 131.667366274000074, 33.667192003000082 ], [ 131.689550313000041, 33.641342245000089 ], [ 131.713115155000082, 33.605438664000076 ], [ 131.729537981000021, 33.580236163000052 ], [ 131.737071160000028, 33.560370184000078 ], [ 131.73991946700005, 33.53969961100006 ], [ 131.729109, 33.51254769600007 ], [ 131.737294841, 33.484607799000059 ], [ 131.727347583000096, 33.463539130000072 ], [ 131.709282369000107, 33.432637870000065 ], [ 131.706243498000049, 33.409582667000052 ], [ 131.697436434, 33.406392597000035 ], [ 131.674571160000028, 33.416164455000057 ], [ 131.658702019000089, 33.422837632000039 ], [ 131.64031009200005, 33.416571356000077 ], [ 131.635427280000044, 33.402329820000034 ], [ 131.638438347000033, 33.386664130000042 ], [ 131.634613477000016, 33.373968817000048 ], [ 131.609629754000025, 33.368801174000055 ], [ 131.601084832000083, 33.364935614000046 ], [ 131.596234455000058, 33.349400219000074 ], [ 131.57628894100003, 33.346355202000041 ], [ 131.556162957000083, 33.346380927000041 ], [ 131.547373894000089, 33.35228099200009 ], [ 131.532980942, 33.366113306000045 ], [ 131.506028546000039, 33.363073839000037 ], [ 131.49838511400003, 33.340666269000053 ], [ 131.51037964, 33.273403693000034 ], [ 131.528493686000047, 33.261216539000088 ], [ 131.547862175000091, 33.254950262000079 ], [ 131.612219175000064, 33.252936484000088 ], [ 131.654535164000094, 33.271625235000045 ], [ 131.700043165000011, 33.254095770000049 ], [ 131.710862382000073, 33.270175838000057 ], [ 131.762092419000055, 33.253543499000045 ], [ 131.822174097000016, 33.24403243800009 ], [ 131.850857190000056, 33.252218959000061 ], [ 131.884448544000065, 33.268305656000052 ], [ 131.902624533, 33.266041833000088 ], [ 131.882195315000104, 33.236532484000065 ], [ 131.871555364000073, 33.215418626000087 ], [ 131.872243686000047, 33.200344143000052 ], [ 131.864661840000053, 33.193069709000042 ], [ 131.8487435400001, 33.187999178000041 ], [ 131.830976013000054, 33.169713067000089 ], [ 131.826660629, 33.152561727000034 ], [ 131.809573689000104, 33.127648887000078 ], [ 131.842621290000011, 33.113267320000034 ], [ 131.86883062000004, 33.12876699900005 ], [ 131.900401238000086, 33.129136460000041 ], [ 131.911457216000031, 33.124815134000073 ], [ 131.884350115000075, 33.109354560000043 ], [ 131.868937761000097, 33.094340211000087 ], [ 131.863217331000101, 33.082533292000051 ], [ 131.880510747000017, 33.075040430000058 ], [ 131.890859223, 33.079510644000038 ], [ 131.905797527, 33.077295736000053 ], [ 131.915831349000086, 33.069161630000053 ], [ 131.929216945, 33.068270865000045 ], [ 131.932618308000087, 33.079469604000053 ], [ 131.934469362000073, 33.092017862000034 ], [ 131.942383545000098, 33.09255668600008 ], [ 131.950938347000033, 33.076157945000034 ], [ 131.958018425000091, 33.067206122000073 ], [ 131.967133009, 33.061672268000052 ], [ 131.976084832000083, 33.060248114000046 ], [ 131.985199415000011, 33.063177802000041 ], [ 131.99146569100003, 33.06899648600006 ], [ 131.996112915000026, 33.09171124900007 ], [ 132.013438347000033, 33.063869533000059 ], [ 132.00945071700005, 33.051174221000053 ], [ 131.984008888000062, 33.045544509000081 ], [ 131.945350313000063, 33.04749881500004 ], [ 131.929550264, 33.047089602000085 ], [ 131.92282875300009, 33.028654541000037 ], [ 131.906773507000025, 33.011846954000077 ], [ 131.903168165000011, 32.98305898600006 ], [ 131.914595636000058, 32.976492470000039 ], [ 131.93470534100004, 32.959506862000069 ], [ 131.949701448000042, 32.959274942000036 ], [ 131.959239129000025, 32.944525458000044 ], [ 131.969899936000047, 32.948309637000079 ], [ 131.979177280000044, 32.950384833000044 ], [ 131.98560631600003, 32.947333075000074 ], [ 131.990977410000028, 32.94171784100007 ], [ 131.998220248000052, 32.93891022300005 ], [ 132.010264519000089, 32.944159247000073 ], [ 132.009776238000086, 32.939032294000071 ], [ 132.013879094, 32.934392929000069 ], [ 132.02183065700001, 32.936916821000068 ], [ 132.0347898, 32.951290617000041 ], [ 132.060743830000092, 32.946884996000051 ], [ 132.081188909000048, 32.943229703000043 ], [ 132.084114754000097, 32.933233985000072 ], [ 132.064445697, 32.936215320000088 ], [ 132.043714479000073, 32.927275609000048 ], [ 132.025474986000063, 32.923595910000074 ], [ 131.994802280000044, 32.903550523000035 ], [ 131.982188347000033, 32.888902085000041 ], [ 131.986664259, 32.88226959800005 ], [ 131.995860222000033, 32.87836334800005 ], [ 132.000173373000052, 32.871283270000049 ], [ 131.989756707000083, 32.854803778000075 ], [ 131.980967644000089, 32.848334052000041 ], [ 131.97234134200005, 32.84446849200009 ], [ 131.963715040000011, 32.839016018000052 ], [ 131.955577019000089, 32.827541408000059 ], [ 131.968516472000033, 32.826117255000042 ], [ 131.997813347000033, 32.829657294000071 ], [ 132.003428582000083, 32.824123440000051 ], [ 131.996592644000089, 32.810532945000034 ], [ 131.980723504000025, 32.799261786000045 ], [ 131.962412957000083, 32.792669989000046 ], [ 131.948090040000011, 32.793402411000045 ], [ 131.929209832000083, 32.778265692000048 ], [ 131.88249759200005, 32.783433335000041 ], [ 131.873057488000086, 32.76235586100006 ], [ 131.873057488000086, 32.73468659100007 ], [ 131.87232506600003, 32.731634833000044 ], [ 131.871104363000086, 32.726792710000041 ], [ 131.86687259200005, 32.722723700000074 ], [ 131.862152540000011, 32.720363674000055 ], [ 131.859385613000086, 32.717678127000056 ], [ 131.856994063, 32.700864287000059 ], [ 131.855924849000075, 32.686084221000044 ], [ 131.847911004000025, 32.681830145000049 ], [ 131.833951739000099, 32.698664529000041 ], [ 131.821937701000024, 32.70268559100009 ], [ 131.816564412000048, 32.689146346000086 ], [ 131.80063958400001, 32.680833048000068 ], [ 131.788422071000014, 32.662990627000056 ], [ 131.775645379000025, 32.653713283000059 ], [ 131.77076256600003, 32.64874909100007 ], [ 131.767832879000025, 32.644110419000071 ], [ 131.768239780000044, 32.642401434000078 ], [ 131.769786004000025, 32.639553127000056 ], [ 131.77076256600003, 32.631740627000056 ], [ 131.76685631600003, 32.620794989000046 ], [ 131.749034050000091, 32.59406159100007 ], [ 131.743337436000047, 32.587958075000074 ], [ 131.729502800000091, 32.584051825000074 ], [ 131.708792591000019, 32.585903477000045 ], [ 131.704712872000073, 32.581575157000088 ], [ 131.699066602000016, 32.564520575000074 ], [ 131.682139519000089, 32.535060940000051 ], [ 131.685069207000083, 32.522447007000039 ], [ 131.695648634, 32.511460679000038 ], [ 131.712657097000033, 32.511623440000051 ], [ 131.718923373000052, 32.508734442000048 ], [ 131.736501498000052, 32.491685289000088 ], [ 131.717295769000089, 32.47296784100007 ], [ 131.695485873000052, 32.468247789000088 ], [ 131.678945694000049, 32.473907004000068 ], [ 131.659790276000081, 32.476819574000046 ] ] ], [ [ [ 134.689789259, 33.828070380000042 ], [ 134.722031249, 33.834073248000038 ], [ 134.740045550000104, 33.840282578000085 ], [ 134.75123131600003, 33.834906317000048 ], [ 134.732303854000065, 33.825951916000065 ], [ 134.702048631000025, 33.813676891000057 ], [ 134.664654034000023, 33.798487076000072 ], [ 134.651866082000083, 33.786444403000075 ], [ 134.616799862, 33.782601997000086 ], [ 134.607758009, 33.766017971000053 ], [ 134.579377395000051, 33.764170062000062 ], [ 134.570661015000042, 33.736448978000055 ], [ 134.546377911000036, 33.732502102000069 ], [ 134.538440257000047, 33.716857725000068 ], [ 134.457300392000093, 33.670926008000038 ], [ 134.404022398000052, 33.654477560000089 ], [ 134.3761745380001, 33.635657008000067 ], [ 134.388621681000018, 33.623634081000034 ], [ 134.363769538000042, 33.600755389000085 ], [ 134.360524174000034, 33.588708587000042 ], [ 134.352966918000106, 33.58163085800004 ], [ 134.339452853000012, 33.577066680000087 ], [ 134.326260481000077, 33.58012784400006 ], [ 134.312348015, 33.572506474000079 ], [ 134.315460495000025, 33.555137887000058 ], [ 134.313701067000011, 33.543079177000038 ], [ 134.296711794000089, 33.531363447000047 ], [ 134.273205085000086, 33.50800352400006 ], [ 134.244633605000104, 33.460750226000073 ], [ 134.21452884200005, 33.376613674000055 ], [ 134.207774285000028, 33.339097398000035 ], [ 134.19849694100003, 33.310288804000038 ], [ 134.196299675000091, 33.296779690000051 ], [ 134.191199626000071, 33.271257625000089 ], [ 134.190255131000072, 33.248329294000087 ], [ 134.176527122000039, 33.236127821000082 ], [ 134.157969597000033, 33.269720770000049 ], [ 134.141764142000056, 33.291793265000081 ], [ 134.12750724600005, 33.289525482000045 ], [ 134.106224345000101, 33.294332361000045 ], [ 134.107960423, 33.31492348200004 ], [ 134.079972921000035, 33.339048073000072 ], [ 134.040049675000091, 33.384100653000075 ], [ 134.025536461, 33.41540034500008 ], [ 133.996621902000015, 33.424565380000047 ], [ 133.968760613000086, 33.435695705000057 ], [ 133.942148496000073, 33.458879104000061 ], [ 133.925205166000069, 33.493693261000089 ], [ 133.854901669000014, 33.500094530000069 ], [ 133.763052198000082, 33.519784407000088 ], [ 133.73939679, 33.537506879000034 ], [ 133.672147820000077, 33.528902337000034 ], [ 133.60773318400004, 33.515824680000037 ], [ 133.589305166000031, 33.501933551000036 ], [ 133.546861679000017, 33.486111348000065 ], [ 133.465909386000021, 33.454324098000086 ], [ 133.450368686000047, 33.430853583000044 ], [ 133.455088738000086, 33.41469961100006 ], [ 133.439707879000025, 33.401678778000075 ], [ 133.414805535000028, 33.393052476000037 ], [ 133.391612175000091, 33.389837958000044 ], [ 133.375498894000089, 33.38939036700009 ], [ 133.365000847000033, 33.387600002000056 ], [ 133.356618686000047, 33.383286851000037 ], [ 133.346690300000091, 33.375555731000077 ], [ 133.328135613000086, 33.353461005000042 ], [ 133.323090040000011, 33.351304429000038 ], [ 133.326019727000016, 33.368801174000055 ], [ 133.319102410000028, 33.371527411000045 ], [ 133.312347852000016, 33.375555731000077 ], [ 133.29224694100003, 33.36469147300005 ], [ 133.269379102000016, 33.346869208000044 ], [ 133.254567905000044, 33.326239325000074 ], [ 133.258474155000044, 33.306708075000074 ], [ 133.251963738000086, 33.294745184000078 ], [ 133.254649285000028, 33.286525783000059 ], [ 133.260752800000091, 33.279771226000037 ], [ 133.264659050000091, 33.272528387000079 ], [ 133.265879754000025, 33.267645575000074 ], [ 133.269704623000052, 33.264227606000077 ], [ 133.270843946000014, 33.259507554000038 ], [ 133.269379102000016, 33.252346096000053 ], [ 133.265147332000083, 33.248439846000053 ], [ 133.260508660000028, 33.245754299000055 ], [ 133.258474155000044, 33.242132880000042 ], [ 133.253265821000014, 33.21906159100007 ], [ 133.240977410000028, 33.20579661700009 ], [ 133.226898634, 33.194403387000079 ], [ 133.21533962500007, 33.187503519000074 ], [ 133.217946811000047, 33.165838934000078 ], [ 133.225433790000011, 33.159084377000056 ], [ 133.209761041000093, 33.15104182500005 ], [ 133.203835836000053, 33.162622107000061 ], [ 133.190149233000056, 33.16331643500007 ], [ 133.165033411000081, 33.137199555000052 ], [ 133.132386954000026, 33.089029456000048 ], [ 133.107436129, 33.061068704000036 ], [ 133.097116134000089, 33.048111006000056 ], [ 133.098866992000012, 33.032648240000071 ], [ 133.097764177000045, 33.023466920000089 ], [ 133.089854363000086, 33.019273179000038 ], [ 133.074617088000082, 33.028737892000038 ], [ 133.052847681, 33.039498643000059 ], [ 133.018258809000031, 33.024023267000075 ], [ 133.001702206, 32.986956751000037 ], [ 132.994412721, 32.948993177000034 ], [ 133.009287957000083, 32.903469143000052 ], [ 133.002452019000089, 32.869330145000049 ], [ 132.989905308000061, 32.862576095000065 ], [ 132.961059035000062, 32.864100526000072 ], [ 132.955099265000058, 32.852628542000048 ], [ 132.957899471000019, 32.835425557000065 ], [ 132.955477133000045, 32.814618733000088 ], [ 132.969737175000091, 32.807074286000045 ], [ 132.976735873000052, 32.795152085000041 ], [ 132.984873894000089, 32.787095445000034 ], [ 133.004079623000052, 32.772284247000073 ], [ 133.017344597000033, 32.757879950000074 ], [ 133.027598504000025, 32.739650783000059 ], [ 133.028005405000044, 32.720648505000042 ], [ 133.002207879000025, 32.71165599200009 ], [ 132.984385613000086, 32.719631252000056 ], [ 132.976573113000086, 32.724514065000051 ], [ 132.971364780000044, 32.731675523000035 ], [ 132.961761915000011, 32.751125393000052 ], [ 132.956797722000033, 32.758612372000073 ], [ 132.93913821700005, 32.770453192000048 ], [ 132.915049675000091, 32.77798086100006 ], [ 132.892832879000025, 32.774237372000073 ], [ 132.881114129000025, 32.752386786000045 ], [ 132.872080925000091, 32.768744208000044 ], [ 132.858409050000091, 32.769598700000074 ], [ 132.843272332000083, 32.760931708000044 ], [ 132.829600457000083, 32.748724677000041 ], [ 132.81218509200005, 32.740301825000074 ], [ 132.791514519000089, 32.740668036000045 ], [ 132.771983269000089, 32.746079820000034 ], [ 132.757578972000033, 32.752386786000045 ], [ 132.729340040000011, 32.77415599200009 ], [ 132.711400796000021, 32.789525389000062 ], [ 132.664643176000027, 32.778868304000071 ], [ 132.627660768000055, 32.752093098000046 ], [ 132.619903364000038, 32.772990306000054 ], [ 132.623376882, 32.79949569300004 ], [ 132.64600159500003, 32.825692004000075 ], [ 132.663007260000086, 32.856807656000058 ], [ 132.692785187000027, 32.884330091000038 ], [ 132.705166864000034, 32.897164690000068 ], [ 132.709157748000052, 32.909409898000035 ], [ 132.63990319100003, 32.90892161700009 ], [ 132.627207879000025, 32.906317450000074 ], [ 132.61841881600003, 32.90688711100006 ], [ 132.57545006600003, 32.931830145000049 ], [ 132.558929884, 32.936753648000035 ], [ 132.572032097000033, 32.923081773000035 ], [ 132.552907748000052, 32.924872137000079 ], [ 132.53638756600003, 32.931219794000071 ], [ 132.524180535000028, 32.930243231000077 ], [ 132.517344597000033, 32.909409898000035 ], [ 132.523448113000086, 32.90688711100006 ], [ 132.532237175000091, 32.899400132000039 ], [ 132.537852410000028, 32.895819403000075 ], [ 132.52076256600003, 32.88930898600006 ], [ 132.504161004000025, 32.891669012000079 ], [ 132.490489129000025, 32.901190497000073 ], [ 132.472272326000052, 32.933672312000056 ], [ 132.494039466, 32.948931385000037 ], [ 132.482918558000051, 32.970501244000047 ], [ 132.496127844000057, 32.985332140000082 ], [ 132.501475457000083, 32.993231512000079 ], [ 132.481408436000038, 33.023527538000053 ], [ 132.471495412000081, 33.040685904000043 ], [ 132.44113728700006, 33.043659348000062 ], [ 132.419704131, 33.05192155800006 ], [ 132.396700365000015, 33.016593804000081 ], [ 132.382402156000012, 33.019779079000045 ], [ 132.400446487000067, 33.043913948000068 ], [ 132.396884785, 33.058005309000066 ], [ 132.407922397000107, 33.069329326000059 ], [ 132.451833530000044, 33.052883205000057 ], [ 132.471527540000011, 33.055609442000048 ], [ 132.483164910000028, 33.067694403000075 ], [ 132.462738477000016, 33.067694403000075 ], [ 132.468760613000086, 33.08234284100007 ], [ 132.469004754000025, 33.095770575000074 ], [ 132.462738477000016, 33.105454820000034 ], [ 132.449066602000016, 33.108710028000075 ], [ 132.449066602000016, 33.114894924000055 ], [ 132.471446160000028, 33.113959052000041 ], [ 132.47584069100003, 33.114894924000055 ], [ 132.48015384200005, 33.118312893000052 ], [ 132.48755944100003, 33.125474351000037 ], [ 132.490082227000016, 33.132757880000042 ], [ 132.479502800000091, 33.135972398000035 ], [ 132.450205925000091, 33.136664130000042 ], [ 132.44068444100003, 33.142279364000046 ], [ 132.435394727000016, 33.155829169000071 ], [ 132.438043613000104, 33.168218345000071 ], [ 132.458606517000021, 33.173705878000078 ], [ 132.449246617000085, 33.185075323000035 ], [ 132.43810824600007, 33.191397889000086 ], [ 132.42366068900003, 33.199176094000052 ], [ 132.415386557000033, 33.189277566000044 ], [ 132.398647482, 33.18718380200005 ], [ 132.39467584800002, 33.203894821000063 ], [ 132.420123834000037, 33.209824239000056 ], [ 132.445493724000016, 33.204965422000043 ], [ 132.459658865000051, 33.204012318000082 ], [ 132.461201039, 33.191403309000066 ], [ 132.477821465000034, 33.181408297000075 ], [ 132.485701764000055, 33.169153220000055 ], [ 132.505077281000013, 33.181235085000083 ], [ 132.502669883000067, 33.19873474700006 ], [ 132.513766845000077, 33.21334291800008 ], [ 132.53617229300005, 33.217566250000061 ], [ 132.54836358700004, 33.226902944000074 ], [ 132.536828870000022, 33.242584289000035 ], [ 132.524492242000065, 33.249982363000072 ], [ 132.541393707, 33.26255771700005 ], [ 132.524212845000079, 33.263023330000067 ], [ 132.507701687, 33.257903119000048 ], [ 132.502579812000022, 33.266609133000088 ], [ 132.491823351, 33.270716494000055 ], [ 132.484570570000074, 33.276525918000061 ], [ 132.484735461000014, 33.29084085900007 ], [ 132.504788342000097, 33.303810851000037 ], [ 132.522280443, 33.307620908000047 ], [ 132.525609768000095, 33.314664231000052 ], [ 132.486803525000028, 33.316068149000046 ], [ 132.420121392000055, 33.30435563900005 ], [ 132.401221375000091, 33.309386867000057 ], [ 132.390274380000051, 33.316188081000064 ], [ 132.378672722000033, 33.319484768000052 ], [ 132.384125196000014, 33.330877997000073 ], [ 132.391368035000028, 33.334865627000056 ], [ 132.40788821700005, 33.33624909100007 ], [ 132.415537957000083, 33.341457424000055 ], [ 132.417328321000014, 33.347398179000038 ], [ 132.42115319100003, 33.375555731000077 ], [ 132.402354363000086, 33.362616278000075 ], [ 132.390635613000086, 33.374986070000034 ], [ 132.391123894000089, 33.39789459800005 ], [ 132.408050977000016, 33.416571356000077 ], [ 132.408050977000016, 33.423407294000071 ], [ 132.394379102000016, 33.423407294000071 ], [ 132.398203972000033, 33.431341864000046 ], [ 132.404144727000016, 33.437648830000057 ], [ 132.411875847000033, 33.441961981000077 ], [ 132.42115319100003, 33.444484768000052 ], [ 132.381114129000025, 33.466050523000035 ], [ 132.36296634200005, 33.468085028000075 ], [ 132.344596230000093, 33.467154654000069 ], [ 132.333751595000081, 33.462444308000045 ], [ 132.322232735000057, 33.45755532700008 ], [ 132.307803890000059, 33.464289883000049 ], [ 132.278586024000106, 33.447300719000054 ], [ 132.253606956, 33.440708826000048 ], [ 132.214402183000061, 33.422946732000071 ], [ 132.179738784000051, 33.406986099000051 ], [ 132.1499849060001, 33.389167102000044 ], [ 132.139430551000032, 33.37397803600004 ], [ 132.130660483000042, 33.363566366000043 ], [ 132.114136518, 33.364151183000047 ], [ 132.101567748000093, 33.370133835000047 ], [ 132.110295567000094, 33.386727643000086 ], [ 132.073507896000024, 33.367631670000037 ], [ 132.02548739100007, 33.344903696000074 ], [ 132.010538920000045, 33.348988639000083 ], [ 132.029636530000062, 33.365246591000073 ], [ 132.0515547, 33.37604022700009 ], [ 132.094319993, 33.408487128000047 ], [ 132.135487597000065, 33.42002259800006 ], [ 132.153248276, 33.415429414000073 ], [ 132.166576054000075, 33.420203724000089 ], [ 132.157085550000033, 33.428841528000078 ], [ 132.155280026000014, 33.437046147000046 ], [ 132.171331261000091, 33.445634434000056 ], [ 132.199766627000031, 33.455010144000084 ], [ 132.221880750000082, 33.454025777000084 ], [ 132.240684626000075, 33.464576055000066 ], [ 132.264631651000059, 33.464073502000076 ], [ 132.293745878000095, 33.485380231000079 ], [ 132.412364129000025, 33.534979559000078 ], [ 132.428477410000028, 33.54759349200009 ], [ 132.435394727000016, 33.563666083000044 ], [ 132.441661004000025, 33.572943427000041 ], [ 132.470469597000033, 33.602118231000077 ], [ 132.479502800000091, 33.608343817000048 ], [ 132.500612341000078, 33.624998209000069 ], [ 132.601735873000052, 33.660386460000041 ], [ 132.618489498000031, 33.674289227000088 ], [ 132.645474593000017, 33.689587666000079 ], [ 132.676605665000011, 33.715643622000073 ], [ 132.697113477000016, 33.756740627000056 ], [ 132.695567254000025, 33.786444403000075 ], [ 132.690082672000017, 33.813905380000051 ], [ 132.698981658000093, 33.850384146000067 ], [ 132.706283305000056, 33.877051785000049 ], [ 132.712370372, 33.904548780000084 ], [ 132.754936877000091, 33.910320249000051 ], [ 132.757481294000058, 33.934948344000077 ], [ 132.772471550000091, 33.955877997000073 ], [ 132.769861567000021, 33.996270044000084 ], [ 132.79873386700001, 34.013104233000035 ], [ 132.847186045000058, 34.039963579000073 ], [ 132.862359096000091, 34.055893542000035 ], [ 132.919110430000046, 34.068406073000062 ], [ 132.922520629000019, 34.08483910800004 ], [ 132.930338028000051, 34.094375970000044 ], [ 132.926158290000103, 34.111668096000074 ], [ 132.90620625300005, 34.113165418000051 ], [ 132.89536372300006, 34.113214350000078 ], [ 132.897499941000092, 34.122714018000067 ], [ 132.915511319000075, 34.120258787000068 ], [ 132.928774824000016, 34.119874497000069 ], [ 132.942383612000071, 34.141262037000047 ], [ 132.954033485000082, 34.12539330900006 ], [ 132.96132289500008, 34.121134032000043 ], [ 132.966319207000083, 34.114325262000079 ], [ 132.976573113000086, 34.108587958000044 ], [ 133.031848838000087, 34.052734410000085 ], [ 133.060313347000033, 33.991359768000052 ], [ 133.069196795000039, 33.974223154000072 ], [ 133.077294392, 33.959732720000034 ], [ 133.086600305000047, 33.94931331500004 ], [ 133.10776334500008, 33.941172842000071 ], [ 133.127010888000086, 33.933290639000063 ], [ 133.14670395600001, 33.93154110200004 ], [ 133.173292231, 33.940584065000053 ], [ 133.208868424, 33.947403314000042 ], [ 133.243680224000059, 33.956257295000057 ], [ 133.248874470000032, 33.97410853100007 ], [ 133.2790455600001, 33.983276759000034 ], [ 133.29982343000006, 33.981024860000048 ], [ 133.322607543, 33.990552810000054 ], [ 133.340966815, 33.989939136000089 ], [ 133.359947684000076, 33.982709600000078 ], [ 133.414805535000028, 33.985744533000059 ], [ 133.438243035000028, 33.98187897300005 ], [ 133.486338738000086, 33.966742255000042 ], [ 133.51099694100003, 33.965236721000053 ], [ 133.532074415000011, 33.970933335000041 ], [ 133.548594597000033, 33.980943101000037 ], [ 133.561696811000047, 33.993394273000035 ], [ 133.572520379000025, 34.00617096600007 ], [ 133.587250196000014, 34.020331122000073 ], [ 133.620860222000033, 34.04555898600006 ], [ 133.633962436000047, 34.060777085000041 ], [ 133.641286655000044, 34.079169012000079 ], [ 133.64812259200005, 34.124660549000055 ], [ 133.646006707000083, 34.167385158000059 ], [ 133.641123894000089, 34.184637762000079 ], [ 133.632985873000052, 34.198309637000079 ], [ 133.62037194100003, 34.21165599200009 ], [ 133.604014519000089, 34.22337474200009 ], [ 133.587657097000033, 34.231919664000088 ], [ 133.572276238000086, 34.242173570000034 ], [ 133.558360222000033, 34.259466864000046 ], [ 133.57935631600003, 34.249416408000059 ], [ 133.609222852000016, 34.238959052000041 ], [ 133.637543165000011, 34.233587958000044 ], [ 133.654470248000052, 34.238959052000041 ], [ 133.672618035000028, 34.223130601000037 ], [ 133.701426629000025, 34.231268622000073 ], [ 133.731944207000083, 34.250962632000039 ], [ 133.754649285000028, 34.270005601000037 ], [ 133.781993035000028, 34.288275458000044 ], [ 133.843597852000016, 34.312241929000038 ], [ 133.874196811000047, 34.328314520000049 ], [ 133.882823113000086, 34.338446356000077 ], [ 133.890635613000086, 34.35219961100006 ], [ 133.89966881600003, 34.364162502000056 ], [ 133.912119988000086, 34.369330145000049 ], [ 133.920909050000091, 34.370428778000075 ], [ 133.937022332000083, 34.375067450000074 ], [ 133.94654381600003, 34.376166083000044 ], [ 133.956228061000047, 34.373968817000048 ], [ 133.970876498000052, 34.364650783000059 ], [ 133.989024285000028, 34.36078522300005 ], [ 134.00123131600003, 34.352240302000041 ], [ 134.011973504000025, 34.348822333000044 ], [ 134.021250847000033, 34.349188544000071 ], [ 134.036875847000033, 34.354681708000044 ], [ 134.04615319100003, 34.355047919000071 ], [ 134.08130944100003, 34.347723700000074 ], [ 134.088389519000089, 34.354803778000075 ], [ 134.100759311000047, 34.376166083000044 ], [ 134.11687259200005, 34.360500393000052 ], [ 134.122813347000033, 34.366603908000059 ], [ 134.124522332000083, 34.380845445000034 ], [ 134.127452019000089, 34.389797268000052 ], [ 134.143565300000091, 34.391791083000044 ], [ 134.153005405000044, 34.385728257000039 ], [ 134.158213738000086, 34.374945380000042 ], [ 134.161631707000083, 34.362494208000044 ], [ 134.161631707000083, 34.334906317000048 ], [ 134.166270379000025, 34.32485586100006 ], [ 134.182627800000091, 34.32094961100006 ], [ 134.190440300000091, 34.325384833000044 ], [ 134.21216881600003, 34.347235419000071 ], [ 134.216807488000086, 34.355047919000071 ], [ 134.237803582000083, 34.340806382000039 ], [ 134.260427280000044, 34.334418036000045 ], [ 134.271250847000033, 34.323065497000073 ], [ 134.257823113000086, 34.294175523000035 ], [ 134.296885613000086, 34.275295315000051 ], [ 134.309580925000091, 34.273098049000055 ], [ 134.321787957000083, 34.268947658000059 ], [ 134.343516472000033, 34.25063711100006 ], [ 134.357676629000025, 34.24640534100007 ], [ 134.384125196000014, 34.250067450000074 ], [ 134.396657748000052, 34.24945709800005 ], [ 134.401703321000014, 34.242743231000077 ], [ 134.405772332000083, 34.234442450000074 ], [ 134.41570071700005, 34.224188544000071 ], [ 134.439767011000072, 34.20834943300008 ], [ 134.468623304000062, 34.207460144000038 ], [ 134.495242568000094, 34.224235342000043 ], [ 134.560883009, 34.22142161700009 ], [ 134.58171634200005, 34.229641018000052 ], [ 134.594248894000089, 34.232123114000046 ], [ 134.607144793000089, 34.250845488000039 ], [ 134.61109366800008, 34.239414243000056 ], [ 134.600482336000027, 34.228194232000078 ], [ 134.594044248000046, 34.213812497000049 ], [ 134.610349369, 34.216027454000084 ], [ 134.627895528000067, 34.233081904000073 ], [ 134.646871456000099, 34.239252459000056 ], [ 134.640700704000096, 34.225355862000072 ], [ 134.627176280000072, 34.209673788000089 ], [ 134.625747865, 34.201014144000055 ], [ 134.625404414000059, 34.193466909000051 ], [ 134.627207879000025, 34.187933661000045 ], [ 134.607758009, 34.18431224200009 ], [ 134.619151238000086, 34.182074286000045 ], [ 134.628265821000014, 34.177923895000049 ], [ 134.642088745000024, 34.179263295000055 ], [ 134.634302263, 34.165932268000063 ], [ 134.623695527, 34.150771923000036 ], [ 134.620462621, 34.140252930000088 ], [ 134.62273196700005, 34.134466864000046 ], [ 134.605187379000085, 34.110776919000045 ], [ 134.604584825000074, 34.084834391000072 ], [ 134.607758009, 34.067613023000035 ], [ 134.601817254000025, 34.063706773000035 ], [ 134.595225457000083, 34.045965887000079 ], [ 134.594248894000089, 34.039740302000041 ], [ 134.594574415000011, 34.029771226000037 ], [ 134.599782748000052, 34.009466864000046 ], [ 134.604966364, 34.001024089000055 ], [ 134.611637133000045, 33.997020270000064 ], [ 134.624250753000069, 33.997581129000082 ], [ 134.626591465000047, 34.008139616000051 ], [ 134.637016, 34.01066622400009 ], [ 134.65092897, 33.985940781000068 ], [ 134.662916031, 33.968868609000083 ], [ 134.695962500000064, 33.951893257000052 ], [ 134.690231657000027, 33.942397349000089 ], [ 134.702570540000011, 33.937266741000087 ], [ 134.70223081000006, 33.920965305000038 ], [ 134.702891472000033, 33.906236070000034 ], [ 134.690714176000029, 33.895733504000077 ], [ 134.68677819100003, 33.886216539000088 ], [ 134.67351321700005, 33.881659247000073 ], [ 134.662364129000025, 33.875881252000056 ], [ 134.646250847000033, 33.853094794000071 ], [ 134.660817905000044, 33.846380927000041 ], [ 134.717051629000025, 33.84796784100007 ], [ 134.717051629000025, 33.841701565000051 ], [ 134.70826256600003, 33.84056224200009 ], [ 134.698252800000091, 33.83624909100007 ], [ 134.689789259, 33.834906317000048 ], [ 134.689789259, 33.828070380000042 ] ] ], [ [ [ 133.121348504000025, 36.109767971000053 ], [ 133.135427280000044, 36.089544989000046 ], [ 133.123220248000052, 36.062933661000045 ], [ 133.099457227000016, 36.037502346000053 ], [ 133.079112175000091, 36.02094147300005 ], [ 133.078623894000089, 36.049994208000044 ], [ 133.08130944100003, 36.080145575000074 ], [ 133.093516472000033, 36.102769273000035 ], [ 133.121348504000025, 36.109767971000053 ] ] ], [ [ [ 133.090586785000028, 36.117865302000041 ], [ 133.093272332000083, 36.12335846600007 ], [ 133.113617384, 36.113511460000041 ], [ 133.093272332000083, 36.109767971000053 ], [ 133.090586785000028, 36.117865302000041 ] ] ], [ [ [ 133.074229363000086, 36.127915757000039 ], [ 133.08757571700005, 36.127020575000074 ], [ 133.088145379000025, 36.11827220300006 ], [ 133.08716881600003, 36.11078522300005 ], [ 133.072764519000089, 36.107855536000045 ], [ 133.058360222000033, 36.103176174000055 ], [ 133.051768425000091, 36.085516669000071 ], [ 133.05396569100003, 36.074896552000041 ], [ 133.056976759, 36.067694403000075 ], [ 133.055837436000047, 36.061753648000035 ], [ 133.044932488000086, 36.055121161000045 ], [ 133.035980665000011, 36.053900458000044 ], [ 133.02702884200005, 36.056301174000055 ], [ 133.019786004000025, 36.060614325000074 ], [ 133.017100457000083, 36.065008856000077 ], [ 133.016774936000047, 36.074774481000077 ], [ 133.01490319100003, 36.079779364000046 ], [ 133.010020379000025, 36.081529039000088 ], [ 133.000254754000025, 36.081773179000038 ], [ 132.990407748000052, 36.077053127000056 ], [ 132.993174675000091, 36.066351630000042 ], [ 133.004079623000052, 36.04828522300005 ], [ 132.994965040000011, 36.038234768000052 ], [ 132.981455925000091, 36.039862372000073 ], [ 132.965505405000044, 36.04913971600007 ], [ 132.949392123000052, 36.06195709800005 ], [ 132.969493035000028, 36.082017320000034 ], [ 133.014496290000011, 36.110988674000055 ], [ 133.03874759200005, 36.130804755000042 ], [ 133.056651238000086, 36.124945380000042 ], [ 133.074229363000086, 36.127915757000039 ] ] ], [ [ [ 133.422211134, 34.445013739000046 ], [ 133.412445509, 34.42446523600006 ], [ 133.34107506600003, 34.348049221000053 ], [ 133.325531446000014, 34.336818752000056 ], [ 133.295420769000089, 34.324896552000041 ], [ 133.281748894000089, 34.321519273000035 ], [ 133.269786004000025, 34.322414455000057 ], [ 133.264659050000091, 34.331732489000046 ], [ 133.269867384, 34.339178778000075 ], [ 133.282237175000091, 34.342718817000048 ], [ 133.295909050000091, 34.345038153000075 ], [ 133.305511915000011, 34.348822333000044 ], [ 133.314952019000089, 34.366034247000073 ], [ 133.304698113000086, 34.37759023600006 ], [ 133.283213738000086, 34.38312409100007 ], [ 133.258474155000044, 34.382310289000088 ], [ 133.258474155000044, 34.389797268000052 ], [ 133.27662194100003, 34.401760158000059 ], [ 133.266612175000091, 34.420599677000041 ], [ 133.24732506600003, 34.42649974200009 ], [ 133.229665561000047, 34.376166083000044 ], [ 133.213226759, 34.363104559000078 ], [ 133.19499759200005, 34.353705145000049 ], [ 133.182139519000089, 34.341376044000071 ], [ 133.201914910000028, 34.328314520000049 ], [ 133.20866946700005, 34.307806708000044 ], [ 133.202891472000033, 34.288885809000078 ], [ 133.185557488000086, 34.280503648000035 ], [ 133.178233269000089, 34.282782294000071 ], [ 133.165782097000033, 34.292303778000075 ], [ 133.160980665000011, 34.294175523000035 ], [ 133.155609571000014, 34.291815497000073 ], [ 133.144053582000083, 34.282619533000059 ], [ 133.125173373000052, 34.276271877000056 ], [ 133.102712436000047, 34.257147528000075 ], [ 133.093272332000083, 34.252630927000041 ], [ 133.076426629000025, 34.259588934000078 ], [ 133.070648634, 34.277248440000051 ], [ 133.072276238000086, 34.317531643000052 ], [ 133.076914910000028, 34.31671784100007 ], [ 133.087412957000083, 34.32648346600007 ], [ 133.103282097000033, 34.345119533000059 ], [ 133.114024285000028, 34.351752020000049 ], [ 133.117930535000028, 34.342271226000037 ], [ 133.117035352000016, 34.326564846000053 ], [ 133.113291863000086, 34.314113674000055 ], [ 133.133148634, 34.318182684000078 ], [ 133.147471550000091, 34.351385809000078 ], [ 133.168467644000089, 34.355047919000071 ], [ 133.168467644000089, 34.362494208000044 ], [ 133.152598504000025, 34.373846747000073 ], [ 133.134287957000083, 34.382310289000088 ], [ 133.123220248000052, 34.384344794000071 ], [ 133.113291863000086, 34.383978583000044 ], [ 133.103526238000086, 34.384588934000078 ], [ 133.093272332000083, 34.389797268000052 ], [ 133.079112175000091, 34.382310289000088 ], [ 133.085785352000016, 34.35101959800005 ], [ 133.059092644000089, 34.33234284100007 ], [ 133.018321160000028, 34.323309637000079 ], [ 132.911875847000033, 34.31476471600007 ], [ 132.883067254000025, 34.304592190000051 ], [ 132.853037957000083, 34.287339585000041 ], [ 132.836192254000025, 34.311102606000077 ], [ 132.818207227000016, 34.30337148600006 ], [ 132.799082879000025, 34.284002997000073 ], [ 132.778086785000028, 34.273098049000055 ], [ 132.762217644000089, 34.270331122000073 ], [ 132.764008009, 34.263169664000088 ], [ 132.772797071000014, 34.253404039000088 ], [ 132.778086785000028, 34.242743231000077 ], [ 132.771494988000086, 34.235296942000048 ], [ 132.756602410000028, 34.232326565000051 ], [ 132.726573113000086, 34.232123114000046 ], [ 132.702972852000016, 34.225490627000056 ], [ 132.656260613000086, 34.199286200000074 ], [ 132.627207879000025, 34.19798411700009 ], [ 132.622243686000047, 34.20189036700009 ], [ 132.61841881600003, 34.208889065000051 ], [ 132.615570509, 34.21548086100006 ], [ 132.613536004000025, 34.218451239000046 ], [ 132.604258660000028, 34.216620184000078 ], [ 132.599457227000016, 34.212307033000059 ], [ 132.596527540000011, 34.207424221000053 ], [ 132.59302819100003, 34.204250393000052 ], [ 132.566172722000033, 34.191961981000077 ], [ 132.554453972000033, 34.192368882000039 ], [ 132.544688347000033, 34.204250393000052 ], [ 132.55982506600003, 34.218410549000055 ], [ 132.550629102000016, 34.230861721000053 ], [ 132.533457879000025, 34.24477773600006 ], [ 132.521006707000083, 34.269761460000041 ], [ 132.507334832000083, 34.283026434000078 ], [ 132.503672722000033, 34.287339585000041 ], [ 132.503428582000083, 34.300360419000071 ], [ 132.50709069100003, 34.308417059000078 ], [ 132.50904381600003, 34.316229559000078 ], [ 132.503672722000033, 34.328314520000049 ], [ 132.510752800000091, 34.329820054000038 ], [ 132.52312259200005, 34.33429596600007 ], [ 132.531016472000033, 34.335150458000044 ], [ 132.526133660000028, 34.345607815000051 ], [ 132.517588738000086, 34.353013414000088 ], [ 132.496836785000028, 34.362494208000044 ], [ 132.481293165000011, 34.354559637000079 ], [ 132.461680535000028, 34.349554755000042 ], [ 132.441579623000052, 34.350002346000053 ], [ 132.40552819100003, 34.368068752000056 ], [ 132.383474155000044, 34.365668036000045 ], [ 132.346039259, 34.348822333000044 ], [ 132.312347852000016, 34.326971747000073 ], [ 132.222504102000016, 34.238959052000041 ], [ 132.23170006600003, 34.22524648600006 ], [ 132.238291863000086, 34.204250393000052 ], [ 132.240407748000052, 34.189805406000062 ], [ 132.243662957000083, 34.166937567000048 ], [ 132.238942905000044, 34.142645575000074 ], [ 132.227549675000091, 34.132025458000044 ], [ 132.213715040000011, 34.124335028000075 ], [ 132.201914910000028, 34.108587958000044 ], [ 132.199066602000016, 34.06476471600007 ], [ 132.210948113000086, 34.025213934000078 ], [ 132.213226759, 33.989650783000059 ], [ 132.181488477000016, 33.957831122000073 ], [ 132.157237175000091, 33.948919989000046 ], [ 132.142588738000086, 33.946437893000052 ], [ 132.135590040000011, 33.938421942000048 ], [ 132.133799675000091, 33.913397528000075 ], [ 132.138926629000025, 33.894964911000045 ], [ 132.159922722000033, 33.857326565000051 ], [ 132.161631707000083, 33.841701565000051 ], [ 132.15007571700005, 33.830145575000074 ], [ 132.105804884, 33.809027411000045 ], [ 132.075938347000033, 33.787054755000042 ], [ 132.05591881600003, 33.777167059000078 ], [ 132.041351759, 33.776271877000056 ], [ 132.044444207000083, 33.79328034100007 ], [ 132.065440300000091, 33.80695221600007 ], [ 132.068858269000089, 33.811672268000052 ], [ 132.076345248000052, 33.826727606000077 ], [ 132.078461134, 33.834906317000048 ], [ 132.08716881600003, 33.825100002000056 ], [ 132.09888756600003, 33.823635158000059 ], [ 132.108897332000083, 33.830267645000049 ], [ 132.113291863000086, 33.844875393000052 ], [ 132.109222852000016, 33.862616278000075 ], [ 132.099457227000016, 33.872259833000044 ], [ 132.087087436000047, 33.878566799000055 ], [ 132.07545006600003, 33.886419989000046 ], [ 132.057790561000047, 33.89524974200009 ], [ 131.994802280000044, 33.913478908000059 ], [ 131.97234134200005, 33.916815497000073 ], [ 131.966563347000033, 33.921535549000055 ], [ 131.941905144000089, 33.950913804000038 ], [ 131.93091881600003, 33.956976630000042 ], [ 131.903330925000091, 33.966701565000051 ], [ 131.893565300000091, 33.97142161700009 ], [ 131.870860222000033, 33.988511460000041 ], [ 131.852061394000089, 33.99835846600007 ], [ 131.83366946700005, 33.994696356000077 ], [ 131.812266472000033, 33.97142161700009 ], [ 131.826508009, 33.97142161700009 ], [ 131.826508009, 33.965236721000053 ], [ 131.791351759, 33.964056708000044 ], [ 131.779551629000025, 33.969671942000048 ], [ 131.777517123000052, 33.985744533000059 ], [ 131.807302280000044, 34.005804755000042 ], [ 131.82390384200005, 34.02016836100006 ], [ 131.822764519000089, 34.026678778000075 ], [ 131.813649936000047, 34.02875397300005 ], [ 131.799571160000028, 34.03774648600006 ], [ 131.74146569100003, 34.056219794000071 ], [ 131.703379754000025, 34.044175523000035 ], [ 131.68873131600003, 34.04718659100007 ], [ 131.676117384, 34.040187893000052 ], [ 131.644867384, 34.028876044000071 ], [ 131.633474155000044, 34.026678778000075 ], [ 131.606211785000028, 34.026678778000075 ], [ 131.601735873000052, 34.03001536700009 ], [ 131.598155144000089, 34.036037502000056 ], [ 131.593272332000083, 34.037298895000049 ], [ 131.585134311000047, 34.026678778000075 ], [ 131.594004754000025, 34.015326239000046 ], [ 131.597422722000033, 34.002630927000041 ], [ 131.59302819100003, 33.991685289000088 ], [ 131.578868035000028, 33.985744533000059 ], [ 131.571787957000083, 33.985174872000073 ], [ 131.56763756600003, 33.986273505000042 ], [ 131.56568444100003, 33.989650783000059 ], [ 131.565196160000028, 33.996283270000049 ], [ 131.562266472000033, 34.00462474200009 ], [ 131.556162957000083, 34.005194403000075 ], [ 131.551117384, 34.002142645000049 ], [ 131.551036004000025, 33.999416408000059 ], [ 131.519297722000033, 34.008490302000041 ], [ 131.510508660000028, 34.012396552000041 ], [ 131.493011915000011, 34.028143622000073 ], [ 131.482920769000089, 34.032049872000073 ], [ 131.469004754000025, 34.026678778000075 ], [ 131.473806186000047, 34.018622137000079 ], [ 131.47429446700005, 34.01398346600007 ], [ 131.469004754000025, 34.00617096600007 ], [ 131.466319207000083, 34.006781317000048 ], [ 131.45671634200005, 33.999335028000075 ], [ 131.455332879000025, 33.993150132000039 ], [ 131.451996290000011, 33.989569403000075 ], [ 131.451833530000044, 33.985907294000071 ], [ 131.449554884, 33.982245184000078 ], [ 131.441172722000033, 33.978908596000053 ], [ 131.434336785000028, 33.980210679000038 ], [ 131.428233269000089, 33.985907294000071 ], [ 131.42351321700005, 33.993109442000048 ], [ 131.420583530000044, 33.999416408000059 ], [ 131.415537957000083, 33.989406643000052 ], [ 131.409678582000083, 33.98305898600006 ], [ 131.402517123000052, 33.981390692000048 ], [ 131.393321160000028, 33.985744533000059 ], [ 131.402191602000016, 33.999335028000075 ], [ 131.404795769000089, 34.017279364000046 ], [ 131.400645379000025, 34.032945054000038 ], [ 131.38990319100003, 34.039740302000041 ], [ 131.383148634, 34.033026434000078 ], [ 131.355723504000025, 33.989447333000044 ], [ 131.332530144000089, 33.962103583000044 ], [ 131.32195071700005, 33.953070380000042 ], [ 131.272227410000028, 33.926825262000079 ], [ 131.257985873000052, 33.924790757000039 ], [ 131.249847852000016, 33.937933661000045 ], [ 131.242523634, 33.934475002000056 ], [ 131.233571811000047, 33.93305084800005 ], [ 131.22584069100003, 33.93500397300005 ], [ 131.222666863000086, 33.941351630000042 ], [ 131.220713738000086, 33.950384833000044 ], [ 131.215830925000091, 33.950751044000071 ], [ 131.209239129000025, 33.947251695000034 ], [ 131.202159050000091, 33.94476959800005 ], [ 131.200368686000047, 33.942531643000052 ], [ 131.194672071000014, 33.937648830000057 ], [ 131.187022332000083, 33.932766018000052 ], [ 131.178233269000089, 33.930487372000073 ], [ 131.173187696000014, 33.933986721000053 ], [ 131.170664910000028, 33.941880601000037 ], [ 131.160265953000021, 33.952796056000068 ], [ 131.161537083000098, 33.964374254000063 ], [ 131.166840040000011, 33.972398179000038 ], [ 131.166026238000086, 33.977118231000077 ], [ 131.157399936000047, 33.978908596000053 ], [ 131.123998791000076, 33.999931396000079 ], [ 131.103164684000035, 34.030216890000077 ], [ 131.072423984000011, 34.036997277000069 ], [ 131.035594808000042, 34.047975095000083 ], [ 131.013962254000035, 34.014762015000088 ], [ 130.968597852000016, 33.97142161700009 ], [ 130.932086301000027, 33.945365284000047 ], [ 130.92629066500001, 33.922690670000065 ], [ 130.915753455000072, 33.913989822000076 ], [ 130.899180535000028, 33.924261786000045 ], [ 130.893728061000047, 33.932318427000041 ], [ 130.879405144000089, 33.937933661000045 ], [ 130.880224401000078, 33.950431780000088 ], [ 130.899424675000091, 33.94985586100006 ], [ 130.909650336000027, 33.973651604000054 ], [ 130.907725457000083, 33.984930731000077 ], [ 130.913422071000014, 33.999416408000059 ], [ 130.917134522000083, 34.010913063000089 ], [ 130.91281170100001, 34.021920678000072 ], [ 130.905284050000091, 34.02960846600007 ], [ 130.912577397000064, 34.053341562000071 ], [ 130.903913678000094, 34.065825778000089 ], [ 130.878428582000083, 34.067857164000088 ], [ 130.873220248000052, 34.078192450000074 ], [ 130.869313998000052, 34.091742255000042 ], [ 130.862803582000083, 34.101792710000041 ], [ 130.861582879000025, 34.11273834800005 ], [ 130.873220248000052, 34.129095770000049 ], [ 130.886485222000033, 34.13898346600007 ], [ 130.899261915000011, 34.145656643000052 ], [ 130.911143425000091, 34.154486395000049 ], [ 130.920909050000091, 34.17064036700009 ], [ 130.923350457000083, 34.183783270000049 ], [ 130.920258009, 34.192572333000044 ], [ 130.915782097000033, 34.199693101000037 ], [ 130.910411004000025, 34.22492096600007 ], [ 130.896739129000025, 34.244818427000041 ], [ 130.893728061000047, 34.256048895000049 ], [ 130.891612175000091, 34.259833075000074 ], [ 130.87623131600003, 34.270005601000037 ], [ 130.871592644000089, 34.279242255000042 ], [ 130.875336134, 34.286688544000071 ], [ 130.882009311000047, 34.293402411000045 ], [ 130.886241082000083, 34.300441799000055 ], [ 130.889659050000091, 34.331203518000052 ], [ 130.893077019000089, 34.343491929000038 ], [ 130.899912957000083, 34.355047919000071 ], [ 130.911143425000091, 34.350897528000075 ], [ 130.92741946700005, 34.348944403000075 ], [ 130.941905144000089, 34.350978908000059 ], [ 130.948252800000091, 34.358791408000059 ], [ 130.95476321700005, 34.361721096000053 ], [ 130.996104363000086, 34.369330145000049 ], [ 131.011729363000086, 34.375962632000039 ], [ 131.033606810000038, 34.381789240000046 ], [ 131.017881868000018, 34.393296810000038 ], [ 131.00359134200005, 34.39288971600007 ], [ 130.965098504000025, 34.399969794000071 ], [ 130.955088738000086, 34.403469143000052 ], [ 130.94890384200005, 34.395005601000037 ], [ 130.946299675000091, 34.392401434000078 ], [ 130.933929884, 34.395982164000088 ], [ 130.939219597000033, 34.407700914000088 ], [ 130.947764519000089, 34.418931382000039 ], [ 130.958750847000033, 34.427435614000046 ], [ 130.976396076000015, 34.438967292000086 ], [ 130.989731698000014, 34.435038253000073 ], [ 131.002845354000101, 34.42594628900008 ], [ 131.001149936000047, 34.414862372000073 ], [ 131.009776238000086, 34.410305080000057 ], [ 131.022634311000047, 34.409369208000044 ], [ 131.037282748000052, 34.411118882000039 ], [ 131.050954623000052, 34.415187893000052 ], [ 131.061208530000044, 34.420843817000048 ], [ 131.074717644000089, 34.424750067000048 ], [ 131.099375847000033, 34.413275458000044 ], [ 131.115717557000039, 34.409794055000077 ], [ 131.133922988, 34.411561804000087 ], [ 131.140798373000052, 34.378485419000071 ], [ 131.153656446000014, 34.369330145000049 ], [ 131.172699415000011, 34.367743231000077 ], [ 131.178957564000029, 34.378775997000048 ], [ 131.191701657000067, 34.393647793000071 ], [ 131.173594597000033, 34.410223700000074 ], [ 131.170583530000044, 34.416815497000073 ], [ 131.171314549000044, 34.429534605000072 ], [ 131.192718946000014, 34.424750067000048 ], [ 131.207367384, 34.428941148000035 ], [ 131.234873894000089, 34.433498440000051 ], [ 131.252631761000089, 34.437386992000086 ], [ 131.26453684, 34.428087194000057 ], [ 131.281213917000059, 34.407957800000077 ], [ 131.266255852000086, 34.409448841000085 ], [ 131.251026964000062, 34.419130554000049 ], [ 131.241019927000025, 34.421183598000084 ], [ 131.229502800000091, 34.417710679000038 ], [ 131.222015821000014, 34.408392645000049 ], [ 131.21607506600003, 34.396918036000045 ], [ 131.211761915000011, 34.383775132000039 ], [ 131.208994988000086, 34.369330145000049 ], [ 131.21607506600003, 34.372300523000035 ], [ 131.228770379000025, 34.380194403000075 ], [ 131.236175977000016, 34.382310289000088 ], [ 131.28448215100002, 34.384211288000074 ], [ 131.323090295000043, 34.393011809000086 ], [ 131.334730903000036, 34.416114291000042 ], [ 131.365050012000097, 34.41565087500004 ], [ 131.414317254000025, 34.423976955000057 ], [ 131.41331462800008, 34.45387373300008 ], [ 131.42640717300003, 34.465645450000068 ], [ 131.456228061000047, 34.490383205000057 ], [ 131.461924675000091, 34.499253648000035 ], [ 131.45476321700005, 34.519110419000071 ], [ 131.461761915000011, 34.523504950000074 ], [ 131.482676629000025, 34.527573960000041 ], [ 131.52076256600003, 34.551906643000052 ], [ 131.536468946000014, 34.565619208000044 ], [ 131.551036004000025, 34.581529039000088 ], [ 131.555430535000028, 34.592189846000053 ], [ 131.557299194000052, 34.61485699900004 ], [ 131.564792499000077, 34.61949431700009 ], [ 131.585184388000016, 34.618421664000039 ], [ 131.595876498000052, 34.616848049000055 ], [ 131.594248894000089, 34.625677802000041 ], [ 131.594103585000084, 34.64205125400008 ], [ 131.596871573000044, 34.659589372000084 ], [ 131.615241890000107, 34.664880636000078 ], [ 131.629405144000089, 34.659247137000079 ], [ 131.656414716000086, 34.653586290000078 ], [ 131.670858557000088, 34.662817774000075 ], [ 131.673354988000028, 34.670931860000053 ], [ 131.680332196, 34.674649043000045 ], [ 131.711599155000044, 34.671576239000046 ], [ 131.746081807, 34.675353457000085 ], [ 131.790375196000014, 34.686102606000077 ], [ 131.822955831000058, 34.698283032000063 ], [ 131.840784385, 34.705328510000072 ], [ 131.858409050000091, 34.714504299000055 ], [ 131.863129102000016, 34.737494208000044 ], [ 131.86687259200005, 34.746039130000042 ], [ 131.873757670000032, 34.75922287700007 ], [ 131.896332227000016, 34.762925523000035 ], [ 131.901321903000053, 34.770451297000079 ], [ 131.923788498000022, 34.78785980400005 ], [ 131.957006574000047, 34.813030243000071 ], [ 131.99732506600003, 34.837225653000075 ], [ 132.02116946700005, 34.86587148600006 ], [ 132.03455120000001, 34.876579005000053 ], [ 132.053884311000047, 34.872259833000044 ], [ 132.060557488000086, 34.885687567000048 ], [ 132.063304118000019, 34.907489343000066 ], [ 132.111175977000016, 34.943101304000038 ], [ 132.131846550000091, 34.958644924000055 ], [ 132.157940371, 34.976132374000088 ], [ 132.216319207000083, 35.013576565000051 ], [ 132.236494970000081, 35.034818088000065 ], [ 132.270841887000074, 35.040329058000054 ], [ 132.293610348000016, 35.048406961000069 ], [ 132.316849987000069, 35.062346339000044 ], [ 132.326594268, 35.092069844000036 ], [ 132.357040742000095, 35.111207243000081 ], [ 132.379948843000079, 35.124980778000065 ], [ 132.389212278000059, 35.134829401000047 ], [ 132.386574258, 35.145537592000039 ], [ 132.402354363000086, 35.16046784100007 ], [ 132.408084915000018, 35.175050678000048 ], [ 132.467677558000105, 35.213148079000064 ], [ 132.495826701000055, 35.232455210000069 ], [ 132.529718499000069, 35.244913222000037 ], [ 132.531937422000055, 35.25767159600008 ], [ 132.550265256000102, 35.262432293000074 ], [ 132.575617245000103, 35.273270097000079 ], [ 132.621141537000085, 35.284444096000072 ], [ 132.638679189000072, 35.29464467300005 ], [ 132.651395443000069, 35.31292353300006 ], [ 132.66334675600001, 35.32953554900007 ], [ 132.671446462000063, 35.355128136000076 ], [ 132.674136531000045, 35.372037254000077 ], [ 132.674023211000076, 35.385424756000077 ], [ 132.670791143000088, 35.399474588000089 ], [ 132.653742456000032, 35.406869889000063 ], [ 132.631142055000055, 35.419813963000081 ], [ 132.623808358000019, 35.431069904000083 ], [ 132.635359169000026, 35.440954695000073 ], [ 132.65587637100009, 35.44299398600009 ], [ 132.682098736000057, 35.449016416000063 ], [ 132.701443699000038, 35.449219718000052 ], [ 132.734438142000045, 35.44863223200008 ], [ 132.74855100700006, 35.451549379000085 ], [ 132.754739334000078, 35.456245075000083 ], [ 132.744476759, 35.463568427000041 ], [ 132.725495635000016, 35.470779644000061 ], [ 132.736279441000079, 35.472742456000049 ], [ 132.752719837000086, 35.477077635000057 ], [ 132.77542651400006, 35.481007496000075 ], [ 132.804826622000064, 35.495181801000058 ], [ 132.837679379000065, 35.506123184000046 ], [ 132.864909137000041, 35.510982681000087 ], [ 132.922231364000027, 35.51317501300008 ], [ 132.946365380000088, 35.518677497000056 ], [ 132.969737175000091, 35.516994533000059 ], [ 132.97320551100006, 35.541883850000033 ], [ 132.991485344000012, 35.544551314000046 ], [ 133.014399487000105, 35.540780117000054 ], [ 133.033489379, 35.545992142000046 ], [ 133.042492388000028, 35.561527969000053 ], [ 133.051772182000036, 35.573730325000042 ], [ 133.06460060500001, 35.580271302000085 ], [ 133.081442224000057, 35.575325902000088 ], [ 133.091345390000015, 35.587538772000073 ], [ 133.091261013, 35.601484911000057 ], [ 133.105352851000021, 35.597516589000065 ], [ 133.119731933000025, 35.584906973000045 ], [ 133.141427642000053, 35.57016529100008 ], [ 133.156466569000031, 35.562621685000067 ], [ 133.189661129, 35.571907532000068 ], [ 133.207067729000073, 35.572828130000062 ], [ 133.224730740000041, 35.58294498500004 ], [ 133.230162932000098, 35.578197844000044 ], [ 133.223155144000089, 35.568508205000057 ], [ 133.228037957000083, 35.564683335000041 ], [ 133.239336370000046, 35.563614802000075 ], [ 133.24625319200004, 35.567319817000055 ], [ 133.26637679800001, 35.574236505000044 ], [ 133.286778833000085, 35.576192753000043 ], [ 133.308772373000011, 35.577188578000062 ], [ 133.326019727000016, 35.568508205000057 ], [ 133.312904215, 35.561976121000043 ], [ 133.298874262000027, 35.558638317000089 ], [ 133.286928536, 35.553726922000067 ], [ 133.270135048000043, 35.549610137000059 ], [ 133.25749759200005, 35.536200262000079 ], [ 133.254730665000011, 35.53384023600006 ], [ 133.254161004000025, 35.52179596600007 ], [ 133.260508660000028, 35.509955145000049 ], [ 133.264659050000091, 35.496161200000074 ], [ 133.294543163000071, 35.48041646300004 ], [ 133.329625621000105, 35.465504387000067 ], [ 133.360857454000097, 35.460416692000081 ], [ 133.38068988100008, 35.456414860000052 ], [ 133.400157097000033, 35.454291083000044 ], [ 133.417411909000066, 35.45654296500004 ], [ 133.441245089000063, 35.491037665000079 ], [ 133.49275500400006, 35.510361836000072 ], [ 133.525594627000032, 35.522426992000078 ], [ 133.580181711000023, 35.533602742000085 ], [ 133.632568248000098, 35.521328356000083 ], [ 133.731144642, 35.50290661400004 ], [ 133.911546737000094, 35.514594572000078 ], [ 134.008383337000055, 35.537048923000043 ], [ 134.03478971200002, 35.519355662000066 ], [ 134.173661727000081, 35.536271360000057 ], [ 134.237765161000084, 35.546651206000035 ], [ 134.262065758000062, 35.553587787000083 ], [ 134.281586134, 35.564886786000045 ], [ 134.29387121000002, 35.585893956000064 ], [ 134.342621290000011, 35.593817450000074 ], [ 134.352061394000089, 35.594183661000045 ], [ 134.361501498000052, 35.595770575000074 ], [ 134.376491179000027, 35.611184255000069 ], [ 134.413822649000053, 35.621139940000035 ], [ 134.466214862000015, 35.637554653000052 ], [ 134.498095736000096, 35.653879327000084 ], [ 134.536987309000097, 35.672203099000058 ], [ 134.59020875200008, 35.659428391000063 ], [ 134.647447132000025, 35.664265416000035 ], [ 134.691474502, 35.663447159000043 ], [ 134.766907132000028, 35.666559192000079 ], [ 134.798295204000055, 35.665642253000044 ], [ 134.813419337000028, 35.66237377200008 ], [ 134.83413714400001, 35.65714558500008 ], [ 134.842348044, 35.645365334000076 ], [ 134.863249913, 35.658278401000075 ], [ 134.880968246000066, 35.657322495000074 ], [ 134.885047535000012, 35.64591375200007 ], [ 134.897749492, 35.649161849000052 ], [ 134.915703833000066, 35.64436743400006 ], [ 134.92701256600003, 35.641180731000077 ], [ 134.947276238000086, 35.654852606000077 ], [ 134.953623894000089, 35.657904364000046 ], [ 134.963715040000011, 35.661037502000056 ], [ 134.959622177000028, 35.673753245000057 ], [ 134.987943780000023, 35.689777236000054 ], [ 135.010843852, 35.691112953000072 ], [ 135.029031542000098, 35.692868631000067 ], [ 135.044822407000083, 35.701739221000082 ], [ 135.085785352000016, 35.725978908000059 ], [ 135.084119836000013, 35.739022447000082 ], [ 135.134305287000075, 35.751901306000036 ], [ 135.183848504000025, 35.760239976000037 ], [ 135.210134311000047, 35.763373114000046 ], [ 135.226845612000034, 35.772320652000076 ], [ 135.25066024, 35.757815497000081 ], [ 135.261729363000086, 35.739813544000071 ], [ 135.276703321000014, 35.731390692000048 ], [ 135.292491082000083, 35.71165599200009 ], [ 135.304047071000014, 35.68891022300005 ], [ 135.306162957000083, 35.671535549000055 ], [ 135.299327019000089, 35.657904364000046 ], [ 135.27921371900004, 35.668532700000071 ], [ 135.258827003000079, 35.656828813000061 ], [ 135.246415178, 35.635520248000034 ], [ 135.242393935, 35.622640356000034 ], [ 135.232755400000087, 35.614214043000061 ], [ 135.204902383000103, 35.587352774000067 ], [ 135.188175372000046, 35.565044576000048 ], [ 135.188324232000014, 35.54525757600004 ], [ 135.196040821, 35.539894768000067 ], [ 135.206672662000074, 35.541467856000054 ], [ 135.208084182, 35.559053898000059 ], [ 135.221690300000091, 35.567938544000071 ], [ 135.235246464000056, 35.584548485000084 ], [ 135.248225502000082, 35.591694479000068 ], [ 135.253428582000083, 35.571275132000039 ], [ 135.265437680000105, 35.567075332000059 ], [ 135.270910671000024, 35.562922895000042 ], [ 135.262042056000041, 35.557546596000066 ], [ 135.251957097000059, 35.557315818000063 ], [ 135.239815219000093, 35.557963034000068 ], [ 135.238738934000025, 35.542025591000083 ], [ 135.301521966, 35.513242631000082 ], [ 135.316177524000068, 35.518337563000046 ], [ 135.324436124000044, 35.524446383000054 ], [ 135.335489892000055, 35.508210085000087 ], [ 135.329564196000092, 35.494754919000059 ], [ 135.324961785000028, 35.485663153000075 ], [ 135.315277540000011, 35.466782945000034 ], [ 135.313487175000091, 35.458644924000055 ], [ 135.319021030000044, 35.446966864000046 ], [ 135.330251498000052, 35.45453522300005 ], [ 135.339757307000013, 35.471122489000038 ], [ 135.352517859000045, 35.486984186000086 ], [ 135.370503935000102, 35.486126458000058 ], [ 135.394867384, 35.476467190000051 ], [ 135.402354363000086, 35.482163804000038 ], [ 135.402354363000086, 35.507025458000044 ], [ 135.373789910000028, 35.501695054000038 ], [ 135.350224025000102, 35.510313448000034 ], [ 135.337796219000097, 35.537477564000085 ], [ 135.361338738000086, 35.554185289000088 ], [ 135.373708530000044, 35.557684637000079 ], [ 135.402842644000089, 35.558172919000071 ], [ 135.416026238000086, 35.561672268000052 ], [ 135.425954623000052, 35.569810289000088 ], [ 135.435557488000086, 35.580023505000042 ], [ 135.439480998000022, 35.59056974300006 ], [ 135.463222092000024, 35.603327396000054 ], [ 135.458244258000036, 35.586987262000036 ], [ 135.452389789, 35.571781119000036 ], [ 135.470030486000041, 35.565959539000062 ], [ 135.482937686000014, 35.559199188000036 ], [ 135.478760705000013, 35.543724790000056 ], [ 135.480479363000086, 35.533880927000041 ], [ 135.478688998000052, 35.527289130000042 ], [ 135.479014519000089, 35.522528387000079 ], [ 135.488291863000086, 35.520697333000044 ], [ 135.495616082000083, 35.523911851000037 ], [ 135.502696160000028, 35.531642971000053 ], [ 135.512217644000089, 35.548041083000044 ], [ 135.512461785000028, 35.529852606000077 ], [ 135.508636915000011, 35.511908270000049 ], [ 135.51099694100003, 35.498195705000057 ], [ 135.529551629000025, 35.492743231000077 ], [ 135.55827884200005, 35.491766669000071 ], [ 135.567393425000091, 35.492743231000077 ], [ 135.576833530000044, 35.495998440000051 ], [ 135.596446160000028, 35.505113023000035 ], [ 135.605248565000011, 35.517168438000056 ], [ 135.624797809000029, 35.532343969000067 ], [ 135.648945178000076, 35.542833529000063 ], [ 135.669769727000016, 35.534369208000044 ], [ 135.664766221000036, 35.529664314000058 ], [ 135.641924286000062, 35.521718350000071 ], [ 135.634613477000016, 35.493557033000059 ], [ 135.622080925000091, 35.486558335000041 ], [ 135.645065724, 35.480200014000047 ], [ 135.696686060000047, 35.491842543000075 ], [ 135.724431201000016, 35.490732086000037 ], [ 135.738036364000095, 35.498738638000077 ], [ 135.748351483000079, 35.513719150000043 ], [ 135.748197943000037, 35.533525420000046 ], [ 135.72080139600007, 35.522304815000041 ], [ 135.708604409000031, 35.54055094000006 ], [ 135.691635897000083, 35.545877196000049 ], [ 135.706093332000023, 35.56209461800006 ], [ 135.738446431000057, 35.570531373000051 ], [ 135.748044689000039, 35.564204344000075 ], [ 135.756137078000052, 35.549072415000069 ], [ 135.777257981000048, 35.549856049000084 ], [ 135.794050256000105, 35.531381822000071 ], [ 135.810499536000066, 35.526862684000037 ], [ 135.834320509, 35.534369208000044 ], [ 135.82349694100003, 35.538397528000075 ], [ 135.816172722000033, 35.545965887000079 ], [ 135.801502203000041, 35.568003462000036 ], [ 135.804254904, 35.575174764000053 ], [ 135.81543350100003, 35.577591581000036 ], [ 135.825890457000014, 35.569355551000058 ], [ 135.840129396000066, 35.573414589000038 ], [ 135.85474694100003, 35.579046942000048 ], [ 135.851573113000086, 35.586411851000037 ], [ 135.844493035000028, 35.591742255000042 ], [ 135.83757571700005, 35.599188544000071 ], [ 135.834320509, 35.613185940000051 ], [ 135.830251498000052, 35.617132880000042 ], [ 135.816018316000054, 35.630856024000082 ], [ 135.811684605000096, 35.643405811000036 ], [ 135.823222556000019, 35.644620961000044 ], [ 135.840865724000082, 35.633654492000062 ], [ 135.85375711000006, 35.624919698000042 ], [ 135.867840781000041, 35.617753183000048 ], [ 135.901847418000102, 35.62436015600008 ], [ 135.909767096, 35.614962749000085 ], [ 135.91944111600003, 35.608160382000051 ], [ 135.939586589000101, 35.618438820000051 ], [ 135.950938482000083, 35.628881685000067 ], [ 135.971052882000095, 35.625981151000076 ], [ 135.980573611000068, 35.630480591000037 ], [ 135.981667619000063, 35.643637888000058 ], [ 135.963540368000054, 35.65540930800006 ], [ 135.973159158000044, 35.67621119000006 ], [ 135.974371150000024, 35.690949014000068 ], [ 135.970083754000029, 35.702990091000061 ], [ 135.956448060000071, 35.700565187000052 ], [ 135.956005081000058, 35.728324936000035 ], [ 135.981543530000067, 35.739854378000075 ], [ 136.019705266000074, 35.765347201000054 ], [ 136.033563171000083, 35.746225506000087 ], [ 136.031320914000048, 35.738076447000083 ], [ 136.038890189000085, 35.722506116000034 ], [ 136.046847005000018, 35.703721898000083 ], [ 136.041958142, 35.691469317000042 ], [ 136.031954031000055, 35.691626426000084 ], [ 136.027006444, 35.680947415000048 ], [ 136.043295777000026, 35.670166946000052 ], [ 136.047459390000085, 35.658812258000069 ], [ 136.069114354000021, 35.661879743000043 ], [ 136.074621200000024, 35.679031535000036 ], [ 136.081381187000034, 35.684193680000078 ], [ 136.083595424, 35.690449274000059 ], [ 136.082647693000013, 35.70439476100006 ], [ 136.092398187000072, 35.715164727000058 ], [ 136.092633018000015, 35.724638680000055 ], [ 136.092958158000101, 35.743115180000075 ], [ 136.099864129000025, 35.759833075000074 ], [ 136.099457227000016, 35.77570221600007 ], [ 136.088212409, 35.795294073000036 ], [ 136.076682867000045, 35.811738073000072 ], [ 136.070497613000043, 35.824749331000078 ], [ 136.048807879000037, 35.838668388000087 ], [ 136.012266710000063, 35.870980305000046 ], [ 135.993454064000048, 35.885142117000044 ], [ 135.995358380000084, 35.913108400000056 ], [ 135.994380189000026, 35.935912782000059 ], [ 135.970707556000093, 35.960064073000069 ], [ 135.957286004000025, 35.973130601000037 ], [ 135.963217411000073, 35.999923222000064 ], [ 135.987343154000087, 36.011733285000048 ], [ 136.0001323890001, 36.024186827000051 ], [ 136.017914259, 36.057440497000073 ], [ 136.031097852000016, 36.08071523600006 ], [ 136.043610815000079, 36.110832538000068 ], [ 136.092820412000037, 36.161363244000086 ], [ 136.107549394000102, 36.18516511200005 ], [ 136.120154857000102, 36.199754698000049 ], [ 136.134844805000057, 36.224552394000057 ], [ 136.119422397, 36.246444489000055 ], [ 136.124173276000079, 36.253179332000059 ], [ 136.144911235, 36.254279236000059 ], [ 136.162627125000085, 36.252242211000066 ], [ 136.196737806000101, 36.264362164000033 ], [ 136.278667388000031, 36.32240577500005 ], [ 136.298417441000083, 36.347278170000038 ], [ 136.346778848000099, 36.365800910000075 ], [ 136.382293445000073, 36.391071368000041 ], [ 136.430186394000089, 36.432521877000056 ], [ 136.639961431000074, 36.662600574000066 ], [ 136.689684793000083, 36.730826931000081 ], [ 136.760554526000078, 36.870599361000075 ], [ 136.765633797000078, 36.889527893000036 ], [ 136.765448029000027, 36.913397111000052 ], [ 136.75823829400008, 36.919312657000035 ], [ 136.750385710000046, 36.925729102000048 ], [ 136.751958619000106, 36.935416431000078 ], [ 136.760932842000102, 36.952397595000036 ], [ 136.767613314000073, 36.980998748000047 ], [ 136.759909676, 37.000087101000076 ], [ 136.742288371000086, 37.013388061000057 ], [ 136.731559989000061, 37.047648676000051 ], [ 136.720448258000033, 37.054998330000046 ], [ 136.718412938000029, 37.076261489000046 ], [ 136.726735873000052, 37.126613674000055 ], [ 136.720960846000025, 37.142047501000036 ], [ 136.70856414900004, 37.14987732700007 ], [ 136.698429797000017, 37.14759712700004 ], [ 136.696266131000016, 37.136361524000051 ], [ 136.676443783000082, 37.137401496000052 ], [ 136.670258903000104, 37.149957088000065 ], [ 136.674472571000024, 37.175471921000053 ], [ 136.682009410000092, 37.199050124000053 ], [ 136.690423893, 37.215007732000061 ], [ 136.705577019000089, 37.228257554000038 ], [ 136.697835475000034, 37.239542596000035 ], [ 136.712771161000092, 37.251065514000061 ], [ 136.726145342, 37.269639980000079 ], [ 136.733217198000034, 37.285014846000081 ], [ 136.724434851000069, 37.297491111000056 ], [ 136.721530942000072, 37.325329539000052 ], [ 136.749094194, 37.357917400000076 ], [ 136.78376714400008, 37.373892339000065 ], [ 136.842170667, 37.399532772000043 ], [ 136.880798507, 37.407986994000055 ], [ 136.90348352500007, 37.398323368000035 ], [ 136.934766136, 37.399457018000078 ], [ 137.044874336000021, 37.447916391000035 ], [ 137.071534521000103, 37.453003129000081 ], [ 137.091338642000096, 37.472635020000041 ], [ 137.113840563000053, 37.487746918000084 ], [ 137.255490875000078, 37.524593989000039 ], [ 137.295709888000033, 37.531490165000037 ], [ 137.340965559000097, 37.517094138000061 ], [ 137.35087377100001, 37.50610344200004 ], [ 137.343696855000076, 37.48666688600008 ], [ 137.3452992980001, 37.475020106000045 ], [ 137.358979272000056, 37.466635066000038 ], [ 137.356130405000044, 37.453192450000074 ], [ 137.351205130000039, 37.445675604000087 ], [ 137.325136081000096, 37.439111553000089 ], [ 137.30783313500001, 37.439808897000034 ], [ 137.287252809000051, 37.442975305000061 ], [ 137.268128944000068, 37.436490424000056 ], [ 137.253601239000091, 37.42910590200006 ], [ 137.245983005000085, 37.413555571000074 ], [ 137.237363609, 37.379881620000049 ], [ 137.248878415000036, 37.357260278000069 ], [ 137.267485534, 37.355085776000067 ], [ 137.265349212000046, 37.339807303000043 ], [ 137.262544975000083, 37.326049487000034 ], [ 137.255821383000011, 37.315260486000057 ], [ 137.237667750000014, 37.301707646000068 ], [ 137.230235222000033, 37.292141018000052 ], [ 137.20918093, 37.293031904000088 ], [ 137.165605516000028, 37.300833739000041 ], [ 137.108721389000038, 37.283449651000069 ], [ 137.092873123, 37.261365984000065 ], [ 137.071300080000015, 37.23811173100006 ], [ 137.070666716, 37.218643978000046 ], [ 137.054369537000071, 37.210183746000041 ], [ 137.032892126000093, 37.20466420300005 ], [ 137.026951614000041, 37.191360965000058 ], [ 137.014170769000089, 37.184881903000075 ], [ 136.980235222000033, 37.196478583000044 ], [ 136.960222883000029, 37.20733866900008 ], [ 136.94588300800001, 37.217185619000077 ], [ 136.956347681000011, 37.228066931000058 ], [ 136.959954187, 37.234720022000033 ], [ 136.951069955000094, 37.234482894000053 ], [ 136.941806120000024, 37.224720176000062 ], [ 136.930430535000028, 37.221625067000048 ], [ 136.926524285000028, 37.21352773600006 ], [ 136.916567793000013, 37.198207266000054 ], [ 136.892597764000016, 37.173321100000067 ], [ 136.880215453, 37.144152871000074 ], [ 136.895667637000088, 37.138904078000053 ], [ 136.893234219000078, 37.117534384000066 ], [ 136.887752940000041, 37.110318420000056 ], [ 136.868670501, 37.110912365000047 ], [ 136.868116604000079, 37.089107589000037 ], [ 136.86092618400005, 37.076775450000071 ], [ 136.87468509200005, 37.069647528000075 ], [ 136.893321160000028, 37.073065497000073 ], [ 136.914235873000052, 37.082424221000053 ], [ 136.933604363000086, 37.079820054000038 ], [ 136.963226759, 37.051743882000039 ], [ 136.980125962000102, 37.046859640000037 ], [ 137.003991628, 37.055457543000045 ], [ 137.024298266000073, 37.095408886000087 ], [ 137.038686756000061, 37.102821040000038 ], [ 137.047129754000025, 37.098822333000044 ], [ 137.05396569100003, 37.079820054000038 ], [ 137.048843942000076, 37.022926001000087 ], [ 137.05444619900004, 36.966749864000064 ], [ 137.027414523000061, 36.93884298800009 ], [ 137.025040116000014, 36.913947227000051 ], [ 136.987741561, 36.871021637000069 ], [ 137.00554446700005, 36.835923570000034 ], [ 137.052914608000037, 36.811043985000083 ], [ 137.080696302000092, 36.790086553000037 ], [ 137.128020357000082, 36.776839543000051 ], [ 137.156993035000028, 36.760809637000079 ], [ 137.19728775100009, 36.758124588000044 ], [ 137.241441959000099, 36.765067751000061 ], [ 137.298672967000016, 36.75700875800004 ], [ 137.33334435900008, 36.762726067000074 ], [ 137.350530072000083, 36.782309098000042 ], [ 137.383605796000097, 36.800145455000063 ], [ 137.394905468000047, 36.827222804000087 ], [ 137.408356277000053, 36.845203748000074 ], [ 137.412971293000055, 36.862011018000089 ], [ 137.419531438000035, 36.877335457000072 ], [ 137.413764539, 36.896892108000088 ], [ 137.427107669000065, 36.922011158000089 ], [ 137.447601759, 36.933539130000042 ], [ 137.499346965000086, 36.955741617000058 ], [ 137.586733205000087, 36.969893864000085 ], [ 137.68327884200005, 36.987982489000046 ], [ 137.807544679000102, 37.030805238000085 ], [ 137.896739129000025, 37.057521877000056 ], [ 137.999374132000071, 37.111054098000068 ], [ 138.053396030000044, 37.130113023000035 ], [ 138.076833530000044, 37.149725653000075 ], [ 138.097501804000103, 37.171059352000043 ], [ 138.164432556000065, 37.161699308000038 ], [ 138.206953259000102, 37.16920530200008 ], [ 138.244894979000037, 37.183789445000059 ], [ 138.325102696000044, 37.231043472000067 ], [ 138.437515909000012, 37.322036848000039 ], [ 138.550629102000016, 37.377915757000039 ], [ 138.577972852000016, 37.402899481000077 ], [ 138.59683020500006, 37.435293602000058 ], [ 138.622539607000022, 37.477543469000068 ], [ 138.659734578000098, 37.524432604000083 ], [ 138.718272332000083, 37.564846096000053 ], [ 138.746592644000089, 37.596869208000044 ], [ 138.765635613000086, 37.634670315000051 ], [ 138.809425735000104, 37.76077187900006 ], [ 138.827023870000062, 37.797286966000058 ], [ 138.857676629000025, 37.827826239000046 ], [ 138.930394469000021, 37.874923177000085 ], [ 139.059880813000063, 37.945941670000082 ], [ 139.068193436, 37.955093852000061 ], [ 139.091339150000067, 37.954658308000035 ], [ 139.132465988000035, 37.958828931000085 ], [ 139.215943141000025, 37.989933954000037 ], [ 139.239062195000088, 38.003154582000036 ], [ 139.304535352000016, 38.041937567000048 ], [ 139.408050977000016, 38.131903387000079 ], [ 139.425140821000014, 38.151271877000056 ], [ 139.432383660000028, 38.169134833000044 ], [ 139.46216881600003, 38.374986070000034 ], [ 139.472829623000052, 38.412502346000053 ], [ 139.492686394000089, 38.454169012000079 ], [ 139.529958530000044, 38.508002020000049 ], [ 139.580088738000086, 38.60687897300005 ], [ 139.599215149000088, 38.648254087000055 ], [ 139.627058999000042, 38.681214293000039 ], [ 139.716156446000014, 38.745672919000071 ], [ 139.747406446000014, 38.778957424000055 ], [ 139.773844333000056, 38.817116774000056 ], [ 139.815273699000045, 38.941062635000037 ], [ 139.857563961000096, 39.032283771000039 ], [ 139.867305645000101, 39.062222109000061 ], [ 139.874034050000091, 39.098456122000073 ], [ 139.880625847000033, 39.114732164000088 ], [ 139.891937696000014, 39.133205471000053 ], [ 139.895843946000014, 39.152289130000042 ], [ 139.897959832000083, 39.193304755000042 ], [ 139.90358143900005, 39.224939411000037 ], [ 139.916842552000048, 39.262499030000072 ], [ 139.931810440000049, 39.287111834000086 ], [ 139.96357962400009, 39.29882013200006 ], [ 139.995310190000055, 39.327328560000069 ], [ 140.020242454000027, 39.407581423000067 ], [ 140.048577150000028, 39.504669646000082 ], [ 140.059333879000064, 39.698066256000061 ], [ 140.059295881000025, 39.727492249000079 ], [ 140.039117087000022, 39.76928182100005 ], [ 140.039089768000053, 39.793282631000068 ], [ 140.027598504000025, 39.82453034100007 ], [ 140.004567905000044, 39.850897528000075 ], [ 139.96648196700005, 39.880072333000044 ], [ 139.921397332000083, 39.898504950000074 ], [ 139.877452019000089, 39.892808335000041 ], [ 139.864268425000091, 39.882228908000059 ], [ 139.854828321000014, 39.870835679000038 ], [ 139.843760613000086, 39.861761786000045 ], [ 139.825531446000014, 39.85805898600006 ], [ 139.760101759, 39.85805898600006 ], [ 139.751800977000016, 39.866278387000079 ], [ 139.738129102000016, 39.891913153000075 ], [ 139.73015384200005, 39.902736721000053 ], [ 139.70866946700005, 39.924261786000045 ], [ 139.704172093000011, 39.945157201000086 ], [ 139.719437583000058, 39.952141356000084 ], [ 139.700990041000068, 39.960661148000042 ], [ 139.697730669000066, 39.988566482000067 ], [ 139.700639313000011, 40.005636112000047 ], [ 139.74345199600009, 39.982463933000076 ], [ 139.80046634200005, 39.962591864000046 ], [ 139.822113477000016, 39.961086330000057 ], [ 139.866924632000064, 39.984297286000071 ], [ 139.90419316100008, 40.017695121000088 ], [ 139.978037957000083, 40.125474351000037 ], [ 139.993500196000014, 40.169623114000046 ], [ 139.988610949000076, 40.191113804000054 ], [ 140.002841718000013, 40.222439703000077 ], [ 140.011152099000014, 40.235458420000043 ], [ 140.019898727000054, 40.333210383000051 ], [ 140.02426296100009, 40.355016067000065 ], [ 140.011733761000073, 40.367858908000073 ], [ 139.998576510000021, 40.377159865000067 ], [ 139.963455481000096, 40.403922720000082 ], [ 139.946055535000028, 40.418850002000056 ], [ 139.94263756600003, 40.434393622000073 ], [ 139.945648634, 40.478094794000071 ], [ 139.943532748000052, 40.521429755000042 ], [ 139.942786333000072, 40.544585558000051 ], [ 139.930978309000011, 40.554438087000051 ], [ 139.928502755000068, 40.570970445000057 ], [ 139.915154513000061, 40.586173407000047 ], [ 139.876396121000084, 40.583437846000038 ], [ 139.856781446000014, 40.59015534100007 ], [ 139.860362175000091, 40.608791408000059 ], [ 139.88038466, 40.625232554000036 ], [ 139.900297437000063, 40.642475058000059 ], [ 139.925841999, 40.646821001000035 ], [ 139.938624076, 40.66984990800006 ], [ 139.959540430000061, 40.677692515000047 ], [ 139.970137090000094, 40.693649883000035 ], [ 139.9868773930001, 40.717899683000041 ], [ 139.998156165000069, 40.742104090000055 ], [ 140.045977276000031, 40.767770087000088 ], [ 140.069310121000058, 40.765582512000037 ], [ 140.095138097000017, 40.749274192000087 ], [ 140.107618013000092, 40.744073018000051 ], [ 140.1223587180001, 40.744765534000067 ], [ 140.140139410000074, 40.74957629000005 ], [ 140.154774462000091, 40.761448243000075 ], [ 140.1980380870001, 40.786452543000053 ], [ 140.219087904000048, 40.778334680000057 ], [ 140.240570509, 40.78351471600007 ], [ 140.258067254000025, 40.79564036700009 ], [ 140.27076256600003, 40.812404690000051 ], [ 140.296641472000033, 40.873765367000033 ], [ 140.309255405000044, 40.936224677000041 ], [ 140.316254102000016, 40.954413153000075 ], [ 140.315114780000044, 40.978501695000034 ], [ 140.31923817500001, 40.999721535000049 ], [ 140.321921558000099, 41.027445197000077 ], [ 140.324833894, 41.027461359000085 ], [ 140.340993686000047, 41.005072333000044 ], [ 140.349826024000095, 40.998256667000078 ], [ 140.362285653000072, 40.992879236000078 ], [ 140.369594440000014, 40.986054691000049 ], [ 140.382334832000083, 40.988267320000034 ], [ 140.375879893000047, 41.012368050000077 ], [ 140.369628538000029, 41.021661632000075 ], [ 140.376860741000087, 41.028008653000086 ], [ 140.385582197000076, 41.029425084000081 ], [ 140.396510861000024, 41.027012768000077 ], [ 140.407792583000059, 41.025698461000047 ], [ 140.404461893000075, 41.034181320000073 ], [ 140.398986775000026, 41.039372030000038 ], [ 140.378972060000024, 41.038166566000086 ], [ 140.368053681000106, 41.038384703000077 ], [ 140.350585920000071, 41.038844492000067 ], [ 140.344356171000072, 41.044021820000069 ], [ 140.340665331000082, 41.050034933000063 ], [ 140.333785133000106, 41.045611403000066 ], [ 140.326904820000095, 41.041186808000077 ], [ 140.323956483000075, 41.045284584000058 ], [ 140.322644941000021, 41.070507828000075 ], [ 140.321852083000067, 41.082920859000069 ], [ 140.300161981000088, 41.111277292000068 ], [ 140.281795428, 41.119201560000079 ], [ 140.264729823000039, 41.120996562000073 ], [ 140.248095449000061, 41.123361002000081 ], [ 140.245477048, 41.133873846000085 ], [ 140.256184382000015, 41.138896678000037 ], [ 140.281504754000025, 41.140366929000038 ], [ 140.303971091, 41.136680501000058 ], [ 140.32043302, 41.149779762000037 ], [ 140.329367049000098, 41.172112546000051 ], [ 140.332774285000028, 41.191310940000051 ], [ 140.328379754000025, 41.201320705000057 ], [ 140.330088738000086, 41.211859442000048 ], [ 140.332779027000015, 41.237153409000086 ], [ 140.341006207000078, 41.246462761000089 ], [ 140.338220868, 41.258895963000043 ], [ 140.342283043000066, 41.265731298000048 ], [ 140.359147553000071, 41.253949598000077 ], [ 140.379063953000013, 41.244114417000048 ], [ 140.391481214, 41.240443484000082 ], [ 140.40943444100003, 41.224676825000074 ], [ 140.435801629000025, 41.198146877000056 ], [ 140.462248040000077, 41.183887407000043 ], [ 140.483673981000038, 41.183468126000037 ], [ 140.511067555000068, 41.197719024000037 ], [ 140.524756130000014, 41.219976407000047 ], [ 140.548597594000057, 41.226242993000085 ], [ 140.59390699100004, 41.220177940000042 ], [ 140.632702383000037, 41.194257795000055 ], [ 140.642665732000069, 41.171379147000039 ], [ 140.637011394000069, 41.144747396000071 ], [ 140.634613477000016, 41.115464585000041 ], [ 140.631032748000052, 41.105658270000049 ], [ 140.631521030000044, 41.093085028000075 ], [ 140.636973504000025, 41.071926174000055 ], [ 140.641286655000044, 41.041489976000037 ], [ 140.654551629000025, 41.008490302000041 ], [ 140.673024936000047, 40.895575262000079 ], [ 140.703121670000087, 40.853292023000051 ], [ 140.752402511000014, 40.835186570000076 ], [ 140.799223468000037, 40.839081251000039 ], [ 140.830748935000088, 40.86683804200004 ], [ 140.852068291000023, 40.883848724000075 ], [ 140.870726399000091, 40.915135476000046 ], [ 140.865708721000033, 40.922267954000063 ], [ 140.862932835000038, 40.933564121000074 ], [ 140.866885139000033, 40.940992390000076 ], [ 140.870836804000078, 40.94485248400008 ], [ 140.86280763700006, 40.947269422000034 ], [ 140.853601233000063, 40.944918891000043 ], [ 140.847245640000097, 40.947607527000059 ], [ 140.840519949000054, 40.952971527000045 ], [ 140.849216280000064, 40.956248688000073 ], [ 140.861488388, 40.957133613000053 ], [ 140.859488160000069, 40.965184801000078 ], [ 140.861051655000097, 40.972042766000072 ], [ 140.87096258300005, 40.977978150000069 ], [ 140.868534724000028, 40.98426696100006 ], [ 140.872101698000051, 40.989024474000075 ], [ 140.882332107000025, 41.007822022000084 ], [ 140.888674956000045, 41.010777795000081 ], [ 140.902885406, 41.008995810000044 ], [ 140.914405859, 40.996097765000059 ], [ 140.93883612500008, 40.994340781000062 ], [ 140.948702513000057, 40.99074773500007 ], [ 140.957775072, 40.977915228000086 ], [ 140.966431568000075, 40.969601573000034 ], [ 140.981402274000061, 40.959768599000085 ], [ 140.981789524000078, 40.953812210000081 ], [ 140.979815976000054, 40.951732342000071 ], [ 140.979421411000089, 40.951435098000047 ], [ 140.976654267000072, 40.946086510000043 ], [ 140.975065733000065, 40.937755320000065 ], [ 140.979795780000018, 40.935663849000036 ], [ 140.990977410000028, 40.934312242000033 ], [ 141.01099694100003, 40.929510809000078 ], [ 141.034936176000087, 40.918337659000088 ], [ 141.047155575000033, 40.914749897000036 ], [ 141.058221814000035, 40.916522572000076 ], [ 141.068075642000053, 40.91084813100008 ], [ 141.073919208, 40.90012069800008 ], [ 141.083704774000012, 40.886413220000065 ], [ 141.092766811000047, 40.881631383000069 ], [ 141.111345571000015, 40.872633286000053 ], [ 141.126268683000035, 40.872919082000067 ], [ 141.147145014000102, 40.87883994300006 ], [ 141.163775706000024, 40.891308077000076 ], [ 141.185248633000015, 40.911214529000063 ], [ 141.226400074000026, 40.987442920000035 ], [ 141.23640716500006, 41.015721561000078 ], [ 141.241902649000053, 41.082742 ], [ 141.247894727000016, 41.098130601000037 ], [ 141.246366158, 41.106862387000035 ], [ 141.252347061000023, 41.118758526000079 ], [ 141.263463214000012, 41.126173114000039 ], [ 141.272238352000045, 41.13657760500007 ], [ 141.277882083, 41.155329909000045 ], [ 141.270480250000105, 41.185203884000089 ], [ 141.256101249000039, 41.211236661000044 ], [ 141.235466901, 41.237972765000052 ], [ 141.20591119200003, 41.264719704000072 ], [ 141.183374553000021, 41.277062772000079 ], [ 141.161232458000086, 41.278467262000049 ], [ 141.152460837000035, 41.263980445000072 ], [ 141.145977653000045, 41.255508403000078 ], [ 141.136963436000087, 41.246697177000044 ], [ 141.137639411, 41.24271426100006 ], [ 141.143853859000046, 41.241662702000042 ], [ 141.149635574000058, 41.248748404000082 ], [ 141.156112972000074, 41.254796166000062 ], [ 141.15911483900004, 41.256694314000072 ], [ 141.158871181, 41.253231738000068 ], [ 141.157008842000096, 41.248214297000061 ], [ 141.146830113000078, 41.236288570000056 ], [ 141.11337199500008, 41.214363283000068 ], [ 141.094736727000054, 41.210264513000084 ], [ 141.0723764600001, 41.196617053000068 ], [ 141.058075718000055, 41.183068125000034 ], [ 141.034135135000042, 41.185861325000076 ], [ 141.005632607000052, 41.195762865000063 ], [ 140.992053899000098, 41.193351649000078 ], [ 140.977561863, 41.196477815000037 ], [ 140.963067583, 41.189902529000051 ], [ 140.946265175, 41.173289477000083 ], [ 140.907788697, 41.173645414000077 ], [ 140.890784788000019, 41.163779951000038 ], [ 140.875356022, 41.166549296000085 ], [ 140.862730098000043, 41.164123111000038 ], [ 140.828502227000058, 41.146106626000062 ], [ 140.814525015000072, 41.128461806000075 ], [ 140.798155183000063, 41.128577901000085 ], [ 140.765796043000023, 41.145018739000079 ], [ 140.765300677000027, 41.184626508000065 ], [ 140.765553667000063, 41.195955860000083 ], [ 140.778168165000011, 41.206854559000078 ], [ 140.784698590000062, 41.23514784300005 ], [ 140.780395753, 41.251934379000033 ], [ 140.793092713000078, 41.278421752000042 ], [ 140.799283820000028, 41.303004570000041 ], [ 140.803214225000033, 41.321186748000059 ], [ 140.803147934000094, 41.329543976000082 ], [ 140.815172877, 41.337562396000067 ], [ 140.823631366000086, 41.364709589000086 ], [ 140.827308991, 41.387559300000078 ], [ 140.836951371000055, 41.418221886000083 ], [ 140.853338084000029, 41.430339450000076 ], [ 140.883828005000055, 41.467409939000049 ], [ 140.897959832000083, 41.476141669000071 ], [ 140.901052280000044, 41.481024481000077 ], [ 140.907102288000033, 41.500798515000042 ], [ 140.905715893000092, 41.51308858200008 ], [ 140.899461790000032, 41.524175208000088 ], [ 140.903628505000029, 41.528154139000037 ], [ 140.907092721000026, 41.538548263000052 ], [ 140.913572359, 41.546857193000051 ], [ 140.926997698000037, 41.533324933000074 ], [ 140.950800245000096, 41.521911388000035 ], [ 140.964417130000015, 41.509076536000066 ], [ 140.978057076000027, 41.497659041000077 ], [ 140.993015744000104, 41.491067669000074 ], [ 141.003339508000067, 41.487084889000073 ], [ 141.021264555000016, 41.484118126000055 ], [ 141.065307239000049, 41.481116196000073 ], [ 141.107750407000026, 41.46386893600004 ], [ 141.142909330000066, 41.433225314000083 ], [ 141.159663949000105, 41.417123228000037 ], [ 141.179953806000071, 41.405621332000067 ], [ 141.184021072000064, 41.397414737000076 ], [ 141.19499759200005, 41.387152411000045 ], [ 141.235666109000022, 41.367585477000034 ], [ 141.276095682, 41.353195528000072 ], [ 141.31791884200004, 41.353046706000043 ], [ 141.348811014000034, 41.360219794000045 ], [ 141.382160878000036, 41.372599583000067 ], [ 141.410353067000074, 41.390388346000066 ], [ 141.431331626000087, 41.406088314000044 ], [ 141.448197249000032, 41.418404235000082 ], [ 141.46057858100005, 41.430223178000062 ], [ 141.46386574600001, 41.426022665000062 ], [ 141.46692099400002, 41.419327886000076 ], [ 141.460431075000088, 41.413356293000049 ], [ 141.46344160600006, 41.40381685400007 ], [ 141.461849335000011, 41.400483716000053 ], [ 141.453813798000056, 41.396351301000038 ], [ 141.455595128000027, 41.391964238000071 ], [ 141.459884220000049, 41.387962927000046 ], [ 141.457465493000086, 41.37747296200007 ], [ 141.445284241000081, 41.366184097000087 ], [ 141.439883628000075, 41.35117566100007 ], [ 141.43191811600002, 41.330020575000049 ], [ 141.423794430000044, 41.312706921000085 ], [ 141.408916733000069, 41.256677393000075 ], [ 141.404283580000083, 41.230652445000089 ], [ 141.403767458000061, 41.220632938000051 ], [ 141.390816767000047, 41.16101119700005 ], [ 141.394607022000059, 41.138200175000065 ], [ 141.398285352000016, 41.128119208000044 ], [ 141.394465498000045, 41.11646771900007 ], [ 141.394729839000092, 41.102885066000056 ], [ 141.396359255, 41.091730742000038 ], [ 141.386306941000043, 41.030361801000083 ], [ 141.388062853000065, 40.977231939000035 ], [ 141.390261676000023, 40.933932591000087 ], [ 141.393042945000047, 40.921750444000054 ], [ 141.405553405000092, 40.816822863000084 ], [ 141.423156040000094, 40.725772286000051 ], [ 141.437386660000016, 40.670140931000049 ], [ 141.470398091, 40.593418071000087 ], [ 141.482412474000057, 40.574069069000075 ], [ 141.491639652, 40.562326700000085 ], [ 141.519696008000096, 40.537986372000034 ], [ 141.532504271, 40.531397895000055 ], [ 141.548213624000027, 40.531595226000036 ], [ 141.559395159000019, 40.539399332000073 ], [ 141.575549586000079, 40.542279059000066 ], [ 141.582100690000061, 40.532798837000087 ], [ 141.589261371000021, 40.522104635000062 ], [ 141.623708530000044, 40.501369533000059 ], [ 141.681000196000014, 40.450995184000078 ], [ 141.690928582000083, 40.442287502000056 ], [ 141.71914098100001, 40.41283517800008 ], [ 141.726084513000046, 40.393792775000065 ], [ 141.743776935000028, 40.383922232000089 ], [ 141.753573888, 40.369490560000088 ], [ 141.758555535000028, 40.358954169000071 ], [ 141.772797071000014, 40.333929755000042 ], [ 141.775563998000052, 40.32758209800005 ], [ 141.778493686000047, 40.315497137000079 ], [ 141.785655144000089, 40.306870835000041 ], [ 141.803477410000028, 40.290025132000039 ], [ 141.830414259, 40.251166083000044 ], [ 141.841970248000052, 40.225775458000044 ], [ 141.834239129000025, 40.214341539000088 ], [ 141.824473504000025, 40.211004950000074 ], [ 141.815196160000028, 40.202866929000038 ], [ 141.81023196700005, 40.192775783000059 ], [ 141.813324415000011, 40.183579820000034 ], [ 141.825938347000033, 40.175685940000051 ], [ 141.85279381600003, 40.167222398000035 ], [ 141.865000847000033, 40.159735419000071 ], [ 141.877207879000025, 40.13930898600006 ], [ 141.865896030000044, 40.12726471600007 ], [ 141.847422722000033, 40.115139065000051 ], [ 141.83757571700005, 40.094549872000073 ], [ 141.842458530000044, 40.070379950000074 ], [ 141.854991082000083, 40.05499909100007 ], [ 141.91960696700005, 40.008856512000079 ], [ 141.930349155000044, 40.004095770000049 ], [ 141.941172722000033, 40.001450914000088 ], [ 141.949554884, 39.996568101000037 ], [ 141.955332879000025, 39.97492096600007 ], [ 141.959646030000044, 39.96430084800005 ], [ 141.961436394000089, 39.953680731000077 ], [ 141.956797722000033, 39.943752346000053 ], [ 141.945078972000033, 39.931301174000055 ], [ 141.942230665000011, 39.924505927000041 ], [ 141.952972852000016, 39.906439520000049 ], [ 141.959239129000025, 39.898382880000042 ], [ 141.96607506600003, 39.891750393000052 ], [ 141.971853061000047, 39.883002020000049 ], [ 141.975433790000011, 39.85219961100006 ], [ 141.978688998000052, 39.83930084800005 ], [ 142.002289259, 39.777573960000041 ], [ 142.004893425000091, 39.772691148000035 ], [ 142.003916863000086, 39.767401434000078 ], [ 142.006846550000091, 39.760443427000041 ], [ 142.008799675000091, 39.752752997000073 ], [ 142.004893425000091, 39.745062567000048 ], [ 141.993907097000033, 39.735296942000048 ], [ 141.991221550000091, 39.730454820000034 ], [ 141.983897332000083, 39.706976630000042 ], [ 141.980967644000089, 39.662543036000045 ], [ 141.978282097000033, 39.647853908000059 ], [ 141.964854363000086, 39.62571849200009 ], [ 141.960459832000083, 39.61163971600007 ], [ 141.966319207000083, 39.598456122000073 ], [ 142.012461785000028, 39.635809637000079 ], [ 142.036143425000091, 39.63898346600007 ], [ 142.031016472000033, 39.62962474200009 ], [ 142.02898196700005, 39.622992255000042 ], [ 142.030772332000083, 39.61749909100007 ], [ 142.036143425000091, 39.61163971600007 ], [ 142.027354363000086, 39.594712632000039 ], [ 142.030772332000083, 39.584173895000049 ], [ 142.059092644000089, 39.562892971000053 ], [ 142.06413821700005, 39.559881903000075 ], [ 142.068125847000033, 39.556382554000038 ], [ 142.070323113000086, 39.550197658000059 ], [ 142.069346550000091, 39.54047272300005 ], [ 142.064707879000025, 39.536444403000075 ], [ 142.059336785000028, 39.533270575000074 ], [ 142.056651238000086, 39.52602773600006 ], [ 142.050303582000083, 39.522691148000035 ], [ 142.015147332000083, 39.488714911000045 ], [ 141.99927819100003, 39.481024481000077 ], [ 141.966319207000083, 39.47134023600006 ], [ 141.952972852000016, 39.460760809000078 ], [ 141.970876498000052, 39.443264065000051 ], [ 141.996267123000052, 39.445257880000042 ], [ 142.018890821000014, 39.459377346000053 ], [ 142.028819207000083, 39.477932033000059 ], [ 142.03638756600003, 39.483791408000059 ], [ 142.050629102000016, 39.476996161000045 ], [ 142.058441602000016, 39.466294664000088 ], [ 142.04615319100003, 39.460760809000078 ], [ 142.039886915000011, 39.454575914000088 ], [ 142.03834069100003, 39.440252997000073 ], [ 142.038096550000091, 39.424017645000049 ], [ 142.031586134, 39.417303778000075 ], [ 142.010590040000011, 39.415716864000046 ], [ 142.001149936000047, 39.413641669000071 ], [ 141.991709832000083, 39.41437409100007 ], [ 141.980967644000089, 39.41242096600007 ], [ 141.971690300000091, 39.40696849200009 ], [ 141.950205925000091, 39.391546942000048 ], [ 141.93873131600003, 39.38507721600007 ], [ 141.96412194100003, 39.375555731000077 ], [ 141.953379754000025, 39.362005927000041 ], [ 141.926931186000047, 39.34642161700009 ], [ 141.905284050000091, 39.330471096000053 ], [ 141.924652540000011, 39.324896552000041 ], [ 141.946787957000083, 39.33038971600007 ], [ 141.967133009, 39.340969143000052 ], [ 141.980967644000089, 39.350978908000059 ], [ 141.98365319100003, 39.327134507000039 ], [ 141.963715040000011, 39.312567450000074 ], [ 141.914886915000011, 39.294867255000042 ], [ 141.922862175000091, 39.29047272300005 ], [ 141.928884311000047, 39.283880927000041 ], [ 141.932627800000091, 39.275213934000078 ], [ 141.924327019000089, 39.275824286000045 ], [ 141.907237175000091, 39.274562893000052 ], [ 141.899099155000044, 39.275213934000078 ], [ 141.898203972000033, 39.262111721000053 ], [ 141.899099155000044, 39.248521226000037 ], [ 141.931488477000016, 39.247707424000055 ], [ 141.947032097000033, 39.249701239000046 ], [ 141.946787957000083, 39.248521226000037 ], [ 141.949229363000086, 39.228013414000088 ], [ 141.930023634, 39.212225653000075 ], [ 141.902110222000033, 39.204331773000035 ], [ 141.878672722000033, 39.207586981000077 ], [ 141.881683790000011, 39.192450262000079 ], [ 141.893728061000047, 39.186753648000035 ], [ 141.926280144000089, 39.187079169000071 ], [ 141.915782097000033, 39.169989325000074 ], [ 141.895192905000044, 39.159369208000044 ], [ 141.869476759, 39.153957424000055 ], [ 141.843760613000086, 39.152329820000034 ], [ 141.861094597000033, 39.138413804000038 ], [ 141.908864780000044, 39.109767971000053 ], [ 141.91334069100003, 39.097723700000074 ], [ 141.890472852000016, 39.089544989000046 ], [ 141.835459832000083, 39.104315497000073 ], [ 141.817149285000028, 39.090887762000079 ], [ 141.859711134, 39.073309637000079 ], [ 141.871836785000028, 39.062933661000045 ], [ 141.860524936000047, 39.05923086100006 ], [ 141.848480665000011, 39.057033596000053 ], [ 141.836110873000052, 39.056219794000071 ], [ 141.823252800000091, 39.056708075000074 ], [ 141.823252800000091, 39.049261786000045 ], [ 141.833994988000086, 39.044419664000088 ], [ 141.848155144000089, 39.035101630000042 ], [ 141.855723504000025, 39.026068427000041 ], [ 141.847422722000033, 39.021958726000037 ], [ 141.806488477000016, 39.029486395000049 ], [ 141.766368035000028, 39.02484772300005 ], [ 141.745616082000083, 39.026190497000073 ], [ 141.727712436000047, 39.036281643000052 ], [ 141.72820071700005, 39.021714585000041 ], [ 141.73365319100003, 39.010199286000045 ], [ 141.74146569100003, 38.999497789000088 ], [ 141.748220248000052, 38.987860419000071 ], [ 141.736664259, 38.989325262000079 ], [ 141.727061394000089, 38.987616278000075 ], [ 141.713389519000089, 38.974188544000071 ], [ 141.728282097000033, 38.969916083000044 ], [ 141.733897332000083, 38.960516669000071 ], [ 141.730235222000033, 38.951157945000034 ], [ 141.717133009, 38.946844794000071 ], [ 141.704112175000091, 38.950588283000059 ], [ 141.690928582000083, 38.95962148600006 ], [ 141.680023634, 38.970770575000074 ], [ 141.67310631600003, 38.981024481000077 ], [ 141.686208530000044, 38.985907294000071 ], [ 141.693614129000025, 38.995306708000044 ], [ 141.651052280000044, 38.99681224200009 ], [ 141.63835696700005, 38.985419012000079 ], [ 141.640554233000103, 38.965196031000062 ], [ 141.645274285000028, 38.923000393000052 ], [ 141.668793165000011, 38.872626044000071 ], [ 141.673594597000033, 38.851955471000053 ], [ 141.652110222000033, 38.864325262000079 ], [ 141.649261915000011, 38.869086005000042 ], [ 141.645681186000047, 38.882635809000078 ], [ 141.642100457000083, 38.888495184000078 ], [ 141.636729363000086, 38.891099351000037 ], [ 141.631521030000044, 38.889715887000079 ], [ 141.625254754000025, 38.886908270000049 ], [ 141.617849155000044, 38.885443427000041 ], [ 141.598643425000091, 38.885199286000045 ], [ 141.588552280000044, 38.882228908000059 ], [ 141.584483269000089, 38.873114325000074 ], [ 141.583750847000033, 38.854437567000048 ], [ 141.586192254000025, 38.835109768000052 ], [ 141.589366082000083, 38.826076565000051 ], [ 141.587087436000047, 38.819240627000056 ], [ 141.573252800000091, 38.806586005000042 ], [ 141.53052819100003, 38.780829169000071 ], [ 141.521657748000052, 38.768133856000077 ], [ 141.531993035000028, 38.763332424000055 ], [ 141.538828972000033, 38.756252346000053 ], [ 141.549082879000025, 38.740790106000077 ], [ 141.567067905000044, 38.72882721600007 ], [ 141.572601759, 38.718654690000051 ], [ 141.566416863000086, 38.703558661000045 ], [ 141.559743686000047, 38.69953034100007 ], [ 141.554453972000033, 38.70258209800005 ], [ 141.549082879000025, 38.707017320000034 ], [ 141.542816602000016, 38.707261460000041 ], [ 141.537852410000028, 38.704087632000039 ], [ 141.525401238000086, 38.689927476000037 ], [ 141.515879754000025, 38.684271552000041 ], [ 141.491058790000011, 38.677557684000078 ], [ 141.480723504000025, 38.672552802000041 ], [ 141.463063998000052, 38.661363023000035 ], [ 141.463145379000025, 38.655462958000044 ], [ 141.47388756600003, 38.645209052000041 ], [ 141.485199415000011, 38.640855210000041 ], [ 141.532237175000091, 38.638413804000038 ], [ 141.535166863000086, 38.632025458000044 ], [ 141.528086785000028, 38.61790599200009 ], [ 141.517751498000052, 38.60382721600007 ], [ 141.51140384200005, 38.597398179000038 ], [ 141.467051629000025, 38.569525458000044 ], [ 141.483083530000044, 38.557318427000041 ], [ 141.499034050000091, 38.54165273600006 ], [ 141.514659050000091, 38.534816799000055 ], [ 141.529144727000016, 38.549017645000049 ], [ 141.54224694100003, 38.533433335000041 ], [ 141.547618035000028, 38.518622137000079 ], [ 141.547129754000025, 38.502142645000049 ], [ 141.542816602000016, 38.481390692000048 ], [ 141.531748894000089, 38.484076239000046 ], [ 141.524180535000028, 38.48969147300005 ], [ 141.518728061000047, 38.497951565000051 ], [ 141.514821811000047, 38.508042710000041 ], [ 141.500661655000044, 38.470445054000038 ], [ 141.494965040000011, 38.460882880000042 ], [ 141.500743035000028, 38.457912502000056 ], [ 141.503265821000014, 38.454657294000071 ], [ 141.504893425000091, 38.450995184000078 ], [ 141.507985873000052, 38.446600653000075 ], [ 141.482920769000089, 38.440619208000044 ], [ 141.471446160000028, 38.435736395000049 ], [ 141.470469597000033, 38.429510809000078 ], [ 141.477224155000044, 38.418443101000037 ], [ 141.476817254000025, 38.409735419000071 ], [ 141.477549675000091, 38.401556708000044 ], [ 141.48755944100003, 38.39203522300005 ], [ 141.499034050000091, 38.399603583000044 ], [ 141.518402540000011, 38.402329820000034 ], [ 141.537608269000089, 38.398179429000038 ], [ 141.549082879000025, 38.385158596000053 ], [ 141.534190300000091, 38.389837958000044 ], [ 141.520355665000011, 38.390529690000051 ], [ 141.50904381600003, 38.385158596000053 ], [ 141.50123131600003, 38.371527411000045 ], [ 141.525238477000016, 38.359930731000077 ], [ 141.529307488000086, 38.339544989000046 ], [ 141.529795769000089, 38.317938544000071 ], [ 141.542816602000016, 38.302639065000051 ], [ 141.537364129000025, 38.295070705000057 ], [ 141.525401238000086, 38.267808335000041 ], [ 141.518565300000091, 38.270453192000048 ], [ 141.491221550000091, 38.292385158000059 ], [ 141.484629754000025, 38.295599677000041 ], [ 141.46998131600003, 38.296087958000044 ], [ 141.463389519000089, 38.299221096000053 ], [ 141.459971550000091, 38.306341864000046 ], [ 141.463389519000089, 38.312404690000051 ], [ 141.467539910000028, 38.31781647300005 ], [ 141.467051629000025, 38.323065497000073 ], [ 141.457774285000028, 38.330877997000073 ], [ 141.425547722000033, 38.343573309000078 ], [ 141.430837436000047, 38.35024648600006 ], [ 141.439707879000025, 38.371527411000045 ], [ 141.428070509, 38.380438544000071 ], [ 141.419444207000083, 38.380682684000078 ], [ 141.410492384, 38.377915757000039 ], [ 141.39812259200005, 38.37767161700009 ], [ 141.386241082000083, 38.380845445000034 ], [ 141.376149936000047, 38.385443427000041 ], [ 141.353770379000025, 38.402248440000051 ], [ 141.333181186000047, 38.409002997000073 ], [ 141.304453972000033, 38.407904364000046 ], [ 141.229502800000091, 38.394110419000071 ], [ 141.20240319100003, 38.385809637000079 ], [ 141.18091881600003, 38.371161200000074 ], [ 141.172129754000025, 38.347316799000055 ], [ 141.174978061000047, 38.324367580000057 ], [ 141.169688347000033, 38.322821356000077 ], [ 141.152110222000033, 38.323065497000073 ], [ 141.14771569100003, 38.329494533000059 ], [ 141.131846550000091, 38.371527411000045 ], [ 141.123220248000052, 38.366522528000075 ], [ 141.114593946000014, 38.364650783000059 ], [ 141.105967644000089, 38.366156317000048 ], [ 141.097829623000052, 38.371527411000045 ], [ 141.079437696000014, 38.360907294000071 ], [ 141.064707879000025, 38.346625067000048 ], [ 141.054209832000083, 38.329169012000079 ], [ 141.048675977000016, 38.309475002000056 ], [ 141.058360222000033, 38.313706773000035 ], [ 141.06959069100003, 38.314886786000045 ], [ 141.079112175000091, 38.311590887000079 ], [ 141.083506707000083, 38.302639065000051 ], [ 141.080577019000089, 38.294907945000034 ], [ 141.072520379000025, 38.289536851000037 ], [ 141.062266472000033, 38.284735419000071 ], [ 141.052744988000086, 38.278713283000059 ], [ 141.017344597000033, 38.24485911700009 ], [ 140.98796634200005, 38.207017320000034 ], [ 140.966807488000086, 38.170477606000077 ], [ 140.925791863000086, 38.049383856000077 ], [ 140.918630405000044, 38.007228908000059 ], [ 140.919769727000016, 37.96515534100007 ], [ 140.932627800000091, 37.891750393000052 ], [ 140.933360222000033, 37.889227606000077 ], [ 140.959266462000073, 37.849958763000075 ], [ 140.993259087000069, 37.799838321000038 ], [ 141.004595103000042, 37.764405537000073 ], [ 141.008148634, 37.750189520000049 ], [ 141.017425977000016, 37.739976304000038 ], [ 141.022227410000028, 37.726955471000053 ], [ 141.021983269000089, 37.706732489000046 ], [ 141.019053582000083, 37.698635158000059 ], [ 141.009287957000083, 37.685248114000046 ], [ 141.007823113000086, 37.678859768000052 ], [ 141.01140384200005, 37.672267971000053 ], [ 141.025157097000033, 37.657945054000038 ], [ 141.028168165000011, 37.648098049000055 ], [ 141.041840040000011, 37.377142645000049 ], [ 141.036143425000091, 37.344712632000039 ], [ 141.014414910000028, 37.271470445000034 ], [ 141.014496290000011, 37.239976304000038 ], [ 141.007823113000086, 37.226752020000049 ], [ 141.007823113000086, 37.133856512000079 ], [ 141.00513756600003, 37.122870184000078 ], [ 140.98796634200005, 37.089789130000042 ], [ 140.974375847000033, 37.001776434000078 ], [ 140.960297071000014, 36.966213283000059 ], [ 140.925791863000086, 36.93891022300005 ], [ 140.91724694100003, 36.936468817000048 ], [ 140.891774936000047, 36.932114976000037 ], [ 140.85906009200005, 36.914007880000042 ], [ 140.83521569100003, 36.908433335000041 ], [ 140.820323113000086, 36.894354559000078 ], [ 140.812266472000033, 36.891180731000077 ], [ 140.80437259200005, 36.885972398000035 ], [ 140.801931186000047, 36.874579169000071 ], [ 140.802256707000083, 36.857001044000071 ], [ 140.797292514000105, 36.846502997000073 ], [ 140.793142123000052, 36.837551174000055 ], [ 140.751719597000033, 36.785060940000051 ], [ 140.74187259200005, 36.768459377000056 ], [ 140.693858269000089, 36.617987372000073 ], [ 140.638926629000025, 36.539740302000041 ], [ 140.623545769000089, 36.506089585000041 ], [ 140.610118035000028, 36.43390534100007 ], [ 140.610524936000047, 36.418158270000049 ], [ 140.623545769000089, 36.37962474200009 ], [ 140.624766472000033, 36.36359284100007 ], [ 140.61687259200005, 36.337795315000051 ], [ 140.579381998000031, 36.304758903000049 ], [ 140.564107371000091, 36.283095802000048 ], [ 140.566436645000067, 36.245837489000053 ], [ 140.578379754000025, 36.160956122000073 ], [ 140.609902305000105, 36.095056760000034 ], [ 140.646034105000012, 36.013320444000044 ], [ 140.789317254000025, 35.808661200000074 ], [ 140.830821160000028, 35.761053778000075 ], [ 140.841644727000016, 35.742417710000041 ], [ 140.852549675000091, 35.737534898000035 ], [ 140.859466993000069, 35.735378322000088 ], [ 140.865000847000033, 35.733628648000035 ], [ 140.87427819100003, 35.72923411700009 ], [ 140.879405144000089, 35.720526434000078 ], [ 140.868761777000032, 35.696753962000059 ], [ 140.860664672000098, 35.687791018000041 ], [ 140.846853061000047, 35.695257880000042 ], [ 140.840211140000065, 35.704379042000085 ], [ 140.828301457000066, 35.71396943700006 ], [ 140.803144198000041, 35.709371390000058 ], [ 140.770890109, 35.697051422000072 ], [ 140.720788903000084, 35.682517211000061 ], [ 140.716260551, 35.698790728000063 ], [ 140.661056456000097, 35.688634978000039 ], [ 140.596162447000097, 35.652075298000057 ], [ 140.483467497000106, 35.56599105500004 ], [ 140.423219513000049, 35.490644380000049 ], [ 140.385918569000069, 35.380998573000056 ], [ 140.405039910000028, 35.328924872000073 ], [ 140.413096550000091, 35.301214911000045 ], [ 140.40408370800003, 35.259509255000069 ], [ 140.39883763, 35.22209519200004 ], [ 140.394195275000015, 35.19659166200006 ], [ 140.377629651, 35.176356909000049 ], [ 140.348935193000102, 35.180515897000078 ], [ 140.33047969900008, 35.157783364000068 ], [ 140.333537228000068, 35.14234798800004 ], [ 140.321213612000065, 35.130394078000052 ], [ 140.303349485000012, 35.133402885000066 ], [ 140.29436841200004, 35.146639121000078 ], [ 140.27891015, 35.131988166000042 ], [ 140.253325488000087, 35.134623945000044 ], [ 140.237380752000035, 35.112429525000039 ], [ 140.200066951000053, 35.114984264000043 ], [ 140.155513203000055, 35.118075357000066 ], [ 140.134602814, 35.12264536400005 ], [ 140.105952811000066, 35.097603003000074 ], [ 140.100805234000063, 35.075751345000072 ], [ 140.075487834, 35.059269401000051 ], [ 140.05553662300008, 35.058868491000055 ], [ 140.021155585000088, 35.038428858000088 ], [ 139.990967633000082, 35.020502112000088 ], [ 139.980573009000068, 35.007514466000089 ], [ 139.974869502000047, 34.99019749100006 ], [ 139.964064358000087, 34.975959644000056 ], [ 139.964648033, 34.959284629000081 ], [ 139.962138881000101, 34.940850503000036 ], [ 139.952388265000081, 34.927974254000048 ], [ 139.943039680000084, 34.918649772000038 ], [ 139.926395846000105, 34.90735665200009 ], [ 139.900799960000086, 34.903012715000045 ], [ 139.882938937000063, 34.901305321000052 ], [ 139.870643897000036, 34.904726639000046 ], [ 139.855791469, 34.902435852000053 ], [ 139.843099617, 34.899981860000082 ], [ 139.838145379000025, 34.904689846000053 ], [ 139.821984262, 34.912109830000077 ], [ 139.824964603000012, 34.921371227000066 ], [ 139.823182243000019, 34.934921744000064 ], [ 139.810831009000026, 34.943539553000051 ], [ 139.778811553000082, 34.954138840000041 ], [ 139.756993555, 34.956283674000076 ], [ 139.752438982000058, 34.964737814000046 ], [ 139.752777365000043, 34.97580871200006 ], [ 139.765303742000015, 34.976499991000082 ], [ 139.78362189500001, 34.974250629000039 ], [ 139.794453804, 34.973448538000071 ], [ 139.808512867000104, 34.976165857000069 ], [ 139.820446581000056, 34.981368277000058 ], [ 139.827104922000103, 34.990193518000069 ], [ 139.840303315000028, 34.991003171000045 ], [ 139.85865319100003, 34.986802476000037 ], [ 139.865489129000025, 34.99054596600007 ], [ 139.869965040000011, 34.999335028000075 ], [ 139.867686394000089, 35.013332424000055 ], [ 139.855967644000089, 35.020819403000075 ], [ 139.835785352000016, 35.027248440000051 ], [ 139.834646030000044, 35.03742096600007 ], [ 139.846202019000089, 35.046820380000042 ], [ 139.849619988000086, 35.058010158000059 ], [ 139.847422722000033, 35.069322007000039 ], [ 139.838063998000052, 35.088324286000045 ], [ 139.835785352000016, 35.099269924000055 ], [ 139.836436394000089, 35.135199286000045 ], [ 139.818974296000079, 35.157662877000064 ], [ 139.822113477000016, 35.170599677000041 ], [ 139.819434668000099, 35.18504826700007 ], [ 139.824608824000052, 35.199063900000056 ], [ 139.85195684100006, 35.21466754000005 ], [ 139.865150607000032, 35.224098964000063 ], [ 139.866326628000024, 35.246205377000081 ], [ 139.848317905000044, 35.271714585000041 ], [ 139.84933413400006, 35.293553600000052 ], [ 139.808137647000081, 35.305484891000049 ], [ 139.782153008000023, 35.314177100000052 ], [ 139.781003379000026, 35.318060656000057 ], [ 139.802189706000036, 35.317350352000062 ], [ 139.824158042000022, 35.328423989000044 ], [ 139.824667997, 35.34700932700008 ], [ 139.838744717000054, 35.359298994000085 ], [ 139.844776736000085, 35.376205084000048 ], [ 139.892743076000102, 35.364183689000072 ], [ 139.907865055, 35.378718592000041 ], [ 139.907314507000024, 35.392304486000057 ], [ 139.900121044, 35.423104455000043 ], [ 139.91282345400009, 35.434436180000034 ], [ 139.94075591, 35.442517644000077 ], [ 139.958672186000058, 35.456209697000077 ], [ 139.982336635000024, 35.458668431000035 ], [ 140.005859289, 35.473427120000053 ], [ 140.020118025000102, 35.491210495000075 ], [ 140.04145508900001, 35.513772975000052 ], [ 140.071887129000061, 35.542856802000074 ], [ 140.090156401000058, 35.540848832000052 ], [ 140.097822010000073, 35.55532235600009 ], [ 140.10204868400001, 35.567087494000077 ], [ 140.086119779, 35.566805124000041 ], [ 140.083018425000091, 35.585598049000055 ], [ 140.079600457000083, 35.603583075000074 ], [ 140.063826677000066, 35.615342164000083 ], [ 140.047614980000048, 35.630775009000047 ], [ 140.032878220000043, 35.640995477000047 ], [ 140.008949863, 35.659759819000044 ], [ 139.99577884200005, 35.656683661000045 ], [ 139.983614332, 35.66864466800007 ], [ 139.950413974000071, 35.672592015000077 ], [ 139.920531897000046, 35.662066673000083 ], [ 139.939579291000086, 35.636891498000068 ], [ 139.912070799000048, 35.624087461000045 ], [ 139.897167830000058, 35.614373758000056 ], [ 139.891123894000089, 35.623114325000074 ], [ 139.879405144000089, 35.625067450000074 ], [ 139.870860222000033, 35.631293036000045 ], [ 139.864242857000022, 35.632067577000043 ], [ 139.850271030000044, 35.637518622000073 ], [ 139.843272332000083, 35.628892320000034 ], [ 139.837277067000059, 35.61454952400004 ], [ 139.823887511000066, 35.622950896000077 ], [ 139.820357345000048, 35.638049330000058 ], [ 139.806825188000062, 35.638192534000041 ], [ 139.800303582000083, 35.618638414000088 ], [ 139.789146748, 35.60324341200004 ], [ 139.774854602, 35.617637271000035 ], [ 139.775625216000094, 35.641103505000046 ], [ 139.76527245200009, 35.653510485000083 ], [ 139.758162236000089, 35.631564242000081 ], [ 139.76880944100003, 35.600978908000059 ], [ 139.784804085000019, 35.580466096000066 ], [ 139.785004728000104, 35.568165220000083 ], [ 139.799056345000054, 35.540010128000063 ], [ 139.786875847000033, 35.527167059000078 ], [ 139.788096550000091, 35.513251044000071 ], [ 139.786631707000083, 35.511542059000078 ], [ 139.77857506600003, 35.501857815000051 ], [ 139.744550113000059, 35.484304966000082 ], [ 139.714076840000075, 35.464730725000038 ], [ 139.688221733000091, 35.461106504000043 ], [ 139.66689706, 35.467934278000087 ], [ 139.65162194100003, 35.464585679000038 ], [ 139.642301837000105, 35.454261182000039 ], [ 139.662219366000045, 35.446480587000053 ], [ 139.680544561000033, 35.43838609900007 ], [ 139.687397096000041, 35.432175530000052 ], [ 139.682043377000014, 35.418810922000034 ], [ 139.686859571000014, 35.40070221600007 ], [ 139.674571160000028, 35.400824286000045 ], [ 139.649995925000098, 35.410550808000039 ], [ 139.635791908000101, 35.401632427000038 ], [ 139.642141956000046, 35.388480564000076 ], [ 139.657238479000057, 35.377021954000043 ], [ 139.654633009, 35.339422919000071 ], [ 139.64966881600003, 35.326646226000037 ], [ 139.650238477000016, 35.310370184000078 ], [ 139.648358142, 35.297890507000034 ], [ 139.657504567000046, 35.286647050000056 ], [ 139.664389935000031, 35.298780810000039 ], [ 139.676899305, 35.291537181000081 ], [ 139.694183790000011, 35.268744208000044 ], [ 139.734228048000091, 35.265202923000061 ], [ 139.745453321000014, 35.248968817000048 ], [ 139.725922071000014, 35.233303127000056 ], [ 139.729340040000011, 35.229315497000073 ], [ 139.730967644000089, 35.225897528000075 ], [ 139.732269727000016, 35.222560940000051 ], [ 139.728024657000105, 35.207084100000088 ], [ 139.68879598, 35.209133686000087 ], [ 139.666456229, 35.193893224000078 ], [ 139.660589416, 35.178232492000063 ], [ 139.670583530000044, 35.159979559000078 ], [ 139.680349155000044, 35.149603583000044 ], [ 139.685069207000083, 35.140448309000078 ], [ 139.67505944100003, 35.136460679000038 ], [ 139.664317254000025, 35.134833075000074 ], [ 139.641513975000066, 35.139633865000064 ], [ 139.625336134, 35.131781317000048 ], [ 139.616284936000056, 35.134001708000085 ], [ 139.611452012000086, 35.141972689000056 ], [ 139.616069614000025, 35.152622398000062 ], [ 139.614301998000087, 35.174042696000072 ], [ 139.601792743000033, 35.201835319000054 ], [ 139.623958952000066, 35.211617096000055 ], [ 139.619918329000029, 35.219740076000051 ], [ 139.604322561, 35.224233507000065 ], [ 139.597595183000067, 35.238687574000039 ], [ 139.569497953, 35.268857317000084 ], [ 139.566254102000016, 35.276068427000041 ], [ 139.560680620000085, 35.28692774600006 ], [ 139.54851321700005, 35.287909247000073 ], [ 139.544177797000089, 35.307892798000069 ], [ 139.526603373000057, 35.30203700900006 ], [ 139.506670530000065, 35.304172695000034 ], [ 139.486664259, 35.300523179000038 ], [ 139.46691429100008, 35.313318584000058 ], [ 139.414855720000105, 35.318814659000054 ], [ 139.330022076000091, 35.304475677000084 ], [ 139.28205042400009, 35.296197584000083 ], [ 139.23336693300007, 35.285324419000062 ], [ 139.183537821000073, 35.263266716000089 ], [ 139.145957437, 35.235226985000054 ], [ 139.142425977000016, 35.184027411000045 ], [ 139.158050977000016, 35.136460679000038 ], [ 139.120770553000057, 35.150257450000083 ], [ 139.088472675000048, 35.110057770000083 ], [ 139.076731755000083, 35.075094009000054 ], [ 139.075874036000073, 35.05317728600005 ], [ 139.105967644000089, 35.049383856000077 ], [ 139.101756447000071, 35.030541640000081 ], [ 139.097091013000068, 35.011495013000058 ], [ 139.086548091000054, 34.997305469000082 ], [ 139.100602546, 34.974755422000044 ], [ 139.130707227000016, 34.96515534100007 ], [ 139.142588738000086, 34.942287502000056 ], [ 139.148285352000016, 34.905096747000073 ], [ 139.140879754000025, 34.87055084800005 ], [ 139.119297985, 34.867389488000072 ], [ 139.099072944, 34.856119418000048 ], [ 139.088389519000089, 34.842271226000037 ], [ 139.083994988000086, 34.828355210000041 ], [ 139.074817701000029, 34.808969069000057 ], [ 139.059085936000088, 34.792570032000071 ], [ 139.051712849000069, 34.77778765100004 ], [ 139.042983467, 34.767569084000058 ], [ 139.026327269000035, 34.764246600000035 ], [ 139.018989172000033, 34.754289785000083 ], [ 139.010971623000046, 34.746621126000036 ], [ 138.998758722000048, 34.733284342000047 ], [ 139.002614780000044, 34.721828518000052 ], [ 138.997080925000091, 34.715033270000049 ], [ 138.988780144000089, 34.701402085000041 ], [ 138.98560631600003, 34.683294989000046 ], [ 138.98755944100003, 34.66478099200009 ], [ 138.993662957000083, 34.64984772300005 ], [ 138.982432488000086, 34.644476630000042 ], [ 138.972666863000086, 34.645819403000075 ], [ 138.964854363000086, 34.652533270000049 ], [ 138.940825981000103, 34.661107187000084 ], [ 138.895979112000077, 34.629045776000055 ], [ 138.860948939000082, 34.61349798100008 ], [ 138.835297071000014, 34.595892645000049 ], [ 138.81999759200005, 34.602362372000073 ], [ 138.806000196000014, 34.613674221000053 ], [ 138.794688347000033, 34.626288153000075 ], [ 138.771390131000089, 34.647313953000037 ], [ 138.777842644000089, 34.663316148000035 ], [ 138.773936394000089, 34.670965887000079 ], [ 138.76685631600003, 34.676214911000045 ], [ 138.75904381600003, 34.67845286700009 ], [ 138.751963738000086, 34.682074286000045 ], [ 138.746592644000089, 34.691473700000074 ], [ 138.745941602000016, 34.709173895000049 ], [ 138.744001242000081, 34.728891895000061 ], [ 138.756242285000098, 34.737470225000038 ], [ 138.761829439000053, 34.748281714000086 ], [ 138.774261915000011, 34.751288153000075 ], [ 138.758761188, 34.782704053000089 ], [ 138.748126864000028, 34.813209253000082 ], [ 138.757893016000025, 34.829702497000085 ], [ 138.762217644000089, 34.84642161700009 ], [ 138.760264519000089, 34.84906647300005 ], [ 138.760508660000028, 34.869370835000041 ], [ 138.753838793, 34.879467275000081 ], [ 138.762995581000041, 34.893986880000057 ], [ 138.776787400000103, 34.904828377000058 ], [ 138.789805535000028, 34.906805731000077 ], [ 138.778493686000047, 34.922023830000057 ], [ 138.773936394000089, 34.931626695000034 ], [ 138.763692646000095, 34.956056405000083 ], [ 138.7618935590001, 34.979902605000063 ], [ 138.77680217, 35.003160568000055 ], [ 138.786089901000082, 35.026438762000055 ], [ 138.826595147000035, 35.023625219000053 ], [ 138.855415787000084, 35.019026928000073 ], [ 138.875127599000052, 35.020094484000083 ], [ 138.89380944100003, 35.020005601000037 ], [ 138.907562696000014, 35.030666408000059 ], [ 138.853435496000088, 35.078221644000052 ], [ 138.838537003000056, 35.099525698000036 ], [ 138.803331685000103, 35.121909308000056 ], [ 138.744220044000031, 35.134842893000041 ], [ 138.696185576000062, 35.13897567500004 ], [ 138.663631812000062, 35.127143985000089 ], [ 138.6372695660001, 35.115985352000052 ], [ 138.58678602100008, 35.114360200000078 ], [ 138.554082175000076, 35.096069379000085 ], [ 138.52765127300006, 35.050808017000065 ], [ 138.497882982000078, 35.032569502000058 ], [ 138.494883094000102, 35.000731495000082 ], [ 138.507010004, 34.991072252000038 ], [ 138.50702289100002, 35.011893088000079 ], [ 138.520982262000075, 35.019373472000041 ], [ 138.531617442000083, 35.016923751000036 ], [ 138.514293034000048, 34.98017780400005 ], [ 138.468362744000046, 34.959069567000085 ], [ 138.429755054, 34.944734465000067 ], [ 138.400504607000016, 34.932495728000049 ], [ 138.367107895, 34.917309439000064 ], [ 138.353352612000094, 34.904115016000048 ], [ 138.346865650000041, 34.888188730000081 ], [ 138.336436394000089, 34.874090887000079 ], [ 138.328298373000052, 34.855292059000078 ], [ 138.330088738000086, 34.845404364000046 ], [ 138.340830925000091, 34.82648346600007 ], [ 138.325889119000067, 34.807908231000056 ], [ 138.314872661000095, 34.798368680000067 ], [ 138.293227983000065, 34.765774415000067 ], [ 138.249505790000057, 34.739023190000069 ], [ 138.215989191000062, 34.712282661000074 ], [ 138.201670769000089, 34.660101630000042 ], [ 138.193614129000025, 34.641506252000056 ], [ 138.200938347000033, 34.621568101000037 ], [ 138.225051686000029, 34.616301199000077 ], [ 138.240327727000022, 34.602561079000054 ], [ 138.233289761000037, 34.594588770000087 ], [ 138.190176374000089, 34.601227717000086 ], [ 138.04723701, 34.654639815000053 ], [ 137.96758503500007, 34.666540387000055 ], [ 137.892797568000105, 34.667696567000064 ], [ 137.792165561000047, 34.63939036700009 ], [ 137.683506484000077, 34.670754599000077 ], [ 137.595062696000014, 34.67719147300005 ], [ 137.546998140000028, 34.677288525000051 ], [ 137.427557279000098, 34.667745791000073 ], [ 137.33970288, 34.647447513000088 ], [ 137.140726809000057, 34.589289111000085 ], [ 137.095821167000054, 34.593233978000058 ], [ 137.04482177, 34.580630235000058 ], [ 137.031504754000025, 34.579413153000075 ], [ 137.01609532100008, 34.578784710000036 ], [ 137.02359643, 34.590778815000078 ], [ 137.029642102000025, 34.598014956000043 ], [ 137.042486111000017, 34.617578532000039 ], [ 137.052219903000037, 34.646803169000066 ], [ 137.072830166000017, 34.664599003000035 ], [ 137.101084832000083, 34.639146226000037 ], [ 137.104502800000091, 34.632025458000044 ], [ 137.110850457000083, 34.625433661000045 ], [ 137.118699018000029, 34.633708339000066 ], [ 137.121020071000089, 34.637660824000079 ], [ 137.137031001000082, 34.645578300000068 ], [ 137.153168165000011, 34.651312567000048 ], [ 137.16765384200005, 34.656683661000045 ], [ 137.197435440000049, 34.673934111000051 ], [ 137.241111284, 34.696677994000083 ], [ 137.259715800000095, 34.704144595000059 ], [ 137.282254577, 34.731178516000057 ], [ 137.298225934000016, 34.728215300000045 ], [ 137.299671023000087, 34.706846644000052 ], [ 137.295677694, 34.691204099000061 ], [ 137.303452012000093, 34.689428676000034 ], [ 137.309960409000041, 34.706598492000069 ], [ 137.309256237, 34.725664278000067 ], [ 137.332590339000035, 34.720338258000083 ], [ 137.340819453, 34.726542951000056 ], [ 137.312339492000092, 34.736674731000051 ], [ 137.320814584, 34.755251774000044 ], [ 137.324316312000064, 34.766844656000046 ], [ 137.32154381600003, 34.773382880000042 ], [ 137.297928102000014, 34.797191095000073 ], [ 137.279958530000044, 34.808091539000088 ], [ 137.266505223000081, 34.803138889000081 ], [ 137.245809572000098, 34.809640624000053 ], [ 137.222826793000081, 34.816263291000041 ], [ 137.207715295000071, 34.802580234000061 ], [ 137.194432321000022, 34.80699872100007 ], [ 137.190842652000015, 34.788680684000042 ], [ 137.188739116000079, 34.770111700000086 ], [ 137.17083922900008, 34.763864997000042 ], [ 137.171470807000105, 34.784049803000073 ], [ 137.157473835000019, 34.781164918000059 ], [ 137.140533382000058, 34.787813370000038 ], [ 137.121548889, 34.788343361000045 ], [ 137.101440076000017, 34.784596454000052 ], [ 137.087446711000098, 34.776028248000046 ], [ 137.072708649000106, 34.784963791000052 ], [ 137.050165591, 34.777606125000034 ], [ 137.028817086, 34.780157144000043 ], [ 137.018247853000048, 34.783289035000053 ], [ 137.002289259, 34.802394924000055 ], [ 136.995616082000083, 34.808091539000088 ], [ 136.976625992000095, 34.825506795000081 ], [ 136.958231373000103, 34.832352185000047 ], [ 136.962403528000095, 34.857995646000063 ], [ 136.982595248000052, 34.898260809000078 ], [ 136.978851759, 34.924221096000053 ], [ 136.969493035000028, 34.911607164000088 ], [ 136.956797722000033, 34.884833075000074 ], [ 136.938487175000091, 34.860988674000055 ], [ 136.931000196000014, 34.84642161700009 ], [ 136.925746393000054, 34.82827095600004 ], [ 136.915564036000092, 34.775960012000041 ], [ 136.926605665000011, 34.763617255000042 ], [ 136.937266472000033, 34.746039130000042 ], [ 136.962649985000098, 34.73496420500004 ], [ 136.97185687800004, 34.713403750000055 ], [ 136.971496594000087, 34.696411325000042 ], [ 136.945391649000044, 34.698470690000079 ], [ 136.913204285, 34.710874247000049 ], [ 136.878109820000077, 34.728520097000057 ], [ 136.855967644000089, 34.739813544000071 ], [ 136.844593793000058, 34.752548136000087 ], [ 136.84288610100009, 34.769077289000052 ], [ 136.853014409000025, 34.787595221000061 ], [ 136.856975309000063, 34.804757693000056 ], [ 136.864734012000099, 34.821545090000086 ], [ 136.864263763000054, 34.836525620000089 ], [ 136.85628619900001, 34.856495216000042 ], [ 136.843417913000053, 34.871163119000073 ], [ 136.827725810000061, 34.87194149700008 ], [ 136.822938197000099, 34.895623239000088 ], [ 136.821765673000073, 34.919493793000072 ], [ 136.822247296, 34.938299802000074 ], [ 136.823464778000016, 34.954855423000083 ], [ 136.833293506000018, 34.972092074000045 ], [ 136.84381381500009, 34.989480583000045 ], [ 136.856906427000013, 35.008037181000077 ], [ 136.865880501000106, 35.025690164000082 ], [ 136.879859317000069, 35.043836857000088 ], [ 136.882796373000019, 35.071047848000035 ], [ 136.885729897000033, 35.089195486000051 ], [ 136.871821469, 35.093395273000056 ], [ 136.8570600810001, 35.061786607000045 ], [ 136.848864740000067, 35.039469415000042 ], [ 136.844125921, 35.060766751000074 ], [ 136.843151734, 35.075043351000033 ], [ 136.830118294000044, 35.078831393000087 ], [ 136.839327255000057, 35.032519579000052 ], [ 136.813020732000041, 35.027385537000043 ], [ 136.808959273000028, 35.048830543000065 ], [ 136.799466229000018, 35.048559352000041 ], [ 136.797900050000067, 35.024069190000034 ], [ 136.778469106000102, 35.020401545000084 ], [ 136.751800977000016, 35.026149807000081 ], [ 136.744802280000044, 35.023423570000034 ], [ 136.725596550000091, 35.027248440000051 ], [ 136.681162957000083, 35.000921942000048 ], [ 136.659190300000091, 34.983954169000071 ], [ 136.649912957000083, 34.968898830000057 ], [ 136.648692254000025, 34.962591864000046 ], [ 136.643565300000091, 34.953192450000074 ], [ 136.642425977000016, 34.948065497000073 ], [ 136.644786004000025, 34.942368882000039 ], [ 136.661666836, 34.940504575000034 ], [ 136.64555099200004, 34.92978744800007 ], [ 136.64825961300005, 34.911600243000066 ], [ 136.639315940000074, 34.889048701000036 ], [ 136.616114545000073, 34.853500571000041 ], [ 136.565012265000064, 34.800119265000035 ], [ 136.534939939000083, 34.765695099000084 ], [ 136.527354363000086, 34.721258856000077 ], [ 136.521657748000052, 34.701727606000077 ], [ 136.519541863000086, 34.680853583000044 ], [ 136.521657748000052, 34.67609284100007 ], [ 136.532237175000091, 34.660142320000034 ], [ 136.536306186000047, 34.656683661000045 ], [ 136.546397332000083, 34.651597398000035 ], [ 136.545664910000028, 34.639878648000035 ], [ 136.541188998000052, 34.626206773000035 ], [ 136.540049675000091, 34.615708726000037 ], [ 136.551036004000025, 34.601996161000045 ], [ 136.568125847000033, 34.596380927000041 ], [ 136.612071160000028, 34.595892645000049 ], [ 136.632985873000052, 34.591131903000075 ], [ 136.648773634, 34.579738674000055 ], [ 136.662608269000089, 34.565985419000071 ], [ 136.677093946000014, 34.554266669000071 ], [ 136.752289259, 34.513332424000055 ], [ 136.803558790000011, 34.495266018000052 ], [ 136.814463738000086, 34.486029364000046 ], [ 136.824961785000028, 34.489447333000044 ], [ 136.838877800000091, 34.489162502000056 ], [ 136.852305535000028, 34.485541083000044 ], [ 136.862152540000011, 34.479193427000041 ], [ 136.868907097000033, 34.467352606000077 ], [ 136.87077884200005, 34.456854559000078 ], [ 136.873545769000089, 34.447088934000078 ], [ 136.883311394000089, 34.437567450000074 ], [ 136.896332227000016, 34.433417059000078 ], [ 136.906993035000028, 34.434637762000079 ], [ 136.916026238000086, 34.433986721000053 ], [ 136.924327019000089, 34.423976955000057 ], [ 136.925791863000086, 34.412909247000073 ], [ 136.916758660000028, 34.376166083000044 ], [ 136.904633009, 34.38117096600007 ], [ 136.893077019000089, 34.382391669000071 ], [ 136.883148634, 34.378851630000042 ], [ 136.875254754000025, 34.369330145000049 ], [ 136.879893425000091, 34.36273834800005 ], [ 136.887217644000089, 34.357082424000055 ], [ 136.897227410000028, 34.353949286000045 ], [ 136.909922722000033, 34.355047919000071 ], [ 136.894379102000016, 34.342718817000048 ], [ 136.888682488000086, 34.336167710000041 ], [ 136.883311394000089, 34.328314520000049 ], [ 136.891286655000044, 34.317694403000075 ], [ 136.897797071000014, 34.300970770000049 ], [ 136.900238477000016, 34.282538153000075 ], [ 136.895681186000047, 34.266913153000075 ], [ 136.88599694100003, 34.260443427000041 ], [ 136.85084069100003, 34.249253648000035 ], [ 136.835459832000083, 34.24640534100007 ], [ 136.818532748000052, 34.247626044000071 ], [ 136.79420006600003, 34.253119208000044 ], [ 136.775157097000033, 34.261867580000057 ], [ 136.773448113000086, 34.273098049000055 ], [ 136.787933790000011, 34.277411200000074 ], [ 136.809255405000044, 34.273871161000045 ], [ 136.829600457000083, 34.266546942000048 ], [ 136.841644727000016, 34.259466864000046 ], [ 136.839610222000033, 34.266058661000045 ], [ 136.838063998000052, 34.275336005000042 ], [ 136.835459832000083, 34.280503648000035 ], [ 136.848480665000011, 34.273098049000055 ], [ 136.856211785000028, 34.294175523000035 ], [ 136.846446160000028, 34.307562567000048 ], [ 136.82740319100003, 34.312404690000051 ], [ 136.807465040000011, 34.307847398000035 ], [ 136.80982506600003, 34.30109284100007 ], [ 136.809743686000047, 34.297919012000079 ], [ 136.808360222000033, 34.294623114000046 ], [ 136.807465040000011, 34.287339585000041 ], [ 136.773448113000086, 34.307847398000035 ], [ 136.756602410000028, 34.296087958000044 ], [ 136.72584069100003, 34.291001695000034 ], [ 136.702647332000083, 34.295152085000041 ], [ 136.70826256600003, 34.310980536000045 ], [ 136.723399285000028, 34.331284898000035 ], [ 136.706797722000033, 34.33429596600007 ], [ 136.676280144000089, 34.326402085000041 ], [ 136.649912957000083, 34.314113674000055 ], [ 136.668142123000052, 34.309556382000039 ], [ 136.667002800000091, 34.297919012000079 ], [ 136.654795769000089, 34.286037502000056 ], [ 136.622894727000016, 34.274603583000044 ], [ 136.608083530000044, 34.264593817000048 ], [ 136.592539910000028, 34.262640692000048 ], [ 136.574066602000016, 34.280503648000035 ], [ 136.568207227000016, 34.274318752000056 ], [ 136.563975457000083, 34.271714585000041 ], [ 136.561534050000091, 34.268377997000073 ], [ 136.560557488000086, 34.259466864000046 ], [ 136.53288821700005, 34.271673895000049 ], [ 136.522959832000083, 34.273098049000055 ], [ 136.517751498000052, 34.261216539000088 ], [ 136.512217644000089, 34.252183335000041 ], [ 136.505869988000086, 34.24640534100007 ], [ 136.514821811000047, 34.229803778000075 ], [ 136.502940300000091, 34.229071356000077 ], [ 136.471690300000091, 34.238959052000041 ], [ 136.427256707000083, 34.213771877000056 ], [ 136.416514519000089, 34.204250393000052 ], [ 136.384287957000083, 34.204250393000052 ], [ 136.336680535000028, 34.184027411000045 ], [ 136.299001498000052, 34.154282945000034 ], [ 136.297048373000052, 34.125677802000041 ], [ 136.308360222000033, 34.11782461100006 ], [ 136.316416863000086, 34.114325262000079 ], [ 136.319021030000044, 34.10883209800005 ], [ 136.313487175000091, 34.094956773000035 ], [ 136.308441602000016, 34.090033270000049 ], [ 136.300303582000083, 34.085679429000038 ], [ 136.291188998000052, 34.082505601000037 ], [ 136.283457879000025, 34.081284898000035 ], [ 136.27312259200005, 34.085842190000051 ], [ 136.260752800000091, 34.105129299000055 ], [ 136.252696160000028, 34.108587958000044 ], [ 136.246348504000025, 34.103583075000074 ], [ 136.230235222000033, 34.082098700000074 ], [ 136.218516472000033, 34.075140692000048 ], [ 136.218516472000033, 34.067613023000035 ], [ 136.233083530000044, 34.067775783000059 ], [ 136.24382571700005, 34.064154364000046 ], [ 136.250498894000089, 34.056341864000046 ], [ 136.252696160000028, 34.043443101000037 ], [ 136.27076256600003, 34.028143622000073 ], [ 136.279795769000089, 34.017320054000038 ], [ 136.27662194100003, 34.012396552000041 ], [ 136.274587436000047, 34.006740627000056 ], [ 136.275401238000086, 33.979966539000088 ], [ 136.273203972000033, 33.97142161700009 ], [ 136.258636915000011, 33.965887762000079 ], [ 136.24732506600003, 33.971502997000073 ], [ 136.238617384, 33.982489325000074 ], [ 136.232188347000033, 33.993150132000039 ], [ 136.219004754000025, 33.981146552000041 ], [ 136.204844597000033, 33.97142161700009 ], [ 136.204844597000033, 33.965236721000053 ], [ 136.227549675000091, 33.961737372000073 ], [ 136.234711134, 33.948431708000044 ], [ 136.228526238000086, 33.938381252000056 ], [ 136.211110873000052, 33.94476959800005 ], [ 136.20630944100003, 33.926947333000044 ], [ 136.19890384200005, 33.920884507000039 ], [ 136.164805535000028, 33.916164455000057 ], [ 136.160492384, 33.913397528000075 ], [ 136.152679884, 33.906236070000034 ], [ 136.142588738000086, 33.893622137000079 ], [ 136.136973504000025, 33.890570380000042 ], [ 136.125743035000028, 33.889553127000056 ], [ 136.104744225000104, 33.891411400000038 ], [ 136.06931712800008, 33.847043883000083 ], [ 136.017075074000104, 33.733899136000048 ], [ 135.993744337000066, 33.68626536700009 ], [ 135.990570509, 33.682521877000056 ], [ 135.980723504000025, 33.65298086100006 ], [ 135.961599155000044, 33.642523505000042 ], [ 135.957286004000025, 33.62571849200009 ], [ 135.937066684, 33.61747297900007 ], [ 135.938736462000065, 33.603948028000048 ], [ 135.959871075000024, 33.593088225000088 ], [ 135.946071342000096, 33.577809933000083 ], [ 135.912534927000024, 33.547686867000039 ], [ 135.894209005, 33.54164240700004 ], [ 135.884776238000086, 33.528998114000046 ], [ 135.828063287000077, 33.513648259000036 ], [ 135.809183986, 33.505037213000037 ], [ 135.79799322100007, 33.495161487000075 ], [ 135.782969490000028, 33.472891287000039 ], [ 135.790215907000061, 33.453391469000053 ], [ 135.789263263000066, 33.441062324000086 ], [ 135.772024316000056, 33.444919024000058 ], [ 135.760020379000025, 33.433335679000038 ], [ 135.753846014000032, 33.451577164000071 ], [ 135.770752010000024, 33.468229200000053 ], [ 135.765570607000086, 33.481545488000052 ], [ 135.668223504000025, 33.490464585000041 ], [ 135.637543165000011, 33.494614976000037 ], [ 135.49076302200001, 33.541227173000038 ], [ 135.444834832000083, 33.550848700000074 ], [ 135.409190300000091, 33.574204820000034 ], [ 135.397504516000026, 33.582586936000041 ], [ 135.387324143, 33.594067317000054 ], [ 135.386813341000106, 33.607838720000075 ], [ 135.392344597000033, 33.618882554000038 ], [ 135.380707227000016, 33.637111721000053 ], [ 135.375010613000086, 33.643133856000077 ], [ 135.369395379000025, 33.644964911000045 ], [ 135.358662312000092, 33.654207314000075 ], [ 135.341967254, 33.65721093600007 ], [ 135.327695126000094, 33.671192935000079 ], [ 135.342944531000057, 33.693898351000087 ], [ 135.379214213000068, 33.698110894000081 ], [ 135.402354363000086, 33.701117255000042 ], [ 135.391612175000091, 33.713568427000041 ], [ 135.340830925000091, 33.745306708000044 ], [ 135.321387863000041, 33.752923581000061 ], [ 135.312102234, 33.765528784000082 ], [ 135.294020773000057, 33.763715666000053 ], [ 135.264345035000019, 33.781315731000063 ], [ 135.232582648000061, 33.781998007000084 ], [ 135.229847961000019, 33.798554135000074 ], [ 135.196462436000047, 33.81476471600007 ], [ 135.173350457000083, 33.838324286000045 ], [ 135.152757601000076, 33.875854179000044 ], [ 135.118683511000086, 33.892938704000073 ], [ 135.100120232, 33.889840179000089 ], [ 135.06545384900005, 33.885571819000063 ], [ 135.058859504, 33.880032887000084 ], [ 135.06130745400003, 33.88987988000008 ], [ 135.066496585000095, 33.896407725000074 ], [ 135.057361565000065, 33.901297796000051 ], [ 135.064237970000022, 33.906020248000061 ], [ 135.07912676300009, 33.906025414000055 ], [ 135.07799229, 33.918552146000081 ], [ 135.06955997700004, 33.930666603000077 ], [ 135.084717046000037, 33.942213724000055 ], [ 135.101222401000086, 33.954437547000055 ], [ 135.094975879, 33.958691242000043 ], [ 135.077334621000091, 33.958985466000058 ], [ 135.075737251000078, 33.977487938000081 ], [ 135.09199839900009, 33.992036111000061 ], [ 135.113277088000018, 33.993386933000068 ], [ 135.127935047000051, 33.998605234000081 ], [ 135.153168165000011, 34.009751695000034 ], [ 135.161631707000083, 34.024969794000071 ], [ 135.162771030000044, 34.039740302000041 ], [ 135.153086785000028, 34.048570054000038 ], [ 135.133311394000089, 34.058294989000046 ], [ 135.111094597000033, 34.065741278000075 ], [ 135.094493035000028, 34.067613023000035 ], [ 135.11491946700005, 34.101792710000041 ], [ 135.117360873000052, 34.103420315000051 ], [ 135.125498894000089, 34.106146552000041 ], [ 135.128672722000033, 34.108587958000044 ], [ 135.13054446700005, 34.113226630000042 ], [ 135.130625847000033, 34.122381903000075 ], [ 135.122839384000031, 34.137101115000064 ], [ 135.148770624, 34.138076298000044 ], [ 135.187022332000083, 34.135931708000044 ], [ 135.189952019000089, 34.149603583000044 ], [ 135.179698113000086, 34.165838934000078 ], [ 135.165855494000084, 34.186723393000079 ], [ 135.148773634, 34.185614325000074 ], [ 135.135427280000044, 34.227687893000052 ], [ 135.119628917, 34.242202173000067 ], [ 135.092668436000054, 34.259887138000067 ], [ 135.06104364700002, 34.267274919000045 ], [ 135.071299675000091, 34.28579336100006 ], [ 135.105030715, 34.318116881000037 ], [ 135.208985380000058, 34.342277645000081 ], [ 135.256564013, 34.376754752000068 ], [ 135.281298456000059, 34.397428263000052 ], [ 135.319689849000042, 34.428758197000036 ], [ 135.353476503000024, 34.467483114000061 ], [ 135.372562312000014, 34.484513116000073 ], [ 135.374279425000054, 34.507756081000082 ], [ 135.373208273000046, 34.518932219000078 ], [ 135.390996836, 34.523648617000049 ], [ 135.399138221000044, 34.532931993000034 ], [ 135.408323731, 34.540974933000086 ], [ 135.414379151000048, 34.55812547000005 ], [ 135.415234160000068, 34.579967708000083 ], [ 135.415781522000088, 34.60961152200008 ], [ 135.407317513000066, 34.634200601000089 ], [ 135.403590677000011, 34.658912182000051 ], [ 135.412933790000011, 34.692084052000041 ], [ 135.397574323000072, 34.686213783000085 ], [ 135.381214428000021, 34.681262829000048 ], [ 135.363244418000022, 34.689070929000081 ], [ 135.341267368000103, 34.708509605000074 ], [ 135.317485181000052, 34.706958457000042 ], [ 135.286862671, 34.70544269800007 ], [ 135.28730090800002, 34.679969876000087 ], [ 135.253604781000035, 34.67699777100006 ], [ 135.254890282000019, 34.700910022000073 ], [ 135.220066570000085, 34.690773770000078 ], [ 135.24234854000008, 34.650751996000054 ], [ 135.21090197, 34.655180248000079 ], [ 135.204403277000097, 34.677260673000035 ], [ 135.186030437, 34.674908794000089 ], [ 135.183976047000101, 34.651155858000038 ], [ 135.111312133000069, 34.640382405000082 ], [ 135.07954647400004, 34.627775759000087 ], [ 135.045768788000032, 34.624966887000085 ], [ 135.0168455700001, 34.642155986000034 ], [ 134.979258660000028, 34.641017971000053 ], [ 134.960297071000014, 34.643622137000079 ], [ 134.937024857000097, 34.667368869000086 ], [ 134.907624934000069, 34.677606433000051 ], [ 134.88835696700005, 34.691473700000074 ], [ 134.833343946000014, 34.721380927000041 ], [ 134.80046634200005, 34.730902411000045 ], [ 134.762380405000044, 34.756984768000052 ], [ 134.744395379000025, 34.766546942000048 ], [ 134.696299675000091, 34.776190497000073 ], [ 134.566905144000089, 34.766546942000048 ], [ 134.559906446000014, 34.76829661700009 ], [ 134.554453972000033, 34.771633205000057 ], [ 134.549082879000025, 34.773260809000078 ], [ 134.54265384200005, 34.769964911000045 ], [ 134.537852410000028, 34.766546942000048 ], [ 134.531504754000025, 34.76312897300005 ], [ 134.524912957000083, 34.760646877000056 ], [ 134.519053582000083, 34.759711005000042 ], [ 134.505869988000086, 34.760972398000035 ], [ 134.495860222000033, 34.764553127000056 ], [ 134.490489129000025, 34.772609768000052 ], [ 134.491221550000091, 34.787054755000042 ], [ 134.484548373000052, 34.785305080000057 ], [ 134.47820071700005, 34.781927802000041 ], [ 134.473155144000089, 34.776841539000088 ], [ 134.471364780000044, 34.769964911000045 ], [ 134.470062696000014, 34.761786200000074 ], [ 134.467051629000025, 34.760972398000035 ], [ 134.46257571700005, 34.76203034100007 ], [ 134.457041863000086, 34.759711005000042 ], [ 134.431407097000033, 34.730454820000034 ], [ 134.422862175000091, 34.725572007000039 ], [ 134.408702019000089, 34.726263739000046 ], [ 134.398203972000033, 34.731512762000079 ], [ 134.389659050000091, 34.737372137000079 ], [ 134.381358269000089, 34.739813544000071 ], [ 134.36841881600003, 34.735988674000055 ], [ 134.357758009, 34.727362372000073 ], [ 134.352224155000044, 34.71625397300005 ], [ 134.354014519000089, 34.705145575000074 ], [ 134.326670769000089, 34.704331773000035 ], [ 134.276377800000091, 34.715236721000053 ], [ 134.247813347000033, 34.718166408000059 ], [ 134.220713738000086, 34.728461005000042 ], [ 134.208750847000033, 34.728013414000088 ], [ 134.216807488000086, 34.711900132000039 ], [ 134.226898634, 34.707912502000056 ], [ 134.278819207000083, 34.698228257000039 ], [ 134.271006707000083, 34.696275132000039 ], [ 134.25163821700005, 34.693752346000053 ], [ 134.244802280000044, 34.691473700000074 ], [ 134.224457227000016, 34.667669989000046 ], [ 134.220225457000083, 34.66351959800005 ], [ 134.212250196000014, 34.661363023000035 ], [ 134.196299675000091, 34.652004299000055 ], [ 134.178233269000089, 34.648830471000053 ], [ 134.170664910000028, 34.645982164000088 ], [ 134.155284050000091, 34.636867580000057 ], [ 134.162119988000086, 34.632228908000059 ], [ 134.170258009, 34.630764065000051 ], [ 134.179698113000086, 34.632310289000088 ], [ 134.189463738000086, 34.636867580000057 ], [ 134.177256707000083, 34.614447333000044 ], [ 134.147959832000083, 34.596991278000075 ], [ 134.113047722000033, 34.585638739000046 ], [ 134.08366946700005, 34.581529039000088 ], [ 134.069346550000091, 34.585842190000051 ], [ 134.047373894000089, 34.604641018000052 ], [ 134.028819207000083, 34.608872789000088 ], [ 133.994395379000025, 34.608710028000075 ], [ 133.979258660000028, 34.605902411000045 ], [ 133.953868035000028, 34.593003648000035 ], [ 133.936696811000047, 34.587225653000075 ], [ 133.925140821000014, 34.577866929000038 ], [ 133.929453972000033, 34.561102606000077 ], [ 133.942556186000047, 34.555121161000045 ], [ 133.957367384, 34.564439195000034 ], [ 133.98406009200005, 34.589056708000044 ], [ 134.000743035000028, 34.59446849200009 ], [ 134.019297722000033, 34.596828518000052 ], [ 134.035655144000089, 34.593410549000055 ], [ 134.04615319100003, 34.581529039000088 ], [ 134.045664910000028, 34.56391022300005 ], [ 134.033457879000025, 34.552476304000038 ], [ 134.017588738000086, 34.543646552000041 ], [ 134.00513756600003, 34.53384023600006 ], [ 134.007660352000016, 34.530503648000035 ], [ 134.008636915000011, 34.528550523000035 ], [ 134.011973504000025, 34.520086981000077 ], [ 133.983164910000028, 34.528631903000075 ], [ 133.966563347000033, 34.506415106000077 ], [ 133.953868035000028, 34.473822333000044 ], [ 133.936289910000028, 34.451239325000074 ], [ 133.85906009200005, 34.462876695000034 ], [ 133.821787957000083, 34.462144273000035 ], [ 133.826426629000025, 34.437567450000074 ], [ 133.794444207000083, 34.442938544000071 ], [ 133.78052819100003, 34.463364976000037 ], [ 133.768890821000014, 34.488023179000038 ], [ 133.74382571700005, 34.505845445000034 ], [ 133.736827019000089, 34.502386786000045 ], [ 133.730479363000086, 34.506984768000052 ], [ 133.725759311000047, 34.516424872000073 ], [ 133.723399285000028, 34.527573960000041 ], [ 133.716563347000033, 34.520086981000077 ], [ 133.699961785000028, 34.525946356000077 ], [ 133.685069207000083, 34.520086981000077 ], [ 133.669444207000083, 34.510809637000079 ], [ 133.640635613000086, 34.501695054000038 ], [ 133.596202019000089, 34.482326565000051 ], [ 133.586192254000025, 34.475734768000052 ], [ 133.583343946000014, 34.468695380000042 ], [ 133.576670769000089, 34.463324286000045 ], [ 133.568858269000089, 34.459906317000048 ], [ 133.55046634200005, 34.457017320000034 ], [ 133.543304884, 34.453070380000042 ], [ 133.538096550000091, 34.448553778000075 ], [ 133.532074415000011, 34.445013739000046 ], [ 133.470062696000014, 34.423976955000057 ], [ 133.509287957000083, 34.462103583000044 ], [ 133.522471550000091, 34.48305898600006 ], [ 133.501149936000047, 34.492173570000034 ], [ 133.490244988000086, 34.489569403000075 ], [ 133.468516472000033, 34.476996161000045 ], [ 133.456553582000083, 34.472357489000046 ], [ 133.430349155000044, 34.47296784100007 ], [ 133.419118686000047, 34.467922268000052 ], [ 133.414805535000028, 34.451239325000074 ], [ 133.422211134, 34.445013739000046 ] ] ], [ [ [ 143.896494988000086, 44.158148505000042 ], [ 143.91179446700005, 44.152289130000042 ], [ 143.957204623000052, 44.152004299000055 ], [ 143.97584069100003, 44.148260809000078 ], [ 143.940440300000091, 44.139146226000037 ], [ 143.896494988000086, 44.145900783000059 ], [ 143.81373131600003, 44.168402411000045 ], [ 143.81763756600003, 44.175604559000078 ], [ 143.836273634, 44.175930080000057 ], [ 143.859548373000052, 44.172756252000056 ], [ 143.881521030000044, 44.166693427000041 ], [ 143.896494988000086, 44.158148505000042 ] ] ], [ [ [ 145.767425977000016, 43.387274481000077 ], [ 145.780039910000028, 43.386053778000075 ], [ 145.813243035000028, 43.378607489000046 ], [ 145.824961785000028, 43.373602606000077 ], [ 145.818532748000052, 43.364447333000044 ], [ 145.810313347000033, 43.36078522300005 ], [ 145.787852410000028, 43.360581773000035 ], [ 145.777679884, 43.356268622000073 ], [ 145.760101759, 43.336981512000079 ], [ 145.746918165000011, 43.332709052000041 ], [ 145.708506707000083, 43.326320705000057 ], [ 145.698985222000033, 43.322088934000078 ], [ 145.684092644000089, 43.310248114000046 ], [ 145.67310631600003, 43.307928778000075 ], [ 145.643890821000014, 43.312201239000046 ], [ 145.629161004000025, 43.309759833000044 ], [ 145.621348504000025, 43.303412177000041 ], [ 145.615489129000025, 43.294501044000071 ], [ 145.606455925000091, 43.284247137000079 ], [ 145.579844597000033, 43.265041408000059 ], [ 145.572276238000086, 43.256984768000052 ], [ 145.566172722000033, 43.246079820000034 ], [ 145.557383660000028, 43.221421617000033 ], [ 145.551768425000091, 43.209784247000073 ], [ 145.545583530000044, 43.201971747000073 ], [ 145.517100457000083, 43.174994208000044 ], [ 145.530609571000014, 43.168850002000056 ], [ 145.518890821000014, 43.166449286000045 ], [ 145.498789910000028, 43.167914130000042 ], [ 145.478282097000033, 43.172105210000041 ], [ 145.45240319100003, 43.18390534100007 ], [ 145.435394727000016, 43.182074286000045 ], [ 145.404063347000033, 43.174994208000044 ], [ 145.302500847000033, 43.173488674000055 ], [ 145.280284050000091, 43.165025132000039 ], [ 145.258311394000089, 43.149481512000079 ], [ 145.231130405000044, 43.141099351000037 ], [ 145.154063347000033, 43.13226959800005 ], [ 145.138438347000033, 43.128159898000035 ], [ 145.125498894000089, 43.120062567000048 ], [ 145.119313998000052, 43.10610586100006 ], [ 145.12273196700005, 43.08820221600007 ], [ 145.135427280000044, 43.08429596600007 ], [ 145.152191602000016, 43.08462148600006 ], [ 145.168223504000025, 43.079413153000075 ], [ 145.159027540000011, 43.070502020000049 ], [ 145.149180535000028, 43.066310940000051 ], [ 145.11101321700005, 43.063625393000052 ], [ 145.107920769000089, 43.059393622000073 ], [ 145.106455925000091, 43.052923895000049 ], [ 145.09929446700005, 43.044623114000046 ], [ 145.075694207000083, 43.034002997000073 ], [ 145.051280144000089, 43.033107815000051 ], [ 145.003103061000047, 43.044623114000046 ], [ 145.022227410000028, 43.020331122000073 ], [ 145.027517123000052, 43.009344794000071 ], [ 145.023692254000025, 42.996283270000049 ], [ 145.014333530000044, 42.989488023000035 ], [ 145.000173373000052, 42.986151434000078 ], [ 144.933767123000052, 42.978257554000038 ], [ 144.899750196000014, 42.979478257000039 ], [ 144.86882571700005, 42.988470770000049 ], [ 144.842051629000025, 43.007147528000075 ], [ 144.840505405000044, 43.016913153000075 ], [ 144.843109571000014, 43.029364325000074 ], [ 144.840179884, 43.040106512000079 ], [ 144.82154381600003, 43.044623114000046 ], [ 144.810069207000083, 43.045355536000045 ], [ 144.803721550000091, 43.046454169000071 ], [ 144.798675977000016, 43.046698309000078 ], [ 144.790863477000016, 43.044623114000046 ], [ 144.783864780000044, 43.039943752000056 ], [ 144.77312259200005, 43.026841539000088 ], [ 144.766286655000044, 43.024155992000033 ], [ 144.757578972000033, 43.018784898000035 ], [ 144.747406446000014, 43.00617096600007 ], [ 144.739105665000011, 42.991359768000052 ], [ 144.73560631600003, 42.979478257000039 ], [ 144.74146569100003, 42.965236721000053 ], [ 144.755381707000083, 42.954413153000075 ], [ 144.771250847000033, 42.944891669000071 ], [ 144.783457879000025, 42.934759833000044 ], [ 144.741953972000033, 42.924221096000053 ], [ 144.599131707000083, 42.949123440000051 ], [ 144.521739129000025, 42.944077867000033 ], [ 144.495860222000033, 42.933254299000055 ], [ 144.464854363000086, 42.937079169000071 ], [ 144.390635613000086, 42.956447658000059 ], [ 144.382172071000014, 42.961493231000077 ], [ 144.373057488000086, 42.969549872000073 ], [ 144.368500196000014, 42.978176174000055 ], [ 144.36491946700005, 42.989569403000075 ], [ 144.358083530000044, 42.99945709800005 ], [ 144.345225457000083, 43.003729559000078 ], [ 144.323008660000028, 43.002630927000041 ], [ 144.183116082000083, 42.976385809000078 ], [ 144.042002800000091, 42.926581122000073 ], [ 143.88640384200005, 42.844183661000045 ], [ 143.79029381600003, 42.75726959800005 ], [ 143.638845248000052, 42.661078192000048 ], [ 143.575205925000091, 42.603338934000078 ], [ 143.448090040000011, 42.455023505000042 ], [ 143.348968946000014, 42.319159247000073 ], [ 143.33171634200005, 42.277248440000051 ], [ 143.324880405000044, 42.229722398000035 ], [ 143.336436394000089, 42.173000393000052 ], [ 143.337901238000086, 42.150213934000078 ], [ 143.335948113000086, 42.129706122000073 ], [ 143.331065300000091, 42.106919664000088 ], [ 143.303477410000028, 42.025783596000053 ], [ 143.292328321000014, 42.005194403000075 ], [ 143.265472852000016, 41.986721096000053 ], [ 143.252940300000091, 41.941880601000037 ], [ 143.241547071000014, 41.92804596600007 ], [ 143.226084832000083, 41.93227773600006 ], [ 143.203135613000086, 41.945868231000077 ], [ 143.182383660000028, 41.96157461100006 ], [ 143.173350457000083, 41.97211334800005 ], [ 143.16334069100003, 41.990383205000057 ], [ 143.140472852000016, 42.010484117000033 ], [ 143.115244988000086, 42.02798086100006 ], [ 142.959727410000028, 42.105373440000051 ], [ 142.757660352000016, 42.158392645000049 ], [ 142.546397332000083, 42.250555731000077 ], [ 142.459971550000091, 42.271307684000078 ], [ 142.281016472000033, 42.366522528000075 ], [ 142.222178582000083, 42.411769924000055 ], [ 142.167751677000069, 42.459858508000082 ], [ 142.062580385000047, 42.470728272000088 ], [ 141.980967644000089, 42.510239976000037 ], [ 141.925954623000052, 42.558579820000034 ], [ 141.909353061000047, 42.565497137000079 ], [ 141.888194207000083, 42.56976959800005 ], [ 141.817149285000028, 42.599595445000034 ], [ 141.726084832000083, 42.617173570000034 ], [ 141.636485222000033, 42.615790106000077 ], [ 141.549571160000028, 42.601141669000071 ], [ 141.427744988000086, 42.564398505000042 ], [ 141.262461785000028, 42.468247789000088 ], [ 141.234629754000025, 42.458685614000046 ], [ 141.215098504000025, 42.444525458000044 ], [ 141.203298373000052, 42.441351630000042 ], [ 141.191172722000033, 42.440334377000056 ], [ 141.179698113000086, 42.437445380000042 ], [ 141.168711785000028, 42.433294989000046 ], [ 141.091563347000033, 42.391791083000044 ], [ 141.073252800000091, 42.377142645000049 ], [ 141.016774936000047, 42.316107489000046 ], [ 141.000987175000091, 42.304836330000057 ], [ 140.989756707000083, 42.30141836100006 ], [ 140.977305535000028, 42.299627997000073 ], [ 140.964691602000016, 42.300482489000046 ], [ 140.95240319100003, 42.304836330000057 ], [ 140.945811394000089, 42.310248114000046 ], [ 140.937022332000083, 42.31976959800005 ], [ 140.931651238000086, 42.32876211100006 ], [ 140.936045769000089, 42.332709052000041 ], [ 140.975433790000011, 42.326564846000053 ], [ 140.984141472000033, 42.329046942000048 ], [ 140.986827019000089, 42.339829820000034 ], [ 140.974619988000086, 42.346625067000048 ], [ 140.94695071700005, 42.353216864000046 ], [ 140.926524285000028, 42.365179755000042 ], [ 140.917979363000086, 42.372544664000088 ], [ 140.912119988000086, 42.380560614000046 ], [ 140.901377800000091, 42.420843817000048 ], [ 140.73365319100003, 42.564154364000046 ], [ 140.686289910000028, 42.579169012000079 ], [ 140.662933790000011, 42.579820054000038 ], [ 140.597422722000033, 42.57172272300005 ], [ 140.525645379000025, 42.580633856000077 ], [ 140.500661655000044, 42.579169012000079 ], [ 140.457530144000089, 42.564276434000078 ], [ 140.417002800000091, 42.538153387000079 ], [ 140.380869988000086, 42.505072333000044 ], [ 140.32545006600003, 42.432806708000044 ], [ 140.30396569100003, 42.392971096000053 ], [ 140.288584832000083, 42.350165106000077 ], [ 140.281504754000025, 42.304836330000057 ], [ 140.291758660000028, 42.259588934000078 ], [ 140.321625196000014, 42.233954169000071 ], [ 140.424082879000025, 42.192287502000056 ], [ 140.456390821000014, 42.173081773000035 ], [ 140.530284050000091, 42.111761786000045 ], [ 140.548838738000086, 42.105536200000074 ], [ 140.57195071700005, 42.107855536000045 ], [ 140.610118035000028, 42.117621161000045 ], [ 140.674082879000025, 42.122056382000039 ], [ 140.693207227000016, 42.126166083000044 ], [ 140.713552280000044, 42.133490302000041 ], [ 140.773610873000052, 42.10219961100006 ], [ 140.789317254000025, 42.07453034100007 ], [ 140.837087436000047, 42.023627020000049 ], [ 140.853688998000052, 42.011216539000088 ], [ 140.891774936000047, 41.991522528000075 ], [ 140.908457879000025, 41.978949286000045 ], [ 140.97429446700005, 41.913763739000046 ], [ 140.992198113000086, 41.902167059000078 ], [ 141.011566602000016, 41.893744208000044 ], [ 141.033702019000089, 41.888739325000074 ], [ 141.059580925000091, 41.887111721000053 ], [ 141.08326256600003, 41.882635809000078 ], [ 141.106944207000083, 41.871771552000041 ], [ 141.182790561000047, 41.818304755000042 ], [ 141.199961785000028, 41.79946523600006 ], [ 141.189952019000089, 41.790920315000051 ], [ 141.143565300000091, 41.78579336100006 ], [ 141.121592644000089, 41.779364325000074 ], [ 141.104014519000089, 41.770412502000056 ], [ 141.043304884, 41.723863023000035 ], [ 141.006358269000089, 41.712144273000035 ], [ 140.959971550000091, 41.721991278000075 ], [ 140.87427819100003, 41.758246161000045 ], [ 140.823985222000033, 41.770697333000044 ], [ 140.77507571700005, 41.770412502000056 ], [ 140.729991082000083, 41.749986070000034 ], [ 140.708018425000091, 41.74555084800005 ], [ 140.698578321000014, 41.759833075000074 ], [ 140.70671634200005, 41.774115302000041 ], [ 140.722422722000033, 41.783351955000057 ], [ 140.733409050000091, 41.793646552000041 ], [ 140.727224155000044, 41.811346747000073 ], [ 140.708994988000086, 41.824408270000049 ], [ 140.68482506600003, 41.829901434000078 ], [ 140.660411004000025, 41.827134507000039 ], [ 140.641612175000091, 41.81509023600006 ], [ 140.631358269000089, 41.797308661000045 ], [ 140.615733269000089, 41.754706122000073 ], [ 140.604258660000028, 41.736273505000042 ], [ 140.544769727000016, 41.712591864000046 ], [ 140.53484134200005, 41.705267645000049 ], [ 140.523448113000086, 41.69867584800005 ], [ 140.470062696000014, 41.687201239000046 ], [ 140.452891472000033, 41.681057033000059 ], [ 140.43327884200005, 41.644680080000057 ], [ 140.443207227000016, 41.563706773000035 ], [ 140.432383660000028, 41.530829169000071 ], [ 140.400645379000025, 41.513006903000075 ], [ 140.27466881600003, 41.482367255000042 ], [ 140.259532097000033, 41.472723700000074 ], [ 140.241221550000091, 41.457220770000049 ], [ 140.22584069100003, 41.437933661000045 ], [ 140.219493035000028, 41.417181708000044 ], [ 140.208994988000086, 41.401109117000033 ], [ 140.185069207000083, 41.403794664000088 ], [ 140.137461785000028, 41.420965887000079 ], [ 140.126800977000016, 41.420477606000077 ], [ 140.109711134, 41.414862372000073 ], [ 140.100352410000028, 41.41351959800005 ], [ 140.088389519000089, 41.416815497000073 ], [ 140.062998894000089, 41.431341864000046 ], [ 140.052093946000014, 41.434637762000079 ], [ 140.038259311000047, 41.442572333000044 ], [ 140.028168165000011, 41.461411851000037 ], [ 140.014008009, 41.502875067000048 ], [ 139.98365319100003, 41.560492255000042 ], [ 139.979828321000014, 41.581732489000046 ], [ 139.984222852000016, 41.603176174000055 ], [ 140.003428582000083, 41.634670315000051 ], [ 140.019541863000086, 41.696966864000046 ], [ 140.071136915000011, 41.760199286000045 ], [ 140.083018425000091, 41.800767320000034 ], [ 140.087412957000083, 41.805121161000045 ], [ 140.109385613000086, 41.803412177000041 ], [ 140.117686394000089, 41.804510809000078 ], [ 140.126719597000033, 41.814032294000071 ], [ 140.129730665000011, 41.823228257000039 ], [ 140.131358269000089, 41.845526434000078 ], [ 140.130625847000033, 41.851507880000042 ], [ 140.124359571000014, 41.860052802000041 ], [ 140.123871290000011, 41.865952867000033 ], [ 140.127777540000011, 41.870794989000046 ], [ 140.134938998000052, 41.875148830000057 ], [ 140.145030144000089, 41.879584052000041 ], [ 140.147146030000044, 41.891343492000033 ], [ 140.147959832000083, 41.907538153000075 ], [ 140.151703321000014, 41.913763739000046 ], [ 140.145192905000044, 41.929632880000042 ], [ 140.139659050000091, 41.948716539000088 ], [ 140.138438347000033, 41.967515367000033 ], [ 140.145030144000089, 41.982652085000041 ], [ 140.111827019000089, 42.011135158000059 ], [ 140.061045769000089, 42.080023505000042 ], [ 140.027598504000025, 42.105536200000074 ], [ 139.927500847000033, 42.138902085000041 ], [ 139.909353061000047, 42.15656159100007 ], [ 139.908213738000086, 42.160834052000041 ], [ 139.903086785000028, 42.165594794000071 ], [ 139.883636915000011, 42.194973049000055 ], [ 139.874359571000014, 42.199896552000041 ], [ 139.84343509200005, 42.208563544000071 ], [ 139.798350457000083, 42.235907294000071 ], [ 139.787445509, 42.246771552000041 ], [ 139.777598504000025, 42.271144924000055 ], [ 139.767588738000086, 42.310980536000045 ], [ 139.772308790000011, 42.330471096000053 ], [ 139.78443444100003, 42.350816148000035 ], [ 139.826182488000086, 42.402044989000046 ], [ 139.836761915000011, 42.423895575000074 ], [ 139.849619988000086, 42.469305731000077 ], [ 139.84929446700005, 42.514146226000037 ], [ 139.832774285000028, 42.588812567000048 ], [ 139.84343509200005, 42.626939195000034 ], [ 139.876963738000086, 42.663397528000075 ], [ 139.91724694100003, 42.677232164000088 ], [ 140.014008009, 42.681586005000042 ], [ 140.037852410000028, 42.686021226000037 ], [ 140.053884311000047, 42.694159247000073 ], [ 140.095469597000033, 42.733791408000059 ], [ 140.10515384200005, 42.739081122000073 ], [ 140.115489129000025, 42.742092190000051 ], [ 140.127614780000044, 42.742987372000073 ], [ 140.135915561000047, 42.747137762000079 ], [ 140.144297722000033, 42.756984768000052 ], [ 140.169769727000016, 42.795843817000048 ], [ 140.183360222000033, 42.810207424000055 ], [ 140.200368686000047, 42.814276434000078 ], [ 140.222911004000025, 42.801336981000077 ], [ 140.24577884200005, 42.772935289000088 ], [ 140.260752800000091, 42.760972398000035 ], [ 140.281504754000025, 42.75726959800005 ], [ 140.303233269000089, 42.769720770000049 ], [ 140.309906446000014, 42.793198960000041 ], [ 140.31177819100003, 42.815985419000071 ], [ 140.319102410000028, 42.826239325000074 ], [ 140.337412957000083, 42.834133205000057 ], [ 140.352061394000089, 42.85297272300005 ], [ 140.377126498000052, 42.893784898000035 ], [ 140.393077019000089, 42.90851471600007 ], [ 140.461192254000025, 42.958889065000051 ], [ 140.50318444100003, 42.980047919000071 ], [ 140.52116946700005, 42.996283270000049 ], [ 140.527110222000033, 43.015448309000078 ], [ 140.51685631600003, 43.029974677000041 ], [ 140.501963738000086, 43.045721747000073 ], [ 140.494395379000025, 43.068548895000049 ], [ 140.487315300000091, 43.082709052000041 ], [ 140.439219597000033, 43.134019273000035 ], [ 140.406097852000016, 43.160223700000074 ], [ 140.367930535000028, 43.183091539000088 ], [ 140.338063998000052, 43.210516669000071 ], [ 140.32935631600003, 43.250718492000033 ], [ 140.360118035000028, 43.325181382000039 ], [ 140.409515821000014, 43.324693101000037 ], [ 140.433929884, 43.32843659100007 ], [ 140.452891472000033, 43.338853257000039 ], [ 140.458181186000047, 43.34796784100007 ], [ 140.461192254000025, 43.358587958000044 ], [ 140.465098504000025, 43.368068752000056 ], [ 140.473317905000044, 43.373602606000077 ], [ 140.487152540000011, 43.372381903000075 ], [ 140.49968509200005, 43.365179755000042 ], [ 140.510264519000089, 43.357001044000071 ], [ 140.518077019000089, 43.353176174000055 ], [ 140.535166863000086, 43.347886460000041 ], [ 140.620941602000016, 43.301214911000045 ], [ 140.638845248000052, 43.288885809000078 ], [ 140.668793165000011, 43.260321356000077 ], [ 140.689219597000033, 43.24835846600007 ], [ 140.76140384200005, 43.223456122000073 ], [ 140.771250847000033, 43.215521552000041 ], [ 140.786306186000047, 43.20062897300005 ], [ 140.79615319100003, 43.195502020000049 ], [ 140.809906446000014, 43.192450262000079 ], [ 140.912608269000089, 43.204169012000079 ], [ 140.988291863000086, 43.226996161000045 ], [ 141.011241082000083, 43.228989976000037 ], [ 141.022308790000011, 43.223781643000052 ], [ 141.012217644000089, 43.210516669000071 ], [ 141.004405144000089, 43.193060614000046 ], [ 141.021983269000089, 43.174994208000044 ], [ 141.032562696000014, 43.172308661000045 ], [ 141.069834832000083, 43.168850002000056 ], [ 141.110850457000083, 43.156195380000042 ], [ 141.135508660000028, 43.152411200000074 ], [ 141.156504754000025, 43.143011786000045 ], [ 141.169118686000047, 43.140855210000041 ], [ 141.187266472000033, 43.141506252000056 ], [ 141.20085696700005, 43.143622137000079 ], [ 141.227549675000091, 43.154486395000049 ], [ 141.30396569100003, 43.197251695000034 ], [ 141.370860222000033, 43.250718492000033 ], [ 141.397471550000091, 43.279730536000045 ], [ 141.423350457000083, 43.317857164000088 ], [ 141.440114780000044, 43.361721096000053 ], [ 141.439707879000025, 43.407782294000071 ], [ 141.42701256600003, 43.434556382000039 ], [ 141.370860222000033, 43.497137762000079 ], [ 141.359873894000089, 43.523586330000057 ], [ 141.362478061000047, 43.543361721000053 ], [ 141.374522332000083, 43.560532945000034 ], [ 141.391368035000028, 43.579087632000039 ], [ 141.37273196700005, 43.618231512000079 ], [ 141.364024285000028, 43.627508856000077 ], [ 141.366953972000033, 43.646307684000078 ], [ 141.343923373000052, 43.690171617000033 ], [ 141.337412957000083, 43.712836005000042 ], [ 141.343597852000016, 43.731512762000079 ], [ 141.358164910000028, 43.755804755000042 ], [ 141.385020379000025, 43.79132721600007 ], [ 141.402110222000033, 43.803615627000056 ], [ 141.424815300000091, 43.814601955000057 ], [ 141.448008660000028, 43.822495835000041 ], [ 141.490570509, 43.827337958000044 ], [ 141.510020379000025, 43.832586981000077 ], [ 141.528168165000011, 43.841213283000059 ], [ 141.584727410000028, 43.875433661000045 ], [ 141.615733269000089, 43.902777411000045 ], [ 141.640635613000086, 43.937933661000045 ], [ 141.658946160000028, 43.983791408000059 ], [ 141.667165561000047, 44.025091864000046 ], [ 141.670176629000025, 44.066636460000041 ], [ 141.655446811000047, 44.276922919000071 ], [ 141.66570071700005, 44.312730210000041 ], [ 141.747243686000047, 44.424221096000053 ], [ 141.791758660000028, 44.596991278000075 ], [ 141.796071811000047, 44.641750393000052 ], [ 141.783457879000025, 44.765366929000038 ], [ 141.75359134200005, 44.885443427000041 ], [ 141.721853061000047, 44.955145575000074 ], [ 141.586436394000089, 45.16437409100007 ], [ 141.574880405000044, 45.206854559000078 ], [ 141.583750847000033, 45.251166083000044 ], [ 141.589691602000016, 45.258205471000053 ], [ 141.609873894000089, 45.275864976000037 ], [ 141.617849155000044, 45.285345770000049 ], [ 141.622569207000083, 45.295965887000079 ], [ 141.62468509200005, 45.305487372000073 ], [ 141.627696160000028, 45.314398505000042 ], [ 141.649180535000028, 45.341009833000044 ], [ 141.650157097000033, 45.357367255000042 ], [ 141.639008009, 45.38898346600007 ], [ 141.637054884, 45.404445705000057 ], [ 141.639414910000028, 45.421128648000035 ], [ 141.647959832000083, 45.437201239000046 ], [ 141.66570071700005, 45.450425523000035 ], [ 141.677256707000083, 45.444322007000039 ], [ 141.683604363000086, 45.43618398600006 ], [ 141.686289910000028, 45.425523179000038 ], [ 141.68677819100003, 45.412298895000049 ], [ 141.692149285000028, 45.402289130000042 ], [ 141.704437696000014, 45.402085679000038 ], [ 141.727712436000047, 45.408880927000041 ], [ 141.774099155000044, 45.412909247000073 ], [ 141.823252800000091, 45.422552802000041 ], [ 141.857595248000052, 45.440334377000056 ], [ 141.86841881600003, 45.443019924000055 ], [ 141.875336134, 45.448187567000048 ], [ 141.877207879000025, 45.460191148000035 ], [ 141.877207879000025, 45.473863023000035 ], [ 141.878672722000033, 45.484035549000055 ], [ 141.893890821000014, 45.500555731000077 ], [ 141.919444207000083, 45.515855210000041 ], [ 141.94499759200005, 45.520412502000056 ], [ 141.960459832000083, 45.510239976000037 ], [ 141.977549675000091, 45.48078034100007 ], [ 141.98755944100003, 45.468491929000038 ], [ 142.001800977000016, 45.463446356000077 ], [ 142.017751498000052, 45.45571523600006 ], [ 142.056651238000086, 45.402044989000046 ], [ 142.096527540000011, 45.372300523000035 ], [ 142.183116082000083, 45.325995184000078 ], [ 142.221202019000089, 45.299627997000073 ], [ 142.539317254000025, 45.018459377000056 ], [ 142.614268425000091, 44.903876044000071 ], [ 142.630707227000016, 44.883734442000048 ], [ 142.66570071700005, 44.86664459800005 ], [ 142.714040561000047, 44.806219794000071 ], [ 142.90748131600003, 44.647406317000048 ], [ 142.939789259, 44.634711005000042 ], [ 142.981455925000091, 44.586493231000077 ], [ 143.042735222000033, 44.554917710000041 ], [ 143.11841881600003, 44.496893622000073 ], [ 143.204437696000014, 44.447251695000034 ], [ 143.224864129000025, 44.442450262000079 ], [ 143.240733269000089, 44.436346747000073 ], [ 143.27857506600003, 44.406154690000051 ], [ 143.296885613000086, 44.394680080000057 ], [ 143.340098504000025, 44.386542059000078 ], [ 143.351410352000016, 44.381048895000049 ], [ 143.368500196000014, 44.351385809000078 ], [ 143.369151238000086, 44.346258856000077 ], [ 143.396494988000086, 44.322943427000041 ], [ 143.405284050000091, 44.317450262000079 ], [ 143.55241946700005, 44.252508856000077 ], [ 143.77662194100003, 44.189276434000078 ], [ 143.77662194100003, 44.182359117000033 ], [ 143.695323113000086, 44.189846096000053 ], [ 143.680430535000028, 44.182359117000033 ], [ 143.685069207000083, 44.175930080000057 ], [ 143.708994988000086, 44.157863674000055 ], [ 143.714610222000033, 44.151353257000039 ], [ 143.728282097000033, 44.113470770000049 ], [ 143.738454623000052, 44.117987372000073 ], [ 143.742442254000025, 44.120917059000078 ], [ 143.75709069100003, 44.110174872000073 ], [ 143.769704623000052, 44.103745835000041 ], [ 143.783213738000086, 44.100653387000079 ], [ 143.929698113000086, 44.098944403000075 ], [ 143.937754754000025, 44.096421617000033 ], [ 143.96607506600003, 44.120062567000048 ], [ 143.983246290000011, 44.129950262000079 ], [ 143.999196811000047, 44.133978583000044 ], [ 144.119313998000052, 44.129055080000057 ], [ 144.153086785000028, 44.117254950000074 ], [ 144.171722852000016, 44.106024481000077 ], [ 144.17156009200005, 44.102728583000044 ], [ 144.158702019000089, 44.100653387000079 ], [ 144.140391472000033, 44.093003648000035 ], [ 144.126800977000016, 44.080145575000074 ], [ 144.105479363000086, 44.03156159100007 ], [ 144.13835696700005, 44.020697333000044 ], [ 144.152842644000089, 44.01984284100007 ], [ 144.167002800000091, 44.025376695000034 ], [ 144.177582227000016, 44.035223700000074 ], [ 144.18873131600003, 44.050279039000088 ], [ 144.197601759, 44.067206122000073 ], [ 144.201182488000086, 44.082464911000045 ], [ 144.215098504000025, 44.111476955000057 ], [ 144.242930535000028, 44.119208075000074 ], [ 144.263438347000033, 44.107814846000053 ], [ 144.255869988000086, 44.079413153000075 ], [ 144.268321160000028, 44.049383856000077 ], [ 144.278330925000091, 44.036769924000055 ], [ 144.293711785000028, 44.03156159100007 ], [ 144.302256707000083, 44.024115302000041 ], [ 144.318614129000025, 43.991197007000039 ], [ 144.32781009200005, 43.983791408000059 ], [ 144.336599155000044, 43.980292059000078 ], [ 144.379405144000089, 43.95648834800005 ], [ 144.395355665000011, 43.950873114000046 ], [ 144.430430535000028, 43.942572333000044 ], [ 144.570323113000086, 43.924790757000039 ], [ 144.740489129000025, 43.914618231000077 ], [ 144.788096550000091, 43.921779690000051 ], [ 144.831228061000047, 43.942206122000073 ], [ 144.947601759, 44.034084377000056 ], [ 145.037282748000052, 44.110419012000079 ], [ 145.04851321700005, 44.122137762000079 ], [ 145.119313998000052, 44.154486395000049 ], [ 145.166677280000044, 44.190497137000079 ], [ 145.184906446000014, 44.195461330000057 ], [ 145.201670769000089, 44.205796617000033 ], [ 145.250254754000025, 44.27179596600007 ], [ 145.289724155000044, 44.298895575000074 ], [ 145.309743686000047, 44.316351630000042 ], [ 145.318369988000086, 44.336330471000053 ], [ 145.322764519000089, 44.341782945000034 ], [ 145.332041863000086, 44.346136786000045 ], [ 145.34148196700005, 44.345526434000078 ], [ 145.349457227000016, 44.325995184000078 ], [ 145.367198113000086, 44.302883205000057 ], [ 145.373057488000086, 44.292222398000035 ], [ 145.371836785000028, 44.248765367000033 ], [ 145.349864129000025, 44.211615302000041 ], [ 145.290537957000083, 44.154486395000049 ], [ 145.279144727000016, 44.133937893000052 ], [ 145.26921634200005, 44.085150458000044 ], [ 145.260427280000044, 44.069403387000079 ], [ 145.16960696700005, 43.985296942000048 ], [ 145.144297722000033, 43.952948309000078 ], [ 145.12232506600003, 43.917059637000079 ], [ 145.106130405000044, 43.880764065000051 ], [ 145.115977410000028, 43.862453518000052 ], [ 145.109873894000089, 43.841945705000057 ], [ 145.098480665000011, 43.822821356000077 ], [ 145.089203321000014, 43.800726630000042 ], [ 145.074717644000089, 43.786037502000056 ], [ 145.071462436000047, 43.774603583000044 ], [ 145.072276238000086, 43.761542059000078 ], [ 145.074717644000089, 43.753729559000078 ], [ 145.115977410000028, 43.686835028000075 ], [ 145.13013756600003, 43.671576239000046 ], [ 145.194834832000083, 43.620672919000071 ], [ 145.207530144000089, 43.60687897300005 ], [ 145.218516472000033, 43.589667059000078 ], [ 145.22624759200005, 43.56976959800005 ], [ 145.229014519000089, 43.548041083000044 ], [ 145.232269727000016, 43.539943752000056 ], [ 145.246836785000028, 43.530462958000044 ], [ 145.252126498000052, 43.51430898600006 ], [ 145.264414910000028, 43.48969147300005 ], [ 145.290782097000033, 43.405340887000079 ], [ 145.311696811000047, 43.366766669000071 ], [ 145.345713738000086, 43.332709052000041 ], [ 145.393565300000091, 43.305365302000041 ], [ 145.361664259, 43.301459052000041 ], [ 145.299164259, 43.34125397300005 ], [ 145.270030144000089, 43.346380927000041 ], [ 145.260508660000028, 43.338568427000041 ], [ 145.258311394000089, 43.327093817000048 ], [ 145.264496290000011, 43.31671784100007 ], [ 145.280284050000091, 43.312201239000046 ], [ 145.29810631600003, 43.309271552000041 ], [ 145.315114780000044, 43.302923895000049 ], [ 145.320811394000089, 43.295965887000079 ], [ 145.304209832000083, 43.291693427000041 ], [ 145.321625196000014, 43.276271877000056 ], [ 145.351084832000083, 43.265448309000078 ], [ 145.383636915000011, 43.259019273000035 ], [ 145.46843509200005, 43.252997137000079 ], [ 145.491953972000033, 43.244574286000045 ], [ 145.517100457000083, 43.228989976000037 ], [ 145.521983269000089, 43.241197007000039 ], [ 145.51335696700005, 43.248846747000073 ], [ 145.501312696000014, 43.256984768000052 ], [ 145.496592644000089, 43.270575262000079 ], [ 145.503103061000047, 43.277533270000049 ], [ 145.540863477000016, 43.301662502000056 ], [ 145.582286004000025, 43.335760809000078 ], [ 145.594899936000047, 43.342840887000079 ], [ 145.620860222000033, 43.34796784100007 ], [ 145.633799675000091, 43.353176174000055 ], [ 145.64031009200005, 43.359767971000053 ], [ 145.643728061000047, 43.366888739000046 ], [ 145.649180535000028, 43.373765367000033 ], [ 145.661631707000083, 43.379828192000048 ], [ 145.675954623000052, 43.381984768000052 ], [ 145.723155144000089, 43.379828192000048 ], [ 145.731618686000047, 43.382025458000044 ], [ 145.744395379000025, 43.391791083000044 ], [ 145.750336134, 43.394110419000071 ], [ 145.75709069100003, 43.393133856000077 ], [ 145.761485222000033, 43.390814520000049 ], [ 145.764496290000011, 43.388373114000046 ], [ 145.767425977000016, 43.387274481000077 ] ] ], [ [ [ 123.814707879000025, 24.391750393000052 ], [ 123.834727410000028, 24.395493882000039 ], [ 123.872080925000091, 24.390122789000088 ], [ 123.910492384, 24.37954336100006 ], [ 123.934418165000011, 24.36749909100007 ], [ 123.936045769000089, 24.341457424000055 ], [ 123.915537957000083, 24.306830145000049 ], [ 123.873057488000086, 24.258246161000045 ], [ 123.85124759200005, 24.256984768000052 ], [ 123.74577884200005, 24.281236070000091 ], [ 123.683441602000016, 24.285305080000057 ], [ 123.668223504000025, 24.296616929000038 ], [ 123.683767123000052, 24.323472398000035 ], [ 123.687673373000052, 24.320502020000049 ], [ 123.690928582000083, 24.318833726000037 ], [ 123.698008660000028, 24.315985419000071 ], [ 123.707041863000086, 24.328680731000077 ], [ 123.717539910000028, 24.32367584800005 ], [ 123.729258660000028, 24.315741278000075 ], [ 123.742360873000052, 24.319728908000059 ], [ 123.748057488000086, 24.329575914000088 ], [ 123.75318444100003, 24.364447333000044 ], [ 123.76531009200005, 24.40110911700009 ], [ 123.76685631600003, 24.409409898000035 ], [ 123.769867384, 24.418361721000053 ], [ 123.776866082000083, 24.419745184000078 ], [ 123.784922722000033, 24.416083075000074 ], [ 123.791270379000025, 24.40961334800005 ], [ 123.814707879000025, 24.391750393000052 ] ] ], [ [ [ 123.002614780000044, 24.474310614000046 ], [ 123.016368035000028, 24.469794012000079 ], [ 123.018239780000044, 24.45929596600007 ], [ 123.011078321000014, 24.447699286000045 ], [ 122.998383009, 24.439520575000074 ], [ 122.987803582000083, 24.443304755000042 ], [ 122.947520379000025, 24.439520575000074 ], [ 122.938649936000047, 24.444240627000056 ], [ 122.938161655000044, 24.454820054000038 ], [ 122.94459069100003, 24.46625397300005 ], [ 122.955577019000089, 24.473130601000037 ], [ 122.967946811000047, 24.471177476000037 ], [ 123.002614780000044, 24.474310614000046 ] ] ], [ [ [ 124.329112175000091, 24.583563544000071 ], [ 124.332286004000025, 24.57103099200009 ], [ 124.326914910000028, 24.56118398600006 ], [ 124.319021030000044, 24.55304596600007 ], [ 124.309092644000089, 24.534857489000046 ], [ 124.273936394000089, 24.487941799000055 ], [ 124.260508660000028, 24.445257880000042 ], [ 124.253916863000086, 24.40180084800005 ], [ 124.24187259200005, 24.363714911000045 ], [ 124.211924675000091, 24.337103583000044 ], [ 124.17701256600003, 24.332993882000039 ], [ 124.14031009200005, 24.341986395000049 ], [ 124.122243686000047, 24.360581773000035 ], [ 124.143077019000089, 24.384914455000057 ], [ 124.132578972000033, 24.391994533000059 ], [ 124.128754102000016, 24.403550523000035 ], [ 124.12273196700005, 24.414292710000041 ], [ 124.105723504000025, 24.419094143000052 ], [ 124.088633660000028, 24.421942450000074 ], [ 124.077891472000033, 24.42845286700009 ], [ 124.078379754000025, 24.435492255000042 ], [ 124.095225457000083, 24.439520575000074 ], [ 124.101735873000052, 24.446600653000075 ], [ 124.112315300000091, 24.463364976000037 ], [ 124.116221550000091, 24.467474677000041 ], [ 124.129161004000025, 24.46938711100006 ], [ 124.132985873000052, 24.464016018000052 ], [ 124.13445071700005, 24.456773179000038 ], [ 124.13990319100003, 24.453192450000074 ], [ 124.147959832000083, 24.446356512000079 ], [ 124.156504754000025, 24.441636460000041 ], [ 124.167816602000016, 24.439520575000074 ], [ 124.191254102000016, 24.440008856000077 ], [ 124.202159050000091, 24.442206122000073 ], [ 124.211924675000091, 24.446966864000046 ], [ 124.222422722000033, 24.461004950000074 ], [ 124.230316602000016, 24.47915273600006 ], [ 124.240244988000086, 24.49485911700009 ], [ 124.256602410000028, 24.501613674000055 ], [ 124.268402540000011, 24.510443427000041 ], [ 124.300629102000016, 24.569891669000071 ], [ 124.314463738000086, 24.587307033000059 ], [ 124.321299675000091, 24.590277411000045 ], [ 124.329112175000091, 24.583563544000071 ] ] ], [ [ [ 141.357758009, 24.789618231000077 ], [ 141.365489129000025, 24.777736721000053 ], [ 141.357269727000016, 24.773423570000091 ], [ 141.342621290000011, 24.77212148600006 ], [ 141.330577019000089, 24.769110419000071 ], [ 141.320323113000086, 24.758612372000073 ], [ 141.302582227000016, 24.734361070000091 ], [ 141.289561394000089, 24.726955471000053 ], [ 141.289805535000028, 24.760239976000037 ], [ 141.29265384200005, 24.773871161000045 ], [ 141.299489780000044, 24.78587474200009 ], [ 141.311696811000047, 24.791815497000073 ], [ 141.330251498000052, 24.794094143000052 ], [ 141.347992384, 24.793117580000057 ], [ 141.357758009, 24.789618231000077 ] ] ], [ [ [ 125.387217644000089, 24.782171942000048 ], [ 125.404633009, 24.778387762000079 ], [ 125.426280144000089, 24.768866278000075 ], [ 125.444834832000083, 24.756740627000056 ], [ 125.452647332000083, 24.744940497000073 ], [ 125.444021030000044, 24.737209377000056 ], [ 125.42351321700005, 24.732245184000078 ], [ 125.383799675000091, 24.726955471000053 ], [ 125.299652540000011, 24.725653387000079 ], [ 125.258799675000091, 24.733384507000039 ], [ 125.256846550000091, 24.751695054000038 ], [ 125.261485222000033, 24.763861395000049 ], [ 125.273936394000089, 24.820013739000046 ], [ 125.274750196000014, 24.856431382000039 ], [ 125.271006707000083, 24.86782461100006 ], [ 125.260264519000089, 24.885199286000045 ], [ 125.262461785000028, 24.884344794000071 ], [ 125.274424675000091, 24.882228908000059 ], [ 125.285166863000086, 24.877346096000053 ], [ 125.290212436000047, 24.873928127000056 ], [ 125.294444207000083, 24.869574286000045 ], [ 125.302256707000083, 24.857570705000057 ], [ 125.314219597000033, 24.829901434000078 ], [ 125.321625196000014, 24.816880601000037 ], [ 125.326670769000089, 24.810736395000049 ], [ 125.358246290000011, 24.782619533000059 ], [ 125.365570509, 24.77993398600006 ], [ 125.387217644000089, 24.782171942000048 ] ] ], [ [ [ 131.25513756600003, 25.874986070000091 ], [ 131.277110222000033, 25.858384507000039 ], [ 131.270518425000091, 25.853664455000057 ], [ 131.264170769000089, 25.84634023600006 ], [ 131.259287957000083, 25.837225653000075 ], [ 131.257334832000083, 25.827093817000048 ], [ 131.252452019000089, 25.819037177000041 ], [ 131.24146569100003, 25.818752346000053 ], [ 131.230723504000025, 25.821682033000059 ], [ 131.212087436000047, 25.829046942000048 ], [ 131.212738477000016, 25.841457424000055 ], [ 131.221202019000089, 25.855698960000041 ], [ 131.236094597000033, 25.872056382000039 ], [ 131.241058790000011, 25.875677802000041 ], [ 131.247080925000091, 25.876857815000051 ], [ 131.25513756600003, 25.874986070000091 ] ] ], [ [ [ 126.810069207000083, 26.35187409100007 ], [ 126.810313347000033, 26.34251536700009 ], [ 126.807383660000028, 26.332586981000077 ], [ 126.802093946000014, 26.323553778000075 ], [ 126.795746290000011, 26.31712474200009 ], [ 126.793711785000028, 26.312892971000053 ], [ 126.795095248000052, 26.30890534100007 ], [ 126.795176629000025, 26.305609442000048 ], [ 126.788910352000016, 26.30345286700009 ], [ 126.782399936000047, 26.304510809000078 ], [ 126.775401238000086, 26.308539130000042 ], [ 126.770030144000089, 26.314195054000038 ], [ 126.767832879000025, 26.320542710000041 ], [ 126.759938998000052, 26.334418036000045 ], [ 126.74146569100003, 26.341701565000051 ], [ 126.71998131600003, 26.346991278000075 ], [ 126.703623894000089, 26.355292059000078 ], [ 126.697764519000089, 26.369045315000051 ], [ 126.706797722000033, 26.379136460000041 ], [ 126.723643425000091, 26.385972398000035 ], [ 126.741709832000083, 26.389715887000079 ], [ 126.752126498000052, 26.390692450000074 ], [ 126.769867384, 26.388006903000075 ], [ 126.787119988000086, 26.380072333000044 ], [ 126.801442905000044, 26.367661851000037 ], [ 126.810069207000083, 26.35187409100007 ] ] ], [ [ [ 142.193207227000016, 26.646063544000071 ], [ 142.181407097000033, 26.644232489000046 ], [ 142.175547722000033, 26.638657945000091 ], [ 142.17505944100003, 26.630072333000044 ], [ 142.180186394000089, 26.618801174000055 ], [ 142.159922722000033, 26.632025458000044 ], [ 142.139008009, 26.662502346000053 ], [ 142.111338738000086, 26.721177476000037 ], [ 142.117686394000089, 26.721747137000079 ], [ 142.122406446000014, 26.720445054000038 ], [ 142.131846550000091, 26.714992580000057 ], [ 142.135752800000091, 26.706691799000055 ], [ 142.143239780000044, 26.702215887000079 ], [ 142.153493686000047, 26.700669664000088 ], [ 142.165863477000016, 26.701320705000057 ], [ 142.165863477000016, 26.694525458000044 ], [ 142.154307488000086, 26.686468817000048 ], [ 142.155609571000014, 26.67914459800005 ], [ 142.165782097000033, 26.674383856000077 ], [ 142.180186394000089, 26.674017645000049 ], [ 142.180186394000089, 26.666571356000077 ], [ 142.175547722000033, 26.663234768000052 ], [ 142.174815300000091, 26.661525783000059 ], [ 142.17505944100003, 26.659084377000056 ], [ 142.172699415000011, 26.653509833000044 ], [ 142.181813998000052, 26.657171942000048 ], [ 142.186208530000044, 26.657904364000046 ], [ 142.18913821700005, 26.654527085000041 ], [ 142.193207227000016, 26.646063544000071 ] ] ], [ [ [ 128.337657097000033, 26.796942450000074 ], [ 128.333343946000014, 26.793036200000074 ], [ 128.330251498000052, 26.787258205000057 ], [ 128.329844597000033, 26.780340887000079 ], [ 128.334239129000025, 26.773016669000071 ], [ 128.337657097000033, 26.76430898600006 ], [ 128.333343946000014, 26.756659247000073 ], [ 128.326833530000044, 26.750474351000037 ], [ 128.323415561000047, 26.746039130000042 ], [ 128.309743686000047, 26.721177476000037 ], [ 128.308848504000025, 26.717759507000039 ], [ 128.309743686000047, 26.704738674000055 ], [ 128.308116082000083, 26.700873114000046 ], [ 128.304209832000083, 26.701320705000057 ], [ 128.299978061000047, 26.70258209800005 ], [ 128.296641472000033, 26.701320705000057 ], [ 128.264414910000028, 26.652411200000074 ], [ 128.243337436000047, 26.633286851000037 ], [ 128.217133009, 26.62563711100006 ], [ 128.172211134, 26.623480536000045 ], [ 128.158864780000044, 26.618801174000055 ], [ 128.15162194100003, 26.612453518000052 ], [ 128.142832879000025, 26.601752020000049 ], [ 128.135264519000089, 26.590073960000041 ], [ 128.13209069100003, 26.581244208000044 ], [ 128.135020379000025, 26.577948309000078 ], [ 128.140879754000025, 26.576727606000077 ], [ 128.14576256600003, 26.573431708000044 ], [ 128.145192905000044, 26.564113674000055 ], [ 128.141774936000047, 26.556586005000042 ], [ 128.13835696700005, 26.554022528000075 ], [ 128.133067254000025, 26.553208726000037 ], [ 128.108734571000014, 26.545152085000041 ], [ 128.090342644000089, 26.542669989000046 ], [ 128.071625196000014, 26.544012762000079 ], [ 128.05591881600003, 26.550482489000046 ], [ 128.03638756600003, 26.527329820000091 ], [ 127.984141472000033, 26.478461005000042 ], [ 127.972015821000014, 26.471869208000044 ], [ 127.959971550000091, 26.470851955000057 ], [ 127.950938347000033, 26.466701565000051 ], [ 127.947276238000086, 26.451157945000091 ], [ 127.940277540000011, 26.447739976000037 ], [ 127.870616082000083, 26.447414455000057 ], [ 127.859873894000089, 26.44562409100007 ], [ 127.851735873000052, 26.441229559000078 ], [ 127.838877800000091, 26.42523834800005 ], [ 127.84302819100003, 26.417466539000088 ], [ 127.85474694100003, 26.412990627000056 ], [ 127.864756707000083, 26.406480210000041 ], [ 127.869802280000044, 26.393459377000056 ], [ 127.873383009, 26.364813544000071 ], [ 127.878265821000014, 26.35187409100007 ], [ 127.888845248000052, 26.339097398000035 ], [ 127.910166863000086, 26.323065497000073 ], [ 127.919932488000086, 26.309637762000079 ], [ 127.901866082000083, 26.30499909100007 ], [ 127.88209069100003, 26.310736395000049 ], [ 127.861501498000052, 26.319403387000079 ], [ 127.840830925000091, 26.323919989000046 ], [ 127.828298373000052, 26.316229559000078 ], [ 127.777517123000052, 26.233343817000048 ], [ 127.771006707000083, 26.216498114000046 ], [ 127.768402540000011, 26.197658596000053 ], [ 127.775401238000086, 26.185126044000071 ], [ 127.791514519000089, 26.185492255000042 ], [ 127.809906446000014, 26.189195054000038 ], [ 127.823578321000014, 26.186753648000035 ], [ 127.814219597000033, 26.165920315000051 ], [ 127.796885613000086, 26.139715887000079 ], [ 127.775726759, 26.121771552000041 ], [ 127.754893425000091, 26.12531159100007 ], [ 127.741709832000083, 26.115627346000053 ], [ 127.725352410000028, 26.089585679000038 ], [ 127.710134311000047, 26.084377346000053 ], [ 127.651703321000014, 26.084377346000053 ], [ 127.657074415000011, 26.121771552000041 ], [ 127.635915561000047, 26.191351630000042 ], [ 127.638194207000083, 26.214748440000051 ], [ 127.658457879000025, 26.21234772300005 ], [ 127.677744988000086, 26.230617580000057 ], [ 127.69263756600003, 26.256252346000053 ], [ 127.700205925000091, 26.27610911700009 ], [ 127.718272332000083, 26.27407461100006 ], [ 127.731293165000011, 26.28937409100007 ], [ 127.739105665000011, 26.30923086100006 ], [ 127.74187259200005, 26.320542710000041 ], [ 127.738617384, 26.341457424000055 ], [ 127.724375847000033, 26.385443427000041 ], [ 127.720713738000086, 26.406480210000041 ], [ 127.722504102000016, 26.429917710000041 ], [ 127.731293165000011, 26.439886786000045 ], [ 127.74773196700005, 26.441839911000045 ], [ 127.781097852000016, 26.441229559000078 ], [ 127.793711785000028, 26.442694403000075 ], [ 127.805186394000089, 26.44757721600007 ], [ 127.810069207000083, 26.457993882000039 ], [ 127.81373131600003, 26.457993882000039 ], [ 127.828786655000044, 26.48305898600006 ], [ 127.830577019000089, 26.488430080000057 ], [ 127.864268425000091, 26.505682684000078 ], [ 127.902679884, 26.516424872000073 ], [ 127.937510613000086, 26.532131252000056 ], [ 127.96021569100003, 26.564113674000055 ], [ 127.962412957000083, 26.581976630000042 ], [ 127.955902540000011, 26.594794012000079 ], [ 127.940603061000047, 26.602484442000048 ], [ 127.894297722000033, 26.609279690000051 ], [ 127.885590040000011, 26.620184637000079 ], [ 127.884776238000086, 26.635687567000048 ], [ 127.885752800000091, 26.653509833000044 ], [ 127.877940300000091, 26.686590887000079 ], [ 127.878265821000014, 26.694525458000044 ], [ 127.885427280000044, 26.696112372000073 ], [ 127.919932488000086, 26.694525458000044 ], [ 127.964610222000033, 26.697170315000051 ], [ 127.987315300000091, 26.692938544000071 ], [ 128.00123131600003, 26.680243231000077 ], [ 127.999522332000083, 26.671820380000042 ], [ 127.992523634, 26.663275458000044 ], [ 127.988536004000025, 26.65298086100006 ], [ 127.995616082000083, 26.639227606000077 ], [ 128.004405144000089, 26.634751695000091 ], [ 128.01490319100003, 26.634833075000074 ], [ 128.057383660000028, 26.644761460000041 ], [ 128.111094597000033, 26.674017645000049 ], [ 128.103282097000033, 26.691229559000078 ], [ 128.111338738000086, 26.70343659100007 ], [ 128.152354363000086, 26.731512762000079 ], [ 128.156993035000028, 26.737127997000073 ], [ 128.161957227000016, 26.757147528000075 ], [ 128.16920006600003, 26.76117584800005 ], [ 128.176117384, 26.762518622000073 ], [ 128.179453972000033, 26.765855210000041 ], [ 128.187998894000089, 26.780503648000035 ], [ 128.225922071000014, 26.800970770000049 ], [ 128.234629754000025, 26.813950914000088 ], [ 128.238536004000025, 26.832424221000053 ], [ 128.254405144000089, 26.864406643000052 ], [ 128.255056186000047, 26.886297919000071 ], [ 128.331390821000014, 26.813421942000048 ], [ 128.337657097000033, 26.796942450000074 ] ] ], [ [ [ 142.193207227000016, 27.091742255000042 ], [ 142.206553582000083, 27.09711334800005 ], [ 142.220876498000052, 27.098334052000041 ], [ 142.233246290000011, 27.094305731000077 ], [ 142.241058790000011, 27.08429596600007 ], [ 142.234629754000025, 27.050034898000035 ], [ 142.218516472000033, 27.040350653000075 ], [ 142.198578321000014, 27.05109284100007 ], [ 142.180186394000089, 27.078070380000042 ], [ 142.214366082000083, 27.063788153000075 ], [ 142.210703972000033, 27.072821356000077 ], [ 142.205577019000089, 27.080959377000056 ], [ 142.199554884, 27.087469794000071 ], [ 142.193207227000016, 27.091742255000042 ] ] ], [ [ [ 128.700694207000083, 27.454820054000038 ], [ 128.702484571000014, 27.451605536000045 ], [ 128.70281009200005, 27.450751044000071 ], [ 128.703461134, 27.450425523000035 ], [ 128.706879102000016, 27.448635158000059 ], [ 128.697601759, 27.435736395000049 ], [ 128.669769727000016, 27.421087958000044 ], [ 128.655772332000083, 27.410142320000091 ], [ 128.640472852000016, 27.384670315000051 ], [ 128.630707227000016, 27.375677802000041 ], [ 128.618174675000091, 27.379706122000073 ], [ 128.613129102000016, 27.364325262000079 ], [ 128.60474694100003, 27.361802476000037 ], [ 128.595469597000033, 27.36391836100006 ], [ 128.587412957000083, 27.36204661700009 ], [ 128.574473504000025, 27.353338934000078 ], [ 128.559906446000014, 27.350734768000052 ], [ 128.545420769000089, 27.353745835000041 ], [ 128.53248131600003, 27.36204661700009 ], [ 128.526866082000083, 27.371893622000073 ], [ 128.525157097000033, 27.384670315000051 ], [ 128.526133660000028, 27.397162177000041 ], [ 128.528819207000083, 27.406439520000049 ], [ 128.533864780000044, 27.415269273000035 ], [ 128.538422071000014, 27.417629299000055 ], [ 128.54656009200005, 27.417873440000051 ], [ 128.561534050000091, 27.420396226000037 ], [ 128.600271030000044, 27.415350653000075 ], [ 128.61882571700005, 27.415594794000071 ], [ 128.635264519000089, 27.423773505000042 ], [ 128.650401238000086, 27.434719143000052 ], [ 128.700694207000083, 27.454820054000038 ] ] ], [ [ [ 128.988780144000089, 27.811102606000077 ], [ 128.999522332000083, 27.802801825000074 ], [ 129.013194207000083, 27.79523346600007 ], [ 129.02466881600003, 27.786078192000048 ], [ 129.029633009, 27.773260809000078 ], [ 129.024261915000011, 27.75657786700009 ], [ 129.000254754000025, 27.727728583000044 ], [ 128.98951256600003, 27.707464911000045 ], [ 128.976328972000033, 27.695502020000049 ], [ 128.960703972000033, 27.685777085000041 ], [ 128.947032097000033, 27.681382554000038 ], [ 128.929453972000033, 27.686712958000044 ], [ 128.921885613000086, 27.700913804000038 ], [ 128.919281446000014, 27.71556224200009 ], [ 128.916351759, 27.722357489000046 ], [ 128.894541863000086, 27.728216864000046 ], [ 128.890879754000025, 27.741888739000046 ], [ 128.899261915000011, 27.769517320000091 ], [ 128.878916863000086, 27.824774481000077 ], [ 128.884287957000083, 27.836859442000048 ], [ 128.888519727000016, 27.853176174000055 ], [ 128.894541863000086, 27.891302802000041 ], [ 128.899912957000083, 27.895900783000059 ], [ 128.915212436000047, 27.900336005000042 ], [ 128.947032097000033, 27.914129950000074 ], [ 128.965505405000044, 27.894354559000078 ], [ 128.977305535000028, 27.836615302000041 ], [ 128.988780144000089, 27.811102606000077 ] ] ], [ [ [ 129.296641472000033, 28.119574286000045 ], [ 129.325531446000014, 28.123480536000045 ], [ 129.34734134200005, 28.106919664000088 ], [ 129.350433790000011, 28.086493231000077 ], [ 129.323985222000033, 28.078599351000037 ], [ 129.306407097000033, 28.094142971000053 ], [ 129.303477410000028, 28.09601471600007 ], [ 129.300791863000086, 28.100531317000048 ], [ 129.295176629000025, 28.09906647300005 ], [ 129.290537957000083, 28.09516022300005 ], [ 129.290375196000014, 28.092922268000052 ], [ 129.29070071700005, 28.088812567000048 ], [ 129.285411004000025, 28.08148834800005 ], [ 129.279144727000016, 28.077093817000048 ], [ 129.276133660000028, 28.082017320000091 ], [ 129.273610873000052, 28.083319403000075 ], [ 129.263926629000025, 28.09634023600006 ], [ 129.263031446000014, 28.099107164000088 ], [ 129.251800977000016, 28.100002346000053 ], [ 129.230642123000052, 28.096665757000039 ], [ 129.221446160000028, 28.099107164000088 ], [ 129.218109571000014, 28.10610586100006 ], [ 129.215993686000047, 28.130845445000091 ], [ 129.21412194100003, 28.14008209800005 ], [ 129.187022332000083, 28.174994208000044 ], [ 129.180837436000047, 28.190252997000073 ], [ 129.195811394000089, 28.195461330000057 ], [ 129.227712436000047, 28.195257880000042 ], [ 129.221527540000011, 28.176011460000041 ], [ 129.232595248000052, 28.170721747000073 ], [ 129.269297722000033, 28.174872137000079 ], [ 129.263926629000025, 28.167385158000059 ], [ 129.256032748000052, 28.159165757000039 ], [ 129.250498894000089, 28.15102773600006 ], [ 129.251800977000016, 28.143784898000035 ], [ 129.264170769000089, 28.134711005000042 ], [ 129.287771030000044, 28.125189520000049 ], [ 129.296641472000033, 28.119574286000045 ] ] ], [ [ [ 130.030284050000091, 28.373480536000045 ], [ 130.031016472000033, 28.356512762000079 ], [ 130.021494988000086, 28.331284898000035 ], [ 130.007660352000016, 28.306545315000051 ], [ 129.995453321000014, 28.290920315000051 ], [ 129.97820071700005, 28.283758856000077 ], [ 129.956553582000083, 28.284816799000055 ], [ 129.913584832000083, 28.297105210000041 ], [ 129.975596550000091, 28.343247789000088 ], [ 130.018321160000028, 28.364650783000059 ], [ 130.030284050000091, 28.373480536000045 ] ] ], [ [ [ 129.707530144000089, 28.462144273000035 ], [ 129.711436394000089, 28.455633856000077 ], [ 129.717295769000089, 28.450262762000079 ], [ 129.721690300000091, 28.444037177000041 ], [ 129.721039259, 28.434881903000075 ], [ 129.715993686000047, 28.42914459800005 ], [ 129.708506707000083, 28.428778387000079 ], [ 129.700531446000014, 28.42999909100007 ], [ 129.693858269000089, 28.428697007000039 ], [ 129.681651238000086, 28.421087958000044 ], [ 129.639414910000028, 28.405340887000079 ], [ 129.625254754000025, 28.402736721000053 ], [ 129.619313998000052, 28.400783596000053 ], [ 129.61687259200005, 28.396470445000091 ], [ 129.615244988000086, 28.389593817000048 ], [ 129.611175977000016, 28.38312409100007 ], [ 129.601898634, 28.38031647300005 ], [ 129.581553582000083, 28.370672919000071 ], [ 129.55396569100003, 28.32843659100007 ], [ 129.533457879000025, 28.318833726000037 ], [ 129.530039910000028, 28.31476471600007 ], [ 129.498871290000011, 28.287502346000053 ], [ 129.487315300000091, 28.282538153000075 ], [ 129.461192254000025, 28.291693427000041 ], [ 129.447438998000052, 28.290920315000051 ], [ 129.454844597000033, 28.277248440000051 ], [ 129.447764519000089, 28.266302802000041 ], [ 129.439626498000052, 28.259019273000035 ], [ 129.430430535000028, 28.254095770000049 ], [ 129.420176629000025, 28.249945380000042 ], [ 129.431651238000086, 28.241034247000073 ], [ 129.456879102000016, 28.225734768000052 ], [ 129.467946811000047, 28.215765692000048 ], [ 129.415212436000047, 28.185736395000049 ], [ 129.406504754000025, 28.184475002000056 ], [ 129.401540561000047, 28.163316148000035 ], [ 129.388682488000086, 28.16282786700009 ], [ 129.371104363000086, 28.167222398000035 ], [ 129.351817254000025, 28.160549221000053 ], [ 129.364431186000047, 28.154038804000038 ], [ 129.374522332000083, 28.140041408000059 ], [ 129.379405144000089, 28.125962632000039 ], [ 129.375987175000091, 28.119574286000045 ], [ 129.365733269000089, 28.123195705000057 ], [ 129.33757571700005, 28.147528387000079 ], [ 129.286631707000083, 28.177923895000049 ], [ 129.280284050000091, 28.190497137000079 ], [ 129.281423373000052, 28.204820054000038 ], [ 129.280772332000083, 28.218573309000078 ], [ 129.269297722000033, 28.229437567000048 ], [ 129.256358269000089, 28.214667059000078 ], [ 129.242442254000025, 28.21430084800005 ], [ 129.207855665000011, 28.229437567000048 ], [ 129.173594597000033, 28.236070054000038 ], [ 129.158946160000028, 28.240627346000053 ], [ 129.14576256600003, 28.249945380000042 ], [ 129.14576256600003, 28.25617096600007 ], [ 129.154470248000052, 28.260321356000077 ], [ 129.162852410000028, 28.262640692000048 ], [ 129.171397332000083, 28.261664130000042 ], [ 129.180511915000011, 28.25617096600007 ], [ 129.208832227000016, 28.264227606000077 ], [ 129.241384311000047, 28.256333726000037 ], [ 129.270843946000014, 28.255357164000088 ], [ 129.290375196000014, 28.284084377000056 ], [ 129.253672722000033, 28.284572658000059 ], [ 129.23951256600003, 28.290350653000075 ], [ 129.227712436000047, 28.304592190000051 ], [ 129.24146569100003, 28.312567450000074 ], [ 129.252452019000089, 28.321519273000035 ], [ 129.263926629000025, 28.32884349200009 ], [ 129.288259311000047, 28.333075262000079 ], [ 129.295664910000028, 28.336371161000045 ], [ 129.316254102000016, 28.350165106000077 ], [ 129.330577019000089, 28.363714911000045 ], [ 129.33130944100003, 28.366034247000073 ], [ 129.357269727000016, 28.368353583000044 ], [ 129.380625847000033, 28.366766669000071 ], [ 129.399587436000047, 28.37173086100006 ], [ 129.41334069100003, 28.39329661700009 ], [ 129.432302280000044, 28.386908270000049 ], [ 129.450938347000033, 28.39203522300005 ], [ 129.466156446000014, 28.404852606000077 ], [ 129.475352410000028, 28.421291408000059 ], [ 129.482432488000086, 28.411037502000056 ], [ 129.492686394000089, 28.404852606000077 ], [ 129.504405144000089, 28.399888414000088 ], [ 129.516368035000028, 28.39329661700009 ], [ 129.533457879000025, 28.430487372000073 ], [ 129.560801629000025, 28.451117255000042 ], [ 129.62623131600003, 28.48273346600007 ], [ 129.613942905000044, 28.44798411700009 ], [ 129.61646569100003, 28.438544012000079 ], [ 129.63249759200005, 28.434881903000075 ], [ 129.644053582000083, 28.43976471600007 ], [ 129.654307488000086, 28.452134507000039 ], [ 129.673350457000083, 28.48273346600007 ], [ 129.672536655000044, 28.487616278000075 ], [ 129.668793165000011, 28.495062567000048 ], [ 129.66724694100003, 28.502997137000079 ], [ 129.67310631600003, 28.509833075000074 ], [ 129.687754754000025, 28.508978583000044 ], [ 129.698008660000028, 28.49485911700009 ], [ 129.707530144000089, 28.462144273000035 ] ] ], [ [ [ 129.714854363000086, 29.654527085000041 ], [ 129.745941602000016, 29.661037502000056 ], [ 129.753754102000016, 29.645412502000056 ], [ 129.74382571700005, 29.622300523000035 ], [ 129.721039259, 29.606146552000041 ], [ 129.712901238000086, 29.629299221000053 ], [ 129.711436394000089, 29.642523505000042 ], [ 129.714854363000086, 29.654527085000041 ] ] ], [ [ [ 129.893565300000091, 29.874741929000038 ], [ 129.897418512000058, 29.846915495000076 ], [ 129.927256707000083, 29.825873114000046 ], [ 129.922129754000025, 29.823146877000056 ], [ 129.920420769000089, 29.819647528000075 ], [ 129.86340189200007, 29.82460653000004 ], [ 129.852347652000049, 29.839234318000081 ], [ 129.840184754, 29.849729430000082 ], [ 129.832772265000017, 29.873077651000074 ], [ 129.850980678000042, 29.886729695000042 ], [ 129.875336134, 29.878322658000059 ], [ 129.879567905000044, 29.879136460000041 ], [ 129.88404381600003, 29.878892320000034 ], [ 129.888682488000086, 29.877508856000077 ], [ 129.893565300000091, 29.874741929000038 ] ] ], [ [ [ 130.674571160000028, 30.374579169000071 ], [ 130.669444207000083, 30.339667059000078 ], [ 130.647146030000044, 30.290513414000088 ], [ 130.603751051000017, 30.252468518000057 ], [ 130.577279714000042, 30.23590585900007 ], [ 130.546829845000047, 30.231416228000057 ], [ 130.517719671, 30.22749239400008 ], [ 130.485977453000032, 30.225777010000058 ], [ 130.437713208000105, 30.238970153000082 ], [ 130.427139938000096, 30.255535937000047 ], [ 130.410633893000067, 30.291556319000051 ], [ 130.386264038000036, 30.339605661000064 ], [ 130.379012540000076, 30.365875685000049 ], [ 130.376246508, 30.394435997000073 ], [ 130.386485222000033, 30.398138739000046 ], [ 130.423361028000045, 30.398968251000042 ], [ 130.441172722000033, 30.422308661000045 ], [ 130.461182410000106, 30.441141568000035 ], [ 130.467118926000012, 30.457225267000069 ], [ 130.488345125000023, 30.457026279000047 ], [ 130.498950736000097, 30.467962261000082 ], [ 130.523692254000025, 30.449652411000045 ], [ 130.567825017000018, 30.435941711000055 ], [ 130.599588494000045, 30.412458198000081 ], [ 130.638678176000099, 30.402660769000079 ], [ 130.674571160000028, 30.374579169000071 ] ] ], [ [ [ 131.05201256600003, 30.840236721000053 ], [ 131.061538216000031, 30.840587948000064 ], [ 131.062406984000063, 30.824528995000037 ], [ 131.073594694, 30.799581581000041 ], [ 131.087933572, 30.782606299000065 ], [ 131.071207980000054, 30.769301799000061 ], [ 131.070968966, 30.737329878000082 ], [ 131.07893733100002, 30.699084278000043 ], [ 131.053760595000085, 30.661867794000045 ], [ 131.057802897000101, 30.642337950000069 ], [ 131.057615143000021, 30.611269028000038 ], [ 131.051319307000085, 30.597092024000062 ], [ 131.037847983, 30.589171336000049 ], [ 131.037698961000046, 30.572294187000068 ], [ 131.035563756000101, 30.557209431000047 ], [ 131.01791169, 30.551088098000037 ], [ 131.003403508000019, 30.551166622000039 ], [ 130.994034117000069, 30.532571782000048 ], [ 130.982638859000076, 30.519305321000047 ], [ 130.980474011000069, 30.497095505000061 ], [ 130.966960528000072, 30.479399958000045 ], [ 130.967899306000049, 30.464294822000056 ], [ 130.96475337600009, 30.456319105000034 ], [ 130.972953826000094, 30.449170034000076 ], [ 130.978030868000019, 30.437596801000041 ], [ 130.971768639000061, 30.426087012000039 ], [ 130.969638578000058, 30.41543863600009 ], [ 130.97779709100007, 30.400280234000036 ], [ 130.96328212800006, 30.386143668000045 ], [ 130.962177175000079, 30.372808183000075 ], [ 130.943650609000088, 30.374681186000089 ], [ 130.924082879000025, 30.369533596000053 ], [ 130.906519330000037, 30.366014516000064 ], [ 130.891019609000068, 30.355421322000041 ], [ 130.885817605000057, 30.343850664000058 ], [ 130.870381079000026, 30.343904295000073 ], [ 130.867345628000066, 30.353699646000052 ], [ 130.857117893, 30.366191546000039 ], [ 130.860275676000015, 30.379525073000082 ], [ 130.865515395000102, 30.397292703000062 ], [ 130.862571510000066, 30.42394700300008 ], [ 130.8533975470001, 30.440830762000076 ], [ 130.849382146000039, 30.461264042000039 ], [ 130.851495082000042, 30.470143740000083 ], [ 130.861771444000055, 30.465662831000088 ], [ 130.870002258, 30.46386097900006 ], [ 130.876278342000091, 30.480704794000076 ], [ 130.90113980700005, 30.503691978000063 ], [ 130.930221199000016, 30.540859645000069 ], [ 130.942149285000028, 30.569810289000088 ], [ 130.950938347000033, 30.595038153000075 ], [ 130.951273786, 30.610018201000059 ], [ 130.948376849000056, 30.641109393000079 ], [ 130.943308587000047, 30.654460150000034 ], [ 130.945430439, 30.664215375000083 ], [ 130.939299697000024, 30.672251498000037 ], [ 130.952796890000059, 30.685495816000071 ], [ 130.966345346000026, 30.701441462000048 ], [ 130.985131827000032, 30.72977588100008 ], [ 130.985239371000034, 30.741352311000071 ], [ 130.999703117000081, 30.745686335000073 ], [ 131.008138666000036, 30.767864858000053 ], [ 131.006257128000016, 30.789246757000058 ], [ 131.02717589000008, 30.819371621000073 ], [ 131.039235873000052, 30.831447658000059 ], [ 131.045258009, 30.836859442000048 ], [ 131.05201256600003, 30.840236721000053 ] ] ], [ [ [ 130.153086785000028, 32.20376211100006 ], [ 130.176036004000025, 32.203355210000041 ], [ 130.187266472000033, 32.196356512000079 ], [ 130.194102410000028, 32.17641836100006 ], [ 130.190765821000014, 32.164618231000077 ], [ 130.173594597000033, 32.124335028000075 ], [ 130.167328321000014, 32.114325262000079 ], [ 130.149261915000011, 32.110500393000052 ], [ 130.134613477000016, 32.117987372000073 ], [ 130.127777540000011, 32.132310289000088 ], [ 130.133311394000089, 32.149115302000041 ], [ 130.123220248000052, 32.15892161700009 ], [ 130.115082227000016, 32.175441799000055 ], [ 130.111094597000033, 32.193304755000042 ], [ 130.113291863000086, 32.207586981000077 ], [ 130.121104363000086, 32.212632554000038 ], [ 130.132009311000047, 32.211330471000053 ], [ 130.153086785000028, 32.20376211100006 ] ] ], [ [ [ 130.410004102000016, 32.511623440000051 ], [ 130.440196160000028, 32.523993231000077 ], [ 130.457041863000086, 32.525580145000049 ], [ 130.468516472000033, 32.511623440000051 ], [ 130.43482506600003, 32.492743231000077 ], [ 130.392832879000025, 32.397162177000041 ], [ 130.362315300000091, 32.374986070000034 ], [ 130.358734571000014, 32.379950262000079 ], [ 130.357920769000089, 32.391180731000077 ], [ 130.35865319100003, 32.412909247000073 ], [ 130.353851759, 32.42413971600007 ], [ 130.343109571000014, 32.421820380000042 ], [ 130.324473504000025, 32.409816799000055 ], [ 130.28443444100003, 32.407538153000075 ], [ 130.264821811000047, 32.403631903000075 ], [ 130.241953972000033, 32.395493882000039 ], [ 130.221690300000091, 32.421861070000034 ], [ 130.213063998000052, 32.436509507000039 ], [ 130.213633660000028, 32.450425523000035 ], [ 130.218597852000016, 32.455959377000056 ], [ 130.225108269000089, 32.458197333000044 ], [ 130.239105665000011, 32.460272528000075 ], [ 130.247894727000016, 32.464585679000038 ], [ 130.267832879000025, 32.484198309000078 ], [ 130.29029381600003, 32.497951565000051 ], [ 130.305186394000089, 32.504055080000057 ], [ 130.341563347000033, 32.514349677000041 ], [ 130.363047722000033, 32.527085679000038 ], [ 130.370941602000016, 32.527044989000046 ], [ 130.377207879000025, 32.52289459800005 ], [ 130.379649285000028, 32.515326239000046 ], [ 130.383311394000089, 32.509426174000055 ], [ 130.391774936000047, 32.508734442000048 ], [ 130.410004102000016, 32.511623440000051 ] ] ], [ [ [ 130.160492384, 32.54633209800005 ], [ 130.189463738000086, 32.52179596600007 ], [ 130.198985222000033, 32.480169989000046 ], [ 130.201508009, 32.395493882000039 ], [ 130.204112175000091, 32.387640692000048 ], [ 130.206797722000033, 32.381252346000053 ], [ 130.208343946000014, 32.373277085000041 ], [ 130.205577019000089, 32.346625067000048 ], [ 130.203379754000025, 32.338853257000039 ], [ 130.199229363000086, 32.33274974200009 ], [ 130.19068444100003, 32.323553778000075 ], [ 130.181407097000033, 32.318264065000051 ], [ 130.157725457000083, 32.310248114000046 ], [ 130.153086785000028, 32.30337148600006 ], [ 130.133311394000089, 32.265122789000088 ], [ 130.127777540000011, 32.261419989000046 ], [ 130.105316602000016, 32.252142645000049 ], [ 130.09693444100003, 32.245021877000056 ], [ 130.074961785000028, 32.220770575000074 ], [ 130.061045769000089, 32.211859442000048 ], [ 130.036875847000033, 32.199774481000077 ], [ 130.011973504000025, 32.190619208000044 ], [ 129.995453321000014, 32.190659898000035 ], [ 129.994395379000025, 32.199896552000041 ], [ 130.009125196000014, 32.252142645000049 ], [ 129.99732506600003, 32.244045315000051 ], [ 129.986338738000086, 32.244370835000041 ], [ 129.97584069100003, 32.245917059000078 ], [ 129.958343946000014, 32.237534898000035 ], [ 129.958018425000091, 32.242377020000049 ], [ 129.961273634, 32.252142645000049 ], [ 129.965342644000089, 32.258205471000053 ], [ 129.996267123000052, 32.282171942000048 ], [ 130.016612175000091, 32.293117580000057 ], [ 130.030121290000011, 32.29523346600007 ], [ 130.042165561000047, 32.294501044000071 ], [ 130.053233269000089, 32.296535549000055 ], [ 130.064300977000016, 32.306789455000057 ], [ 130.054209832000083, 32.30695221600007 ], [ 130.04615319100003, 32.308254299000055 ], [ 130.030284050000091, 32.313625393000052 ], [ 130.008799675000091, 32.305894273000035 ], [ 129.99146569100003, 32.314439195000034 ], [ 129.97974694100003, 32.332993882000039 ], [ 129.975271030000044, 32.355414130000042 ], [ 129.976573113000086, 32.366441148000035 ], [ 129.980479363000086, 32.37563711100006 ], [ 129.986989780000044, 32.382961330000057 ], [ 129.995453321000014, 32.388657945000034 ], [ 129.989024285000028, 32.404486395000049 ], [ 129.994395379000025, 32.42413971600007 ], [ 130.006521030000044, 32.444037177000041 ], [ 130.020030144000089, 32.460679429000038 ], [ 130.030284050000091, 32.482407945000034 ], [ 130.025401238000086, 32.502142645000049 ], [ 130.002940300000091, 32.533351955000057 ], [ 130.015472852000016, 32.532782294000071 ], [ 130.024750196000014, 32.527736721000053 ], [ 130.032969597000033, 32.521918036000045 ], [ 130.043223504000025, 32.519029039000088 ], [ 130.056488477000016, 32.521185614000046 ], [ 130.076914910000028, 32.530991929000038 ], [ 130.10279381600003, 32.536525783000059 ], [ 130.120290561000047, 32.542873440000051 ], [ 130.139821811000047, 32.547674872000073 ], [ 130.160492384, 32.54633209800005 ] ] ], [ [ [ 128.878426932000025, 32.673924825000086 ], [ 128.893711857000085, 32.657617505000076 ], [ 128.901133660000028, 32.646918036000045 ], [ 128.901133660000028, 32.645982164000088 ], [ 128.899261915000011, 32.642523505000042 ], [ 128.880931137000061, 32.642359311000064 ], [ 128.85789915700002, 32.643409124000073 ], [ 128.817715624000016, 32.63458958800004 ], [ 128.815488465000044, 32.646810135000067 ], [ 128.793223504000025, 32.652492580000057 ], [ 128.788096550000091, 32.648504950000074 ], [ 128.779633009, 32.64679596600007 ], [ 128.775889519000089, 32.642523505000042 ], [ 128.772227410000028, 32.631903387000079 ], [ 128.775157097000033, 32.627142645000049 ], [ 128.780121290000011, 32.624823309000078 ], [ 128.794958743000052, 32.610093420000055 ], [ 128.792228379000107, 32.597941535000075 ], [ 128.790200827000035, 32.586384515000077 ], [ 128.773110265000014, 32.571665843000062 ], [ 128.755381707000083, 32.580511786000045 ], [ 128.736041819000093, 32.603493841000045 ], [ 128.712412957000083, 32.604315497000073 ], [ 128.662852410000028, 32.601548570000034 ], [ 128.652631041000063, 32.591075013000079 ], [ 128.618544335000024, 32.609536275000039 ], [ 128.600438893000046, 32.614177909000034 ], [ 128.603818732000036, 32.630598035000048 ], [ 128.61060631600003, 32.642523505000042 ], [ 128.613536004000025, 32.650213934000078 ], [ 128.618174675000091, 32.659654039000088 ], [ 128.62427819100003, 32.667303778000075 ], [ 128.631846550000091, 32.669867255000042 ], [ 128.633067254000025, 32.66547272300005 ], [ 128.636241082000083, 32.643744208000044 ], [ 128.638682488000086, 32.635158596000053 ], [ 128.639659050000091, 32.64126211100006 ], [ 128.652679884, 32.667914130000042 ], [ 128.654307488000086, 32.677964585000041 ], [ 128.654551629000025, 32.688869533000059 ], [ 128.653493686000047, 32.699611721000053 ], [ 128.650645379000025, 32.70929596600007 ], [ 128.647959832000083, 32.713853257000039 ], [ 128.645030144000089, 32.717962958000044 ], [ 128.642588738000086, 32.722398179000038 ], [ 128.64226321700005, 32.728013414000088 ], [ 128.644053582000083, 32.733303127000056 ], [ 128.650401238000086, 32.744533596000053 ], [ 128.641767572000049, 32.761383973000079 ], [ 128.650939594000079, 32.775413082000057 ], [ 128.660817905000044, 32.782782294000071 ], [ 128.679047071000014, 32.782904364000046 ], [ 128.685738497000102, 32.770915670000079 ], [ 128.699652891000028, 32.743771302000084 ], [ 128.70536494800001, 32.747461232000035 ], [ 128.72184869, 32.754283436000037 ], [ 128.743174675000091, 32.758286851000037 ], [ 128.779223828, 32.776625290000084 ], [ 128.784125479000068, 32.788181200000054 ], [ 128.808490389000099, 32.799908412000036 ], [ 128.812022332000083, 32.782416083000044 ], [ 128.810801629000025, 32.774888414000088 ], [ 128.810557488000086, 32.766058661000045 ], [ 128.827688055000067, 32.761902974000066 ], [ 128.842295769000089, 32.759466864000046 ], [ 128.849782748000052, 32.742743231000077 ], [ 128.842068713, 32.703861391000089 ], [ 128.855225757000085, 32.688864420000073 ], [ 128.878426932000025, 32.673924825000086 ] ] ], [ [ [ 139.791026238000086, 33.135321356000077 ], [ 139.813161655000044, 33.12376536700009 ], [ 139.838877800000091, 33.116685289000088 ], [ 139.862315300000091, 33.107001044000071 ], [ 139.877452019000089, 33.087591864000046 ], [ 139.869395379000025, 33.075506903000075 ], [ 139.845225457000083, 33.046779690000051 ], [ 139.835785352000016, 33.03978099200009 ], [ 139.820974155000044, 33.040269273000035 ], [ 139.802907748000052, 33.047430731000077 ], [ 139.787608269000089, 33.058417059000078 ], [ 139.776377800000091, 33.079982815000051 ], [ 139.74341881600003, 33.11859772300005 ], [ 139.739756707000083, 33.133246161000045 ], [ 139.750824415000011, 33.14524974200009 ], [ 139.767751498000052, 33.149888414000088 ], [ 139.791026238000086, 33.135321356000077 ] ] ], [ [ [ 129.097992384, 32.988267320000034 ], [ 129.109711134, 32.982896226000037 ], [ 129.169628216000092, 33.005816536000054 ], [ 129.182807278000041, 32.984685539000054 ], [ 129.175954623000052, 32.966986395000049 ], [ 129.156325053000046, 32.958490107000046 ], [ 129.137217644000089, 32.938177802000041 ], [ 129.117543494000074, 32.935841081000035 ], [ 129.100352410000028, 32.919012762000079 ], [ 129.092536865000056, 32.906607937000047 ], [ 129.090550780000058, 32.891479787000037 ], [ 129.098480665000011, 32.875148830000057 ], [ 129.097992384, 32.868475653000075 ], [ 129.096572252000101, 32.856942376000063 ], [ 129.086192254000025, 32.857245184000078 ], [ 129.067919719000088, 32.86118283400009 ], [ 129.0614950370001, 32.848384242000066 ], [ 129.068695509, 32.839178778000075 ], [ 129.068532748000052, 32.825913804000038 ], [ 129.064952019000089, 32.81781647300005 ], [ 129.045722828000066, 32.822092732000044 ], [ 129.047129754000025, 32.841457424000055 ], [ 129.040414320000082, 32.862728196000035 ], [ 129.041475384000023, 32.895999588000052 ], [ 129.047819517000107, 32.909964614000046 ], [ 129.033050977000016, 32.933335679000038 ], [ 129.024261915000011, 32.937892971000053 ], [ 128.988780144000089, 32.944159247000073 ], [ 128.979423070000053, 32.947609145000058 ], [ 128.981460312000081, 32.960351967000065 ], [ 128.998075702000051, 32.966534179000064 ], [ 129.020420419000061, 32.980624687000045 ], [ 129.035038412000063, 32.967404474000034 ], [ 129.054453972000033, 32.979315497000073 ], [ 129.042584149000049, 33.000159672000052 ], [ 129.048622194000018, 33.039602796000054 ], [ 129.065210605000061, 33.043953982000062 ], [ 129.067645125000013, 33.019115829000043 ], [ 129.077737118000073, 33.02039796300005 ], [ 129.083994988000086, 33.023382880000042 ], [ 129.084320509, 33.043198960000041 ], [ 129.080996644000038, 33.056781847000082 ], [ 129.085875278, 33.07620750500007 ], [ 129.101724628000056, 33.082973006000088 ], [ 129.106619099, 33.101188154000056 ], [ 129.098547049000103, 33.114491157000089 ], [ 129.09626241, 33.125374519000047 ], [ 129.108180298000093, 33.166688089000047 ], [ 129.117666865000047, 33.15885922700005 ], [ 129.116387371000087, 33.140655876000039 ], [ 129.112128298000016, 33.131534918000057 ], [ 129.108593768000105, 33.122417884000072 ], [ 129.115908072000025, 33.113975404000087 ], [ 129.123911105000047, 33.109172923000074 ], [ 129.118310081, 33.088530759000037 ], [ 129.111966584000015, 33.070308784000076 ], [ 129.102712334000103, 33.05449343500004 ], [ 129.09927084900005, 33.035687109000037 ], [ 129.09725354, 33.018105753000043 ], [ 129.097992384, 32.988267320000034 ] ] ], [ [ [ 129.555684200000087, 33.410804911000071 ], [ 129.562163301000055, 33.366393867000056 ], [ 129.555873941000073, 33.353145381000047 ], [ 129.542028153000047, 33.335676701000068 ], [ 129.527528462000078, 33.323477473000082 ], [ 129.538317003000088, 33.315594612000041 ], [ 129.526340142000095, 33.303384269000048 ], [ 129.51434189400004, 33.298044940000068 ], [ 129.514386228000035, 33.288012293000065 ], [ 129.501148101000013, 33.28003244000007 ], [ 129.502478028000041, 33.265259920000062 ], [ 129.493095126000071, 33.245163286000036 ], [ 129.44660473600004, 33.198519605000058 ], [ 129.412590953000063, 33.17831786000005 ], [ 129.376021310000056, 33.169719227000087 ], [ 129.358083530000044, 33.176947333000044 ], [ 129.342500664, 33.179620180000086 ], [ 129.344960167000067, 33.190196636000053 ], [ 129.3498690240001, 33.213467515000048 ], [ 129.3607009320001, 33.198718068000062 ], [ 129.384781986, 33.183493173000045 ], [ 129.400157097000033, 33.185695705000057 ], [ 129.406504754000025, 33.194037177000041 ], [ 129.403086785000028, 33.197658596000053 ], [ 129.396006707000083, 33.20258209800005 ], [ 129.38466500200002, 33.204099875000054 ], [ 129.377656884000089, 33.214639528000077 ], [ 129.382005420000041, 33.228919943000051 ], [ 129.393961406000017, 33.23952590600004 ], [ 129.416769161000047, 33.236929605000057 ], [ 129.408431800000017, 33.253823673000056 ], [ 129.406411024000022, 33.274950791000037 ], [ 129.43726510800002, 33.296679880000056 ], [ 129.440896188000011, 33.325260075000074 ], [ 129.44266269100001, 33.348066089000042 ], [ 129.495129500000075, 33.35829457300008 ], [ 129.508309662000102, 33.382091776000038 ], [ 129.515914178, 33.378395130000058 ], [ 129.522916224000028, 33.368377118000069 ], [ 129.539309700000103, 33.379487549000089 ], [ 129.523455919000071, 33.39056654500007 ], [ 129.525320807000071, 33.404927250000071 ], [ 129.555684200000087, 33.410804911000071 ] ] ], [ [ [ 132.243662957000083, 33.79328034100007 ], [ 132.252452019000089, 33.785345770000049 ], [ 132.274099155000044, 33.77220286700009 ], [ 132.272959832000083, 33.768540757000039 ], [ 132.257334832000083, 33.766017971000053 ], [ 132.236338738000086, 33.768540757000039 ], [ 132.204437696000014, 33.782131252000056 ], [ 132.188324415000011, 33.779689846000053 ], [ 132.195323113000086, 33.793524481000077 ], [ 132.208750847000033, 33.800116278000075 ], [ 132.225759311000047, 33.799872137000079 ], [ 132.243662957000083, 33.79328034100007 ] ] ], [ [ [ 129.776377800000091, 33.773423570000034 ], [ 129.799571160000028, 33.764837958000044 ], [ 129.799652540000011, 33.751044012000079 ], [ 129.783864780000044, 33.738185940000051 ], [ 129.760378803000094, 33.737304520000066 ], [ 129.73506403500005, 33.736738564000063 ], [ 129.722767353, 33.716748197000072 ], [ 129.721039259, 33.697739976000037 ], [ 129.710459832000083, 33.700832424000055 ], [ 129.690956681000102, 33.715612462000081 ], [ 129.677293615000053, 33.72909541000007 ], [ 129.681160702000057, 33.744217528000036 ], [ 129.670763247000082, 33.750139093000087 ], [ 129.657126909, 33.74255478300006 ], [ 129.64930417100004, 33.756039813000086 ], [ 129.646658083000034, 33.772772906000057 ], [ 129.676931186000047, 33.760728257000039 ], [ 129.687022332000083, 33.759182033000059 ], [ 129.687022332000083, 33.766017971000053 ], [ 129.660283351000089, 33.783591931000046 ], [ 129.658269248000011, 33.803573747000087 ], [ 129.6569338810001, 33.815453689000037 ], [ 129.678401807, 33.814930974000049 ], [ 129.673144499000045, 33.832217928000034 ], [ 129.678952076000087, 33.848985077000066 ], [ 129.686719922000066, 33.85979586600007 ], [ 129.688647503000084, 33.871145815000034 ], [ 129.700694207000083, 33.861558335000041 ], [ 129.76726321700005, 33.844549872000073 ], [ 129.7680401020001, 33.836650259000066 ], [ 129.762202774, 33.823138437000068 ], [ 129.762871791000066, 33.812343646000045 ], [ 129.766787011000019, 33.802095372000053 ], [ 129.781095119000042, 33.792392556000038 ], [ 129.796885613000086, 33.786444403000075 ], [ 129.791270379000025, 33.784979559000078 ], [ 129.781911655000044, 33.781154690000051 ], [ 129.776377800000091, 33.779689846000053 ], [ 129.776377800000091, 33.773423570000034 ] ] ], [ [ [ 132.236175977000016, 33.869045315000051 ], [ 132.231211785000028, 33.86391836100006 ], [ 132.226410352000016, 33.860663153000075 ], [ 132.216319207000083, 33.855373440000051 ], [ 132.20826256600003, 33.875189520000049 ], [ 132.193369988000086, 33.897650458000044 ], [ 132.186289910000028, 33.921210028000075 ], [ 132.201914910000028, 33.94476959800005 ], [ 132.226084832000083, 33.952704169000071 ], [ 132.25359134200005, 33.950100002000056 ], [ 132.279470248000052, 33.941229559000078 ], [ 132.298187696000014, 33.930487372000073 ], [ 132.326182488000086, 33.896307684000078 ], [ 132.340098504000025, 33.89720286700009 ], [ 132.35320071700005, 33.903387762000079 ], [ 132.374034050000091, 33.916815497000073 ], [ 132.380218946000014, 33.917547919000071 ], [ 132.395274285000028, 33.91547272300005 ], [ 132.401215040000011, 33.916815497000073 ], [ 132.407074415000011, 33.923041083000044 ], [ 132.409678582000083, 33.93390534100007 ], [ 132.415537957000083, 33.937933661000045 ], [ 132.427582227000016, 33.939886786000045 ], [ 132.453949415000011, 33.937567450000074 ], [ 132.469493035000028, 33.937933661000045 ], [ 132.457855665000011, 33.927679755000042 ], [ 132.436534050000091, 33.903550523000035 ], [ 132.428477410000028, 33.902533270000049 ], [ 132.418955925000091, 33.905666408000059 ], [ 132.394541863000086, 33.899318752000056 ], [ 132.384776238000086, 33.894191799000055 ], [ 132.380707227000016, 33.886419989000046 ], [ 132.379405144000089, 33.861883856000077 ], [ 132.377452019000089, 33.852036851000037 ], [ 132.374034050000091, 33.841701565000051 ], [ 132.36255944100003, 33.845445054000038 ], [ 132.340586785000028, 33.844956773000035 ], [ 132.332367384, 33.84796784100007 ], [ 132.328379754000025, 33.856512762000079 ], [ 132.329600457000083, 33.865790106000077 ], [ 132.328623894000089, 33.875067450000074 ], [ 132.318614129000025, 33.883286851000037 ], [ 132.31177819100003, 33.875881252000056 ], [ 132.29810631600003, 33.884019273000035 ], [ 132.291840040000011, 33.878729559000078 ], [ 132.288828972000033, 33.868353583000044 ], [ 132.284515821000014, 33.861558335000041 ], [ 132.272146030000044, 33.860419012000079 ], [ 132.254649285000028, 33.865668036000045 ], [ 132.243662957000083, 33.861558335000041 ], [ 132.236175977000016, 33.869045315000051 ] ] ], [ [ [ 139.487071160000028, 34.060777085000041 ], [ 139.494395379000025, 34.092759507000039 ], [ 139.523448113000086, 34.112372137000079 ], [ 139.55632571700005, 34.113470770000049 ], [ 139.575043165000011, 34.090033270000049 ], [ 139.561289910000028, 34.058091539000088 ], [ 139.534515821000014, 34.037543036000045 ], [ 139.506114129000025, 34.03587474200009 ], [ 139.487071160000028, 34.060777085000041 ] ] ], [ [ [ 132.555186394000089, 34.071356512000079 ], [ 132.532237175000091, 34.082098700000074 ], [ 132.478037957000083, 34.080471096000053 ], [ 132.455332879000025, 34.088120835000041 ], [ 132.473968946000014, 34.105210679000038 ], [ 132.49732506600003, 34.117132880000042 ], [ 132.510020379000025, 34.131822007000039 ], [ 132.496836785000028, 34.157049872000073 ], [ 132.506602410000028, 34.167792059000078 ], [ 132.519297722000033, 34.174383856000077 ], [ 132.53248131600003, 34.177313544000071 ], [ 132.543304884, 34.176703192000048 ], [ 132.551524285000028, 34.17064036700009 ], [ 132.549001498000052, 34.16632721600007 ], [ 132.547862175000091, 34.161688544000071 ], [ 132.545095248000052, 34.158148505000042 ], [ 132.537852410000028, 34.157049872000073 ], [ 132.546234571000014, 34.144964911000045 ], [ 132.549001498000052, 34.133368231000077 ], [ 132.549489780000044, 34.121486721000053 ], [ 132.551524285000028, 34.108587958000044 ], [ 132.577647332000083, 34.118882554000038 ], [ 132.580577019000089, 34.099839585000041 ], [ 132.569834832000083, 34.075873114000046 ], [ 132.555186394000089, 34.071356512000079 ] ] ], [ [ [ 132.999475487000041, 34.208377288000065 ], [ 132.963877800000091, 34.191880601000037 ], [ 132.954844597000033, 34.198187567000048 ], [ 132.962901238000086, 34.218451239000046 ], [ 132.969493035000028, 34.223049221000053 ], [ 132.985850457000083, 34.226955471000053 ], [ 132.990896030000044, 34.232123114000046 ], [ 132.991709832000083, 34.242254950000074 ], [ 132.987315300000091, 34.248846747000073 ], [ 132.979340040000011, 34.252183335000041 ], [ 132.969737175000091, 34.252630927000041 ], [ 132.988780144000089, 34.273016669000071 ], [ 133.010020379000025, 34.291245835000041 ], [ 133.030039910000028, 34.295314846000053 ], [ 133.044932488000086, 34.273098049000055 ], [ 133.055674675000091, 34.242377020000049 ], [ 133.051768425000091, 34.222316799000055 ], [ 133.03484134200005, 34.20734284100007 ], [ 132.999475487000041, 34.208377288000065 ] ] ], [ [ [ 129.312528389000022, 34.27975637600008 ], [ 129.316783900000019, 34.294468719000065 ], [ 129.342583158000025, 34.293051839000043 ], [ 129.347102762000077, 34.286977747000037 ], [ 129.342960471000083, 34.278277529000036 ], [ 129.325609906000068, 34.271384678000061 ], [ 129.318075504000035, 34.25834963300008 ], [ 129.321052604000101, 34.240796492000072 ], [ 129.324803217000067, 34.229252624000083 ], [ 129.309383699000023, 34.21905214800006 ], [ 129.297463983000057, 34.218658484000059 ], [ 129.298021227000049, 34.213176603000079 ], [ 129.302579323000032, 34.209284960000048 ], [ 129.299713736000058, 34.197823180000057 ], [ 129.298090067000089, 34.181964366000045 ], [ 129.297211961000016, 34.170476062000034 ], [ 129.294494137000015, 34.166678146000038 ], [ 129.287848285, 34.165120182000067 ], [ 129.283735079000053, 34.157504733000053 ], [ 129.283519052000088, 34.14600476600009 ], [ 129.276587440000071, 34.129111206000061 ], [ 129.264583167000069, 34.123786830000086 ], [ 129.262423528, 34.114496337000048 ], [ 129.251090201000011, 34.107570290000069 ], [ 129.248296839000091, 34.09992685800006 ], [ 129.235857511000063, 34.100763360000087 ], [ 129.231800114000066, 34.094814056000075 ], [ 129.220421471, 34.088877923000041 ], [ 129.216062405, 34.098339292000048 ], [ 129.21073071, 34.09996089100008 ], [ 129.198307164000084, 34.110991656000067 ], [ 129.190308026000025, 34.114810742000088 ], [ 129.177629028000069, 34.108929999000054 ], [ 129.171634259000029, 34.106806812000059 ], [ 129.170353644000102, 34.146815683000057 ], [ 129.178802962000077, 34.169765202000065 ], [ 129.17588028900002, 34.195509135000066 ], [ 129.18049970800007, 34.227217013000086 ], [ 129.18925958300008, 34.234227385000054 ], [ 129.188821856, 34.249552909000045 ], [ 129.195885, 34.272992513000077 ], [ 129.198534541000072, 34.316228084000045 ], [ 129.207360827, 34.329277274000049 ], [ 129.225244985000018, 34.327403369000081 ], [ 129.228461439000057, 34.320781035000039 ], [ 129.224356072000091, 34.312610853000081 ], [ 129.224052602000029, 34.29344308800006 ], [ 129.230672292, 34.293362874000081 ], [ 129.238717540000039, 34.299287051000078 ], [ 129.248220248000052, 34.300441799000055 ], [ 129.262043179000102, 34.307761393000078 ], [ 129.275288310000064, 34.307596814000078 ], [ 129.270787239000015, 34.315320307000036 ], [ 129.268924950000041, 34.322464245000049 ], [ 129.280196987000068, 34.322871728000052 ], [ 129.289385329000083, 34.317823887000088 ], [ 129.302462024000079, 34.307787350000069 ], [ 129.301435788000049, 34.288097282000081 ], [ 129.312528389000022, 34.27975637600008 ] ] ], [ [ [ 139.270355665000011, 34.395982164000088 ], [ 139.279551629000025, 34.402777411000045 ], [ 139.291514519000089, 34.414536851000037 ], [ 139.300954623000052, 34.417914130000042 ], [ 139.302500847000033, 34.399725653000075 ], [ 139.296397332000083, 34.367865302000041 ], [ 139.283457879000025, 34.336859442000048 ], [ 139.267832879000025, 34.322699286000045 ], [ 139.253672722000033, 34.341376044000071 ], [ 139.254649285000028, 34.353461005000042 ], [ 139.265391472000033, 34.388617255000042 ], [ 139.270355665000011, 34.395982164000088 ] ] ], [ [ [ 135.002681887, 34.608423048000077 ], [ 135.028168165000011, 34.591009833000044 ], [ 135.030121290000011, 34.57884349200009 ], [ 135.018413259, 34.566048375000037 ], [ 135.003277291000018, 34.551574781000056 ], [ 134.995399693000081, 34.530233194000061 ], [ 134.984141472000033, 34.505764065000051 ], [ 134.956300867000095, 34.484877254000082 ], [ 134.932542002000105, 34.453482284000074 ], [ 134.902973179000014, 34.41900554700004 ], [ 134.897227410000028, 34.38149648600006 ], [ 134.89576256600003, 34.372748114000046 ], [ 134.898936394000089, 34.360825914000088 ], [ 134.89967483800001, 34.34903575900006 ], [ 134.916270379000025, 34.338283596000053 ], [ 134.918613165000011, 34.320394420000071 ], [ 134.926183114000082, 34.308495078000078 ], [ 134.95045006600003, 34.287339585000041 ], [ 134.958254061000048, 34.27035550100004 ], [ 134.937984066000013, 34.262755108000079 ], [ 134.90947036600005, 34.257180232000053 ], [ 134.884905937000099, 34.244481070000063 ], [ 134.856118122, 34.236007305000044 ], [ 134.83385849900003, 34.226610114000039 ], [ 134.800049522, 34.20075373700007 ], [ 134.751875473000041, 34.191955442000051 ], [ 134.728677141000048, 34.190939349000075 ], [ 134.726869737000015, 34.209970042000066 ], [ 134.705378743000097, 34.217968398000039 ], [ 134.702162514000065, 34.221198790000074 ], [ 134.713595844, 34.239970053000036 ], [ 134.72388756600003, 34.252630927000041 ], [ 134.688114320000068, 34.243579891000081 ], [ 134.666514519000089, 34.265529690000051 ], [ 134.657169133000025, 34.288204316000076 ], [ 134.669635157000016, 34.302065221000078 ], [ 134.683259586000077, 34.328226407000045 ], [ 134.705155638000065, 34.323168076000059 ], [ 134.720814407000034, 34.329788749000045 ], [ 134.798955629000034, 34.446793791000061 ], [ 134.824229363000086, 34.460842190000051 ], [ 134.842539910000028, 34.470282294000071 ], [ 134.850433790000011, 34.475734768000052 ], [ 134.856455925000091, 34.483303127000056 ], [ 134.865000847000033, 34.500677802000041 ], [ 134.871348504000025, 34.509588934000078 ], [ 134.883830893000095, 34.529488695000055 ], [ 134.922461186000078, 34.546082086000069 ], [ 134.938110105000078, 34.550905797000041 ], [ 134.963062601000047, 34.580816112000036 ], [ 134.981332998000084, 34.602402406000067 ], [ 135.002681887, 34.608423048000077 ] ] ], [ [ [ 129.452647332000083, 34.61945221600007 ], [ 129.462901238000086, 34.609116929000038 ], [ 129.47820071700005, 34.59711334800005 ], [ 129.475373640000043, 34.588451047000035 ], [ 129.473101776000021, 34.579332460000046 ], [ 129.46424106500001, 34.554273963000071 ], [ 129.446083189000092, 34.514775640000039 ], [ 129.40232637400004, 34.481646732000058 ], [ 129.379472781, 34.452622973000075 ], [ 129.384287957000083, 34.424017645000049 ], [ 129.361830867000094, 34.405485748000046 ], [ 129.359463954000034, 34.390621507000048 ], [ 129.375506224000105, 34.394416032000038 ], [ 129.393181010000035, 34.410800218000077 ], [ 129.394421737000016, 34.403331912000056 ], [ 129.38859779400002, 34.389658883000038 ], [ 129.384311532000083, 34.383416319000048 ], [ 129.388145201000043, 34.366755092000062 ], [ 129.399587436000047, 34.355047919000071 ], [ 129.407968645000096, 34.351579901000036 ], [ 129.400755935, 34.337924254000086 ], [ 129.386052822000011, 34.331258264000041 ], [ 129.379161004000025, 34.324652411000045 ], [ 129.368241614, 34.307431712000039 ], [ 129.343833222000058, 34.300314315000037 ], [ 129.324511883000014, 34.304593338000075 ], [ 129.305463995000082, 34.32487545400005 ], [ 129.320904760000076, 34.333849042000054 ], [ 129.345063695000022, 34.32724397800007 ], [ 129.347002708000105, 34.355851989000087 ], [ 129.334595714000102, 34.360591357000089 ], [ 129.316203898000026, 34.342496496000081 ], [ 129.305103747000089, 34.343206092000059 ], [ 129.304058959000031, 34.362122712000087 ], [ 129.304938264000043, 34.372424179000063 ], [ 129.309322243, 34.384401910000065 ], [ 129.297384255, 34.377104991000067 ], [ 129.287443952000103, 34.36576828200009 ], [ 129.293398488000093, 34.349078066000061 ], [ 129.286358737, 34.344008264000081 ], [ 129.271992117000082, 34.35621928200004 ], [ 129.248291304000077, 34.351925460000075 ], [ 129.228913023000018, 34.355601426000078 ], [ 129.235383800000022, 34.368132348000074 ], [ 129.259726663000038, 34.369552777000081 ], [ 129.272349114, 34.375696607000066 ], [ 129.273751445000016, 34.41293237800005 ], [ 129.268568625000057, 34.433051288000058 ], [ 129.277089093000086, 34.441527051000037 ], [ 129.286864055000024, 34.443112446000043 ], [ 129.29168986600007, 34.440756234000048 ], [ 129.297389496000051, 34.44754637200009 ], [ 129.310867452000025, 34.460511068000073 ], [ 129.308895458000052, 34.466841042000055 ], [ 129.293327593000072, 34.453326640000057 ], [ 129.280734299000073, 34.450646665000079 ], [ 129.276044124, 34.462188494000088 ], [ 129.289024029000075, 34.487237294000067 ], [ 129.304930767000087, 34.520287272000076 ], [ 129.326119190000099, 34.535438770000042 ], [ 129.325545842, 34.54232653400004 ], [ 129.308456188000036, 34.560387430000048 ], [ 129.290944743000068, 34.556071712000062 ], [ 129.289106914000058, 34.569866748000038 ], [ 129.303359203000014, 34.586876970000048 ], [ 129.307844270000032, 34.603463495000085 ], [ 129.323300096000025, 34.648072157000058 ], [ 129.336569625000038, 34.648411438000039 ], [ 129.360968255000103, 34.648006791000057 ], [ 129.378337434000059, 34.644851764000066 ], [ 129.390370285000017, 34.654471300000068 ], [ 129.409661994000089, 34.67517282600005 ], [ 129.42574516500008, 34.677801186000067 ], [ 129.418228469000042, 34.68539200500004 ], [ 129.423304881000035, 34.695070890000068 ], [ 129.438615424000091, 34.693713197000079 ], [ 129.450619952000011, 34.70100212400007 ], [ 129.464560585000072, 34.700805306000063 ], [ 129.470663697000077, 34.692684937000081 ], [ 129.480723504000025, 34.683986721000053 ], [ 129.487751130000106, 34.676396890000035 ], [ 129.483277846000078, 34.662696612000047 ], [ 129.477579369000068, 34.657035871000062 ], [ 129.469119959000068, 34.652558845000044 ], [ 129.478142367000032, 34.650720638000053 ], [ 129.487801828000102, 34.646005650000063 ], [ 129.488277715000095, 34.635677671000053 ], [ 129.480912804000013, 34.619909575000065 ], [ 129.472422722000033, 34.616766669000071 ], [ 129.461924675000091, 34.621893622000073 ], [ 129.452647332000083, 34.61945221600007 ] ] ], [ [ [ 139.418223504000025, 34.780829169000071 ], [ 139.437754754000025, 34.771918036000045 ], [ 139.450043165000011, 34.756781317000048 ], [ 139.45671634200005, 34.737127997000073 ], [ 139.458506707000083, 34.715033270000049 ], [ 139.457855665000011, 34.689886786000045 ], [ 139.453786655000044, 34.678941148000035 ], [ 139.442718946000014, 34.676703192000048 ], [ 139.421641472000033, 34.67719147300005 ], [ 139.359352846000093, 34.702298653000071 ], [ 139.351195483000083, 34.72003363400006 ], [ 139.35201437, 34.767339616000072 ], [ 139.356465122000031, 34.797229492000042 ], [ 139.400645379000025, 34.788641669000071 ], [ 139.418223504000025, 34.780829169000071 ] ] ], [ [ [ 133.012461785000028, 36.014797268000052 ], [ 133.024180535000028, 36.025580145000049 ], [ 133.045176629000025, 36.020005601000037 ], [ 133.066661004000025, 36.006537177000041 ], [ 133.079112175000091, 35.993638414000088 ], [ 133.064952019000089, 35.995062567000048 ], [ 133.027842644000089, 35.993638414000088 ], [ 133.021332227000016, 35.995754299000055 ], [ 133.016123894000089, 36.000921942000048 ], [ 133.01295006600003, 36.007798570000034 ], [ 133.012461785000028, 36.014797268000052 ] ] ], [ [ [ 133.367035352000016, 36.274237372000073 ], [ 133.381846550000091, 36.257717190000051 ], [ 133.379242384, 36.208238023000035 ], [ 133.373383009, 36.197699286000045 ], [ 133.360199415000011, 36.191636460000041 ], [ 133.352549675000091, 36.203517971000053 ], [ 133.343516472000033, 36.204331773000035 ], [ 133.334320509, 36.198879299000055 ], [ 133.326019727000016, 36.191636460000041 ], [ 133.337657097000033, 36.184393622000073 ], [ 133.341319207000083, 36.175034898000035 ], [ 133.337412957000083, 36.165594794000071 ], [ 133.326019727000016, 36.158148505000042 ], [ 133.318369988000086, 36.158433335000041 ], [ 133.278330925000091, 36.164984442000048 ], [ 133.256358269000089, 36.164984442000048 ], [ 133.249766472000033, 36.16828034100007 ], [ 133.202647332000083, 36.202297268000052 ], [ 133.19263756600003, 36.205959377000056 ], [ 133.187754754000025, 36.216131903000075 ], [ 133.196299675000091, 36.27798086100006 ], [ 133.209483269000089, 36.29718659100007 ], [ 133.292002800000091, 36.342474677000041 ], [ 133.292816602000016, 36.330552476000037 ], [ 133.300791863000086, 36.325873114000046 ], [ 133.311208530000044, 36.324286200000074 ], [ 133.320160352000016, 36.321844794000071 ], [ 133.32349694100003, 36.318345445000034 ], [ 133.326508009, 36.309393622000073 ], [ 133.329437696000014, 36.304917710000041 ], [ 133.335703972000033, 36.300930080000057 ], [ 133.348643425000091, 36.29759349200009 ], [ 133.354014519000089, 36.294663804000038 ], [ 133.359385613000086, 36.288560289000088 ], [ 133.363617384, 36.279282945000034 ], [ 133.367035352000016, 36.274237372000073 ] ] ], [ [ [ 138.459239129000025, 38.069891669000071 ], [ 138.494639519000089, 38.066961981000077 ], [ 138.540782097000033, 38.076727606000077 ], [ 138.575205925000091, 38.074286200000074 ], [ 138.575205925000091, 38.035101630000042 ], [ 138.565928582000083, 38.01634349200009 ], [ 138.524424675000091, 37.963446356000077 ], [ 138.513194207000083, 37.944810289000088 ], [ 138.500498894000089, 37.906683661000045 ], [ 138.486501498000052, 37.891750393000052 ], [ 138.37037194100003, 37.82876211100006 ], [ 138.265147332000083, 37.798325914000088 ], [ 138.243174675000091, 37.796128648000035 ], [ 138.232595248000052, 37.797674872000073 ], [ 138.222666863000086, 37.802232164000088 ], [ 138.215098504000025, 37.809556382000039 ], [ 138.21216881600003, 37.819403387000079 ], [ 138.215505405000044, 37.830267645000049 ], [ 138.22388756600003, 37.834173895000049 ], [ 138.272146030000044, 37.842230536000045 ], [ 138.283213738000086, 37.848334052000041 ], [ 138.287852410000028, 37.861029364000046 ], [ 138.287852410000028, 37.905991929000038 ], [ 138.298594597000033, 37.922430731000077 ], [ 138.330821160000028, 37.95189036700009 ], [ 138.342539910000028, 37.966864325000074 ], [ 138.314789259, 37.997463283000059 ], [ 138.247894727000016, 37.978501695000034 ], [ 138.232676629000025, 38.007757880000042 ], [ 138.232595248000052, 38.031317450000074 ], [ 138.23560631600003, 38.052150783000059 ], [ 138.242198113000086, 38.071478583000044 ], [ 138.253103061000047, 38.090318101000037 ], [ 138.294688347000033, 38.13617584800005 ], [ 138.310069207000083, 38.168117580000057 ], [ 138.329112175000091, 38.18195221600007 ], [ 138.348155144000089, 38.19281647300005 ], [ 138.35670006600003, 38.203599351000037 ], [ 138.401866082000083, 38.241197007000039 ], [ 138.428558790000011, 38.256293036000045 ], [ 138.469411655000044, 38.313177802000041 ], [ 138.478037957000083, 38.319566148000035 ], [ 138.48951256600003, 38.322455145000049 ], [ 138.514170769000089, 38.323065497000073 ], [ 138.520030144000089, 38.318508205000057 ], [ 138.519297722000033, 38.307440497000073 ], [ 138.50709069100003, 38.241441148000035 ], [ 138.486582879000025, 38.181301174000055 ], [ 138.443858269000089, 38.102240302000041 ], [ 138.438161655000044, 38.083482164000088 ], [ 138.437510613000086, 38.063788153000075 ], [ 138.443207227000016, 38.051947333000044 ], [ 138.451508009, 38.052435614000046 ], [ 138.459239129000025, 38.069891669000071 ] ] ], [ [ [ 139.54851321700005, 42.243353583000044 ], [ 139.564219597000033, 42.231756903000075 ], [ 139.55396569100003, 42.21157461100006 ], [ 139.520681186000047, 42.174505927000041 ], [ 139.513682488000086, 42.148179429000038 ], [ 139.512705925000091, 42.123724677000041 ], [ 139.508962436000047, 42.100816148000035 ], [ 139.493907097000033, 42.078843492000033 ], [ 139.455332879000025, 42.051581122000073 ], [ 139.445648634, 42.054836330000057 ], [ 139.435394727000016, 42.062933661000045 ], [ 139.429453972000033, 42.073797919000071 ], [ 139.432383660000028, 42.085109768000052 ], [ 139.427256707000083, 42.093939520000049 ], [ 139.42505944100003, 42.102687893000052 ], [ 139.42505944100003, 42.122992255000042 ], [ 139.422699415000011, 42.13149648600006 ], [ 139.412852410000028, 42.14398834800005 ], [ 139.410817905000044, 42.153998114000046 ], [ 139.414317254000025, 42.17251211100006 ], [ 139.423838738000086, 42.191595770000049 ], [ 139.437022332000083, 42.207220770000049 ], [ 139.452159050000091, 42.215318101000037 ], [ 139.463715040000011, 42.21625397300005 ], [ 139.485524936000047, 42.221136786000045 ], [ 139.49732506600003, 42.222235419000071 ], [ 139.509125196000014, 42.225775458000044 ], [ 139.53834069100003, 42.240668036000045 ], [ 139.54851321700005, 42.243353583000044 ] ] ], [ [ [ 145.311534050000091, 43.593329169000071 ], [ 145.344411655000044, 43.575913804000038 ], [ 145.360362175000091, 43.56476471600007 ], [ 145.362803582000083, 43.554877020000049 ], [ 145.350108269000089, 43.549627997000073 ], [ 145.312022332000083, 43.542181708000044 ], [ 145.304209832000083, 43.534735419000071 ], [ 145.297373894000089, 43.522650458000044 ], [ 145.283539259, 43.51788971600007 ], [ 145.273203972000033, 43.522365627000056 ], [ 145.276866082000083, 43.538153387000079 ], [ 145.287852410000028, 43.54751211100006 ], [ 145.318695509, 43.557766018000052 ], [ 145.332041863000086, 43.565415757000039 ], [ 145.20240319100003, 43.613836981000077 ], [ 145.286957227000016, 43.60101959800005 ], [ 145.311534050000091, 43.593329169000071 ] ] ], [ [ [ 144.448252800000091, 43.942206122000073 ], [ 144.455088738000086, 43.942206122000073 ], [ 144.448985222000033, 43.94204336100006 ], [ 144.448252800000091, 43.942206122000073 ] ] ], [ [ [ 141.327159050000091, 45.172349351000037 ], [ 141.33562259200005, 45.157782294000071 ], [ 141.328461134, 45.147650458000044 ], [ 141.316416863000086, 45.137925523000035 ], [ 141.310069207000083, 45.124579169000071 ], [ 141.304453972000033, 45.120184637000079 ], [ 141.268402540000011, 45.10101959800005 ], [ 141.25123131600003, 45.099188544000071 ], [ 141.235362175000091, 45.102484442000048 ], [ 141.181813998000052, 45.126613674000055 ], [ 141.15007571700005, 45.14712148600006 ], [ 141.131114129000025, 45.170152085000041 ], [ 141.145518425000091, 45.18976471600007 ], [ 141.140879754000025, 45.196030992000033 ], [ 141.135508660000028, 45.206122137000079 ], [ 141.131846550000091, 45.210272528000075 ], [ 141.167165561000047, 45.239976304000038 ], [ 141.179698113000086, 45.244370835000041 ], [ 141.202647332000083, 45.249090887000079 ], [ 141.235199415000011, 45.241278387000079 ], [ 141.268321160000028, 45.225531317000048 ], [ 141.292979363000086, 45.206529039000088 ], [ 141.327159050000091, 45.172349351000037 ] ] ], [ [ [ 141.052744988000086, 45.450425523000035 ], [ 141.069021030000044, 45.442694403000075 ], [ 141.073578321000014, 45.424709377000056 ], [ 141.059092644000089, 45.321966864000046 ], [ 141.049571160000028, 45.292914130000042 ], [ 141.035655144000089, 45.264878648000035 ], [ 141.029063347000033, 45.278509833000044 ], [ 141.029958530000044, 45.283921617000033 ], [ 141.035655144000089, 45.292181708000044 ], [ 141.010508660000028, 45.327785549000055 ], [ 140.998871290000011, 45.350002346000053 ], [ 140.994151238000086, 45.371039130000042 ], [ 141.000987175000091, 45.419134833000044 ], [ 140.996348504000025, 45.430243231000077 ], [ 140.966807488000086, 45.463446356000077 ], [ 140.974131707000083, 45.467718817000048 ], [ 140.980642123000052, 45.468939520000049 ], [ 140.986094597000033, 45.46743398600006 ], [ 140.990489129000025, 45.463364976000037 ], [ 140.993174675000091, 45.458807684000078 ], [ 141.006602410000028, 45.440415757000039 ], [ 141.020030144000089, 45.439846096000053 ], [ 141.035329623000052, 45.446234442000048 ], [ 141.052744988000086, 45.450425523000035 ] ] ], [ [ [ 140.869965040000011, 27.218247789000088 ], [ 140.867930535000028, 27.233954169000071 ], [ 140.874196811000047, 27.238226630000042 ], [ 140.87818444100003, 27.232611395000049 ], [ 140.869965040000011, 27.218247789000088 ] ] ], [ [ [ 127.80982506600003, 26.735419012000079 ], [ 127.811208530000044, 26.706976630000042 ], [ 127.785655144000089, 26.70258209800005 ], [ 127.758555535000028, 26.712876695000091 ], [ 127.754649285000028, 26.728583075000074 ], [ 127.76880944100003, 26.734035549000055 ], [ 127.795746290000011, 26.731512762000079 ], [ 127.80982506600003, 26.735419012000079 ] ] ], [ [ [ 127.99537194100003, 27.091742255000042 ], [ 128.000987175000091, 27.091742255000042 ], [ 127.993174675000091, 27.06671784100007 ], [ 127.975759311000047, 27.039740302000041 ], [ 127.952159050000091, 27.01829661700009 ], [ 127.925791863000086, 27.009751695000091 ], [ 127.935720248000052, 27.025091864000046 ], [ 127.987071160000028, 27.078599351000037 ], [ 127.99537194100003, 27.091742255000042 ] ] ], [ [ [ 130.220062696000014, 30.471584377000056 ], [ 130.242867, 30.463611804000038 ], [ 130.262144127000056, 30.447032385000057 ], [ 130.26215684400006, 30.435023779000062 ], [ 130.240633992000085, 30.434935680000081 ], [ 130.231845441000019, 30.42354163300007 ], [ 130.212467642000092, 30.420690741000044 ], [ 130.193082099000094, 30.439563337000038 ], [ 130.194386507000104, 30.452148094000052 ], [ 130.190380823000055, 30.46129914800008 ], [ 130.173115001000042, 30.454421868000054 ], [ 130.163108376000082, 30.468716573000052 ], [ 130.151776836000067, 30.477863163000052 ], [ 130.141766046000043, 30.489301081000065 ], [ 130.165050689000054, 30.489890078000087 ], [ 130.191016268, 30.476172262000034 ], [ 130.202305788000103, 30.481901060000041 ], [ 130.220062696000014, 30.471584377000056 ] ] ], [ [ [ 134.367360873000052, 34.554266669000071 ], [ 134.363291863000086, 34.545355536000045 ], [ 134.365733269000089, 34.536281643000052 ], [ 134.370616082000083, 34.525864976000037 ], [ 134.37427819100003, 34.513332424000055 ], [ 134.368907097000033, 34.484361070000034 ], [ 134.34693444100003, 34.430812893000052 ], [ 134.342133009, 34.439683335000041 ], [ 134.332774285000028, 34.44476959800005 ], [ 134.320160352000016, 34.446478583000044 ], [ 134.30591881600003, 34.445013739000046 ], [ 134.30591881600003, 34.451239325000074 ], [ 134.324961785000028, 34.453680731000077 ], [ 134.329600457000083, 34.462388414000088 ], [ 134.320648634, 34.468939520000049 ], [ 134.299082879000025, 34.464911200000074 ], [ 134.284922722000033, 34.452297268000052 ], [ 134.274180535000028, 34.43500397300005 ], [ 134.262380405000044, 34.420884507000039 ], [ 134.244395379000025, 34.417710679000038 ], [ 134.248708530000044, 34.453192450000074 ], [ 134.243174675000091, 34.463853257000039 ], [ 134.223399285000028, 34.472357489000046 ], [ 134.204844597000033, 34.471584377000056 ], [ 134.185883009, 34.466050523000035 ], [ 134.170176629000025, 34.46548086100006 ], [ 134.16138756600003, 34.479193427000041 ], [ 134.171722852000016, 34.485907294000071 ], [ 134.172536655000044, 34.496649481000077 ], [ 134.171071811000047, 34.508937893000052 ], [ 134.17505944100003, 34.520086981000077 ], [ 134.203786655000044, 34.51243724200009 ], [ 134.228282097000033, 34.518377997000073 ], [ 134.271250847000033, 34.540676174000055 ], [ 134.283213738000086, 34.543646552000041 ], [ 134.319021030000044, 34.546820380000042 ], [ 134.353688998000052, 34.554388739000046 ], [ 134.367360873000052, 34.554266669000071 ] ] ], [ [ [ 141.452972852000016, 24.222398179000038 ], [ 141.46021569100003, 24.227362372000073 ], [ 141.46998131600003, 24.226263739000046 ], [ 141.470713738000086, 24.219183661000045 ], [ 141.467946811000047, 24.213771877000056 ], [ 141.463145379000025, 24.212103583000044 ], [ 141.455739780000044, 24.215887762000079 ], [ 141.452972852000016, 24.222398179000038 ] ] ], [ [ [ 153.972992384, 24.28969961100006 ], [ 153.981211785000028, 24.295355536000045 ], [ 153.98560631600003, 24.291083075000074 ], [ 153.98365319100003, 24.282945054000038 ], [ 153.978282097000033, 24.282416083000044 ], [ 153.972015821000014, 24.284816799000055 ], [ 153.972992384, 24.28969961100006 ] ] ], [ [ [ 141.287445509, 25.417710679000038 ], [ 141.27466881600003, 25.427069403000075 ], [ 141.270518425000091, 25.440375067000048 ], [ 141.274750196000014, 25.451117255000042 ], [ 141.288259311000047, 25.452541408000059 ], [ 141.297536655000044, 25.445298570000091 ], [ 141.299489780000044, 25.434800523000035 ], [ 141.295664910000028, 25.424505927000041 ], [ 141.287445509, 25.417710679000038 ] ] ], [ [ [ 131.289724155000044, 25.951361395000049 ], [ 131.302093946000014, 25.953192450000074 ], [ 131.321299675000091, 25.947699286000045 ], [ 131.327891472000033, 25.937079169000071 ], [ 131.322276238000086, 25.927069403000075 ], [ 131.316579623000052, 25.923081773000035 ], [ 131.309580925000091, 25.922756252000056 ], [ 131.301524285000028, 25.926743882000039 ], [ 131.290863477000016, 25.938666083000044 ], [ 131.289724155000044, 25.951361395000049 ] ] ], [ [ [ 127.222178582000083, 26.598944403000075 ], [ 127.232758009, 26.600775458000044 ], [ 127.242360873000052, 26.596747137000079 ], [ 127.244151238000086, 26.586411851000037 ], [ 127.236827019000089, 26.579169012000079 ], [ 127.227061394000089, 26.57953522300005 ], [ 127.214854363000086, 26.577460028000075 ], [ 127.208832227000016, 26.581976630000042 ], [ 127.214854363000086, 26.592922268000052 ], [ 127.222178582000083, 26.598944403000075 ] ] ], [ [ [ 128.45435631600003, 27.04751211100006 ], [ 128.454844597000033, 27.02875397300005 ], [ 128.448578321000014, 27.020697333000044 ], [ 128.431407097000033, 27.021673895000049 ], [ 128.410899285000028, 27.030585028000075 ], [ 128.406097852000016, 27.035101630000042 ], [ 128.401540561000047, 27.036932684000078 ], [ 128.396250847000033, 27.040757554000038 ], [ 128.396250847000033, 27.049017645000049 ], [ 128.40162194100003, 27.050726630000042 ], [ 128.408702019000089, 27.050848700000074 ], [ 128.41570071700005, 27.059759833000044 ], [ 128.42896569100003, 27.066473700000074 ], [ 128.444346550000091, 27.062567450000074 ], [ 128.451670769000089, 27.05414459800005 ], [ 128.45435631600003, 27.04751211100006 ] ] ], [ [ [ 142.189219597000033, 27.145493882000039 ], [ 142.184255405000044, 27.158351955000057 ], [ 142.185313347000033, 27.17413971600007 ], [ 142.190928582000083, 27.185207424000055 ], [ 142.20045006600003, 27.183294989000046 ], [ 142.204112175000091, 27.173895575000074 ], [ 142.201833530000044, 27.16274648600006 ], [ 142.195974155000044, 27.152411200000074 ], [ 142.189219597000033, 27.145493882000039 ] ] ], [ [ [ 142.195323113000086, 27.599107164000088 ], [ 142.179453972000033, 27.612494208000044 ], [ 142.183116082000083, 27.61945221600007 ], [ 142.192881707000083, 27.616197007000039 ], [ 142.195323113000086, 27.599107164000088 ] ] ], [ [ [ 142.080577019000089, 27.716945705000057 ], [ 142.078623894000089, 27.727240302000041 ], [ 142.082286004000025, 27.729885158000059 ], [ 142.085134311000047, 27.726060289000088 ], [ 142.080577019000089, 27.716945705000057 ] ] ], [ [ [ 128.236582879000025, 27.866522528000075 ], [ 128.238536004000025, 27.860907294000071 ], [ 128.24341881600003, 27.857245184000078 ], [ 128.241547071000014, 27.845363674000055 ], [ 128.232269727000016, 27.852850653000075 ], [ 128.229828321000014, 27.868963934000078 ], [ 128.236582879000025, 27.866522528000075 ] ] ], [ [ [ 129.591563347000033, 29.450100002000056 ], [ 129.587412957000083, 29.458238023000035 ], [ 129.591319207000083, 29.467962958000044 ], [ 129.598155144000089, 29.472357489000046 ], [ 129.601084832000083, 29.47134023600006 ], [ 129.603526238000086, 29.469549872000073 ], [ 129.608083530000044, 29.469224351000037 ], [ 129.610687696000014, 29.46556224200009 ], [ 129.615407748000052, 29.455226955000057 ], [ 129.612315300000091, 29.443345445000091 ], [ 129.599619988000086, 29.443345445000091 ], [ 129.591563347000033, 29.450100002000056 ] ] ], [ [ [ 129.527679884, 29.902329820000034 ], [ 129.52857506600003, 29.90892161700009 ], [ 129.535411004000025, 29.909857489000046 ], [ 129.543304884, 29.908148505000042 ], [ 129.550140821000014, 29.903876044000071 ], [ 129.554453972000033, 29.897528387000079 ], [ 129.551524285000028, 29.893622137000079 ], [ 129.539886915000011, 29.889878648000035 ], [ 129.533050977000016, 29.893500067000048 ], [ 129.527679884, 29.902329820000034 ] ] ], [ [ [ 129.943695509, 29.965277411000045 ], [ 129.945323113000086, 29.961615302000041 ], [ 129.948008660000028, 29.959458726000037 ], [ 129.948008660000028, 29.958563544000071 ], [ 129.940928582000083, 29.953192450000074 ], [ 129.923811733000093, 29.95792003400004 ], [ 129.913333331000103, 29.960901639000042 ], [ 129.903086785000028, 29.970851955000057 ], [ 129.900645379000025, 29.972560940000051 ], [ 129.899750196000014, 29.975653387000079 ], [ 129.901133660000028, 29.980698960000041 ], [ 129.90357506600003, 29.984361070000034 ], [ 129.912364129000025, 29.991888739000046 ], [ 129.909027540000011, 29.999335028000075 ], [ 129.913422071000014, 30.00031159100007 ], [ 129.921989545000088, 30.00472988100006 ], [ 129.927135471000042, 29.993404422000083 ], [ 129.934153440000046, 29.982101624000052 ], [ 129.943695509, 29.965277411000045 ] ] ], [ [ [ 140.307627800000091, 30.491156317000048 ], [ 140.317149285000028, 30.491156317000048 ], [ 140.325938347000033, 30.485174872000073 ], [ 140.318614129000025, 30.475531317000048 ], [ 140.306488477000016, 30.473618882000039 ], [ 140.301605665000011, 30.480698960000041 ], [ 140.301442905000044, 30.486273505000042 ], [ 140.307627800000091, 30.491156317000048 ] ] ], [ [ [ 129.428233269000089, 30.84642161700009 ], [ 129.43091881600003, 30.848211981000077 ], [ 129.433848504000025, 30.844549872000073 ], [ 129.429453972000033, 30.840887762000079 ], [ 129.428233269000089, 30.84642161700009 ] ] ], [ [ [ 129.946299675000091, 30.844712632000039 ], [ 129.95826256600003, 30.836981512000079 ], [ 129.959808790000011, 30.828680731000077 ], [ 129.950368686000047, 30.819322007000039 ], [ 129.939463738000086, 30.813421942000048 ], [ 129.927744988000086, 30.813421942000048 ], [ 129.911957227000016, 30.81976959800005 ], [ 129.910411004000025, 30.821966864000046 ], [ 129.90984134200005, 30.825873114000046 ], [ 129.90398196700005, 30.834418036000045 ], [ 129.908213738000086, 30.838446356000077 ], [ 129.915863477000016, 30.841945705000057 ], [ 129.925547722000033, 30.849595445000034 ], [ 129.932139519000089, 30.851752020000049 ], [ 129.939952019000089, 30.848944403000075 ], [ 129.946299675000091, 30.844712632000039 ] ] ], [ [ [ 140.043467644000089, 31.443101304000038 ], [ 140.044444207000083, 31.445054429000038 ], [ 140.045664910000028, 31.443304755000042 ], [ 140.043467644000089, 31.443101304000038 ] ] ], [ [ [ 140.041270379000025, 31.444159247000073 ], [ 140.041351759, 31.446478583000044 ], [ 140.043142123000052, 31.444566148000035 ], [ 140.041514519000089, 31.443101304000038 ], [ 140.041270379000025, 31.444159247000073 ] ] ], [ [ [ 139.756358269000089, 32.452297268000052 ], [ 139.75709069100003, 32.470363674000055 ], [ 139.773773634, 32.440985419000071 ], [ 139.756358269000089, 32.452297268000052 ] ] ], [ [ [ 139.299082879000025, 33.650091864000046 ], [ 139.29615319100003, 33.651068427000041 ], [ 139.299082879000025, 33.65070221600007 ], [ 139.299082879000025, 33.650091864000046 ] ] ], [ [ [ 139.622813347000033, 33.885565497000073 ], [ 139.629567905000044, 33.87173086100006 ], [ 139.628754102000016, 33.865708726000037 ], [ 139.622894727000016, 33.856756903000075 ], [ 139.610199415000011, 33.852850653000075 ], [ 139.594248894000089, 33.854722398000035 ], [ 139.58130944100003, 33.862534898000035 ], [ 139.57976321700005, 33.88031647300005 ], [ 139.592458530000044, 33.895819403000075 ], [ 139.609629754000025, 33.896389065000051 ], [ 139.618988477000016, 33.890122789000088 ], [ 139.622813347000033, 33.885565497000073 ] ] ], [ [ [ 139.372894727000016, 41.522162177000041 ], [ 139.378265821000014, 41.519232489000046 ], [ 139.381846550000091, 41.513576565000051 ], [ 139.37427819100003, 41.504339911000045 ], [ 139.345550977000016, 41.493353583000044 ], [ 139.340830925000091, 41.49750397300005 ], [ 139.336436394000089, 41.511135158000059 ], [ 139.336436394000089, 41.518500067000048 ], [ 139.340342644000089, 41.523830471000053 ], [ 139.348155144000089, 41.524237372000073 ], [ 139.355723504000025, 41.522162177000041 ], [ 139.372894727000016, 41.522162177000041 ] ] ], [ [ [ 153.966237826, 24.308661200000074 ], [ 153.953461134, 24.29250722900008 ], [ 153.94068444100003, 24.311468817000048 ], [ 153.953705274000072, 24.315822658000059 ], [ 153.966237826, 24.308661200000074 ] ] ], [ [ [ 125.202891472000033, 24.846258856000077 ], [ 125.210785352000016, 24.836981512000079 ], [ 125.217051629000025, 24.816595770000049 ], [ 125.205251498000052, 24.80499909100007 ], [ 125.168142123000052, 24.800970770000049 ], [ 125.150645379000025, 24.804348049000055 ], [ 125.140147332000083, 24.816392320000091 ], [ 125.141123894000089, 24.828599351000037 ], [ 125.14966881600003, 24.831935940000051 ], [ 125.157562696000014, 24.833807684000078 ], [ 125.159678582000083, 24.844427802000041 ], [ 125.163584832000083, 24.854641018000052 ], [ 125.17701256600003, 24.856390692000048 ], [ 125.194509311000047, 24.850287177000041 ], [ 125.202891472000033, 24.846258856000077 ] ] ], [ [ [ 127.369639519000089, 26.214585679000038 ], [ 127.37077884200005, 26.210028387000079 ], [ 127.370860222000033, 26.203192450000074 ], [ 127.367930535000028, 26.190619208000044 ], [ 127.363617384, 26.177557684000078 ], [ 127.361094597000033, 26.164007880000042 ], [ 127.353526238000086, 26.153998114000046 ], [ 127.34538821700005, 26.158270575000074 ], [ 127.342784050000091, 26.17023346600007 ], [ 127.342295769000089, 26.17999909100007 ], [ 127.342621290000011, 26.185736395000049 ], [ 127.346202019000089, 26.206366278000075 ], [ 127.354177280000044, 26.218939520000049 ], [ 127.364105665000011, 26.22134023600006 ], [ 127.369639519000089, 26.214585679000038 ] ] ], [ [ [ 142.10515384200005, 27.727036851000037 ], [ 142.108815951, 27.729681708000044 ], [ 142.111664259, 27.725856838000084 ], [ 142.107188347000033, 27.716742255000042 ], [ 142.10515384200005, 27.727036851000037 ] ] ], [ [ [ 129.933360222000033, 31.86782461100006 ], [ 129.928477410000028, 31.86391836100006 ], [ 129.927744988000086, 31.859523830000057 ], [ 129.929698113000086, 31.853420315000051 ], [ 129.928070509, 31.846502997000073 ], [ 129.928477410000028, 31.840399481000077 ], [ 129.931162957000083, 31.836371161000045 ], [ 129.931488477000016, 31.833482164000088 ], [ 129.929209832000083, 31.826727606000077 ], [ 129.922211134, 31.819810289000088 ], [ 129.912771030000044, 31.819484768000052 ], [ 129.903330925000091, 31.818060614000046 ], [ 129.88990319100003, 31.810736395000049 ], [ 129.875987175000091, 31.81126536700009 ], [ 129.868662957000083, 31.818426825000074 ], [ 129.863291863000086, 31.820868231000077 ], [ 129.85906009200005, 31.82367584800005 ], [ 129.857432488000086, 31.828558661000045 ], [ 129.853770379000025, 31.835150458000044 ], [ 129.847422722000033, 31.843410549000055 ], [ 129.846527540000011, 31.850897528000075 ], [ 129.853526238000086, 31.855169989000046 ], [ 129.850433790000011, 31.857407945000034 ], [ 129.83952884200005, 31.853664455000057 ], [ 129.831797722000033, 31.843736070000034 ], [ 129.824229363000086, 31.842271226000037 ], [ 129.820567254000025, 31.845526434000078 ], [ 129.820323113000086, 31.85187409100007 ], [ 129.823090040000011, 31.863023179000038 ], [ 129.831797722000033, 31.873521226000037 ], [ 129.84498131600003, 31.880601304000038 ], [ 129.86451256600003, 31.875555731000077 ], [ 129.90202884200005, 31.848130601000037 ], [ 129.909922722000033, 31.845689195000034 ], [ 129.912771030000044, 31.85187409100007 ], [ 129.908457879000025, 31.861802476000037 ], [ 129.913422071000014, 31.867743231000077 ], [ 129.928558790000011, 31.869696356000077 ], [ 129.933360222000033, 31.86782461100006 ] ] ], [ [ [ 130.243907097000033, 32.301825262000079 ], [ 130.260264519000089, 32.295070705000057 ], [ 130.266449415000011, 32.287054755000042 ], [ 130.263031446000014, 32.281317450000074 ], [ 130.25359134200005, 32.271633205000057 ], [ 130.242849155000044, 32.263088283000059 ], [ 130.232676629000025, 32.258775132000039 ], [ 130.223155144000089, 32.257066148000035 ], [ 130.215098504000025, 32.25267161700009 ], [ 130.210703972000033, 32.255357164000088 ], [ 130.210948113000086, 32.265773830000057 ], [ 130.212901238000086, 32.276678778000075 ], [ 130.217051629000025, 32.286932684000078 ], [ 130.222911004000025, 32.292059637000079 ], [ 130.228526238000086, 32.293036200000074 ], [ 130.231211785000028, 32.295111395000049 ], [ 130.232269727000016, 32.298651434000078 ], [ 130.243907097000033, 32.301825262000079 ] ] ], [ [ [ 130.446787957000083, 32.596828518000052 ], [ 130.452647332000083, 32.590643622000073 ], [ 130.453868035000028, 32.580064195000034 ], [ 130.450938347000033, 32.563421942000048 ], [ 130.445811394000089, 32.552557684000078 ], [ 130.431895379000025, 32.549872137000079 ], [ 130.424571160000028, 32.546820380000042 ], [ 130.427582227000016, 32.537298895000049 ], [ 130.421397332000083, 32.540757554000038 ], [ 130.409190300000091, 32.549261786000045 ], [ 130.406748894000089, 32.560980536000045 ], [ 130.41138756600003, 32.573879299000055 ], [ 130.407725457000083, 32.581732489000046 ], [ 130.39966881600003, 32.586411851000037 ], [ 130.398773634, 32.593166408000059 ], [ 130.413584832000083, 32.61359284100007 ], [ 130.416514519000089, 32.613959052000041 ], [ 130.416840040000011, 32.610052802000041 ], [ 130.420095248000052, 32.611558335000041 ], [ 130.428477410000028, 32.617661851000037 ], [ 130.436534050000091, 32.620672919000071 ], [ 130.446462436000047, 32.616603908000059 ], [ 130.452891472000033, 32.610988674000055 ], [ 130.450043165000011, 32.603257554000038 ], [ 130.446787957000083, 32.596828518000052 ] ] ], [ [ [ 132.562022332000083, 32.742132880000042 ], [ 132.568614129000025, 32.734361070000034 ], [ 132.57154381600003, 32.725490627000056 ], [ 132.570811394000089, 32.717271226000037 ], [ 132.563243035000028, 32.709947007000039 ], [ 132.549652540000011, 32.704291083000044 ], [ 132.543223504000025, 32.70844147300005 ], [ 132.540537957000083, 32.721502997000073 ], [ 132.539886915000011, 32.733791408000059 ], [ 132.543793165000011, 32.745591539000088 ], [ 132.548594597000033, 32.750799872000073 ], [ 132.554942254000025, 32.74750397300005 ], [ 132.557953321000014, 32.745306708000044 ], [ 132.562022332000083, 32.742132880000042 ] ] ], [ [ [ 128.899750196000014, 32.818304755000042 ], [ 128.902842644000089, 32.814154364000046 ], [ 128.908539259, 32.801336981000077 ], [ 128.907237175000091, 32.794012762000079 ], [ 128.894867384, 32.781724351000037 ], [ 128.882334832000083, 32.765285549000055 ], [ 128.875336134, 32.763495184000078 ], [ 128.86646569100003, 32.764960028000075 ], [ 128.847911004000025, 32.774888414000088 ], [ 128.840098504000025, 32.777573960000041 ], [ 128.83521569100003, 32.787665106000077 ], [ 128.835948113000086, 32.81899648600006 ], [ 128.834646030000044, 32.827053127000056 ], [ 128.837250196000014, 32.833807684000078 ], [ 128.846202019000089, 32.834865627000056 ], [ 128.856944207000083, 32.830023505000042 ], [ 128.863454623000052, 32.818833726000037 ], [ 128.866221550000091, 32.80735911700009 ], [ 128.869883660000028, 32.80109284100007 ], [ 128.873871290000011, 32.798732815000051 ], [ 128.875010613000086, 32.801743882000039 ], [ 128.874196811000047, 32.804348049000055 ], [ 128.873383009, 32.807847398000035 ], [ 128.87077884200005, 32.816066799000055 ], [ 128.866221550000091, 32.825384833000044 ], [ 128.86296634200005, 32.835272528000075 ], [ 128.868174675000091, 32.837836005000042 ], [ 128.89226321700005, 32.823716539000088 ], [ 128.899750196000014, 32.818304755000042 ] ] ], [ [ [ 128.953135613000086, 32.874212958000044 ], [ 128.955414259, 32.863104559000078 ], [ 128.958018425000091, 32.841498114000046 ], [ 128.954437696000014, 32.83071523600006 ], [ 128.94695071700005, 32.828029690000051 ], [ 128.94459069100003, 32.823391018000052 ], [ 128.947764519000089, 32.819810289000088 ], [ 128.949392123000052, 32.813381252000056 ], [ 128.945078972000033, 32.804348049000055 ], [ 128.940440300000091, 32.804429429000038 ], [ 128.938487175000091, 32.812933661000045 ], [ 128.931976759, 32.81712474200009 ], [ 128.923024936000047, 32.818060614000046 ], [ 128.920583530000044, 32.820746161000045 ], [ 128.924082879000025, 32.824611721000053 ], [ 128.924001498000052, 32.829657294000071 ], [ 128.920176629000025, 32.835028387000079 ], [ 128.91570071700005, 32.838853257000039 ], [ 128.909922722000033, 32.84243398600006 ], [ 128.89576256600003, 32.856431382000039 ], [ 128.889659050000091, 32.85814036700009 ], [ 128.883148634, 32.855943101000037 ], [ 128.880707227000016, 32.862616278000075 ], [ 128.890879754000025, 32.870917059000078 ], [ 128.908946160000028, 32.866441148000035 ], [ 128.924327019000089, 32.851507880000042 ], [ 128.929453972000033, 32.849798895000049 ], [ 128.926768425000091, 32.862209377000056 ], [ 128.92896569100003, 32.86469147300005 ], [ 128.937673373000052, 32.86078522300005 ], [ 128.942149285000028, 32.865179755000042 ], [ 128.943369988000086, 32.876288153000075 ], [ 128.94654381600003, 32.880194403000075 ], [ 128.951182488000086, 32.876450914000088 ], [ 128.953135613000086, 32.874212958000044 ] ] ], [ [ [ 129.027842644000089, 32.899807033000059 ], [ 129.029470248000052, 32.891750393000052 ], [ 129.029958530000044, 32.888617255000042 ], [ 129.028168165000011, 32.855658270000049 ], [ 129.024099155000044, 32.848049221000053 ], [ 129.017914259, 32.848049221000053 ], [ 129.017425977000016, 32.856675523000035 ], [ 129.013682488000086, 32.858791408000059 ], [ 129.006602410000028, 32.86469147300005 ], [ 128.996836785000028, 32.86664459800005 ], [ 128.982676629000025, 32.862250067000048 ], [ 128.977549675000091, 32.86399974200009 ], [ 128.973806186000047, 32.869045315000051 ], [ 128.969493035000028, 32.871486721000053 ], [ 128.96802819100003, 32.87368398600006 ], [ 128.96412194100003, 32.889553127000056 ], [ 128.964610222000033, 32.898260809000078 ], [ 128.972992384, 32.898504950000074 ], [ 128.991709832000083, 32.889837958000044 ], [ 128.995616082000083, 32.890529690000051 ], [ 128.994476759, 32.895331122000073 ], [ 128.988780144000089, 32.900213934000078 ], [ 128.983734571000014, 32.906642971000053 ], [ 128.982269727000016, 32.91242096600007 ], [ 128.979665561000047, 32.916489976000037 ], [ 128.979340040000011, 32.92023346600007 ], [ 128.982676629000025, 32.923244533000059 ], [ 128.984711134, 32.92609284100007 ], [ 128.984629754000025, 32.929185289000088 ], [ 128.992442254000025, 32.929429429000038 ], [ 129.009613477000016, 32.924505927000041 ], [ 129.020681186000047, 32.916693427000041 ], [ 129.024587436000047, 32.908636786000045 ], [ 129.027842644000089, 32.899807033000059 ] ] ], [ [ [ 129.135508660000028, 33.299872137000079 ], [ 129.143321160000028, 33.284816799000055 ], [ 129.150157097000033, 33.276516018000052 ], [ 129.149587436000047, 33.269029039000088 ], [ 129.134287957000083, 33.258612372000073 ], [ 129.127289259, 33.24750397300005 ], [ 129.119151238000086, 33.246527411000045 ], [ 129.10320071700005, 33.249172268000052 ], [ 129.092133009, 33.255438544000071 ], [ 129.085785352000016, 33.26007721600007 ], [ 129.07976321700005, 33.261297919000071 ], [ 129.075043165000011, 33.259914455000057 ], [ 129.076182488000086, 33.268784898000035 ], [ 129.08912194100003, 33.283270575000074 ], [ 129.103770379000025, 33.288967190000051 ], [ 129.113129102000016, 33.291408596000053 ], [ 129.128265821000014, 33.301581122000073 ], [ 129.135508660000028, 33.299872137000079 ] ] ], [ [ [ 129.55591881600003, 33.493963934000078 ], [ 129.573415561000047, 33.496079820000034 ], [ 129.576426629000025, 33.488348700000074 ], [ 129.56804446700005, 33.478501695000034 ], [ 129.554453972000033, 33.473456122000073 ], [ 129.539398634, 33.475165106000077 ], [ 129.526866082000083, 33.480454820000034 ], [ 129.519053582000083, 33.478176174000055 ], [ 129.516449415000011, 33.473537502000056 ], [ 129.511973504000025, 33.47296784100007 ], [ 129.50318444100003, 33.473700262000079 ], [ 129.506683790000011, 33.483099677000041 ], [ 129.52466881600003, 33.497544664000088 ], [ 129.541758660000028, 33.507310289000088 ], [ 129.551768425000091, 33.506903387000079 ], [ 129.554860873000052, 33.499823309000078 ], [ 129.55591881600003, 33.493963934000078 ] ] ], [ [ [ 132.641368035000028, 34.014064846000053 ], [ 132.643890821000014, 34.011419989000046 ], [ 132.644297722000033, 34.000881252000056 ], [ 132.642751498000052, 33.989935614000046 ], [ 132.640961134, 33.983954169000071 ], [ 132.636973504000025, 33.97923411700009 ], [ 132.635020379000025, 33.974839585000041 ], [ 132.63445071700005, 33.964829820000034 ], [ 132.620290561000047, 33.953802802000041 ], [ 132.600433790000011, 33.949896552000041 ], [ 132.58912194100003, 33.956447658000059 ], [ 132.586924675000091, 33.969671942000048 ], [ 132.596364780000044, 33.980943101000037 ], [ 132.606455925000091, 33.989203192000048 ], [ 132.613780144000089, 33.994045315000051 ], [ 132.617930535000028, 33.995672919000071 ], [ 132.624522332000083, 33.999090887000079 ], [ 132.63640384200005, 34.008286851000037 ], [ 132.641368035000028, 34.014064846000053 ] ] ], [ [ [ 133.093516472000033, 34.174302476000037 ], [ 133.099131707000083, 34.175197658000059 ], [ 133.101735873000052, 34.170965887000079 ], [ 133.094411655000044, 34.160386460000041 ], [ 133.045176629000025, 34.118394273000035 ], [ 133.027842644000089, 34.111558335000041 ], [ 133.017100457000083, 34.118841864000046 ], [ 133.01685631600003, 34.136297919000071 ], [ 133.020030144000089, 34.149644273000035 ], [ 133.025645379000025, 34.154445705000057 ], [ 133.031748894000089, 34.154120184000078 ], [ 133.03679446700005, 34.153265692000048 ], [ 133.033946160000028, 34.161363023000035 ], [ 133.026215040000011, 34.176174221000053 ], [ 133.033050977000016, 34.189398505000042 ], [ 133.055430535000028, 34.193548895000049 ], [ 133.07154381600003, 34.188055731000077 ], [ 133.076670769000089, 34.180650132000039 ], [ 133.083018425000091, 34.175034898000035 ], [ 133.093516472000033, 34.174302476000037 ] ] ], [ [ [ 132.738536004000025, 34.196966864000046 ], [ 132.755056186000047, 34.189113674000055 ], [ 132.76140384200005, 34.177150783000059 ], [ 132.756114129000025, 34.167466539000088 ], [ 132.747406446000014, 34.162543036000045 ], [ 132.740000847000033, 34.159898179000038 ], [ 132.73755944100003, 34.161607164000088 ], [ 132.737315300000091, 34.168402411000045 ], [ 132.731618686000047, 34.17133209800005 ], [ 132.723643425000091, 34.170803127000056 ], [ 132.697927280000044, 34.181341864000046 ], [ 132.688975457000083, 34.189886786000045 ], [ 132.695160352000016, 34.200140692000048 ], [ 132.708994988000086, 34.203314520000049 ], [ 132.728851759, 34.198797919000071 ], [ 132.738536004000025, 34.196966864000046 ] ] ], [ [ [ 132.92115319100003, 34.277329820000034 ], [ 132.928477410000028, 34.284002997000073 ], [ 132.932302280000044, 34.27484772300005 ], [ 132.928477410000028, 34.251939195000034 ], [ 132.919118686000047, 34.232896226000037 ], [ 132.916758660000028, 34.221869208000044 ], [ 132.905772332000083, 34.213080145000049 ], [ 132.883067254000025, 34.208644924000055 ], [ 132.863129102000016, 34.208482164000088 ], [ 132.849945509, 34.21515534100007 ], [ 132.84302819100003, 34.228420315000051 ], [ 132.846446160000028, 34.240220445000034 ], [ 132.854014519000089, 34.245021877000056 ], [ 132.857188347000033, 34.245835679000038 ], [ 132.88599694100003, 34.257025458000044 ], [ 132.897146030000044, 34.256740627000056 ], [ 132.908213738000086, 34.262884833000044 ], [ 132.92115319100003, 34.277329820000034 ] ] ], [ [ [ 132.338389519000089, 34.304429429000038 ], [ 132.344248894000089, 34.29564036700009 ], [ 132.345469597000033, 34.28656647300005 ], [ 132.34498131600003, 34.28196849200009 ], [ 132.325531446000014, 34.264715887000079 ], [ 132.295909050000091, 34.243231512000079 ], [ 132.279307488000086, 34.238348700000074 ], [ 132.267914259, 34.24445221600007 ], [ 132.26726321700005, 34.253607489000046 ], [ 132.286631707000083, 34.279120184000078 ], [ 132.298838738000086, 34.292222398000035 ], [ 132.314463738000086, 34.300441799000055 ], [ 132.328623894000089, 34.306219794000071 ], [ 132.338389519000089, 34.304429429000038 ] ] ], [ [ [ 133.715668165000011, 34.396144924000055 ], [ 133.724457227000016, 34.384466864000046 ], [ 133.72584069100003, 34.37140534100007 ], [ 133.720469597000033, 34.363836981000077 ], [ 133.712901238000086, 34.359442450000074 ], [ 133.70630944100003, 34.354641018000052 ], [ 133.703135613000086, 34.351752020000049 ], [ 133.695811394000089, 34.354803778000075 ], [ 133.688487175000091, 34.366156317000048 ], [ 133.691905144000089, 34.378404039000088 ], [ 133.705332879000025, 34.391791083000044 ], [ 133.70826256600003, 34.397284247000073 ], [ 133.715668165000011, 34.396144924000055 ] ] ], [ [ [ 135.205179161000046, 34.430490875000089 ], [ 135.240970989000061, 34.454646595000042 ], [ 135.257054285000095, 34.435778061000065 ], [ 135.22441622000008, 34.416304280000077 ], [ 135.210541965000061, 34.421905936000087 ], [ 135.205179161000046, 34.430490875000089 ] ] ], [ [ [ 134.049001498000052, 34.474351304000038 ], [ 134.039480014000105, 34.478298244000086 ], [ 134.036631707000083, 34.48078034100007 ], [ 134.03834069100003, 34.483303127000056 ], [ 134.045990431000064, 34.487656968000067 ], [ 134.054860873000052, 34.488836981000077 ], [ 134.072032097000033, 34.498480536000045 ], [ 134.083425326, 34.50071849200009 ], [ 134.087412957000083, 34.497829494000086 ], [ 134.09538821700005, 34.491970119000086 ], [ 134.101817254000025, 34.491441148000035 ], [ 134.104502800000091, 34.490261135000083 ], [ 134.102875196000014, 34.480943101000037 ], [ 134.083994988000086, 34.459824937000064 ], [ 134.076182488000086, 34.460760809000078 ], [ 134.067881707000083, 34.466701565000051 ], [ 134.067067905000044, 34.467027085000041 ], [ 134.049001498000052, 34.474351304000038 ] ] ], [ [ [ 136.891968442, 34.496692080000059 ], [ 136.898991520000095, 34.504053366000051 ], [ 136.908952542000065, 34.502362467000069 ], [ 136.906906362000086, 34.494149522000043 ], [ 136.902471106, 34.486060334000058 ], [ 136.891202257000032, 34.47970794400004 ], [ 136.883204290000094, 34.47536609000008 ], [ 136.877536353000096, 34.483176243000059 ], [ 136.872598946000039, 34.491139333000035 ], [ 136.891968442, 34.496692080000059 ] ] ], [ [ [ 136.890178716000037, 34.531200943000044 ], [ 136.896473615000104, 34.538411189000044 ], [ 136.910052351000104, 34.540109474000076 ], [ 136.902486205000059, 34.531974157000036 ], [ 136.903174746000104, 34.525015299000074 ], [ 136.889063492000105, 34.522552647000055 ], [ 136.873985090000019, 34.51341308800005 ], [ 136.85621599600006, 34.510139304000063 ], [ 136.849127376000069, 34.515037052000082 ], [ 136.86591662, 34.521326624000039 ], [ 136.890178716000037, 34.531200943000044 ] ] ], [ [ [ 136.798059690000059, 34.876400640000043 ], [ 136.810968999000011, 34.876305527000056 ], [ 136.82350283300002, 34.862037441000041 ], [ 136.825951470000064, 34.849076100000048 ], [ 136.814700865000077, 34.846306784000035 ], [ 136.815002428000071, 34.839917089000039 ], [ 136.807730592000098, 34.839196455000035 ], [ 136.798059690000059, 34.876400640000043 ] ] ], [ [ [ 137.04810631600003, 37.152289130000042 ], [ 137.045258009, 37.145086981000077 ], [ 137.044444207000083, 37.136704820000034 ], [ 137.045909050000091, 37.128119208000044 ], [ 137.03874759200005, 37.120103257000039 ], [ 137.022227410000028, 37.114447333000044 ], [ 137.003754102000016, 37.113470770000049 ], [ 136.985850457000083, 37.108303127000056 ], [ 136.972666863000086, 37.101629950000074 ], [ 136.963226759, 37.101548570000034 ], [ 136.947276238000086, 37.096991278000075 ], [ 136.943695509, 37.097357489000046 ], [ 136.93482506600003, 37.10814036700009 ], [ 136.915537957000083, 37.127752997000073 ], [ 136.905284050000091, 37.143622137000079 ], [ 136.911468946000014, 37.150946356000077 ], [ 136.91960696700005, 37.147447007000039 ], [ 136.92351321700005, 37.14008209800005 ], [ 136.928396030000044, 37.137762762000079 ], [ 136.934336785000028, 37.141791083000044 ], [ 136.941254102000016, 37.144435940000051 ], [ 136.950205925000091, 37.144761460000041 ], [ 136.959320509, 37.147365627000056 ], [ 136.966644727000016, 37.15180084800005 ], [ 136.973643425000091, 37.153265692000048 ], [ 136.981211785000028, 37.151312567000048 ], [ 136.989024285000028, 37.145331122000073 ], [ 136.999034050000091, 37.139471747000073 ], [ 137.008555535000028, 37.140611070000034 ], [ 137.016286655000044, 37.14484284100007 ], [ 137.027191602000016, 37.155218817000048 ], [ 137.041758660000028, 37.159735419000071 ], [ 137.04810631600003, 37.152289130000042 ] ] ], [ [ [ 123.606293165000125, 25.738999742000146 ], [ 123.604665561000161, 25.73875560100015 ], [ 123.600433790000011, 25.739365953000174 ], [ 123.60279381600003, 25.745469468000067 ], [ 123.606293165000125, 25.738999742000146 ] ] ], [ [ [ 123.545339389000219, 25.761786200000131 ], [ 123.528900587000066, 25.761786200000131 ], [ 123.511485222000147, 25.758083401000079 ], [ 123.513926629000139, 25.769110419000128 ], [ 123.531423373000052, 25.773342190000051 ], [ 123.537445509000122, 25.773260809000135 ], [ 123.545339389000219, 25.761786200000131 ] ] ], [ [ [ 123.673024936000161, 25.928697006999982 ], [ 123.672048373000166, 25.927476304000152 ], [ 123.67172285200013, 25.929754950000017 ], [ 123.673024936000161, 25.928697006999982 ] ] ] ] } }
]
}
