{
"type": "FeatureCollection",
"name": "provinces",
"crs": { "type": "name", "properties": { "name": "urn:ogc:def:crs:OGC:1.3:CRS84" } },
"features": [
{ "type": "Feature", "properties": { "name_en": "Sichuan", "admin": "China", "iso_a2": "CN" }, "geometry": { "type": "Polygon", "coordinates": [ [ [ 108.518368767904292, 32.197569892036881 ], [ 108.388970981725379, 32.184289049400093 ], [ 108.375638462245206, 32.177235216032386 ], [ 108.361169061203157, 32.167184150028504 ], [ 108.364166293839332, 32.15819245032128 ], [ 108.370987583210365, 32.148683987575964 ], [ 108.406954380240393, 32.118143215037321 ], [ 108.414550815967345, 32.109694119487983 ], [ 108.419201695002187, 32.100004787790681 ], [ 108.416876255035106, 32.089333604162505 ], [ 108.410054965664074, 32.083442490778282 ], [ 108.401476678905567, 32.080341905354601 ], [ 108.365716586551173, 32.080031846992142 ], [ 108.354657831093959, 32.077809759812567 ], [ 108.344735956299303, 32.073546454405346 ], [ 108.320241326775772, 32.035099189575931 ], [ 108.267789747998449, 31.972906603157185 ], [ 108.262673780970147, 31.963294785825667 ], [ 108.260193313170817, 31.954638983802056 ], [ 108.260193313170817, 31.948127752793539 ], [ 108.263397251382003, 31.939937038763333 ], [ 108.271355422314855, 31.93213389746137 ], [ 108.286961704918724, 31.922160345823272 ], [ 108.422664015631767, 31.852526353308519 ], [ 108.480851679061686, 31.810823473424534 ], [ 108.500695428651056, 31.790824693304955 ], [ 108.506896600397738, 31.781858832019452 ], [ 108.514803095386526, 31.766149197527398 ], [ 108.523484734932538, 31.737908027433491 ], [ 108.521159295864777, 31.719821275231652 ], [ 108.516198357568101, 31.708271593359314 ], [ 108.505036249323382, 31.696075955440961 ], [ 108.478784620613681, 31.674242661769426 ], [ 108.469482863443375, 31.667886461291118 ], [ 108.461628046197347, 31.661401068704322 ], [ 108.455220167976336, 31.657757880022132 ], [ 108.449639112954628, 31.6529002963116 ], [ 108.444058058832297, 31.644580390172848 ], [ 108.438632033441536, 31.632617296251226 ], [ 108.43103559771464, 31.610034695544755 ], [ 108.419046665371241, 31.585204169236988 ], [ 108.406799350609504, 31.566032213216033 ], [ 108.393931919122736, 31.55228628168652 ], [ 108.352332391126879, 31.517404690274191 ], [ 108.327476027296768, 31.501410834042758 ], [ 108.323186884367203, 31.499369614915793 ], [ 108.301586134692343, 31.4933234728 ], [ 108.241796502606462, 31.486011257013899 ], [ 108.232236363017705, 31.481282864512593 ], [ 108.223089633679592, 31.46789866818898 ], [ 108.221074252974347, 31.450225328036424 ], [ 108.215958286845421, 31.42973562330036 ], [ 108.210273879036265, 31.414181017539931 ], [ 108.197354770706056, 31.391314195094026 ], [ 108.192497186096205, 31.377929998770412 ], [ 108.190946893384364, 31.365811876117164 ], [ 108.193272333351445, 31.355631618904056 ], [ 108.19435753806988, 31.345348008903443 ], [ 108.194047478808045, 31.330930283805515 ], [ 108.187071160705443, 31.318166205106252 ], [ 108.175909051561462, 31.306125596818845 ], [ 108.142060988024127, 31.283956407262338 ], [ 108.058758580144342, 31.243338731197468 ], [ 108.037364536943755, 31.229799506142285 ], [ 108.033127069058935, 31.222228908837053 ], [ 108.03436730430758, 31.215743517149576 ], [ 108.041085239991787, 31.203367011178614 ], [ 108.043565707791117, 31.185719509447779 ], [ 108.037674595306271, 31.15045034440783 ], [ 108.006772089360368, 31.038622544694647 ], [ 108.001036004707828, 31.027434597128945 ], [ 107.996540155303876, 31.021698513375668 ], [ 107.953700392958751, 30.983328762012718 ], [ 107.939747755854228, 30.967360745102269 ], [ 107.932926467382515, 30.956379503111577 ], [ 107.93168623303319, 30.948783067384625 ], [ 107.933856643369325, 30.94351207072549 ], [ 107.938042434410761, 30.938447781439947 ], [ 107.95152998262256, 30.925657864318964 ], [ 107.952925245703454, 30.917208766970987 ], [ 107.94920454265548, 30.899923001345428 ], [ 107.939747755854228, 30.88529856977317 ], [ 107.929515821797679, 30.872663683182395 ], [ 107.849882440122485, 30.809618435142625 ], [ 107.837170038266606, 30.802177029046618 ], [ 107.824922722605493, 30.798637193151933 ], [ 107.811538527181256, 30.798017076426902 ], [ 107.800066358775382, 30.800342516393982 ], [ 107.79060957197413, 30.804864203320335 ], [ 107.779912550823497, 30.814243475755802 ], [ 107.769060500041974, 30.827420966504405 ], [ 107.743428989855943, 30.87312877027648 ], [ 107.736297642122452, 30.883179837179739 ], [ 107.728081088771205, 30.888502508883676 ], [ 107.721518181818567, 30.889225979295475 ], [ 107.713973422935055, 30.8862804217041 ], [ 107.706842076100884, 30.880415146741598 ], [ 107.690822382347051, 30.863206895481824 ], [ 107.679660272303693, 30.853336697530551 ], [ 107.665087517574818, 30.845714423381935 ], [ 107.65144493973213, 30.840624294775353 ], [ 107.639352654601282, 30.838324693229993 ], [ 107.620852492148742, 30.837368678821463 ], [ 107.558944125670791, 30.842949733843113 ], [ 107.530522089322915, 30.835818386109622 ], [ 107.507577753410544, 30.821994941113644 ], [ 107.477192011402167, 30.791118271790765 ], [ 107.463962843810123, 30.773186550119192 ], [ 107.456676467345062, 30.760861720991613 ], [ 107.452800733766821, 30.74752920241076 ], [ 107.451095412323355, 30.733059801368711 ], [ 107.45218061704179, 30.719933987463548 ], [ 107.455591261727307, 30.70972789182872 ], [ 107.478432244852172, 30.676603297803922 ], [ 107.488354119646885, 30.657793076988867 ], [ 107.484943474961369, 30.634693712344927 ], [ 107.477605421652868, 30.60950145083126 ], [ 107.416523879273541, 30.526741645310665 ], [ 107.402054478231548, 30.525268866065289 ], [ 107.394406365661212, 30.522245795007393 ], [ 107.384071079716534, 30.515502020901522 ], [ 107.372133824216576, 30.499869899875932 ], [ 107.267075637030985, 30.325875352165724 ], [ 107.228731724089755, 30.238154609247772 ], [ 107.194625279033346, 30.218465888390028 ], [ 107.184961785757764, 30.209732571101256 ], [ 107.162792596201314, 30.183765164130989 ], [ 107.150700311070466, 30.166091823978491 ], [ 107.129254591925815, 30.140951240207528 ], [ 107.112821486122641, 30.12694692625962 ], [ 107.099799025904304, 30.117903551507652 ], [ 107.083934360881983, 30.110462144512326 ], [ 107.074012486087327, 30.101418768861095 ], [ 107.065175816011049, 30.090980130128855 ], [ 107.057114292290692, 30.078422756105283 ], [ 107.047347447126924, 30.06816498542571 ], [ 107.032929722028996, 30.057855536104114 ], [ 107.018201938568552, 30.054289862686971 ], [ 107.001407097559479, 30.054987493777787 ], [ 106.980168084889158, 30.061188666423789 ], [ 106.959342483368857, 30.064030870328395 ], [ 106.885496861391005, 30.051654365256752 ], [ 106.849943474611621, 30.053902289059351 ], [ 106.835990839305737, 30.051266790729812 ], [ 106.807982212309184, 30.039742947279194 ], [ 106.791910841711911, 30.036332301694358 ], [ 106.770361769779811, 30.036564845691032 ], [ 106.754032016764143, 30.039613756069969 ], [ 106.741319614908264, 30.043567003114674 ], [ 106.729227329777416, 30.049949042014646 ], [ 106.717290074277457, 30.059276638506049 ], [ 106.705507846609805, 30.074882921109918 ], [ 106.695430943083522, 30.092840481203211 ], [ 106.685509068288809, 30.133690701264811 ], [ 106.669644403266545, 30.143018296856894 ], [ 106.653831415087666, 30.16797801437383 ], [ 106.639723749251573, 30.197381904451333 ], [ 106.624944288947745, 30.239601549172164 ], [ 106.617812942113517, 30.268695379987776 ], [ 106.605720656083349, 30.285800279359364 ], [ 106.590992872622905, 30.298099270065222 ], [ 106.568461948759875, 30.309106350477691 ], [ 106.558850132327677, 30.316676947782867 ], [ 106.552803990211942, 30.323885809882199 ], [ 106.548618199170505, 30.335306301444632 ], [ 106.54412234886729, 30.339905504535409 ], [ 106.538541293845583, 30.341119900463013 ], [ 106.532340122998221, 30.337657578934113 ], [ 106.508879022249062, 30.315359199067757 ], [ 106.501747675414833, 30.312646186372376 ], [ 106.494306268419507, 30.313085435944117 ], [ 106.480663689677499, 30.316211859789462 ], [ 106.462990350424263, 30.321947944442059 ], [ 106.44867597901316, 30.323885809882199 ], [ 106.436428664251423, 30.321637885180223 ], [ 106.427591994175145, 30.315204169436868 ], [ 106.421649204846858, 30.30675507298821 ], [ 106.418445265736409, 30.297117418134292 ], [ 106.417360061017973, 30.28631704419621 ], [ 106.414207797851532, 30.278823961256762 ], [ 106.408316685366685, 30.271925157520002 ], [ 106.397929721679247, 30.266757514547635 ], [ 106.38490726056159, 30.26357941295953 ], [ 106.304860467736376, 30.262881781868714 ], [ 106.292458124243012, 30.257455756477952 ], [ 106.282174514242399, 30.247094631212235 ], [ 106.266981642788551, 30.22771596871695 ], [ 106.250703566616266, 30.218956813905834 ], [ 106.239024692635439, 30.220248725098543 ], [ 106.231583287438696, 30.228026027978785 ], [ 106.227087437135481, 30.237276109205084 ], [ 106.221971470107235, 30.243528957795149 ], [ 106.215925327991442, 30.248102322464206 ], [ 106.202127719618545, 30.254923610935862 ], [ 106.194996372784317, 30.259496974705598 ], [ 106.190655552111991, 30.263734443489739 ], [ 106.179803501330468, 30.290890407965946 ], [ 106.16424889467072, 30.316030991736852 ], [ 106.152466668801708, 30.325591132224929 ], [ 106.12471642512287, 30.342334296390618 ], [ 105.998832636416978, 30.385122381892415 ], [ 105.974803094886852, 30.388688056208821 ], [ 105.904988234319489, 30.397369697553472 ], [ 105.894394565956418, 30.401064561280464 ], [ 105.879201695401889, 30.409539496150785 ], [ 105.853415154685592, 30.42987417215528 ], [ 105.833106317102818, 30.436282050376292 ], [ 105.815277948218693, 30.437677314356563 ], [ 105.801790399107574, 30.432742214481607 ], [ 105.791713494681971, 30.42336294204614 ], [ 105.728254836391557, 30.329596056113076 ], [ 105.725412631587631, 30.317503770082908 ], [ 105.733835891413207, 30.296006374994192 ], [ 105.734456008138238, 30.287118028074531 ], [ 105.728254836391557, 30.276731065286413 ], [ 105.722001987801434, 30.273010362238381 ], [ 105.716575962410673, 30.27184764315416 ], [ 105.713475376087672, 30.272416083035807 ], [ 105.708669468321261, 30.274095566956817 ], [ 105.653737420845232, 30.281459458687038 ], [ 105.639164667015734, 30.279237372406783 ], [ 105.629656203371042, 30.273397935866001 ], [ 105.626762322623051, 30.266602484916746 ], [ 105.628002556972376, 30.256551418912807 ], [ 105.633273552732248, 30.24851573271485 ], [ 105.64443566277555, 30.238309637979398 ], [ 105.651411980878152, 30.22908539517482 ], [ 105.652962273589992, 30.221669827500534 ], [ 105.648311394555151, 30.213918362142692 ], [ 105.635598992699329, 30.207587999186785 ], [ 105.623351677937535, 30.202756252998654 ], [ 105.570435012066127, 30.18898448304742 ], [ 105.555190463768838, 30.175858670041578 ], [ 105.552865024701077, 30.167254543962031 ], [ 105.552865024701077, 30.157771917839739 ], [ 105.557205845373403, 30.147591661525951 ], [ 105.567954543367421, 30.135938625966787 ], [ 105.577566358900299, 30.128807278233296 ], [ 105.623041619575019, 30.109609482891301 ], [ 105.678748814306289, 30.068681749363236 ], [ 105.738900180698749, 30.032637437068047 ], [ 105.748563673974331, 30.020777695933873 ], [ 105.749958937954602, 30.011295070710901 ], [ 105.74468794219473, 30.001295681550459 ], [ 105.732595656164563, 29.98623200130578 ], [ 105.713010288993587, 29.956828111228333 ], [ 105.711459996281746, 29.945510973352725 ], [ 105.710529820294937, 29.929052029127831 ], [ 105.717041050404134, 29.902283637379924 ], [ 105.718591343115975, 29.887400824288591 ], [ 105.716575962410673, 29.873267320030777 ], [ 105.709961378614707, 29.86750539785578 ], [ 105.696422153559524, 29.863965561961095 ], [ 105.679472283818825, 29.863035386873605 ], [ 105.665519646714301, 29.860554918174898 ], [ 105.652342156865018, 29.857015082280213 ], [ 105.576739536600314, 29.823115342798815 ], [ 105.567747836893091, 29.816836655787029 ], [ 105.56237348834577, 29.810971380824526 ], [ 105.557515903735919, 29.803917548356139 ], [ 105.552709995969508, 29.78908641210819 ], [ 105.551469760720863, 29.747616075321616 ], [ 105.548369175297182, 29.736634833330868 ], [ 105.542788121174794, 29.730717882424301 ], [ 105.535191685447899, 29.729968574490101 ], [ 105.494522333438908, 29.731751410299353 ], [ 105.48429039938236, 29.727643134523021 ], [ 105.476848993286353, 29.72089936041715 ], [ 105.46444664889367, 29.70467296018893 ], [ 105.456230096441743, 29.698239244445574 ], [ 105.446101516072076, 29.696146349374487 ], [ 105.424242384878141, 29.702890123480415 ], [ 105.411685011753832, 29.70317434342121 ], [ 105.399282668260469, 29.698471788442248 ], [ 105.390859410233531, 29.692193102329782 ], [ 105.362799107292915, 29.656820584502327 ], [ 105.345849236652896, 29.642687079345194 ], [ 105.32414513598917, 29.628269355146585 ], [ 105.313603142670843, 29.618140773877599 ], [ 105.304611443862996, 29.607469591148686 ], [ 105.291072218807813, 29.58478363675539 ], [ 105.286317986985466, 29.569797471775871 ], [ 105.285181106322966, 29.552847602035172 ], [ 105.292622512418973, 29.510472926784132 ], [ 105.29779015539134, 29.500318507992745 ], [ 105.307712030185996, 29.486443386153326 ], [ 105.311122674871513, 29.479492906472444 ], [ 105.314843377919487, 29.469596869200132 ], [ 105.320837844091216, 29.464041653499464 ], [ 105.329571161379931, 29.460682684758069 ], [ 105.345229119927922, 29.459209907311333 ], [ 105.356442905915344, 29.456832791400188 ], [ 105.365744663985026, 29.453809719442972 ], [ 105.374116246067842, 29.450037340450876 ], [ 105.397835728336133, 29.435619615352948 ], [ 105.405173780745315, 29.429961045965456 ], [ 105.409669631048587, 29.419393215124785 ], [ 105.411685011753832, 29.402960110220874 ], [ 105.410599807035396, 29.356192939252708 ], [ 105.412460158109752, 29.343945624490971 ], [ 105.415870802795268, 29.338442083835105 ], [ 105.422382032904466, 29.333558660803533 ], [ 105.457883741941089, 29.315032659929273 ], [ 105.505839471314516, 29.291468207291928 ], [ 105.557670933366865, 29.287024033832097 ], [ 105.588728468943657, 29.288703517753106 ], [ 105.610225864931692, 29.283122462731455 ], [ 105.644590692406496, 29.269660752941377 ], [ 105.653892449576858, 29.268885605686137 ], [ 105.661178826941295, 29.272528795267647 ], [ 105.670170525749143, 29.291881619341268 ], [ 105.678438755044454, 29.300408230155654 ], [ 105.694716831216738, 29.304929917981326 ], [ 105.703656854080521, 29.299762275008959 ], [ 105.708049350696911, 29.290951443354402 ], [ 105.700607944600904, 29.223694565851531 ], [ 105.70308841419893, 29.20359243384371 ], [ 105.710788201814012, 29.187366034514866 ], [ 105.723397250882385, 29.173025823782723 ], [ 105.730528598615876, 29.162147935478799 ], [ 105.733835891413207, 29.154086411758499 ], [ 105.732905715426398, 29.14597321209402 ], [ 105.726032749211981, 29.129075019196762 ], [ 105.724017369406056, 29.117654526735009 ], [ 105.736936476836888, 29.085201728077266 ], [ 105.740140415048074, 29.071223253450341 ], [ 105.740140415048074, 29.056676337143244 ], [ 105.737866651924378, 29.042413642575525 ], [ 105.737246535199404, 29.031070665378877 ], [ 105.739106887173079, 29.012234605242838 ], [ 105.742672560590165, 29.000245672899439 ], [ 105.745308058919761, 28.994767971564613 ], [ 105.769182569919622, 28.960739040874046 ], [ 105.795124139367488, 28.93652863219063 ], [ 105.815277948218693, 28.924074611853825 ], [ 105.837137079412628, 28.917615057688749 ], [ 105.855637241865168, 28.916633205757819 ], [ 105.869744907701261, 28.917847601685423 ], [ 105.877961460153244, 28.920043850443335 ], [ 105.985345087305916, 28.971565253233848 ], [ 105.992631463770977, 28.973890693200929 ], [ 106.000382928229499, 28.974433295560118 ], [ 106.008444451949856, 28.973399766785803 ], [ 106.026169468046476, 28.96559662548384 ], [ 106.080946485891559, 28.931567694793273 ], [ 106.105699497833541, 28.920663967168309 ], [ 106.12512983627289, 28.916090603398629 ], [ 106.136808710253717, 28.917925116051265 ], [ 106.155567255124708, 28.918493556832175 ], [ 106.179286737392999, 28.915677192248609 ], [ 106.22724246586705, 28.896789456168449 ], [ 106.247602981192586, 28.884723009459321 ], [ 106.260315383048464, 28.869323432430463 ], [ 106.26233076375371, 28.855887560162728 ], [ 106.261400587766843, 28.84170237906153 ], [ 106.255974563275458, 28.812866929764994 ], [ 106.257369826356353, 28.793850003374928 ], [ 106.271167433829987, 28.733646959239763 ], [ 106.282019483712133, 28.702666938028756 ], [ 106.298039178365343, 28.672436224751948 ], [ 106.339587030417078, 28.616108914195024 ], [ 106.382426791862883, 28.572494005493922 ], [ 106.38335696784975, 28.553528754148658 ], [ 106.379946324063553, 28.540532131452665 ], [ 106.372143181862327, 28.522781276934381 ], [ 106.338656854430269, 28.48012238174249 ], [ 106.325634393312555, 28.471440741297158 ], [ 106.314162224906738, 28.471027330147137 ], [ 106.305480585360669, 28.475600693916874 ], [ 106.299692823864689, 28.48301626249048 ], [ 106.298349236727859, 28.491749578879933 ], [ 106.298659295989694, 28.497408149166745 ], [ 106.300519647063993, 28.507691759167358 ], [ 106.300519647063993, 28.516838486706774 ], [ 106.298452590414684, 28.527354640704061 ], [ 106.293801711379842, 28.536940618714539 ], [ 106.287290481270645, 28.545027980856617 ], [ 106.278815546400324, 28.551513373443413 ], [ 106.26868696513128, 28.556629340471659 ], [ 106.188795201037635, 28.584612128147171 ], [ 106.179286737392999, 28.590477403109674 ], [ 106.171535272035158, 28.597789617996455 ], [ 106.153706903151033, 28.623601996235095 ], [ 106.145490349799786, 28.630113227243612 ], [ 106.123476189874225, 28.638717353323159 ], [ 106.078310987561963, 28.669258124063163 ], [ 105.98441491131905, 28.753542384773198 ], [ 105.975268181980994, 28.755221868694264 ], [ 105.965036248823765, 28.750829372977137 ], [ 105.955217726816613, 28.733957018501599 ], [ 105.939094680275218, 28.713596503176063 ], [ 105.931498243649003, 28.706465156341892 ], [ 105.923746779190481, 28.693468532746579 ], [ 105.916615432356252, 28.675433458287444 ], [ 105.90808881974317, 28.639647529310025 ], [ 105.900440708072153, 28.621896673892365 ], [ 105.891914097257711, 28.609313463245712 ], [ 105.881372104838704, 28.604920965729946 ], [ 105.86819461498942, 28.603499864227331 ], [ 105.840909458404724, 28.60386159943323 ], [ 105.829230585323216, 28.60269888034901 ], [ 105.784892206210316, 28.589030463185281 ], [ 105.773213332229432, 28.588849596031991 ], [ 105.730115188365232, 28.60365489385822 ], [ 105.719986607096189, 28.604197496217466 ], [ 105.706344029253501, 28.598383897199085 ], [ 105.6831929868668, 28.583449408163631 ], [ 105.679472283818825, 28.579134425913026 ], [ 105.675958287245123, 28.574095974149884 ], [ 105.669860468285947, 28.560995999565705 ], [ 105.666914910694516, 28.545105496121721 ], [ 105.663659295639945, 28.533633327715904 ], [ 105.658078240618295, 28.524589952064616 ], [ 105.649706659434742, 28.517381089965284 ], [ 105.630483025671083, 28.506374010452191 ], [ 105.622731561212561, 28.49981110349961 ], [ 105.618804151690199, 28.491465358939138 ], [ 105.62056115087637, 28.482421983287907 ], [ 105.627072381884886, 28.475083929979348 ], [ 105.643660516419629, 28.461751410499176 ], [ 105.650740188209056, 28.452759710792009 ], [ 105.655752801550534, 28.441106676132165 ], [ 105.660558710216264, 28.369379788546382 ], [ 105.658078240618295, 28.35837270813397 ], [ 105.650481804891342, 28.340027574413 ], [ 105.652187128133392, 28.331165065915059 ], [ 105.658233270249184, 28.324111233446672 ], [ 105.667224969956351, 28.318297634428291 ], [ 105.687585484382566, 28.308401598055298 ], [ 105.698592563895659, 28.304474189432256 ], [ 105.710374789764671, 28.301761175837555 ], [ 105.723397250882385, 28.302122911043512 ], [ 105.747788526719091, 28.305688585359917 ], [ 105.759880812749259, 28.304319158902047 ], [ 105.770267774638057, 28.300262559969156 ], [ 105.797604608066194, 28.282382514241647 ], [ 105.808921746841122, 28.278145046356769 ], [ 105.834966669076493, 28.272899889018618 ], [ 105.84680057178889, 28.269153347548922 ], [ 105.866024204653286, 28.258352972711521 ], [ 105.873775669111808, 28.252280992174008 ], [ 105.878581577777538, 28.245252997228022 ], [ 105.880596957583464, 28.235692856739945 ], [ 105.875480992353857, 28.221533514959731 ], [ 105.872225376399967, 28.207813421851938 ], [ 105.871450230044047, 28.192594712875689 ], [ 105.875636021085484, 28.174223740733055 ], [ 105.88230228082557, 28.161873074083076 ], [ 105.891759067626822, 28.15388906472856 ], [ 105.906228468668871, 28.150581772830549 ], [ 105.92162804569773, 28.152261256751558 ], [ 105.934908889233782, 28.155413519918 ], [ 105.9452958520219, 28.156498725535755 ], [ 105.956147901904103, 28.155284328708774 ], [ 105.996817254812413, 28.140324002150976 ], [ 106.001623162578824, 28.139678046104905 ], [ 106.008961215887382, 28.140246486885815 ], [ 106.017436150757703, 28.142416897222006 ], [ 106.028494908013556, 28.146473497054217 ], [ 106.037796665183919, 28.150969347357488 ], [ 106.055004917343012, 28.156292019061425 ], [ 106.091643507941512, 28.172053331296183 ], [ 106.097224562963163, 28.173448595276454 ], [ 106.109420200881516, 28.174714667148123 ], [ 106.121409133224859, 28.172595934554693 ], [ 106.132881300731412, 28.168668525032388 ], [ 106.163628777945689, 28.153940741571944 ], [ 106.172982211959493, 28.148178819397003 ], [ 106.181457146829814, 28.141745102754271 ], [ 106.199337192557323, 28.124252631553702 ], [ 106.200732455638274, 28.120764472502401 ], [ 106.201507602893514, 28.115984402258334 ], [ 106.199957310181674, 28.106941025707727 ], [ 106.201197543631679, 28.093686021492658 ], [ 106.208483920996116, 28.066039129702062 ], [ 106.210964389694766, 28.060871486729695 ], [ 106.215253534423027, 28.056091417385005 ], [ 106.268841993862907, 28.027436835241758 ], [ 106.291527948256146, 28.009220892730013 ], [ 106.298969354352153, 28.00043589949712 ], [ 106.300312942388359, 27.99738699001756 ], [ 106.302690057400184, 27.991030789539309 ], [ 106.305790642823865, 27.978576768303185 ], [ 106.30858117078435, 27.93780406350669 ], [ 106.310906609852111, 27.925711778375842 ], [ 106.314782343430352, 27.915789903581185 ], [ 106.330440301978285, 27.887471218222117 ], [ 106.338966912792728, 27.865844631024856 ], [ 106.344858026176951, 27.845096543870397 ], [ 106.34537479011442, 27.83494212507901 ], [ 106.339742059148648, 27.828379218126372 ], [ 106.330130242716507, 27.821480414389612 ], [ 106.298762648777199, 27.805925807729807 ], [ 106.285740187659485, 27.795900580147645 ], [ 106.247602981192586, 27.775230007358914 ], [ 106.236234164674897, 27.770682481111578 ], [ 106.229102817840726, 27.768951321246448 ], [ 106.206778598653386, 27.767349351691223 ], [ 106.18083703010484, 27.770449937114904 ], [ 106.130917595970232, 27.784195867745098 ], [ 106.103580764340734, 27.788071601323338 ], [ 106.094899122996082, 27.787477322120708 ], [ 106.08466718983891, 27.785203558997011 ], [ 106.070042759165972, 27.778382270525356 ], [ 106.056245151692337, 27.769442246762253 ], [ 106.0439978369306, 27.759520371967596 ], [ 106.039191929164133, 27.756807359272216 ], [ 106.004878777633451, 27.751613877878128 ], [ 105.939404737738414, 27.749081733235357 ], [ 105.927467483137775, 27.751407172303118 ], [ 105.923281692096396, 27.754094347476155 ], [ 105.915323521163543, 27.755050360985365 ], [ 105.904781528744536, 27.753861803479424 ], [ 105.875946080347262, 27.745206000556436 ], [ 105.855637241865168, 27.729806423527577 ], [ 105.847213982938911, 27.721822415072381 ], [ 105.843079868740915, 27.719367783896075 ], [ 105.833106317102818, 27.717145698515139 ], [ 105.818533563273263, 27.71699066798493 ], [ 105.771508009886702, 27.720814723820411 ], [ 105.756573520851248, 27.720272122360541 ], [ 105.739727003898054, 27.715724596113205 ], [ 105.731665481077073, 27.711409613862543 ], [ 105.725671014006025, 27.707223822821163 ], [ 105.722622105425785, 27.702960517413942 ], [ 105.711925083375831, 27.691488349008068 ], [ 105.703553501293015, 27.688594469159398 ], [ 105.691461216162168, 27.686114000460748 ], [ 105.667224969956351, 27.683633530862721 ], [ 105.646916132373576, 27.678129991106175 ], [ 105.640198194890729, 27.678181667949616 ], [ 105.631103143295377, 27.682238267781827 ], [ 105.625625441960551, 27.686346544457422 ], [ 105.621801386125014, 27.691281643433058 ], [ 105.609037307425751, 27.71466522891717 ], [ 105.60268110604818, 27.722855942947376 ], [ 105.598753697425138, 27.726344101998677 ], [ 105.592294143260062, 27.729573880430223 ], [ 105.567747836893091, 27.737092799992695 ], [ 105.559531285340483, 27.740891018305831 ], [ 105.553485142325428, 27.744663398197247 ], [ 105.524494664297265, 27.774635728156284 ], [ 105.519533726000589, 27.777064520910869 ], [ 105.513487582985533, 27.77864065204443 ], [ 105.479794549978465, 27.783885810281902 ], [ 105.455093214879923, 27.781508694370757 ], [ 105.395665318, 27.767581894788577 ], [ 105.368380162314622, 27.763706163008976 ], [ 105.36078372568835, 27.760011298382722 ], [ 105.329726190111558, 27.729289658690789 ], [ 105.314223261194513, 27.721434841444761 ], [ 105.296963332191979, 27.721744899807277 ], [ 105.269988233969798, 27.75897776870903 ], [ 105.270143263600687, 27.767659410053739 ], [ 105.273088820292799, 27.777710476057621 ], [ 105.27696455297172, 27.787399806855603 ], [ 105.273088820292799, 27.79466034579832 ], [ 105.250764602004722, 27.816700344145545 ], [ 105.233711378577198, 27.84067820883223 ], [ 105.228130323555547, 27.855793565020974 ], [ 105.228233677242372, 27.866774807011723 ], [ 105.231334262666053, 27.871503201311668 ], [ 105.257379184901424, 27.900261135343101 ], [ 105.268747999620416, 27.918425401011405 ], [ 105.273708937917092, 27.932920641374494 ], [ 105.27773969932764, 27.950800686202683 ], [ 105.282390578362481, 27.994053859697829 ], [ 105.282390578362481, 28.000745957859635 ], [ 105.2804268736013, 28.002528795467526 ], [ 105.275104200998044, 28.006094468884612 ], [ 105.265647414196792, 28.008058172746473 ], [ 105.254795363415269, 28.006895452762933 ], [ 105.229680617166707, 28.000306708287951 ], [ 105.224202914932562, 27.999454047566246 ], [ 105.215211216124658, 27.999428209144526 ], [ 105.203273959725436, 28.001546943536596 ], [ 105.191646762587993, 28.009660143201017 ], [ 105.187460972445876, 28.02087392828912 ], [ 105.185910678834716, 28.047978216821207 ], [ 105.18172488779328, 28.055316270129765 ], [ 105.171906365786128, 28.061672472406656 ], [ 105.055737746299883, 28.088130804892728 ], [ 105.017393833358653, 28.085236925044057 ], [ 104.979359978779939, 28.063119412330991 ], [ 104.971918572683933, 28.056065578963285 ], [ 104.966182488930656, 28.047797350567237 ], [ 104.9601363459156, 28.021597397801656 ], [ 104.952488234244584, 28.00043589949712 ], [ 104.952384882356398, 27.999273180412899 ], [ 104.953004999081372, 27.989247951931418 ], [ 104.958275994841244, 27.95653676995596 ], [ 104.956105585404373, 27.945736396017821 ], [ 104.950214471120887, 27.937571519510016 ], [ 104.940809361163019, 27.93206797885415 ], [ 104.918381789188174, 27.924239000029786 ], [ 104.910165235836928, 27.917650255554804 ], [ 104.904429152083651, 27.908839423000927 ], [ 104.897401158036985, 27.901113796064806 ], [ 104.887996047179797, 27.895765285939149 ], [ 104.875852085205509, 27.892690538037868 ], [ 104.833219029334714, 27.888556422940553 ], [ 104.785986770373086, 27.874474596425443 ], [ 104.773429397248833, 27.872485053242599 ], [ 104.75911502493841, 27.873389390807745 ], [ 104.728005813417496, 27.881941840043851 ], [ 104.714621617093883, 27.884344794376716 ], [ 104.702374302332146, 27.882949531295822 ], [ 104.654883660952123, 27.856413683544645 ], [ 104.643721551808142, 27.852202053182168 ], [ 104.631629265777974, 27.848972276549318 ], [ 104.604757522141881, 27.845845851804597 ], [ 104.588479445070277, 27.848274644559183 ], [ 104.572046340166423, 27.854062405155844 ], [ 104.528276401834432, 27.87674835954914 ], [ 104.499906039631981, 27.883001207239886 ], [ 104.492102899229394, 27.885895087088556 ], [ 104.482491082797196, 27.890985215695139 ], [ 104.375365838962239, 27.961678575405926 ], [ 104.363170201043886, 27.973822537380158 ], [ 104.349837680664393, 27.990178127918227 ], [ 104.328443638363183, 28.023070177047032 ], [ 104.327203404013858, 28.037901313294981 ], [ 104.333817986910503, 28.046737983371202 ], [ 104.383324008995771, 28.058726914815225 ], [ 104.427869093683682, 28.075340887771745 ], [ 104.436550734129014, 28.081619573884211 ], [ 104.442441848412557, 28.089655260082168 ], [ 104.444612257849371, 28.09988719323934 ], [ 104.443061965137531, 28.110506700024189 ], [ 104.440271438076365, 28.12053192850567 ], [ 104.436860793390849, 28.129342760160227 ], [ 104.409730666437042, 28.178176987777761 ], [ 104.405854933758121, 28.187788805109221 ], [ 104.405338168921332, 28.197659003060551 ], [ 104.409730666437042, 28.206056423565087 ], [ 104.423218214648841, 28.220034898191955 ], [ 104.423993361004761, 28.229155789108347 ], [ 104.417327102163995, 28.239310207899734 ], [ 104.394176059777294, 28.263598130948992 ], [ 104.386734653681287, 28.273442491377864 ], [ 104.376502719624796, 28.282304998976485 ], [ 104.361929965795241, 28.290314845853459 ], [ 104.311958855716568, 28.303544013445446 ], [ 104.294130486832444, 28.310494493126328 ], [ 104.27749067635358, 28.322767646309785 ], [ 104.268498976646413, 28.333800564244598 ], [ 104.263538039249056, 28.345996202163008 ], [ 104.262607863262247, 28.358631090552365 ], [ 104.264003127242461, 28.394882107523244 ], [ 104.258060337014911, 28.414338284384314 ], [ 104.261987745637896, 28.445447495905171 ], [ 104.256561721146454, 28.464619451926126 ], [ 104.256251661884619, 28.47554901797281 ], [ 104.257130161927364, 28.485651759920756 ], [ 104.25687177860965, 28.494643460527243 ], [ 104.256251661884619, 28.498519192306844 ], [ 104.25594160442148, 28.500069485018685 ], [ 104.251755813380043, 28.510559801493628 ], [ 104.249895461406368, 28.520094101761345 ], [ 104.250050490137994, 28.530791123811298 ], [ 104.254546340441209, 28.53949860357767 ], [ 104.262142775268842, 28.545027980856617 ], [ 104.305447625607371, 28.555699164484849 ], [ 104.316299677288214, 28.559988308313734 ], [ 104.3349548693717, 28.569522610380147 ], [ 104.344411656172952, 28.571615505451177 ], [ 104.352421503049868, 28.567507228775582 ], [ 104.362240025057076, 28.565414333704496 ], [ 104.371541783126759, 28.565181789707822 ], [ 104.380998569928011, 28.568980007121638 ], [ 104.387561476880592, 28.573915106996594 ], [ 104.396088087695034, 28.585180568928081 ], [ 104.401359084354226, 28.590399888743832 ], [ 104.407715284832477, 28.594430650154379 ], [ 104.415156691827804, 28.597427882790555 ], [ 104.432519972718524, 28.602466336352336 ], [ 104.43996137881453, 28.605360216201007 ], [ 104.443992141124397, 28.609623520708908 ], [ 104.445749139411191, 28.614429430273958 ], [ 104.445129021786897, 28.62006216123973 ], [ 104.442958612350026, 28.624532172221961 ], [ 104.43841108610269, 28.629208888779146 ], [ 104.428954299301438, 28.634531562281779 ], [ 104.414226515840994, 28.64011261640411 ], [ 104.395106235764104, 28.643600776354731 ], [ 104.383582391414166, 28.646494656203402 ], [ 104.363480259406401, 28.647269802559322 ], [ 104.352524855837373, 28.645745348269202 ], [ 104.346892123972282, 28.64202464432185 ], [ 104.341776157843356, 28.637528794917955 ], [ 104.332784458136189, 28.633601386294913 ], [ 104.312010532560009, 28.630552476815353 ], [ 104.29273522285223, 28.632257799158083 ], [ 104.275320266017445, 28.638924058898169 ], [ 104.260747512187891, 28.650680447244838 ], [ 104.250928990180682, 28.661584173970425 ], [ 104.248345167795208, 28.661997586019766 ], [ 104.246794875083367, 28.654969591073723 ], [ 104.239973585712391, 28.643523261089626 ], [ 104.232532179616328, 28.63969920525409 ], [ 104.178892043333065, 28.638639838058054 ], [ 104.140186395185935, 28.633420519141623 ], [ 104.119877556703841, 28.626780096923937 ], [ 104.101325718307237, 28.616083074873984 ], [ 104.092178989868444, 28.612724107031909 ], [ 104.078898147231655, 28.613111681558848 ], [ 104.056780633619326, 28.630474962449512 ], [ 104.047840610755543, 28.633601386294913 ], [ 104.029237094616178, 28.630423284706808 ], [ 103.992650180861119, 28.616315618870715 ], [ 103.973064812790824, 28.613111681558848 ], [ 103.95260094557716, 28.614972031733885 ], [ 103.940146926139676, 28.619803778821336 ], [ 103.928157993796333, 28.626392524195637 ], [ 103.908831008144489, 28.633601386294913 ], [ 103.899529250074806, 28.633136298301508 ], [ 103.888057081668933, 28.630733343968643 ], [ 103.87818688371766, 28.630552476815353 ], [ 103.874052768620345, 28.636701971718594 ], [ 103.87281253517034, 28.657217515775699 ], [ 103.870590447990764, 28.666312568270371 ], [ 103.866611363423658, 28.67520091429077 ], [ 103.851056756763853, 28.668121243400662 ], [ 103.845372348954697, 28.653651842358613 ], [ 103.841754998694171, 28.636288560568573 ], [ 103.832453240624488, 28.620578925177256 ], [ 103.836690707610046, 28.604920965729946 ], [ 103.828422479213998, 28.587480170473498 ], [ 103.805168084939112, 28.551668403074302 ], [ 103.795246210144455, 28.531178697438918 ], [ 103.797106561218754, 28.525442612786321 ], [ 103.821549513898901, 28.484876614464156 ], [ 103.859790074052626, 28.400850735273195 ], [ 103.870435419259138, 28.343825791826816 ], [ 103.880305617210411, 28.325739041423617 ], [ 103.789200067129343, 28.255562446549675 ], [ 103.749460891107219, 28.242798366951035 ], [ 103.722279087309971, 28.21553904878806 ], [ 103.708946567829798, 28.215874946471558 ], [ 103.697267693848971, 28.228406480274828 ], [ 103.683625116006283, 28.246751613995798 ], [ 103.666261835115563, 28.263288071687157 ], [ 103.643782587196597, 28.270496934685752 ], [ 103.63422244670852, 28.267861436356156 ], [ 103.626574335037503, 28.261686103031195 ], [ 103.619753045666471, 28.254864814559539 ], [ 103.612776726664549, 28.250007229050368 ], [ 103.602699823138266, 28.247836818714177 ], [ 103.581202427150231, 28.246415717211562 ], [ 103.57179731719242, 28.243185940578655 ], [ 103.562237176704286, 28.229310817839973 ], [ 103.55174686112872, 28.206185614774256 ], [ 103.538414340749171, 28.184507350733611 ], [ 103.459039340593051, 28.134768785550989 ], [ 103.455111931970066, 28.133941962351685 ], [ 103.452941521633875, 28.123968410713587 ], [ 103.456765578368731, 28.105313219529421 ], [ 103.45170128818387, 28.09608897582558 ], [ 103.445810174799703, 28.090301215228862 ], [ 103.440332472565501, 28.083402411492102 ], [ 103.436198358367506, 28.075883491030254 ], [ 103.434648064756345, 28.068157864094132 ], [ 103.441210971708927, 28.042397161799556 ], [ 103.456662224681907, 28.037203681304845 ], [ 103.47480065282781, 28.039865017156785 ], [ 103.489218377925738, 28.037746282764715 ], [ 103.501982455725681, 27.992012641470183 ], [ 103.514229771386795, 27.971445421469014 ], [ 103.533918492244595, 27.979403591502546 ], [ 103.541101515922207, 27.984545396053193 ], [ 103.551075066660928, 27.987930203216308 ], [ 103.560221795999041, 27.987930203216308 ], [ 103.564976026922068, 27.983124295449841 ], [ 103.563012323060207, 27.975527858823625 ], [ 103.555725945695769, 27.970308539007874 ], [ 103.537019077668276, 27.961394355465131 ], [ 103.518880650421636, 27.945426336756043 ], [ 103.511232537851299, 27.930130113414009 ], [ 103.508545362678319, 27.864526882309747 ], [ 103.503274366918447, 27.849747422905239 ], [ 103.482397088554762, 27.824839382231687 ], [ 103.478934767925182, 27.815150051433704 ], [ 103.479244826287641, 27.806339219779147 ], [ 103.47691938721988, 27.799983018401576 ], [ 103.465343866026558, 27.79752838812459 ], [ 103.458832635917361, 27.792644965093018 ], [ 103.456352167218711, 27.781353664739811 ], [ 103.45495690323844, 27.768744614772118 ], [ 103.45170128818387, 27.759985459961001 ], [ 103.444414910819432, 27.755644640187995 ], [ 103.414752639222854, 27.742906399011076 ], [ 103.327006056983919, 27.673582464858839 ], [ 103.318582798057662, 27.663479722910893 ], [ 103.313673536604369, 27.65492727277541 ], [ 103.291090935897955, 27.646168117964237 ], [ 103.284424677057132, 27.640509548576802 ], [ 103.286129999399918, 27.633714098526809 ], [ 103.304836867427468, 27.605111192327627 ], [ 103.296206902926201, 27.587851264224469 ], [ 103.285044793782163, 27.580849106800827 ], [ 103.249646438432364, 27.57780019822053 ], [ 103.229079218431139, 27.57358856875743 ], [ 103.218123813962791, 27.566870632173902 ], [ 103.160452915369717, 27.497184962815766 ], [ 103.150531039675684, 27.473232937450064 ], [ 103.147223748676993, 27.434423936515429 ], [ 103.134614698709356, 27.421944077756962 ], [ 103.120765415291658, 27.412254746958979 ], [ 103.106606072612124, 27.408508206388603 ], [ 103.09265343640692, 27.413960069301766 ], [ 103.083713414442457, 27.410575263037913 ], [ 103.071052687631379, 27.408249823970209 ], [ 103.047281529419024, 27.406492824784038 ], [ 103.038186476924352, 27.403314724095196 ], [ 103.019272902422472, 27.389207058259103 ], [ 103.013175082563976, 27.386028958469637 ], [ 102.991522657844314, 27.386028958469637 ], [ 102.977414992008221, 27.388896999896588 ], [ 102.966614618070139, 27.399051418687975 ], [ 102.95483239130175, 27.420781357773421 ], [ 102.942119989445928, 27.405149238546528 ], [ 102.929769321896629, 27.367244574277663 ], [ 102.907186721190214, 27.333732408423884 ], [ 102.889461705093595, 27.291486925281333 ], [ 102.886567824345548, 27.27678498024261 ], [ 102.889823440299494, 27.256682848234846 ], [ 102.903827753348082, 27.221697903135691 ], [ 102.915661656060536, 27.134442247311824 ], [ 102.913852980930301, 27.112298896177094 ], [ 102.906721633196753, 27.097855333556765 ], [ 102.885017530734387, 27.066281033143127 ], [ 102.880366651699546, 27.047444973007089 ], [ 102.879643182187067, 27.039435126130172 ], [ 102.878402947837742, 27.035766099925524 ], [ 102.878196242262732, 27.031967882511765 ], [ 102.880366651699546, 27.023544622686188 ], [ 102.884087355646898, 27.017834378253951 ], [ 102.895714552784341, 27.008558457706613 ], [ 102.899590284563942, 27.003054917950067 ], [ 102.900727167025082, 26.992512926430379 ], [ 102.89338911281726, 26.961481228375987 ], [ 102.901347283750113, 26.924739284989982 ], [ 102.924963414130218, 26.892183131746094 ], [ 102.95328209769059, 26.861694036950212 ], [ 102.97529625941479, 26.831127427788545 ], [ 102.992504510674564, 26.765911770311959 ], [ 102.999532504721287, 26.756015733039646 ], [ 103.004183383756128, 26.750822252544879 ], [ 103.006870558929108, 26.738755804936432 ], [ 103.009454380415264, 26.715062161089861 ], [ 103.012244908375806, 26.703796699158318 ], [ 103.023717075882303, 26.680283922465037 ], [ 103.02945315963558, 26.661861274378282 ], [ 103.031261834765814, 26.643955390229053 ], [ 103.030538365253335, 26.601787421452343 ], [ 103.036326124950676, 26.582925522894527 ], [ 103.048108351719009, 26.570445665035379 ], [ 103.057926873726217, 26.557242336764432 ], [ 103.057823520938712, 26.536287543135586 ], [ 103.053482701165706, 26.52714081469685 ], [ 103.039013300123656, 26.506237697911388 ], [ 103.033949009039475, 26.502155260556833 ], [ 103.022786899895493, 26.502155260556833 ], [ 103.010281202715305, 26.500759996576562 ], [ 103.000049269558076, 26.49587657354499 ], [ 102.995811801673256, 26.485412096391144 ], [ 102.9970520369219, 26.479624334895107 ], [ 103.002633091044288, 26.468591416960294 ], [ 103.003253207769262, 26.461201686808408 ], [ 103.000927768701501, 26.456964219822851 ], [ 102.991574334687755, 26.446060492197944 ], [ 102.989610629926574, 26.441332098797318 ], [ 102.991574334687755, 26.430635076747365 ], [ 103.000824415913996, 26.410403754429694 ], [ 103.003253207769262, 26.400352688425812 ], [ 102.999532504721287, 26.383221951531823 ], [ 102.988473749264074, 26.365186876173368 ], [ 102.97183393788589, 26.350898342284665 ], [ 102.95142174661629, 26.345136420109668 ], [ 102.908685337058614, 26.349322211151105 ], [ 102.892148879367255, 26.355394191688561 ], [ 102.89338911281726, 26.364980169699038 ], [ 102.878196242262732, 26.365057684964199 ], [ 102.845536737130658, 26.327204698438038 ], [ 102.821972283593993, 26.317205309277597 ], [ 102.791276483223101, 26.310409858328285 ], [ 102.766988560173843, 26.293408310844825 ], [ 102.720273065149797, 26.237623603546467 ], [ 102.711126336711004, 26.22901947746692 ], [ 102.699034051580156, 26.223515936810998 ], [ 102.681102329908583, 26.221603908893258 ], [ 102.667821486372475, 26.225867214300479 ], [ 102.646789178377844, 26.244651598492453 ], [ 102.609943882204334, 26.260206204252881 ], [ 102.611752557334626, 26.286974596000789 ], [ 102.623431431315453, 26.318781440411101 ], [ 102.626480340795069, 26.345136420109668 ], [ 102.618263788343143, 26.355290838901055 ], [ 102.603070916889237, 26.366272080891804 ], [ 102.585035842430159, 26.37503123570292 ], [ 102.568137648633524, 26.378648586862766 ], [ 102.554495069891516, 26.373170885527941 ], [ 102.502921991156938, 26.337669176491261 ], [ 102.465094843052498, 26.322708849034143 ], [ 102.446543002857254, 26.318626409880892 ], [ 102.424167107725793, 26.317205309277597 ], [ 102.400550979144327, 26.311805121409179 ], [ 102.386908400402319, 26.298291733876397 ], [ 102.375384556052381, 26.280566717779777 ], [ 102.358331332624857, 26.262583320164083 ], [ 102.338590935822992, 26.251240342967435 ], [ 102.314923130398086, 26.242636216887888 ], [ 102.290066765668655, 26.237158515553006 ], [ 102.266812372293089, 26.235272325157666 ], [ 102.252084588832645, 26.228864447835974 ], [ 102.241335890838627, 26.214162502797251 ], [ 102.232189162399891, 26.197858588203246 ], [ 102.222422316336804, 26.186851507790834 ], [ 102.145682815409543, 26.132152004311536 ], [ 102.130696648631385, 26.114917913730721 ], [ 102.117725865256432, 26.096314399389996 ], [ 102.112558221384745, 26.084428818934839 ], [ 102.103411492946009, 26.083782863788088 ], [ 102.095504998856597, 26.082801011857214 ], [ 101.921562127989773, 26.098872382454488 ], [ 101.915050896981256, 26.097502956895937 ], [ 101.910813429995756, 26.094996649775567 ], [ 101.904147170255669, 26.087658596467008 ], [ 101.882753127055139, 26.055464179328396 ], [ 101.876810336827532, 26.049392197891621 ], [ 101.864718051696684, 26.040297146296268 ], [ 101.856656528875646, 26.036602280770637 ], [ 101.849525181142155, 26.034845282483786 ], [ 101.844874302107314, 26.035852972836437 ], [ 101.842238803777718, 26.037661647966672 ], [ 101.839913364709957, 26.041304837548182 ], [ 101.834797397681712, 26.055334988119171 ], [ 101.806530389166085, 26.065980333325683 ], [ 101.797228631995722, 26.07187144581053 ], [ 101.78792687392604, 26.082025865501294 ], [ 101.780640496561603, 26.091844387508445 ], [ 101.777384882406352, 26.099414984813677 ], [ 101.775679559164303, 26.106520494125505 ], [ 101.775369500801787, 26.124271349543108 ], [ 101.777384882406352, 26.139360867310188 ], [ 101.777074823144517, 26.148326727696315 ], [ 101.773354120096542, 26.164113878352794 ], [ 101.76885826979327, 26.171245226086285 ], [ 101.763742302765024, 26.176335353793547 ], [ 101.723227981286243, 26.195223089873707 ], [ 101.676615839049703, 26.227701727852434 ], [ 101.667934197704994, 26.232197577256386 ], [ 101.659924350828078, 26.2339804139649 ], [ 101.654188267074801, 26.232791856459016 ], [ 101.648917271314986, 26.230363063704431 ], [ 101.644886509005119, 26.22708161112746 ], [ 101.635274692572978, 26.21548025241168 ], [ 101.631192255218366, 26.212095445248565 ], [ 101.626489699340084, 26.209304918187399 ], [ 101.621115349893444, 26.207186183795329 ], [ 101.614294061421731, 26.205713406348593 ], [ 101.60638756733232, 26.20586843508022 ], [ 101.594915398926503, 26.208684801462425 ], [ 101.587422315987055, 26.214162502797251 ], [ 101.582358025802193, 26.219045924929446 ], [ 101.576725294836422, 26.228580226995859 ], [ 101.574709914131176, 26.23341197408331 ], [ 101.573159621419336, 26.238527940212236 ], [ 101.572539503795042, 26.244212348021449 ], [ 101.574244826137772, 26.255865383580556 ], [ 101.577035354098257, 26.266769111205519 ], [ 101.577810499554857, 26.27250519495874 ], [ 101.577345411561453, 26.278008734715343 ], [ 101.573004591788447, 26.293615017319155 ], [ 101.574089797406202, 26.298601793138232 ], [ 101.576570266104852, 26.303149319385568 ], [ 101.579980909891049, 26.306921699276984 ], [ 101.597085809262637, 26.319763292342031 ], [ 101.602511834653399, 26.326610419235465 ], [ 101.605767449707969, 26.32940094719595 ], [ 101.610263300011241, 26.33131297511369 ], [ 101.617549677375678, 26.33286326782553 ], [ 101.626851433646721, 26.336041368514316 ], [ 101.636308221347292, 26.341854967532697 ], [ 101.643646274655794, 26.349477239882674 ], [ 101.646850213766299, 26.361492011547057 ], [ 101.643749628342619, 26.368442491227995 ], [ 101.638478631683483, 26.373455105468736 ], [ 101.628091668895365, 26.378803616493713 ], [ 101.615534295771113, 26.387536932883108 ], [ 101.60809288877573, 26.396916205318576 ], [ 101.602356805022509, 26.408750108031029 ], [ 101.589592727222566, 26.442210597940743 ], [ 101.581737909077219, 26.455129706270895 ], [ 101.573004591788447, 26.466627713098489 ], [ 101.54416914339123, 26.494972235979901 ], [ 101.52510053925846, 26.509829209750194 ], [ 101.516935662750598, 26.514454251262691 ], [ 101.50768558062498, 26.518226630254787 ], [ 101.451203241336486, 26.530628973748094 ], [ 101.423091261552429, 26.553366604085511 ], [ 101.417716913005108, 26.560730495815733 ], [ 101.412445917245236, 26.569670517780139 ], [ 101.411825799620942, 26.57625926405376 ], [ 101.413996209957077, 26.585483506858338 ], [ 101.419577264079408, 26.593932603306996 ], [ 101.427793817430711, 26.601787421452343 ], [ 101.445002068690485, 26.615326646507526 ], [ 101.4494979189937, 26.620545966323277 ], [ 101.453477003560806, 26.627083034854138 ], [ 101.46629275910351, 26.655479234578991 ], [ 101.494663121305962, 26.705579534967569 ], [ 101.498693881817132, 26.717025864951665 ], [ 101.501019321784213, 26.726534329495678 ], [ 101.5034997895836, 26.75645498351065 ], [ 101.502879672858569, 26.766428534249428 ], [ 101.500399205059239, 26.774800116332301 ], [ 101.497298618736238, 26.779373481001301 ], [ 101.49016727100269, 26.784153551245367 ], [ 101.480555454570549, 26.787124946359143 ], [ 101.468876580589665, 26.786969915828934 ], [ 101.458644647432493, 26.782706611321032 ], [ 101.449963006987161, 26.773637397248081 ], [ 101.437095574601074, 26.741081244004192 ], [ 101.430274286129361, 26.733433132333175 ], [ 101.420920852115614, 26.72947988528847 ], [ 101.409448683709741, 26.729454046866749 ], [ 101.397666456941408, 26.735293484306851 ], [ 101.38727949415329, 26.744621079898877 ], [ 101.375652297015847, 26.760950832914602 ], [ 101.370691358719171, 26.774645086701355 ], [ 101.362939895159968, 26.836553453179306 ], [ 101.357462192925823, 26.85184967742066 ], [ 101.350330845192332, 26.863166816195587 ], [ 101.342424351102864, 26.871047471863335 ], [ 101.161195102871659, 27.016775011057916 ], [ 101.152513462426327, 27.027342840999268 ], [ 101.141454706069794, 27.044861152420253 ], [ 101.140731235657938, 27.065350857156318 ], [ 101.145537144323725, 27.090310573773934 ], [ 101.154373814399946, 27.115709539963291 ], [ 101.171427036928151, 27.152063909721619 ], [ 101.175457798338698, 27.170331529076805 ], [ 101.172822300009102, 27.19105377870892 ], [ 101.168016392242691, 27.19601471610622 ], [ 101.16026492688485, 27.200510566409491 ], [ 101.147242465767135, 27.203223578205552 ], [ 101.099441766024654, 27.205238958910797 ], [ 101.089519891229941, 27.204437975032477 ], [ 101.080786573941168, 27.201208198399627 ], [ 101.056912062941308, 27.186816310824042 ], [ 101.037171665240123, 27.178289700009657 ], [ 101.026009556096085, 27.176894436029386 ], [ 101.015932651670482, 27.180175890404996 ], [ 101.008801303936991, 27.188444118801044 ], [ 101.003840367438954, 27.197513332873996 ], [ 100.999809605129144, 27.214644069767985 ], [ 100.996553990074517, 27.243350327855353 ], [ 100.995623814087708, 27.298437404962272 ], [ 100.991748081408787, 27.330812690153493 ], [ 100.977950473935209, 27.373652452498675 ], [ 100.940846796242624, 27.434733994877945 ], [ 100.926584099876266, 27.450676174265993 ], [ 100.913561638758608, 27.45987457954817 ], [ 100.901366000840198, 27.464112047433048 ], [ 100.880488723375834, 27.47548086215204 ], [ 100.871186965306151, 27.485325222580911 ], [ 100.866949497421331, 27.494652818172995 ], [ 100.866846144633826, 27.498528550851915 ], [ 100.866949497421331, 27.500001329197971 ], [ 100.86731123262723, 27.501241563547296 ], [ 100.872892286749618, 27.548706366505598 ], [ 100.872117141293018, 27.561987210041707 ], [ 100.6609155622034, 27.875094713150474 ], [ 100.640451694989679, 27.891527818054328 ], [ 100.625413853166776, 27.897263901807605 ], [ 100.614665155172759, 27.893362332505603 ], [ 100.607843865801726, 27.887936306215522 ], [ 100.601332635692529, 27.881089179322146 ], [ 100.593271111972172, 27.870004584543949 ], [ 100.579111770192014, 27.846465969428948 ], [ 100.571670363196688, 27.83625987379412 ], [ 100.559268019703325, 27.824529323869172 ], [ 100.551051467251398, 27.819955960099435 ], [ 100.543455030625125, 27.817087917773165 ], [ 100.532602980742922, 27.81626109547318 ], [ 100.520924106762095, 27.81931000405342 ], [ 100.50402591296546, 27.826441351786912 ], [ 100.482166782670845, 27.839463812904626 ], [ 100.464286736943336, 27.847241115784868 ], [ 100.448628778395346, 27.849282334911834 ], [ 100.432040642961283, 27.845639146229587 ], [ 100.418708124380373, 27.83744843219938 ], [ 100.409509719098196, 27.828999334851403 ], [ 100.349151646231462, 27.746730454846613 ], [ 100.320626255297384, 27.733139552947989 ], [ 100.30264285678237, 27.75703990326889 ], [ 100.297475213810003, 27.761070665578757 ], [ 100.30109256407053, 27.768667101305653 ], [ 100.303262974406721, 27.780475164697066 ], [ 100.296441685035688, 27.821428738445491 ], [ 100.299748976933699, 27.832177436439508 ], [ 100.297113478604103, 27.83799103455857 ], [ 100.295924921098162, 27.852615465231509 ], [ 100.288070102952872, 27.864371853578177 ], [ 100.277631464220633, 27.871244818893274 ], [ 100.23866743365511, 27.88039154733201 ], [ 100.218513624803904, 27.888323879843142 ], [ 100.202080519900051, 27.898788356997045 ], [ 100.191228469118528, 27.911965846846329 ], [ 100.172263217773263, 27.949302070334284 ], [ 100.159550815917385, 27.964391588101307 ], [ 100.094696892747379, 28.01896190037138 ], [ 100.072062616096787, 28.044179999407447 ], [ 100.058833449404119, 28.066142483388887 ], [ 100.051702101670628, 28.105080675532747 ], [ 100.029171176908221, 28.144897365920656 ], [ 100.027517531408932, 28.155413519918 ], [ 100.028241000921412, 28.169366157022523 ], [ 100.034648879142424, 28.17871959103627 ], [ 100.046896193004841, 28.187091173119143 ], [ 100.064104445163991, 28.193602403228283 ], [ 100.118364699071549, 28.208045965848612 ], [ 100.137381626360934, 28.21727020955251 ], [ 100.162031284616035, 28.236261298420175 ], [ 100.168387485993662, 28.248508613181912 ], [ 100.168232456362716, 28.260342515894365 ], [ 100.16234134297855, 28.266595364484488 ], [ 100.149163853129266, 28.2776282824193 ], [ 100.146838413162186, 28.285353909355422 ], [ 100.147768589149052, 28.295844224931045 ], [ 100.151954380190432, 28.313414212296038 ], [ 100.150249057847702, 28.327831936494647 ], [ 100.14306603417009, 28.34157786712484 ], [ 100.131593865764273, 28.351034653926092 ], [ 100.068341913048812, 28.384004218320001 ], [ 100.047981398622596, 28.411082669329687 ], [ 100.032013380812828, 28.428704331739482 ], [ 100.000955845236035, 28.456196193899189 ], [ 99.988656853630857, 28.471053168568858 ], [ 99.98002689002891, 28.487977199887837 ], [ 99.95982140523364, 28.538878485953319 ], [ 99.952379999137634, 28.551875107749993 ], [ 99.945093621773196, 28.55972992589534 ], [ 99.933879835785774, 28.569367580749258 ], [ 99.921219109873959, 28.576653958113639 ], [ 99.904630975339217, 28.583475247484671 ], [ 99.889954868722157, 28.586239936124116 ], [ 99.87848270121566, 28.586420803277406 ], [ 99.868767531096637, 28.588100287198472 ], [ 99.858535597939465, 28.591872667089888 ], [ 99.845616489609256, 28.603809923489166 ], [ 99.840552199424451, 28.614661974270689 ], [ 99.838485141875765, 28.626082464933802 ], [ 99.838485141875765, 28.637322089342945 ], [ 99.836624789902089, 28.654039415086913 ], [ 99.832904086854057, 28.664710597815827 ], [ 99.828408238349482, 28.672565415961174 ], [ 99.820501744260071, 28.680626938782154 ], [ 99.809029575854197, 28.689618639388698 ], [ 99.791149530126688, 28.700341498061675 ], [ 99.777506952284, 28.706775213805031 ], [ 99.762159052098525, 28.711994534520159 ], [ 99.754976026622273, 28.716929633495795 ], [ 99.744950799939431, 28.727239081018752 ], [ 99.732341749971738, 28.745015773958755 ], [ 99.725365431869136, 28.761552232549491 ], [ 99.723039991902056, 28.774083767252023 ], [ 99.7242802271507, 28.81896474872417 ], [ 99.722109815915246, 28.833434149766163 ], [ 99.718854200860619, 28.84227081984244 ], [ 99.712808058744884, 28.845810654837805 ], [ 99.704746535024526, 28.844647934854265 ], [ 99.679735141563469, 28.830488593074108 ], [ 99.665007359002402, 28.824390774114931 ], [ 99.644078403795277, 28.81989492381166 ], [ 99.628678826766418, 28.814623928051844 ], [ 99.61524295539806, 28.805063788463031 ], [ 99.608214959552697, 28.794366767312454 ], [ 99.599068231113961, 28.757314765563933 ], [ 99.590851677762657, 28.740829982917376 ], [ 99.578914423162075, 28.726593125872057 ], [ 99.551267531371423, 28.707162787432651 ], [ 99.541345655677446, 28.696026515811013 ], [ 99.534369337574844, 28.680807806834821 ], [ 99.521656935718966, 28.610166123967417 ], [ 99.514990675978879, 28.595050767778673 ], [ 99.510443149731543, 28.587557684839283 ], [ 99.502898390848031, 28.579366969909699 ], [ 99.498970982224989, 28.578204250825479 ], [ 99.482692906052705, 28.576111354855129 ], [ 99.467965121692998, 28.572183946232087 ], [ 99.446674432179236, 28.561538601025575 ], [ 99.404506464301846, 28.547999375970392 ], [ 99.393137648683478, 28.542780056154641 ], [ 99.385386184224956, 28.536863105248074 ], [ 99.379029982847385, 28.530067654298762 ], [ 99.373448927825734, 28.518931383576444 ], [ 99.371123487858654, 28.508957831039027 ], [ 99.370968459127027, 28.50286001207985 ], [ 99.371123487858654, 28.50076711700882 ], [ 99.375154250168464, 28.491077786210838 ], [ 99.387246535299312, 28.475884914756989 ], [ 99.396238234107159, 28.467074083102432 ], [ 99.397995233293329, 28.456557929105145 ], [ 99.396548293368994, 28.446170966317027 ], [ 99.390657179984828, 28.426792303821742 ], [ 99.387246535299312, 28.408137111738313 ], [ 99.385076124963177, 28.38377167432327 ], [ 99.388641799279583, 28.334317328182124 ], [ 99.39995893805451, 28.295947576819174 ], [ 99.413033075116289, 28.267137965944357 ], [ 99.416443718902485, 28.254761460872714 ], [ 99.402336053066335, 28.188848171405994 ], [ 99.398718702805866, 28.131539008018763 ], [ 99.398925409280196, 28.126500556255621 ], [ 99.386729771361843, 28.13939382616411 ], [ 99.388900180798657, 28.168177599516582 ], [ 99.381510450646715, 28.184533189155331 ], [ 99.33980756986341, 28.224117337345206 ], [ 99.326888462432578, 28.229543361836647 ], [ 99.314796177301673, 28.232876492156379 ], [ 99.308491651868223, 28.240938014977417 ], [ 99.304460891356996, 28.250911567514834 ], [ 99.299293246586046, 28.259954942266745 ], [ 99.293402134101143, 28.264786689354196 ], [ 99.27872602658482, 28.274114284946279 ], [ 99.274746942017714, 28.277318224056785 ], [ 99.273455030824948, 28.286258246021191 ], [ 99.274850294805219, 28.297575384796176 ], [ 99.273661737299278, 28.307316393336862 ], [ 99.265135125585516, 28.311476345057258 ], [ 99.255368280421749, 28.314499417014474 ], [ 99.244826288002741, 28.321863307845376 ], [ 99.226946242275233, 28.339407456788706 ], [ 99.162557407997951, 28.43816111944011 ], [ 99.162092320004547, 28.455472724386709 ], [ 99.172427605949224, 28.463379218476121 ], [ 99.178370396176774, 28.48224111613456 ], [ 99.180489129669581, 28.504772039997647 ], [ 99.179197219376135, 28.523737291342911 ], [ 99.17619998584064, 28.532238063735633 ], [ 99.165502963790686, 28.554768989397303 ], [ 99.166794874983452, 28.565104275342037 ], [ 99.171859165168314, 28.582700100229431 ], [ 99.172375930005103, 28.592647813445808 ], [ 99.169482050156432, 28.60249217387468 ], [ 99.160490350449265, 28.61719411891346 ], [ 99.158629999374909, 28.630190740710077 ], [ 99.154340854646705, 28.640732734028461 ], [ 99.135117221782309, 28.654633694289544 ], [ 99.130776402009303, 28.664633084349362 ], [ 99.128916050035627, 28.677603867724315 ], [ 99.12028608643368, 28.698584499774825 ], [ 99.117702264048205, 28.708713080144491 ], [ 99.118270704829115, 28.720159410128645 ], [ 99.123851759850822, 28.739047146208804 ], [ 99.124575230262622, 28.749666652993596 ], [ 99.11894249929685, 28.770931504984958 ], [ 99.100545688732495, 28.813564560855752 ], [ 99.09661828010951, 28.835940456886533 ], [ 99.099253778439106, 28.856042588894354 ], [ 99.117702264048205, 28.921594143155176 ], [ 99.1210612327896, 28.964666449497031 ], [ 99.104059686205517, 29.092281398967373 ], [ 99.108813918027863, 29.223772081116635 ], [ 99.108813918027863, 29.224185492266656 ], [ 99.09661828010951, 29.250566311286207 ], [ 99.090210401888498, 29.266792711514427 ], [ 99.067472771551138, 29.296765042372783 ], [ 99.062511835053101, 29.308288885823401 ], [ 99.062925246203122, 29.348183092375791 ], [ 99.059101190367585, 29.367174181243456 ], [ 99.048817580366972, 29.387741401244625 ], [ 99.05899783668076, 29.418049627987898 ], [ 99.041996290995996, 29.528017075727462 ], [ 99.041996290995996, 29.56245941846737 ], [ 99.038740675941426, 29.567394518342326 ], [ 99.024167922111872, 29.58155386012254 ], [ 99.015537957610604, 29.60444651919147 ], [ 98.992128533704829, 29.634703070889998 ], [ 98.986754185157452, 29.650903631797178 ], [ 98.988407830656797, 29.688704942379161 ], [ 99.001016879725171, 29.757047023701148 ], [ 99.004014113260666, 29.761672065213645 ], [ 99.012850783336944, 29.76479848905899 ], [ 99.01471113531062, 29.767924912904391 ], [ 99.012540724974428, 29.773066718354357 ], [ 99.003187290061362, 29.781102402753675 ], [ 99.001016879725171, 29.784978136331915 ], [ 99.005461053185002, 29.820092270841599 ], [ 99.017656691103355, 29.853346056075623 ], [ 99.056310663306419, 29.915331936020038 ], [ 99.043391554976267, 29.94499420851588 ], [ 99.036776971180245, 29.975612494520988 ], [ 99.034089796906585, 30.055323391461343 ], [ 99.029852329921027, 30.067932441429036 ], [ 98.986754185157452, 30.144361883993724 ], [ 98.96070926292208, 30.459975694222862 ], [ 98.95667850061227, 30.471163641788621 ], [ 98.947686801804423, 30.479225165508979 ], [ 98.93817833905905, 30.485348822889819 ], [ 98.932752312768969, 30.490697333015476 ], [ 98.931202020057128, 30.500102443872663 ], [ 98.931822136782159, 30.579554959293944 ], [ 98.927481317009153, 30.593791816339206 ], [ 98.926551141022287, 30.603972073552313 ], [ 98.922158645305217, 30.623764146298299 ], [ 98.905363804296087, 30.663813381582258 ], [ 98.905467157083592, 30.682494412087408 ], [ 98.917611119057881, 30.694948432424212 ], [ 98.936162958353805, 30.700503648124823 ], [ 98.953267856826074, 30.708229275061001 ], [ 98.96070926292208, 30.727194526406265 ], [ 98.954301384701125, 30.747865099194939 ], [ 98.938591750209071, 30.760267441788983 ], [ 98.898594190869176, 30.778715929196778 ], [ 98.88055911730936, 30.793185330238771 ], [ 98.833481887079358, 30.843569851467464 ], [ 98.801029086623032, 30.867883612938385 ], [ 98.787696568042122, 30.880880234735002 ], [ 98.775087518074486, 30.902222601991468 ], [ 98.786249628117787, 30.918268134167022 ], [ 98.798031853986856, 30.940902410817557 ], [ 98.805369908194677, 30.966353053850355 ], [ 98.803044468227597, 30.990976874583055 ], [ 98.797050002055926, 30.997178046329736 ], [ 98.775087518074486, 31.00751333317379 ], [ 98.764855584917257, 31.015187283266471 ], [ 98.745218540003577, 31.040637926299212 ], [ 98.726201612714192, 31.059732367055062 ], [ 98.721344029003717, 31.066424465216869 ], [ 98.693128697331474, 31.124741318956694 ], [ 98.651580845279739, 31.155462957749307 ], [ 98.638713412893651, 31.159803779320953 ], [ 98.613133579551004, 31.164971422293263 ], [ 98.603780144637938, 31.16975149253733 ], [ 98.620264927284552, 31.187941595728034 ], [ 98.611376581264153, 31.256180325161836 ], [ 98.621195103271361, 31.288917345559014 ], [ 98.63793826743705, 31.30927785908591 ], [ 98.649100375681769, 31.316693426760196 ], [ 98.665223423122427, 31.320569159439117 ], [ 98.682690056800652, 31.315918281303595 ], [ 98.713954298851775, 31.291010239730781 ], [ 98.723927849590552, 31.285196642511039 ], [ 98.731575962160889, 31.277961941090666 ], [ 98.756173943572605, 31.244449775236944 ], [ 98.76144494023174, 31.2342953564455 ], [ 98.767801140710048, 31.230367946923195 ], [ 98.781908807445461, 31.239023748946863 ], [ 98.803044468227597, 31.257885647504622 ], [ 98.830794711906378, 31.298374132360323 ], [ 98.874564650238369, 31.341291409071232 ], [ 98.884951613026487, 31.354081326192215 ], [ 98.867691684923273, 31.364959215395459 ], [ 98.864487745812767, 31.367749742456624 ], [ 98.841026645962927, 31.396843574171612 ], [ 98.592152948399814, 31.598820909557332 ], [ 98.575926548171594, 31.615977484872985 ], [ 98.569053582856498, 31.631842148995986 ], [ 98.565952997432817, 31.660677599191843 ], [ 98.563420851890783, 31.669385077159575 ], [ 98.558718296012501, 31.677110704095696 ], [ 98.553602329883574, 31.681348171980517 ], [ 98.547917922074419, 31.684707139822649 ], [ 98.541716750327737, 31.689874782794959 ], [ 98.501512486312151, 31.749767768567665 ], [ 98.468542921918299, 31.766872667039934 ], [ 98.445495233218423, 31.803614610425939 ], [ 98.425651482729677, 31.81340729401137 ], [ 98.434901564855295, 31.824646918420513 ], [ 98.435263300061195, 31.838418687472426 ], [ 98.420845574963266, 31.878183701916271 ], [ 98.419036899833031, 31.879889024259057 ], [ 98.423015985299457, 31.881697700288612 ], [ 98.43557335842371, 31.892213853386579 ], [ 98.444978469280898, 31.908001004043058 ], [ 98.452988316157814, 31.93293488223901 ], [ 98.456657343261725, 31.960504258764502 ], [ 98.452988316157814, 31.984094549823624 ], [ 98.43691694466122, 32.003783271580687 ], [ 98.393508742434449, 32.040137641339072 ], [ 98.384723749201612, 32.063521226823127 ], [ 98.374698520720131, 32.080419419720442 ], [ 98.309586216030993, 32.128711045878049 ], [ 98.27175906792661, 32.190774441087569 ], [ 98.220185988292712, 32.252191881150395 ], [ 98.21357140539601, 32.273172512301585 ], [ 98.211814406209839, 32.296246039423181 ], [ 98.21336469892168, 32.337871405840701 ], [ 98.205768264094047, 32.355648097881385 ], [ 98.187474807216518, 32.366706855137238 ], [ 98.144480015240447, 32.381951402535151 ], [ 98.1354883164326, 32.388359279856843 ], [ 98.129338819730719, 32.39505137801865 ], [ 98.123085972039917, 32.400296536256121 ], [ 98.11373253802617, 32.402441108170592 ], [ 98.090943230845369, 32.401820991445561 ], [ 98.080556268057308, 32.404689032872568 ], [ 98.076215448284245, 32.41298309969028 ], [ 98.066965367058003, 32.422801621697488 ], [ 98.014152053074724, 32.464504503380113 ], [ 97.886821324444554, 32.497629096505591 ], [ 97.856487258380241, 32.519126492493626 ], [ 97.838038771871766, 32.511581732710795 ], [ 97.817833287076496, 32.513261217531124 ], [ 97.715720655683697, 32.544189560999428 ], [ 97.663734164899722, 32.559899197290122 ], [ 97.620636021035523, 32.588011176174803 ], [ 97.617277053193391, 32.592739570474805 ], [ 97.607716912705314, 32.614702053556925 ], [ 97.603272740144803, 32.621523342028581 ], [ 97.594694451587657, 32.623616237998988 ], [ 97.574230585273256, 32.621368313297012 ], [ 97.565703972660174, 32.624933986714098 ], [ 97.559347772181923, 32.629791572223269 ], [ 97.466071811764664, 32.676765448766446 ], [ 97.447830030831199, 32.69438711207556 ], [ 97.441887242402288, 32.69725515440183 ], [ 97.430673456414866, 32.70032990230311 ], [ 97.42726281083003, 32.707693793134013 ], [ 97.427056106154339, 32.716659654419516 ], [ 97.425092401393158, 32.724566148508927 ], [ 97.39160607306178, 32.761618150257391 ], [ 97.384164666965773, 32.779188136723121 ], [ 97.377343377594741, 32.861741238467346 ], [ 97.37155561699808, 32.879285387410675 ], [ 97.360961948635008, 32.897036241029696 ], [ 97.362253858928398, 32.900266018561865 ], [ 97.363804151640238, 32.907087307033578 ], [ 97.375276320046112, 32.931246038873553 ], [ 97.387265253288774, 32.946154690386606 ], [ 97.400287714406431, 32.957704373158265 ], [ 97.414085320980746, 32.964473984786537 ], [ 97.46870731009426, 32.982534898566712 ], [ 97.482349887936948, 32.990027981506103 ], [ 97.49371870265594, 32.99940725394157 ], [ 97.499919875301941, 33.008295599961968 ], [ 97.502245315269022, 33.015194403698729 ], [ 97.504415724705893, 33.026692410526323 ], [ 97.504260695075004, 33.045605984128827 ], [ 97.500643344814478, 33.061832384357047 ], [ 97.496612583403987, 33.073149522232654 ], [ 97.481109653587623, 33.104000353133756 ], [ 97.476458774552782, 33.120304266828441 ], [ 97.476458774552782, 33.132809964008629 ], [ 97.479869419238241, 33.152989610382178 ], [ 97.488447706896125, 33.175107123095245 ], [ 97.495062289792827, 33.187457791543807 ], [ 97.500539992026972, 33.194356594381304 ], [ 97.575160760360745, 33.264016425317777 ], [ 97.586942987129135, 33.280707913539345 ], [ 97.605546503268442, 33.314504299333919 ], [ 97.615675082738846, 33.328379422072658 ], [ 97.629937779105205, 33.33822378250153 ], [ 97.647611119257704, 33.34246124948703 ], [ 97.666266311341133, 33.344321601460706 ], [ 97.684094680225257, 33.347990628564617 ], [ 97.701147901854142, 33.35654307690146 ], [ 97.717581007657316, 33.369074612503368 ], [ 97.730655144719094, 33.381838691202631 ], [ 97.735771111747397, 33.389435126030207 ], [ 97.737476434090127, 33.39646312097625 ], [ 97.732670526323716, 33.401682440792001 ], [ 97.724298944240843, 33.406126614251832 ], [ 97.712620070260016, 33.409614773303133 ], [ 97.659083286764258, 33.420285956032046 ], [ 97.645750767284028, 33.426332099047102 ], [ 97.635828891590052, 33.433282578727983 ], [ 97.628697543856504, 33.440103868099015 ], [ 97.621566197022332, 33.445555731911497 ], [ 97.611644322227676, 33.448682155756842 ], [ 97.579966669026533, 33.446434231054923 ], [ 97.559967888906897, 33.447907009400922 ], [ 97.539297316118223, 33.453720608419303 ], [ 97.521313917603152, 33.462608954439702 ], [ 97.509221633371624, 33.471238918940912 ], [ 97.501573520801287, 33.480489000167211 ], [ 97.497232701028281, 33.487568671057318 ], [ 97.492891880355955, 33.49893748577631 ], [ 97.483073358348747, 33.546531479943837 ], [ 97.477388951438911, 33.562241116234532 ], [ 97.467622105375824, 33.572886461441044 ], [ 97.454754672989736, 33.577847397939024 ], [ 97.42881310444119, 33.580586249056125 ], [ 97.419511346371507, 33.5835576441699 ], [ 97.40989952993931, 33.590740667847513 ], [ 97.390520868343344, 33.611385403113843 ], [ 97.386180047671019, 33.621384793173661 ], [ 97.385714959677614, 33.632572739840043 ], [ 97.390365838712455, 33.647533067297218 ], [ 97.39563683537159, 33.677169501371395 ], [ 97.394706659384781, 33.736674913516424 ], [ 97.390985956336749, 33.7589732942821 ], [ 97.383957961390763, 33.778868719815534 ], [ 97.367059767594185, 33.811476549003487 ], [ 97.364837681313929, 33.825790921313967 ], [ 97.367679885218479, 33.838141587963889 ], [ 97.373415968971756, 33.851990872280908 ], [ 97.375172968157926, 33.86242951101309 ], [ 97.383544550240742, 33.869870917109097 ], [ 97.405248650904468, 33.875451972130804 ], [ 97.449948765223269, 33.882040717505106 ], [ 97.610249058247405, 33.930874946021902 ], [ 97.624046664821662, 33.94009918882648 ], [ 97.62962771984337, 33.957359116929695 ], [ 97.629937779105205, 33.973017076376948 ], [ 97.631798130179504, 33.987822374203176 ], [ 97.636604037945972, 33.996219793808393 ], [ 97.638929477913052, 33.999578762549845 ], [ 97.641564976242591, 34.001129055261686 ], [ 97.658463169139907, 34.004798082365596 ], [ 97.695670201418636, 34.00523733193728 ], [ 97.702078077840952, 33.992964178753823 ], [ 97.720888299555327, 33.973688869945363 ], [ 97.731430291974334, 33.96089895282438 ], [ 97.738251581345367, 33.946429551782387 ], [ 97.739956902788776, 33.931960150740338 ], [ 97.740111932419723, 33.887957669310993 ], [ 97.742127313124968, 33.875012722559063 ], [ 97.745072869817022, 33.864858302868356 ], [ 97.751119011932815, 33.859432278376914 ], [ 97.760059034796598, 33.858372911180879 ], [ 97.819073521425821, 33.864186510199261 ], [ 97.87550418477025, 33.88191152629588 ], [ 97.949763217898123, 33.918653468782566 ], [ 97.977668492107171, 33.942631334368571 ], [ 97.996116977716326, 33.952604885107348 ], [ 98.003455031024828, 33.955162869071103 ], [ 98.025469190950389, 33.959348660112539 ], [ 98.034925978650961, 33.959787908784961 ], [ 98.211814406209839, 33.939453232780465 ], [ 98.227679071232103, 33.934130561076529 ], [ 98.251243523869505, 33.917051500126604 ], [ 98.263025750637837, 33.900825099898441 ], [ 98.267831659303567, 33.888706977245192 ], [ 98.26907189275363, 33.87731232410448 ], [ 98.268865188077939, 33.868010566034798 ], [ 98.270208775214769, 33.85860545517761 ], [ 98.27558312376209, 33.851965032959868 ], [ 98.288967320085703, 33.846926581196726 ], [ 98.301679721941582, 33.845841376478347 ], [ 98.323228793873682, 33.848735256327018 ], [ 98.384723749201612, 33.863566393474287 ], [ 98.397436151057491, 33.86377309814992 ], [ 98.411388788162014, 33.861757717444675 ], [ 98.429217157046139, 33.855763251273004 ], [ 98.444151646081536, 33.848735256327018 ], [ 98.457949252655851, 33.840105291825751 ], [ 98.579595575275562, 33.742695217210496 ], [ 98.645844760627142, 33.676161811018744 ], [ 98.65375125471661, 33.665723172286562 ], [ 98.656076694683691, 33.6572223980952 ], [ 98.653596225984984, 33.649315904005732 ], [ 98.648480258956738, 33.644587511504426 ], [ 98.641658969585762, 33.640685940403785 ], [ 98.634372593120645, 33.635104885382134 ], [ 98.628326451004853, 33.626940008874271 ], [ 98.627861363011448, 33.615881253417115 ], [ 98.633287388402209, 33.607716376009932 ], [ 98.641969028847541, 33.601515204263251 ], [ 98.655611606690229, 33.595572414934963 ], [ 98.663363072048071, 33.589810491860703 ], [ 98.669564243794753, 33.579811102700205 ], [ 98.688529494240754, 33.531131903814298 ], [ 98.694730665987379, 33.521210029019585 ], [ 98.703257276801821, 33.512011623737408 ], [ 98.723927849590552, 33.500849513694106 ], [ 98.729198846249687, 33.496973781914505 ], [ 98.735710077258204, 33.489764919815173 ], [ 98.750282831087759, 33.461730455296276 ], [ 98.752246534949563, 33.451007594824603 ], [ 98.753073358148924, 33.435065416335874 ], [ 98.757879265915335, 33.404343777543261 ], [ 98.764855584917257, 33.377859604836885 ], [ 98.776017694061295, 33.357189032947474 ], [ 98.778498162759945, 33.350264390788993 ], [ 98.772917107738294, 33.302722073464906 ], [ 98.774157342986939, 33.291198228215649 ], [ 98.780358513834301, 33.280475369542671 ], [ 98.805163201720347, 33.254172064888849 ], [ 98.813276402284089, 33.242958278901426 ], [ 98.836685826189864, 33.19660451908328 ], [ 98.852085402319403, 33.174874579098514 ], [ 98.871619094445634, 33.159216620550581 ], [ 98.906862421063863, 33.13934703253949 ], [ 99.043081495714432, 33.087825628849657 ], [ 99.085559523752977, 33.077903754055001 ], [ 99.10064904241932, 33.072451891141839 ], [ 99.199971144952315, 33.017028917250684 ], [ 99.225292595876567, 32.998916327526501 ], [ 99.236609734651495, 32.978504137156165 ], [ 99.244981316734311, 32.955999049916215 ], [ 99.268080682277628, 32.908560086278953 ], [ 99.276297234729554, 32.896958727563231 ], [ 99.289371371791333, 32.887140203757383 ], [ 99.306579623950427, 32.881610826478436 ], [ 99.329368931131228, 32.879672960138976 ], [ 99.349419387194928, 32.879827988870545 ], [ 99.363216993769186, 32.87721832896267 ], [ 99.382905714626986, 32.861508694470672 ], [ 99.39685835173151, 32.852775377181899 ], [ 99.427295769684008, 32.844274603889858 ], [ 99.509409620957229, 32.83543793381358 ], [ 99.524912550773536, 32.830399482050439 ], [ 99.543206007651065, 32.821847031914956 ], [ 99.583410271666651, 32.796060492098036 ], [ 99.598913202382334, 32.788799954054639 ], [ 99.637102084793355, 32.777250271282981 ], [ 99.656894159337924, 32.768336086840918 ], [ 99.698545363277844, 32.744616604572627 ], [ 99.714048293094208, 32.742730414177231 ], [ 99.7211796408277, 32.745469265294332 ], [ 99.728931106185541, 32.757664903212685 ], [ 99.76262413919261, 32.846987617484558 ], [ 99.765259636622886, 32.860113430490401 ], [ 99.765414667153152, 32.8732134059739 ], [ 99.762004021568316, 32.898715724950705 ], [ 99.763657667966982, 32.911479804549344 ], [ 99.769290398932696, 32.921763414549901 ], [ 99.778747185734005, 32.929747423005153 ], [ 99.790426059714832, 32.93468252198079 ], [ 99.817711216299529, 32.940108547371551 ], [ 99.830837030204748, 32.946878159899143 ], [ 99.840965610574415, 32.957006741168129 ], [ 99.847476840683612, 32.969977525442403 ], [ 99.851094190944139, 32.981966457785802 ], [ 99.853884718904624, 33.0119904654876 ], [ 99.856365187603274, 33.020723781876995 ], [ 99.860240920282195, 33.027648424035533 ], [ 99.866752150391392, 33.028707791231568 ], [ 99.875898878830128, 33.024599514555916 ], [ 99.893262159720848, 33.003412176930397 ], [ 99.906181268051057, 32.983155016191006 ], [ 99.91858361244374, 32.968039659102942 ], [ 99.936567010958754, 32.952795111705029 ], [ 99.950829706425793, 32.944139308782042 ], [ 99.959097934821784, 32.940676988152461 ], [ 99.966074252924386, 32.939023341753796 ], [ 99.972843866351297, 32.939204209806405 ], [ 100.012324659955027, 32.946464748749122 ], [ 100.030618116832557, 32.944139308782042 ], [ 100.046896193004841, 32.93548350675843 ], [ 100.08368981323423, 32.885434882313973 ], [ 100.136606480005014, 32.847504381422027 ], [ 100.144823033356261, 32.838616034502365 ], [ 100.149008824397697, 32.828151557348463 ], [ 100.158620639930575, 32.782262885523721 ], [ 100.159240756655549, 32.767328396488267 ], [ 100.157690463943709, 32.750636908266699 ], [ 100.149008824397697, 32.722421575695137 ], [ 100.14306603417009, 32.712034613806338 ], [ 100.126012810742566, 32.688108425063717 ], [ 100.12167199096956, 32.679142563778271 ], [ 100.119036492639964, 32.67087433538228 ], [ 100.125599399592602, 32.65831696225797 ], [ 100.142032505395775, 32.647594102685673 ], [ 100.18140994711132, 32.636690375060766 ], [ 100.207971633284217, 32.634804186464009 ], [ 100.223164503838746, 32.636897081535039 ], [ 100.230450881203183, 32.645552883558707 ], [ 100.233913201832763, 32.658084418261296 ], [ 100.241044549566254, 32.699709783779497 ], [ 100.247400750943882, 32.716737168785301 ], [ 100.254997185771458, 32.725806382858252 ], [ 100.26522911982795, 32.731309923514118 ], [ 100.281972283993696, 32.735934964127296 ], [ 100.310394322140212, 32.738725491188461 ], [ 100.346257766382791, 32.737588608727265 ], [ 100.361140577675485, 32.739914048694345 ], [ 100.374938186048382, 32.745520942137773 ], [ 100.393696730919373, 32.756760566546916 ], [ 100.399432814672593, 32.758388372725221 ], [ 100.442272577017775, 32.726581529214172 ], [ 100.454054802886787, 32.714644272814894 ], [ 100.458705681921629, 32.705704250850488 ], [ 100.488781365567547, 32.683612576559142 ], [ 100.498496534787193, 32.669091497774389 ], [ 100.501855502629326, 32.65599152319021 ], [ 100.503715854602945, 32.642839870863327 ], [ 100.508676792000301, 32.628344631399614 ], [ 100.516066522152244, 32.620438137310146 ], [ 100.525264927434421, 32.615089627184545 ], [ 100.533274774311337, 32.608888455437864 ], [ 100.536633742153413, 32.598268947753695 ], [ 100.542059768443494, 32.586615912194588 ], [ 100.554772170299373, 32.57661652303409 ], [ 100.559733107696729, 32.568735867366343 ], [ 100.56092166520267, 32.563335680397302 ], [ 100.553997023943452, 32.548452867305969 ], [ 100.549346144908611, 32.541864121931667 ], [ 100.544850294605396, 32.537187405374425 ], [ 100.540354445201444, 32.53362173105802 ], [ 100.497359654124693, 32.508610338496283 ], [ 100.483096957758335, 32.49817169886478 ], [ 100.478446079622813, 32.493133246202319 ], [ 100.473020054232052, 32.485278428956292 ], [ 100.468007439991311, 32.473857937393859 ], [ 100.466457147279471, 32.464737047376786 ], [ 100.468627556716342, 32.455254422153814 ], [ 100.487747836793176, 32.432568467760575 ], [ 100.531207716762651, 32.403397122579122 ], [ 100.544385206611935, 32.41817658108431 ], [ 100.589550408924197, 32.438743801085536 ], [ 100.596836786288634, 32.443549709751267 ], [ 100.603037958035316, 32.451223659844004 ], [ 100.621951531637819, 32.501478989863472 ], [ 100.635025668699598, 32.526180324962013 ], [ 100.637506138297624, 32.538324286036925 ], [ 100.637196079935109, 32.540572210738901 ], [ 100.637196079935109, 32.541941637196771 ], [ 100.639831578264705, 32.55617849424209 ], [ 100.640451694989679, 32.580130520507112 ], [ 100.642932162789066, 32.594496567862279 ], [ 100.648203160347521, 32.605581163539853 ], [ 100.657659947148773, 32.617389227830586 ], [ 100.671147496259891, 32.628783880971298 ], [ 100.679364047812498, 32.642090562029807 ], [ 100.681121046998669, 32.652865099344865 ], [ 100.673938023321057, 32.669711616298059 ], [ 100.671922641716492, 32.6766104191355 ], [ 100.674713168777657, 32.683095810822977 ], [ 100.684945102834206, 32.686428941142708 ], [ 100.697089064808438, 32.685731310051892 ], [ 100.744889763651656, 32.671184393744738 ], [ 100.834858433070167, 32.663458766808617 ], [ 100.846330600576721, 32.660797430956677 ], [ 100.865915968647016, 32.654157008738935 ], [ 100.876768020327859, 32.648653468982388 ], [ 100.888085158203467, 32.641005357311371 ], [ 100.894596389211927, 32.63521759671471 ], [ 100.90219282403956, 32.630463364892364 ], [ 100.911184523746726, 32.627052721106168 ], [ 100.921468133747339, 32.626225897906863 ], [ 100.929839715830155, 32.627750353096303 ], [ 100.940330031405779, 32.631858628872578 ], [ 100.952318963749121, 32.635036729561421 ], [ 100.983686557688429, 32.638679918243611 ], [ 100.996398960443628, 32.642297268504137 ], [ 101.008026157581071, 32.648446764306698 ], [ 101.049470655945981, 32.675602728782906 ], [ 101.065593703386639, 32.680873725442041 ], [ 101.076962518105688, 32.681648870898641 ], [ 101.08564415855102, 32.678625799840745 ], [ 101.096496210231862, 32.67335480408093 ], [ 101.112102491936412, 32.667773749059279 ], [ 101.118665398888993, 32.667231146700033 ], [ 101.127812128227106, 32.667799588380262 ], [ 101.141144646807959, 32.670073351503959 ], [ 101.153753696775652, 32.67490509679277 ], [ 101.170806919303857, 32.688340969060448 ], [ 101.187446730682041, 32.709269924267574 ], [ 101.217522414327902, 32.757845771265295 ], [ 101.236591017561352, 32.807506822082132 ], [ 101.237366163917272, 32.81828135849787 ], [ 101.235660841574543, 32.842569282446391 ], [ 101.231940139425831, 32.857710476157536 ], [ 101.226049025142345, 32.869725246922599 ], [ 101.218142531052933, 32.878665268887005 ], [ 101.204654982841134, 32.888380439006028 ], [ 101.151583287338781, 32.911867377277645 ], [ 101.145537144323725, 32.916983344305891 ], [ 101.139491001308613, 32.923959662408492 ], [ 101.131429477588256, 32.9383515490847 ], [ 101.127192010602755, 32.954112861319459 ], [ 101.125021600266621, 32.971992906147705 ], [ 101.124866570635675, 33.001784368953452 ], [ 101.127967156958675, 33.022739163481617 ], [ 101.134013299973788, 33.046303616118962 ], [ 101.161350131603228, 33.114361477500154 ], [ 101.16414065956377, 33.128081569708627 ], [ 101.171272007297262, 33.139889634898736 ], [ 101.18413943878403, 33.152757066385504 ], [ 101.220002883026609, 33.170611273691293 ], [ 101.244807570013279, 33.179370429401786 ], [ 101.296328972803792, 33.192496243306948 ], [ 101.32428592295696, 33.202340602836557 ], [ 101.337928500799649, 33.201953030108257 ], [ 101.351105992447572, 33.195235094424049 ], [ 101.362113071960664, 33.184228014011637 ], [ 101.374257033035576, 33.17864695898993 ], [ 101.38650434779737, 33.183297838024771 ], [ 101.396116164229568, 33.20024770776547 ], [ 101.397976516203244, 33.2143295351799 ], [ 101.401542189620329, 33.225000718808133 ], [ 101.409293654078851, 33.231873684123229 ], [ 101.42717369980636, 33.236162827952114 ], [ 101.445157098321374, 33.235852768690279 ], [ 101.46360558482985, 33.231589464182377 ], [ 101.480555454570549, 33.224794013233122 ], [ 101.524583775320934, 33.195906887093145 ], [ 101.558896925952354, 33.165650336293936 ], [ 101.591969843133711, 33.129554348054683 ], [ 101.609746535174395, 33.117513739767276 ], [ 101.627161492908556, 33.116841946198861 ], [ 101.643646274655794, 33.127771511346168 ], [ 101.693875767152917, 33.213425198514074 ], [ 101.716096632653432, 33.240787869464612 ], [ 101.724003126742844, 33.254017035257959 ], [ 101.726948684334275, 33.267788805209193 ], [ 101.721367629312624, 33.284971218047247 ], [ 101.710205520168586, 33.294660548845229 ], [ 101.677546014137192, 33.308561510005688 ], [ 101.665143670643829, 33.320395412718085 ], [ 101.660079379559704, 33.334244697035103 ], [ 101.660544467553109, 33.349695950008083 ], [ 101.668761020904356, 33.382846381555225 ], [ 101.678992954960847, 33.404627997484056 ], [ 101.691085240091695, 33.420285956032046 ], [ 101.711755812880426, 33.435117092279938 ], [ 101.74823937384798, 33.451136786033828 ], [ 101.766067742732105, 33.471213080519249 ], [ 101.777539911137922, 33.530046699095863 ], [ 101.789942254631285, 33.56063914577993 ], [ 101.78792687392604, 33.593221137445539 ], [ 101.791182488980667, 33.601153469057351 ], [ 101.795368280022046, 33.605080878579656 ], [ 101.803429802843084, 33.605390936942172 ], [ 101.81087120983841, 33.603375556236927 ], [ 101.818054234415342, 33.599422309192221 ], [ 101.836967808017903, 33.586038112868607 ], [ 101.845029330838884, 33.584823716940946 ], [ 101.852005649840805, 33.573015651750893 ], [ 101.883993361404464, 33.546324775268147 ], [ 101.892830030581422, 33.526481024779457 ], [ 101.891383090657087, 33.517618517180779 ], [ 101.887869094083385, 33.507567450277577 ], [ 101.886008742109709, 33.497490545851974 ], [ 101.889419386795225, 33.488653875775753 ], [ 101.912260369920091, 33.465812893550151 ], [ 101.915464309030597, 33.458268133767319 ], [ 101.922182244714804, 33.444263820718731 ], [ 101.924662714312774, 33.433153388418134 ], [ 101.925076124563475, 33.42168122001226 ], [ 101.923215774388439, 33.406384995770907 ], [ 101.919495070441087, 33.395920519516324 ], [ 101.915050896981256, 33.386954658230877 ], [ 101.90569746296751, 33.373208726701364 ], [ 101.88910932843271, 33.328663642013453 ], [ 101.880427687987378, 33.314220079393124 ], [ 101.873916456978861, 33.305977688519476 ], [ 101.867405226869664, 33.30143016227214 ], [ 101.854021031445427, 33.294143784907703 ], [ 101.843479039026363, 33.284661160584051 ], [ 101.832161900251435, 33.269209906711808 ], [ 101.824720494155429, 33.248280951504682 ], [ 101.825650669242975, 33.234845079237004 ], [ 101.831076694633737, 33.223398749252851 ], [ 101.837226190436297, 33.21435537450094 ], [ 101.845029330838884, 33.205208645162827 ], [ 101.855881381620407, 33.184021308436627 ], [ 101.858206821587487, 33.170301215328777 ], [ 101.858206821587487, 33.153609728006529 ], [ 101.856449823300636, 33.142757677225006 ], [ 101.853710972183592, 33.132758287165188 ], [ 101.852780796196726, 33.122087104436275 ], [ 101.856036412150672, 33.120175076518535 ], [ 101.863684523821689, 33.122629705896202 ], [ 101.901046583932668, 33.146995144210507 ], [ 101.968846062895466, 33.202469794045726 ], [ 101.987501254978895, 33.213580227245643 ], [ 101.997113072310412, 33.217094224718664 ], [ 102.004244419144584, 33.218799547061451 ], [ 102.03018598769313, 33.221124986129212 ], [ 102.076694777142222, 33.21546641674172 ], [ 102.088683710384885, 33.216577459881876 ], [ 102.099380730636142, 33.222236030168631 ], [ 102.115193718815021, 33.244870306819166 ], [ 102.13095503104978, 33.284661160584051 ], [ 102.137827997264196, 33.295435696100469 ], [ 102.14563113766684, 33.303393867033321 ], [ 102.156948277341087, 33.309440009149057 ], [ 102.169970737559424, 33.313884181709625 ], [ 102.228933547345264, 33.323702703716776 ], [ 102.239165481401812, 33.328069362810822 ], [ 102.24893232566626, 33.33460643224106 ], [ 102.256425408605708, 33.342538763852872 ], [ 102.278749627793047, 33.3777562529487 ], [ 102.289291620212055, 33.385456041463101 ], [ 102.30541466675345, 33.392277329934814 ], [ 102.350373162591325, 33.399176134570951 ], [ 102.352130161777495, 33.403594468709741 ], [ 102.361431918947858, 33.404421291909046 ], [ 102.375694615314217, 33.408348700532088 ], [ 102.386288282777969, 33.409795641355743 ], [ 102.439670038441477, 33.448552965446993 ], [ 102.461994256729497, 33.457596340198904 ], [ 102.459203728769012, 33.46157542656465 ], [ 102.454552849734171, 33.471859036565263 ], [ 102.46767866363939, 33.469972846169867 ], [ 102.471399366687365, 33.468758450242262 ], [ 102.476256952196536, 33.465037747194231 ], [ 102.481838007218244, 33.465037747194231 ], [ 102.46555993014664, 33.486380113551377 ], [ 102.458738640775607, 33.49878245704474 ], [ 102.454552849734171, 33.512838446936769 ], [ 102.453105909809835, 33.523354600934056 ], [ 102.453622674646681, 33.535627753218193 ], [ 102.460030551968373, 33.541622219389865 ], [ 102.476256952196536, 33.533328152572153 ], [ 102.481838007218244, 33.540149441043866 ], [ 102.423650343788267, 33.576348782070625 ], [ 102.413573440262041, 33.57800242846929 ], [ 102.402876418212088, 33.594073798167244 ], [ 102.356005893557096, 33.609395859930999 ], [ 102.34530887240652, 33.625803128211771 ], [ 102.342104934195333, 33.632107651846638 ], [ 102.327997268359184, 33.646215318582051 ], [ 102.324845005192799, 33.653424181580704 ], [ 102.326757033110539, 33.676239325384529 ], [ 102.331666293664455, 33.697788398216005 ], [ 102.336782260692758, 33.709260565722502 ], [ 102.342104934195333, 33.717373766286244 ], [ 102.343138462070328, 33.725176906688887 ], [ 102.335076939249291, 33.735667223163773 ], [ 102.327635533153284, 33.734582018445394 ], [ 102.317610304671803, 33.726468817881596 ], [ 102.305207961178439, 33.720319322079035 ], [ 102.290686884192326, 33.725125229845446 ], [ 102.298283319019902, 33.734478664758569 ], [ 102.30618981310937, 33.739956366992715 ], [ 102.314923130398086, 33.744762274759125 ], [ 102.324845005192799, 33.751790268805848 ], [ 102.314509719248122, 33.767551581040607 ], [ 102.299523553369227, 33.780832424576715 ], [ 102.281075066860808, 33.789979153015452 ], [ 102.259939406078672, 33.793389796801648 ], [ 102.24738203295442, 33.797678941529909 ], [ 102.244074741955728, 33.807032376442976 ], [ 102.248725620990569, 33.816437486400844 ], [ 102.259939406078672, 33.820700791808065 ], [ 102.264228549907614, 33.826152656519866 ], [ 102.257562290167527, 33.838115750441489 ], [ 102.194568718971141, 33.919351100772644 ], [ 102.171210971908806, 33.941752835225145 ], [ 102.175086704587727, 33.945731919792252 ], [ 102.202578565848114, 33.960511380096079 ], [ 102.24893232566626, 33.975368353866429 ], [ 102.257665642955033, 33.976686103480858 ], [ 102.269241164148355, 33.9809752473098 ], [ 102.277664423074611, 33.982732244697331 ], [ 102.286191033889054, 33.983507391952571 ], [ 102.29285729362914, 33.9828614359065 ], [ 102.300298699725147, 33.983404039165066 ], [ 102.314096307198781, 33.987899889468281 ], [ 102.319367302958597, 33.987357286209772 ], [ 102.322519566125038, 33.983791611893366 ], [ 102.327325473891449, 33.974722397820358 ], [ 102.331666293664455, 33.973042913899349 ], [ 102.336317172699296, 33.973482164370353 ], [ 102.341588169358488, 33.973327134739463 ], [ 102.351510044153201, 33.969916490053947 ], [ 102.360501743860368, 33.971647650818397 ], [ 102.371973912266185, 33.975962633069059 ], [ 102.39171430906805, 33.986582139853851 ], [ 102.406132033266658, 33.99870026340642 ], [ 102.425407342974438, 34.039808864987094 ], [ 102.440600214428287, 34.059730129841626 ], [ 102.458583612044038, 34.069238593486261 ], [ 102.477187128183402, 34.074173692461898 ], [ 102.617643670718792, 34.083501288053981 ], [ 102.635161981240401, 34.088513902294721 ], [ 102.641208124255513, 34.095283514822313 ], [ 102.640898064993678, 34.102802436183481 ], [ 102.635937127596321, 34.110269679801888 ], [ 102.629270867856235, 34.114197089324193 ], [ 102.621157668191813, 34.116961777963638 ], [ 102.592838982832745, 34.123912258543896 ], [ 102.580539992126887, 34.130733547015552 ], [ 102.57480390837361, 34.139518541147709 ], [ 102.579609817039398, 34.152851061527258 ], [ 102.588498163059739, 34.16039582041077 ], [ 102.597799921129422, 34.165460109696312 ], [ 102.661568637782352, 34.190445664735591 ], [ 102.708284132806455, 34.214190986324923 ], [ 102.724717237710308, 34.227730211380106 ], [ 102.74983198395887, 34.258529365437823 ], [ 102.764714797050203, 34.268244533758207 ], [ 102.781819696421792, 34.274187323985814 ], [ 102.800733270024352, 34.277132879778549 ], [ 102.816287875784781, 34.277597967771953 ], [ 102.85427005441943, 34.284419257142986 ], [ 102.889823440299494, 34.298371894247509 ], [ 102.91245771695003, 34.299715481384339 ], [ 102.93059614509599, 34.295581367186344 ], [ 102.944290398882742, 34.284057521937086 ], [ 102.954522332939291, 34.271810208074612 ], [ 102.970025261856335, 34.249175930524757 ], [ 103.000566034394922, 34.213984279850592 ], [ 103.009454380415264, 34.206594549698707 ], [ 103.023872104613872, 34.197706204577685 ], [ 103.041907179972327, 34.189799710488217 ], [ 103.120093621723242, 34.168612371963377 ], [ 103.132495966115926, 34.15941396758052 ], [ 103.140557488936906, 34.147270006505551 ], [ 103.146758660683588, 34.132232163783328 ], [ 103.15239139164936, 34.108512682414357 ], [ 103.154251743623036, 34.083139552848081 ], [ 103.153424921322994, 34.049136461478497 ], [ 103.149394159013184, 34.018285631476715 ], [ 103.144123163253312, 33.999010321768935 ], [ 103.142107781648747, 33.979373276855199 ], [ 103.142107781648747, 33.961544907971131 ], [ 103.144226516040817, 33.943509833511996 ], [ 103.147378778307939, 33.930254828397608 ], [ 103.151874627711834, 33.922012437523961 ], [ 103.182932164188003, 33.899765732702406 ], [ 103.189288364666254, 33.892453517815568 ], [ 103.193164097345175, 33.883771878269556 ], [ 103.194249302063611, 33.871111152357798 ], [ 103.192233921358365, 33.856202500844745 ], [ 103.185257603255764, 33.832663885729744 ], [ 103.184172397638008, 33.822096055788336 ], [ 103.188048130316929, 33.812639268987027 ], [ 103.19595462440634, 33.803311672495681 ], [ 103.204171176858267, 33.797058823905559 ], [ 103.228562452694973, 33.783312893275365 ], [ 103.271970655821065, 33.765174465129462 ], [ 103.296982050181441, 33.759593411007074 ], [ 103.350673863308089, 33.75569183990649 ], [ 103.390102980967754, 33.757733059033399 ], [ 103.415217727216316, 33.762952378849207 ], [ 103.436301711155011, 33.769721992276118 ], [ 103.518415562428231, 33.810753079491008 ], [ 103.541411574284666, 33.817419339231094 ], [ 103.552987094578725, 33.815584824779819 ], [ 103.558619826443817, 33.806877345912767 ], [ 103.556294387376056, 33.794009915325319 ], [ 103.550713332354348, 33.78070323336749 ], [ 103.526477085249269, 33.7393104109467 ], [ 103.521516147851912, 33.725797024313181 ], [ 103.522756382201237, 33.714118150332354 ], [ 103.531282993914999, 33.706315009030448 ], [ 103.552987094578725, 33.701224881323185 ], [ 103.623473748714503, 33.714014797544849 ], [ 103.643937615928166, 33.713653062338949 ], [ 103.65944054574453, 33.710526638493548 ], [ 103.667863803771468, 33.706780097023852 ], [ 103.682591587231911, 33.69711660374827 ], [ 103.694373814000301, 33.691380519994993 ], [ 103.745120070434837, 33.676032619809519 ], [ 103.765893996011073, 33.672286078339823 ], [ 103.803617792227271, 33.671226712043108 ], [ 103.915135532678676, 33.683293157852916 ], [ 104.093005813067748, 33.668539536870128 ], [ 104.116311884186075, 33.662131659548436 ], [ 104.131504754740604, 33.652054755122833 ], [ 104.144527215858261, 33.639600734786086 ], [ 104.156309441727331, 33.624020291503257 ], [ 104.165042759016046, 33.607819728797438 ], [ 104.171347284449553, 33.590766506269233 ], [ 104.174447869873234, 33.561646837031901 ], [ 104.170313754775918, 33.544361070506966 ], [ 104.164732700653587, 33.532010402957724 ], [ 104.163802524666721, 33.522346910581462 ], [ 104.165972935002912, 33.508342597532817 ], [ 104.174654576347564, 33.490152493442793 ], [ 104.227054478281502, 33.422714748786632 ], [ 104.249378696569522, 33.409950670087312 ], [ 104.257956984227405, 33.403904527072257 ], [ 104.282658319325947, 33.373027859548074 ], [ 104.292890253382438, 33.363571071847446 ], [ 104.305912713600833, 33.356052151385654 ], [ 104.31971032107441, 33.350936184357408 ], [ 104.357434117290666, 33.342926337480492 ], [ 104.366890904091917, 33.339128119167356 ], [ 104.374642369449759, 33.333934637773268 ], [ 104.382910597845751, 33.326493232576581 ], [ 104.385804477694421, 33.320085354355626 ], [ 104.385184360969447, 33.313910020131289 ], [ 104.3769678076182, 33.306468614035282 ], [ 104.367666050447838, 33.304272366176747 ], [ 104.334128046172339, 33.305848497310308 ], [ 104.31645470601984, 33.304711615748431 ], [ 104.307773064675132, 33.302825426252411 ], [ 104.299866570585721, 33.2995181343544 ], [ 104.292115106127198, 33.29509979931629 ], [ 104.285552199174617, 33.289647936403128 ], [ 104.282038201701596, 33.282103175720977 ], [ 104.280591261777261, 33.272052109717094 ], [ 104.284828728762761, 33.23631785758306 ], [ 104.289944695791007, 33.2131926545174 ], [ 104.29661095643047, 33.193426419293814 ], [ 104.316144646758005, 33.157382106998625 ], [ 104.328236931888853, 33.140354722892141 ], [ 104.405854933758121, 33.063279324281382 ], [ 104.411125930417313, 33.055114447773519 ], [ 104.414846632566025, 33.045347601710432 ], [ 104.415776808552835, 33.034469713406509 ], [ 104.414226515840994, 33.022739163481617 ], [ 104.408335401557508, 33.003954780188963 ], [ 104.394486119039129, 32.975093492470705 ], [ 104.387561476880592, 32.965791734401023 ], [ 104.377587925242494, 32.9587637403543 ], [ 104.340225865131515, 32.957859401889891 ], [ 104.321260613786251, 32.952717597339245 ], [ 104.305137567244913, 32.940573635364956 ], [ 104.290719843046304, 32.923107000787411 ], [ 104.276457146679945, 32.882308458468572 ], [ 104.278317498653621, 32.867063910171282 ], [ 104.282141555388421, 32.85721954974241 ], [ 104.288859491072628, 32.847891954150327 ], [ 104.299504836279141, 32.83791840341155 ], [ 104.312837355759314, 32.830192776475428 ], [ 104.341879510630861, 32.82019338641561 ], [ 104.405699904127232, 32.809367174055808 ], [ 104.418102247620595, 32.801331488757171 ], [ 104.427869093683682, 32.793580024298649 ], [ 104.483989698665596, 32.739035549550977 ], [ 104.558403762323735, 32.688340969060448 ], [ 104.585688918009112, 32.675447700051279 ], [ 104.621397332620745, 32.664363105273083 ], [ 104.645426874150871, 32.657877712686286 ], [ 104.704079623775556, 32.648110867522519 ], [ 104.761182081587776, 32.643873398738322 ], [ 104.814253777989393, 32.645423692349482 ], [ 104.827741327100512, 32.643873398738322 ], [ 104.840970493793236, 32.639816798906111 ], [ 104.886239047993627, 32.616614081474665 ], [ 104.898331333124474, 32.611834011230599 ], [ 104.916831495577014, 32.610516262515489 ], [ 104.93838056840849, 32.613668524782554 ], [ 105.031811557557319, 32.638679918243611 ], [ 105.047314488272946, 32.637594713525175 ], [ 105.058838331723564, 32.633202216009465 ], [ 105.063902622807746, 32.627595323465357 ], [ 105.071860792841278, 32.613694363204274 ], [ 105.078216994218849, 32.607028103464188 ], [ 105.088293898644451, 32.599974270096482 ], [ 105.099766067050325, 32.595530097535971 ], [ 105.112685175380477, 32.59434153913071 ], [ 105.129531692333671, 32.598579006116211 ], [ 105.146791620436886, 32.608345852179298 ], [ 105.164878370840086, 32.627750353096303 ], [ 105.18327518140444, 32.6550613472034 ], [ 105.194747348910994, 32.661650092577702 ], [ 105.203739047718841, 32.663820502014516 ], [ 105.213040805788523, 32.663355414021112 ], [ 105.220947299877935, 32.659970607757316 ], [ 105.24456343025804, 32.646043809973833 ], [ 105.25867109609419, 32.641987210141622 ], [ 105.269988233969798, 32.641702989301507 ], [ 105.289211866834137, 32.650694688109354 ], [ 105.311432733234028, 32.666533514709897 ], [ 105.349156528550907, 32.698934638322896 ], [ 105.370343866176427, 32.71404999451164 ], [ 105.386518588661886, 32.722783310901036 ], [ 105.417421096406429, 32.730767320255609 ], [ 105.428893263912983, 32.737485255939816 ], [ 105.437213169152415, 32.746451117225263 ], [ 105.439590285063559, 32.760016180702166 ], [ 105.438815138707639, 32.767328396488267 ], [ 105.435249465290553, 32.773555405757349 ], [ 105.386363559930317, 32.823371487104453 ], [ 105.37814700657907, 32.835928860228705 ], [ 105.375201450786278, 32.847607734209532 ], [ 105.377991977847444, 32.860501004118021 ], [ 105.385226678368497, 32.874221096326494 ], [ 105.400522901710531, 32.891687730004719 ], [ 105.413338658152497, 32.901893826538867 ], [ 105.430908644618228, 32.911479804549344 ], [ 105.446566604065481, 32.917086697093396 ], [ 105.46444664889367, 32.921530870553227 ], [ 105.481344842690305, 32.921840928915742 ], [ 105.491886835109312, 32.91964468015783 ], [ 105.498553094849399, 32.907397366295413 ], [ 105.52092898998086, 32.85491994909637 ], [ 105.551314731989237, 32.805879015004507 ], [ 105.56144331325828, 32.770222276336938 ], [ 105.56330366433258, 32.751257025890993 ], [ 105.568264601729936, 32.730457261893093 ], [ 105.576016067087778, 32.71730561046553 ], [ 105.58702314660087, 32.708107205183353 ], [ 105.59958051972518, 32.703921414141917 ], [ 105.613688185561273, 32.702577826105767 ], [ 105.624281853924401, 32.703921414141917 ], [ 105.633273552732248, 32.707461249137339 ], [ 105.70458703006733, 32.750817776319309 ], [ 105.724482455600821, 32.759783636705436 ], [ 105.741690707759915, 32.762625841509362 ], [ 105.756935256057204, 32.761850694254122 ], [ 105.782205031037336, 32.754977728939025 ], [ 105.795537551416828, 32.75355662743641 ], [ 105.805976190149011, 32.75505524330481 ], [ 105.813417596245017, 32.762109075773196 ], [ 105.82504479428178, 32.784691677378987 ], [ 105.829850702048191, 32.79727488892496 ], [ 105.835586785801468, 32.808514513334103 ], [ 105.843803339152714, 32.819650784056421 ], [ 105.853415154685592, 32.829159246801794 ], [ 105.875480992353857, 32.844713853461542 ], [ 105.898787062572865, 32.851380113201628 ], [ 105.960385369788924, 32.854015611531224 ], [ 105.974182977262558, 32.855953477870685 ], [ 106.011751743847867, 32.867218939802228 ], [ 106.039346957895759, 32.87243825871866 ], [ 106.08234174987183, 32.873523464336415 ], [ 106.095519239721114, 32.868381658886449 ], [ 106.102495558723035, 32.859751695284501 ], [ 106.102805617085494, 32.848202013412163 ], [ 106.099860061292759, 32.837298284887936 ], [ 106.095157505414477, 32.827247218883997 ], [ 106.071282994414616, 32.791202908387504 ], [ 106.060896030727179, 32.771204129167188 ], [ 106.056865269316688, 32.76006785754555 ], [ 106.054229770987092, 32.748182277989713 ], [ 106.053454623731852, 32.735469876133834 ], [ 106.054229770987092, 32.723558458156276 ], [ 106.056503534110789, 32.713559068096515 ], [ 106.059500766746964, 32.706091824478108 ], [ 106.062756381801535, 32.699942327776171 ], [ 106.067872348829781, 32.692320055426194 ], [ 106.081566604415229, 32.6766104191355 ], [ 106.114897902216399, 32.648834337034998 ], [ 106.191275668837022, 32.604883531549717 ], [ 106.211532831375052, 32.59684784625108 ], [ 106.228947789109156, 32.591964423219508 ], [ 106.254579299295187, 32.59126679122943 ], [ 106.268376905869445, 32.59263621678798 ], [ 106.281864454980564, 32.595452582270809 ], [ 106.304240350112025, 32.604108385193797 ], [ 106.363978306253784, 32.638679918243611 ], [ 106.375605503391228, 32.642478136556747 ], [ 106.389558139596431, 32.644157620477756 ], [ 106.433328077928422, 32.644338486731783 ], [ 106.446815627039541, 32.646586412333022 ], [ 106.518697544256213, 32.669840807507228 ], [ 106.531254917380465, 32.671882025734874 ], [ 106.603963657796555, 32.675525214417064 ], [ 106.625564405672719, 32.680098578186801 ], [ 106.660807733190268, 32.698805447113671 ], [ 106.712587518399232, 32.737821152723996 ], [ 106.723129510818239, 32.741645209458852 ], [ 106.737443882229343, 32.743428046167367 ], [ 106.756719191937123, 32.740482490374632 ], [ 106.813356560856562, 32.720845445460895 ], [ 106.842967157408339, 32.71689219841619 ], [ 106.877435336771327, 32.718390815183966 ], [ 106.934537794583491, 32.712732244897154 ], [ 107.01086388615937, 32.719553534268186 ], [ 107.038975865044108, 32.717977403134626 ], [ 107.052928501249312, 32.714256700086594 ], [ 107.065330844742675, 32.708313909859044 ], [ 107.083624301620205, 32.687178249976228 ], [ 107.096233351587841, 32.669246528304598 ], [ 107.097783645199002, 32.658006903895455 ], [ 107.092977735633951, 32.59550425911425 ], [ 107.08987715110959, 32.583877061077487 ], [ 107.071066929395215, 32.543491929908612 ], [ 107.068586459797245, 32.53289826154554 ], [ 107.06998172377746, 32.522924709907443 ], [ 107.079593540209657, 32.51357127499432 ], [ 107.096233351587841, 32.504734604918042 ], [ 107.147599724747465, 32.483728136244451 ], [ 107.202170037916858, 32.452773953455164 ], [ 107.216949498220742, 32.447037868802568 ], [ 107.233072543862761, 32.443549709751267 ], [ 107.256223586249462, 32.444531562581517 ], [ 107.271416456803991, 32.447813015158488 ], [ 107.284128858659869, 32.452928982186734 ], [ 107.302629022011729, 32.465383002523538 ], [ 107.310483840157076, 32.472643541466255 ], [ 107.347897577111439, 32.500032049939136 ], [ 107.354925572057482, 32.507292588881853 ], [ 107.370531853761975, 32.519824124483762 ], [ 107.380350375769183, 32.525405177706773 ], [ 107.391047397819136, 32.530262763215944 ], [ 107.403294711681554, 32.533518378270514 ], [ 107.416937290423562, 32.535404567766591 ], [ 107.43078657384126, 32.53517202376986 ], [ 107.441793654253672, 32.532846584702099 ], [ 107.446392857344449, 32.527885647304743 ], [ 107.448304885262189, 32.522227077917307 ], [ 107.4481498556313, 32.515870877438999 ], [ 107.447219679644434, 32.509953924733793 ], [ 107.445824415664219, 32.505225532232487 ], [ 107.445204298939188, 32.501866563491092 ], [ 107.444739210945784, 32.500626329141767 ], [ 107.444739210945784, 32.500187079570026 ], [ 107.448304885262189, 32.476441758880071 ], [ 107.450010206705656, 32.470938219123468 ], [ 107.450475294699061, 32.470163071868228 ], [ 107.450475294699061, 32.469465439878149 ], [ 107.45218061704179, 32.464504503380113 ], [ 107.455281203364791, 32.458122464480141 ], [ 107.457451612801663, 32.454556790163736 ], [ 107.459622024037117, 32.450138455125568 ], [ 107.461327346379903, 32.445177516828892 ], [ 107.462412551098339, 32.440242417853256 ], [ 107.461637403843042, 32.435798245292744 ], [ 107.460552199124663, 32.433162746963205 ], [ 107.458381788788472, 32.429493719859238 ], [ 107.456676467345062, 32.425617988079694 ], [ 107.456831496076632, 32.421328844250752 ], [ 107.457865024850946, 32.418021552352741 ], [ 107.459001906412823, 32.41585114201655 ], [ 107.459932082399632, 32.413525702049469 ], [ 107.460242140762148, 32.41205292370347 ], [ 107.460242140762148, 32.410270086994899 ], [ 107.459622024037117, 32.408642279917274 ], [ 107.470060662769356, 32.405386663963327 ], [ 107.547161899801779, 32.392338365323269 ], [ 107.575067173111506, 32.39179576296408 ], [ 107.596202833893642, 32.393811144568645 ], [ 107.607830031031085, 32.39776439071403 ], [ 107.622247756129013, 32.399211331537686 ], [ 107.638732537876251, 32.397506008295636 ], [ 107.659196405089972, 32.388617662275294 ], [ 107.681520624277368, 32.371900336531269 ], [ 107.713663364572596, 32.343039048813012 ], [ 107.724515415354119, 32.33552012835122 ], [ 107.772936232720895, 32.310715440465174 ], [ 107.783013137146497, 32.302808946375762 ], [ 107.805854120271363, 32.279916287306776 ], [ 107.843526238744857, 32.228162340519589 ], [ 107.850967644840921, 32.220410875161747 ], [ 107.860941197378338, 32.213615424212435 ], [ 107.904504429235999, 32.196510524840846 ], [ 107.960056594336322, 32.158347479952226 ], [ 107.980417107863218, 32.148322252370008 ], [ 107.990494012288821, 32.145221666047007 ], [ 107.998245476747286, 32.146281033243042 ], [ 108.003051386312393, 32.149898383503569 ], [ 108.005841913373558, 32.159432685569982 ], [ 108.007237177353829, 32.182971299785663 ], [ 108.010337761878191, 32.194107571407301 ], [ 108.015918816899841, 32.203305975790158 ], [ 108.022740106270817, 32.210127265161134 ], [ 108.031163365197131, 32.21563080491768 ], [ 108.051782261142421, 32.226612046908429 ], [ 108.064649692629189, 32.23108205789066 ], [ 108.079997592814607, 32.23338165943602 ], [ 108.116481153782161, 32.23203807229919 ], [ 108.151672805355645, 32.240900579897811 ], [ 108.187691278329794, 32.235345364197201 ], [ 108.200455357029057, 32.240435491904407 ], [ 108.21611331557699, 32.248729560520758 ], [ 108.2367322124216, 32.262656358304298 ], [ 108.250994907888639, 32.264826769539752 ], [ 108.264017369006353, 32.262087918422651 ], [ 108.276006301349696, 32.256170965717502 ], [ 108.291354200635794, 32.251184189898424 ], [ 108.307012160083104, 32.252501939512854 ], [ 108.344270868305898, 32.263715725500333 ], [ 108.367576939424168, 32.265498562208847 ], [ 108.440957473408616, 32.261622830429246 ], [ 108.463591750059152, 32.256610216188506 ], [ 108.479404738238031, 32.250279853232598 ], [ 108.487052849909048, 32.242786770293208 ], [ 108.508911981102983, 32.208086046034168 ], [ 108.518368767904292, 32.197569892036881 ] ] ] } }
]
}
